order_id,carline_id,colour_id,sales_person_id,region_id,sales_date,order_qty,price_per_unit,total_sales
1,26,2,44,8,2025-01-21,1,835194.11,835194.11
2,6,2,2,6,2025-08-23,1,2208556.41,2208556.41
3,28,2,49,8,2025-11-30,1,2473715.67,2473715.67
4,13,1,23,9,2025-05-21,1,554487.8,554487.8
5,12,1,6,6,2025-07-11,1,993672.9,993672.9
6,26,7,15,8,2022-06-13,1,3732066.26,3732066.26
7,36,4,11,4,2023-03-06,1,2673634.92,2673634.92
8,27,1,35,8,2022-12-01,1,3572176.53,3572176.53
9,12,2,50,8,2023-04-15,1,4368617.56,4368617.56
10,34,1,37,9,2025-10-09,1,3967602.94,3967602.94
11,8,9,38,5,2023-03-26,1,847292.01,847292.01
12,43,9,10,7,2025-10-25,1,1613547.77,1613547.77
13,4,5,56,11,2025-10-25,3,1119781.22,3359343.66
14,28,6,28,3,2022-01-07,1,2930727.94,2930727.94
15,41,5,7,9,2023-09-04,1,4848787.06,4848787.06
16,35,3,50,10,2022-01-02,1,2770086.24,2770086.24
17,25,3,52,4,2022-04-29,1,2477449.06,2477449.06
18,12,8,49,6,2022-09-15,1,2998519.0,2998519.0
19,7,2,28,12,2025-01-09,1,3384263.96,3384263.96
20,31,3,24,5,2024-11-25,1,3747435.94,3747435.94
21,12,5,1,1,2025-07-16,1,1072409.5,1072409.5
22,4,3,18,7,2023-03-15,1,774140.36,774140.36
23,23,5,31,8,2023-01-25,2,3824044.94,7648089.88
24,6,3,4,7,2025-08-16,1,2793146.53,2793146.53
25,6,12,13,6,2022-10-15,1,2160961.46,2160961.46
26,13,4,36,1,2025-08-28,2,568757.43,1137514.86
27,43,13,11,5,2024-09-12,2,4788761.54,9577523.08
28,11,3,17,11,2024-07-20,1,2398041.54,2398041.54
29,13,10,32,3,2023-08-31,1,753592.41,753592.41
30,11,1,4,6,2024-10-26,1,1067207.59,1067207.59
31,22,11,5,7,2023-04-27,1,826241.93,826241.93
32,17,5,6,5,2025-04-10,1,732814.99,732814.99
33,24,6,17,5,2025-10-07,1,2135110.89,2135110.89
34,19,1,37,12,2022-05-31,2,2398621.35,4797242.7
35,23,3,16,4,2022-11-20,1,2938950.7,2938950.7
36,23,11,43,9,2023-09-06,3,2111244.77,6333734.31
37,40,2,48,6,2023-07-12,2,1887315.74,3774631.48
38,13,7,33,6,2022-04-15,1,552549.99,552549.99
39,6,1,41,12,2022-11-27,1,2212635.04,2212635.04
40,23,1,10,6,2024-01-27,1,2620685.76,2620685.76
41,25,3,51,12,2022-03-23,1,1280549.66,1280549.66
42,38,1,27,12,2022-11-13,1,1735011.51,1735011.51
43,11,2,12,8,2023-11-12,1,1471319.37,1471319.37
44,17,2,45,1,2022-03-21,1,636474.07,636474.07
45,36,4,51,9,2023-04-02,1,1388755.27,1388755.27
46,2,12,18,4,2024-11-09,1,1676640.3,1676640.3
47,43,1,12,6,2023-06-28,2,3424317.8,6848635.6
48,2,10,33,2,2025-03-26,1,3329096.2,3329096.2
49,10,5,44,8,2024-12-11,1,2101517.8,2101517.8
50,27,5,21,5,2023-08-29,2,1326250.19,2652500.38
51,24,3,12,7,2023-09-09,1,1635877.34,1635877.34
52,17,2,39,7,2024-08-10,1,694563.95,694563.95
53,18,10,48,3,2022-06-23,1,2969838.69,2969838.69
54,13,1,16,7,2023-04-06,1,740048.83,740048.83
55,33,15,50,1,2024-04-28,1,1325031.52,1325031.52
56,37,3,10,7,2022-01-12,1,4460898.09,4460898.09
57,38,10,52,11,2024-11-26,2,4381993.1,8763986.2
58,24,1,34,12,2025-05-04,1,4544891.41,4544891.41
59,14,11,28,9,2025-01-27,1,1607313.77,1607313.77
60,18,4,54,7,2024-12-03,2,1249995.83,2499991.66
61,11,2,35,1,2023-10-14,1,2548905.02,2548905.02
62,17,2,50,6,2022-11-10,1,591334.91,591334.91
63,31,4,35,8,2023-03-28,2,4423981.24,8847962.48
64,20,3,52,5,2022-12-05,1,2036093.24,2036093.24
65,39,12,43,1,2025-08-09,1,4871538.45,4871538.45
66,18,2,30,4,2024-02-16,1,3606615.01,3606615.01
67,13,11,48,6,2022-05-21,1,858925.64,858925.64
68,27,2,10,3,2024-08-27,2,3776120.59,7552241.18
69,27,7,11,7,2022-08-23,1,3035784.86,3035784.86
70,32,5,37,7,2024-02-08,1,1556368.38,1556368.38
71,17,7,7,7,2023-09-10,1,652469.21,652469.21
72,35,15,23,6,2025-09-16,1,3125010.14,3125010.14
73,16,11,7,5,2024-01-12,1,578338.7,578338.7
74,26,4,42,3,2025-01-07,1,3617812.61,3617812.61
75,32,6,16,9,2022-06-27,1,2789676.48,2789676.48
76,13,5,22,1,2024-11-09,1,651909.29,651909.29
77,37,1,6,3,2024-04-12,1,5167943.36,5167943.36
78,20,6,51,1,2023-08-26,1,4055860.37,4055860.37
79,11,5,34,4,2025-02-01,1,3527593.1,3527593.1
80,15,2,13,4,2025-01-02,1,3856238.77,3856238.77
81,41,9,38,12,2024-12-10,1,4024326.18,4024326.18
82,43,3,46,6,2023-07-16,1,4773291.68,4773291.68
83,3,14,49,6,2022-01-26,1,464733.25,464733.25
84,25,2,31,2,2022-05-14,1,2409930.26,2409930.26
85,17,1,37,11,2022-06-24,1,425194.54,425194.54
86,43,6,15,8,2024-02-19,1,1523073.06,1523073.06
87,19,15,40,1,2022-07-23,2,1567052.92,3134105.84
88,41,6,12,6,2024-07-11,1,1882578.3,1882578.3
89,19,2,5,7,2023-06-26,1,865814.15,865814.15
90,32,13,35,3,2022-11-02,1,3445775.09,3445775.09
91,34,3,37,10,2024-06-18,1,1117427.22,1117427.22
92,7,14,32,5,2025-05-09,1,4428643.65,4428643.65
93,2,2,44,9,2025-03-24,1,2655146.21,2655146.21
94,25,11,49,8,2024-08-21,1,832920.28,832920.28
95,21,15,53,6,2022-07-06,1,1305097.58,1305097.58
96,19,1,27,7,2023-08-14,1,1508275.24,1508275.24
97,27,1,17,4,2024-04-07,1,2399521.77,2399521.77
98,36,12,4,3,2024-01-11,1,2590729.77,2590729.77
99,26,1,9,11,2024-06-16,1,2474520.21,2474520.21
100,37,6,46,3,2025-02-02,1,3948502.73,3948502.73
101,1,11,8,7,2022-11-12,1,2309565.54,2309565.54
102,29,11,16,6,2022-10-24,1,611558.3,611558.3
103,39,12,51,9,2023-11-28,2,2948540.43,5897080.86
104,21,3,43,6,2022-11-01,1,1762864.86,1762864.86
105,20,3,13,12,2023-05-05,1,2283781.32,2283781.32
106,24,1,46,10,2024-02-20,1,1803140.17,1803140.17
107,16,15,3,2,2025-04-23,1,634269.06,634269.06
108,15,1,1,8,2024-04-19,1,1328309.8,1328309.8
109,37,10,40,7,2025-08-23,1,6682009.11,6682009.11
110,6,5,41,8,2024-09-26,1,1978340.79,1978340.79
111,37,6,15,8,2024-06-07,1,1420228.6,1420228.6
112,42,1,20,10,2022-04-05,1,1843687.99,1843687.99
113,14,4,27,6,2023-01-04,1,799817.71,799817.71
114,9,6,38,2,2024-08-02,2,1187674.64,2375349.28
115,26,12,19,7,2023-12-09,1,2339759.45,2339759.45
116,13,4,25,9,2022-08-07,1,863403.93,863403.93
117,11,15,54,7,2023-07-17,1,3061919.66,3061919.66
118,1,15,48,6,2023-08-10,1,4000749.37,4000749.37
119,32,2,17,7,2025-09-12,1,1828141.92,1828141.92
120,28,6,51,5,2025-04-01,1,1373542.38,1373542.38
121,16,3,13,2,2025-01-09,2,445523.63,891047.26
122,37,2,53,11,2023-08-28,1,3278966.93,3278966.93
123,30,14,15,9,2025-10-13,1,2104577.6,2104577.6
124,42,10,35,2,2024-01-25,1,1902055.69,1902055.69
125,27,11,7,7,2024-08-23,1,3457468.64,3457468.64
126,2,13,5,7,2024-08-08,1,4507337.5,4507337.5
127,39,1,20,12,2022-08-26,1,2109914.01,2109914.01
128,6,4,48,7,2025-01-11,1,3356074.47,3356074.47
129,18,4,32,7,2023-07-27,1,3191755.82,3191755.82
130,2,14,7,12,2024-01-23,1,2403253.66,2403253.66
131,23,3,8,11,2024-07-20,1,4859819.09,4859819.09
132,6,15,22,3,2022-09-15,1,1691152.03,1691152.03
133,32,5,53,9,2023-11-04,1,1726101.52,1726101.52
134,32,15,35,3,2024-10-19,1,3326681.18,3326681.18
135,14,9,48,1,2024-07-07,1,936254.36,936254.36
136,32,5,3,8,2025-09-11,1,2987771.35,2987771.35
137,22,1,26,5,2022-08-10,2,1304367.98,2608735.96
138,20,1,5,2,2025-07-02,1,4686629.7,4686629.7
139,26,15,30,6,2024-05-31,1,2647160.77,2647160.77
140,6,6,47,9,2024-05-30,2,2898682.73,5797365.46
141,19,4,7,4,2023-10-03,1,1200724.01,1200724.01
142,16,1,6,5,2024-02-03,2,453050.76,906101.52
143,33,5,8,5,2025-09-24,1,2815693.15,2815693.15
144,40,1,20,4,2025-03-29,2,3771961.85,7543923.7
145,21,11,36,4,2023-07-25,1,957223.51,957223.51
146,25,15,40,7,2025-02-14,1,3597383.12,3597383.12
147,2,2,45,8,2023-11-27,1,4691036.35,4691036.35
148,9,1,2,1,2024-05-09,1,1294404.74,1294404.74
149,8,14,4,3,2025-06-19,1,650940.39,650940.39
150,3,4,27,3,2025-12-22,1,475393.12,475393.12
151,14,1,14,8,2023-06-08,3,989698.79,2969096.37
152,13,4,35,7,2024-10-21,1,515050.02,515050.02
153,27,9,30,10,2023-10-04,1,2219421.65,2219421.65
154,25,1,21,3,2025-06-19,1,3253888.85,3253888.85
155,19,4,28,6,2023-09-28,1,1989233.17,1989233.17
156,11,6,13,10,2023-12-17,1,3866872.92,3866872.92
157,41,1,12,7,2025-09-04,1,3825766.81,3825766.81
158,6,4,38,6,2025-03-02,1,3513978.86,3513978.86
159,27,15,29,1,2024-06-24,1,4680019.39,4680019.39
160,26,3,30,6,2022-04-27,1,3505712.34,3505712.34
161,16,15,39,6,2024-08-05,1,500722.52,500722.52
162,25,1,37,7,2023-10-21,1,4114123.64,4114123.64
163,20,11,46,1,2025-08-16,1,4886519.32,4886519.32
164,9,4,11,4,2023-08-03,1,1467894.5,1467894.5
165,17,1,22,1,2022-07-13,1,673550.21,673550.21
166,24,11,39,9,2024-11-21,1,2416516.57,2416516.57
167,28,13,25,7,2023-11-04,1,2366469.67,2366469.67
168,27,7,42,7,2024-11-07,1,4066886.4,4066886.4
169,16,14,15,12,2022-07-27,1,462846.23,462846.23
170,23,6,40,2,2024-02-11,1,3886281.09,3886281.09
171,8,6,47,5,2024-04-21,1,591678.81,591678.81
172,16,6,51,6,2024-08-18,2,654090.08,1308180.16
173,10,4,50,5,2024-12-16,1,3778528.57,3778528.57
174,9,12,31,9,2025-02-09,1,1388123.14,1388123.14
175,40,1,11,3,2023-11-12,1,5474332.87,5474332.87
176,40,3,6,5,2022-02-27,1,3724514.09,3724514.09
177,14,3,3,3,2024-08-25,1,849441.01,849441.01
178,28,4,6,1,2023-03-18,1,1381376.94,1381376.94
179,35,5,19,3,2022-09-07,1,2927522.93,2927522.93
180,3,4,32,7,2022-02-03,1,608661.26,608661.26
181,26,2,23,3,2024-05-03,1,2739572.44,2739572.44
182,10,3,35,6,2024-11-05,1,3751830.8,3751830.8
183,17,15,2,4,2022-05-19,1,565634.9,565634.9
184,15,10,22,2,2023-12-23,1,3982473.94,3982473.94
185,34,4,41,3,2023-10-26,1,1520221.26,1520221.26
186,10,5,35,6,2022-03-16,2,2094955.49,4189910.98
187,30,10,22,3,2024-01-24,1,1544759.76,1544759.76
188,18,14,12,6,2024-10-15,1,2052072.51,2052072.51
189,33,4,53,3,2023-08-25,1,1760063.58,1760063.58
190,14,3,28,3,2024-06-28,1,827479.59,827479.59
191,15,3,18,7,2022-04-28,2,1084913.79,2169827.58
192,6,11,2,2,2025-05-29,1,2740201.18,2740201.18
193,28,2,24,5,2025-03-07,1,2546296.47,2546296.47
194,2,3,5,6,2024-12-20,1,1514067.37,1514067.37
195,14,1,34,5,2025-02-24,2,1056886.68,2113773.36
196,7,2,45,10,2022-10-05,1,4850938.45,4850938.45
197,19,1,55,12,2025-09-29,1,2346741.14,2346741.14
198,15,12,46,8,2025-12-05,1,1179671.38,1179671.38
199,33,2,51,6,2024-01-10,1,2642160.31,2642160.31
200,24,5,6,1,2024-03-26,1,2345746.42,2345746.42
201,43,10,5,2,2023-10-12,1,4255575.82,4255575.82
202,19,12,41,6,2022-09-22,1,1972986.37,1972986.37
203,18,1,11,3,2024-11-28,1,3752671.86,3752671.86
204,35,5,20,7,2022-07-11,1,1786397.6,1786397.6
205,20,2,47,10,2023-11-23,2,1601946.94,3203893.88
206,24,1,37,3,2023-03-08,1,4175130.93,4175130.93
207,31,4,19,7,2023-09-11,1,2617184.62,2617184.62
208,20,3,4,3,2024-05-01,1,4249514.44,4249514.44
209,20,3,47,12,2023-12-09,1,1749245.79,1749245.79
210,7,3,18,6,2023-08-18,1,2871645.15,2871645.15
211,36,12,37,8,2023-01-24,2,1779178.81,3558357.62
212,31,4,2,1,2024-03-16,1,2954996.52,2954996.52
213,20,3,32,7,2025-09-01,1,4923833.1,4923833.1
214,27,1,17,8,2024-04-05,1,1953196.96,1953196.96
215,16,2,5,5,2024-07-11,1,540971.24,540971.24
216,31,7,7,5,2023-11-26,3,2051125.56,6153376.68
217,16,3,3,2,2023-11-14,1,450082.21,450082.21
218,21,1,21,3,2025-06-16,2,950218.2,1900436.4
219,30,11,46,6,2024-08-30,1,1954846.24,1954846.24
220,34,15,51,10,2025-11-10,1,2271070.09,2271070.09
221,25,15,15,8,2025-04-10,1,1693339.49,1693339.49
222,20,10,53,7,2022-03-06,1,3082117.08,3082117.08
223,24,4,27,7,2024-04-20,1,3675153.31,3675153.31
224,20,11,46,2,2023-03-01,1,3445277.42,3445277.42
225,24,3,30,10,2023-12-03,1,4868224.67,4868224.67
226,28,11,31,3,2023-05-20,1,4217454.39,4217454.39
227,13,15,46,3,2025-12-14,2,588901.6,1177803.2
228,20,8,37,7,2024-02-17,2,3233029.59,6466059.18
229,38,10,3,3,2022-06-11,1,2485747.09,2485747.09
230,15,4,35,3,2025-02-25,1,2763321.69,2763321.69
231,28,5,43,10,2023-04-08,1,1375463.48,1375463.48
232,26,8,50,2,2025-02-01,1,930338.65,930338.65
233,42,12,42,3,2023-08-12,1,1048482.22,1048482.22
234,14,1,35,8,2022-03-18,2,1481012.1,2962024.2
235,39,2,54,5,2023-08-16,2,1592513.64,3185027.28
236,1,15,42,6,2024-10-08,1,2901458.91,2901458.91
237,8,11,47,6,2023-06-11,1,738196.26,738196.26
238,29,3,13,3,2025-08-01,1,426359.21,426359.21
239,38,1,12,12,2024-09-04,1,4245848.59,4245848.59
240,14,2,22,4,2025-03-19,1,1021494.38,1021494.38
241,1,1,20,3,2025-11-06,1,3218628.46,3218628.46
242,38,1,19,4,2023-03-29,1,3743477.13,3743477.13
243,11,9,27,7,2024-08-22,1,1358914.72,1358914.72
244,31,9,39,9,2022-06-17,1,4211179.01,4211179.01
245,22,13,54,6,2024-12-15,1,1387953.14,1387953.14
246,7,1,52,1,2022-09-28,1,2063439.62,2063439.62
247,21,4,47,1,2023-06-06,1,1322726.16,1322726.16
248,34,1,5,6,2022-05-04,1,3737450.42,3737450.42
249,40,1,50,2,2025-08-06,2,1683316.49,3366632.98
250,42,15,25,5,2025-10-30,1,1692562.68,1692562.68
251,37,1,26,6,2023-04-02,2,1967164.83,3934329.66
252,35,4,28,6,2023-04-16,3,3721090.67,11163272.01
253,12,13,8,1,2025-09-14,1,2152058.11,2152058.11
254,18,1,7,7,2024-07-03,2,3270958.05,6541916.1
255,25,9,15,6,2022-04-26,1,3232051.23,3232051.23
256,8,13,37,7,2025-10-09,1,959884.85,959884.85
257,11,5,18,1,2025-04-26,3,4244263.58,12732790.74
258,37,4,23,11,2025-10-06,1,6353144.88,6353144.88
259,22,3,35,6,2023-04-07,1,1588345.18,1588345.18
260,14,13,27,6,2022-10-02,1,1552251.2,1552251.2
261,12,4,35,8,2023-01-26,1,2091225.65,2091225.65
262,3,1,52,8,2025-10-07,1,591854.18,591854.18
263,20,14,13,11,2022-08-29,1,4519184.91,4519184.91
264,30,7,26,10,2025-02-04,2,3680799.34,7361598.68
265,14,6,24,6,2024-10-15,1,1061933.37,1061933.37
266,33,3,21,5,2025-02-26,1,3420836.27,3420836.27
267,36,5,47,5,2023-11-18,1,2423798.5,2423798.5
268,27,11,42,8,2024-08-01,1,3506130.08,3506130.08
269,9,8,35,12,2022-05-01,1,2376470.28,2376470.28
270,22,11,1,5,2025-07-15,1,1758493.78,1758493.78
271,11,5,40,7,2025-06-16,1,3587353.75,3587353.75
272,39,5,2,6,2023-07-17,1,3563287.27,3563287.27
273,23,7,12,1,2022-07-17,1,2046822.34,2046822.34
274,22,2,51,5,2024-02-04,1,1045648.7,1045648.7
275,41,7,53,9,2025-08-31,1,2997949.99,2997949.99
276,43,3,31,1,2022-01-20,1,3941669.65,3941669.65
277,28,6,55,12,2024-12-17,1,1163060.38,1163060.38
278,11,5,5,7,2023-07-29,1,4341445.45,4341445.45
279,38,13,14,6,2025-12-30,1,3173485.15,3173485.15
280,40,5,44,10,2023-11-11,1,3042182.56,3042182.56
281,30,1,23,1,2024-06-14,1,3817963.99,3817963.99
282,11,6,50,4,2025-07-22,1,1135330.89,1135330.89
283,12,3,28,3,2025-04-14,1,4625753.2,4625753.2
284,27,11,6,3,2024-02-18,1,1174764.81,1174764.81
285,29,3,1,11,2024-06-29,1,658356.6,658356.6
286,15,2,36,6,2022-07-31,1,2039086.04,2039086.04
287,2,6,25,1,2024-04-27,1,2335197.53,2335197.53
288,17,12,37,6,2025-11-04,2,428959.45,857918.9
289,8,1,27,4,2022-06-07,1,646180.08,646180.08
290,16,4,30,1,2023-09-16,1,733746.23,733746.23
291,1,3,29,4,2025-08-26,1,2264060.32,2264060.32
292,42,14,21,3,2024-03-26,1,1019684.3,1019684.3
293,42,4,16,4,2023-07-29,1,1224711.56,1224711.56
294,34,5,35,3,2025-01-31,1,2366552.98,2366552.98
295,2,2,54,7,2024-04-17,2,3864193.22,7728386.44
296,27,2,28,8,2022-06-01,1,1382880.58,1382880.58
297,19,5,45,5,2022-03-17,1,1832466.89,1832466.89
298,32,5,6,1,2023-05-24,2,2358196.85,4716393.7
299,27,1,44,7,2023-11-11,1,2222696.59,2222696.59
300,18,5,38,7,2023-03-29,1,755124.08,755124.08
301,18,6,23,12,2024-09-15,1,2022476.78,2022476.78
302,7,1,10,4,2023-12-04,2,3094009.76,6188019.52
303,11,4,21,1,2022-04-02,1,2716167.51,2716167.51
304,33,6,11,11,2023-05-15,1,1207428.25,1207428.25
305,21,4,52,5,2023-01-13,1,1437811.45,1437811.45
306,9,9,29,6,2024-03-07,1,2147899.04,2147899.04
307,1,7,37,1,2025-01-04,1,1594745.59,1594745.59
308,10,2,34,12,2023-10-04,1,2846475.04,2846475.04
309,26,11,53,7,2023-09-02,1,2780971.75,2780971.75
310,39,3,8,3,2024-03-06,1,3281985.25,3281985.25
311,8,6,42,11,2022-12-21,1,683596.48,683596.48
312,20,4,23,11,2024-09-19,1,1483984.33,1483984.33
313,8,5,44,6,2025-12-25,2,879111.84,1758223.68
314,20,9,18,3,2023-08-15,1,1244116.48,1244116.48
315,9,10,8,6,2023-07-03,1,1815858.92,1815858.92
316,32,11,47,5,2023-03-24,1,4257684.05,4257684.05
317,43,9,3,6,2023-12-15,1,1450097.21,1450097.21
318,6,11,48,6,2023-12-20,1,3301899.51,3301899.51
319,26,10,52,1,2023-12-20,1,2231032.11,2231032.11
320,25,2,55,6,2025-10-23,3,1351846.44,4055539.32
321,8,1,42,2,2022-09-29,1,849605.15,849605.15
322,12,9,32,2,2025-07-19,1,3549712.45,3549712.45
323,12,6,6,5,2023-07-24,1,2412525.51,2412525.51
324,28,4,50,9,2022-07-10,1,4255053.95,4255053.95
325,29,3,35,5,2024-05-29,1,592685.06,592685.06
326,34,2,9,6,2024-09-20,1,2761967.57,2761967.57
327,32,1,54,6,2022-09-12,1,4547968.06,4547968.06
328,40,15,45,10,2025-08-24,1,2208339.71,2208339.71
329,14,1,6,5,2025-08-21,2,1744958.99,3489917.98
330,9,7,42,1,2022-07-14,1,1714613.36,1714613.36
331,1,2,1,1,2023-12-05,1,2564184.82,2564184.82
332,43,1,47,8,2022-07-31,1,2905950.71,2905950.71
333,14,10,9,7,2024-12-22,1,1752542.29,1752542.29
334,26,2,27,7,2024-06-25,1,1316816.63,1316816.63
335,36,9,25,4,2024-05-29,1,1117942.63,1117942.63
336,14,1,39,8,2023-08-07,1,896503.87,896503.87
337,32,6,34,7,2023-01-22,1,3713720.96,3713720.96
338,30,12,32,5,2023-05-09,1,1940843.23,1940843.23
339,20,15,60,4,2024-03-03,1,3372232.66,3372232.66
340,36,7,50,1,2025-04-17,1,2078918.88,2078918.88
341,5,1,33,3,2025-12-30,1,7261304.65,7261304.65
342,18,5,18,1,2022-06-11,1,3057029.43,3057029.43
343,21,5,41,8,2025-08-23,1,1015868.97,1015868.97
344,28,8,4,3,2024-06-08,1,1098580.73,1098580.73
345,7,6,12,2,2024-12-17,1,4054826.35,4054826.35
346,32,1,18,8,2022-08-30,1,3837783.49,3837783.49
347,31,2,46,12,2025-07-09,1,1015653.34,1015653.34
348,6,4,24,3,2022-07-30,1,2290614.62,2290614.62
349,38,9,55,9,2023-05-16,1,3623670.16,3623670.16
350,3,2,3,6,2025-09-04,2,586656.74,1173313.48
351,18,8,5,6,2022-09-02,1,1791600.71,1791600.71
352,20,11,26,1,2024-08-10,1,4654329.45,4654329.45
353,36,1,24,3,2025-02-28,1,2488187.32,2488187.32
354,32,3,50,8,2025-01-24,1,3914829.28,3914829.28
355,31,3,23,7,2025-11-21,1,1908050.43,1908050.43
356,41,11,7,3,2023-05-03,1,966491.46,966491.46
357,18,1,3,10,2024-11-30,3,3920746.25,11762238.75
358,38,5,41,9,2022-06-03,1,2745924.18,2745924.18
359,25,1,55,4,2024-03-15,1,978924.27,978924.27
360,28,2,13,2,2025-04-12,1,3702655.22,3702655.22
361,7,3,23,12,2023-03-02,1,1575283.7,1575283.7
362,19,1,20,9,2025-11-28,2,1602322.68,3204645.36
363,11,8,26,6,2025-11-18,1,4167787.16,4167787.16
364,30,11,1,1,2023-04-01,1,1767566.09,1767566.09
365,7,6,38,6,2022-06-03,1,5089324.88,5089324.88
366,2,4,55,9,2025-12-13,2,1149671.01,2299342.02
367,20,3,18,3,2025-06-22,1,2493111.29,2493111.29
368,27,4,25,2,2023-02-13,2,2782559.64,5565119.28
369,27,15,2,12,2025-12-31,1,3943300.9,3943300.9
370,23,5,12,1,2025-05-07,2,2852645.51,5705291.02
371,11,1,34,4,2025-04-11,1,4320046.18,4320046.18
372,43,6,53,8,2022-04-25,1,5416582.35,5416582.35
373,31,15,54,12,2024-12-01,1,4814218.36,4814218.36
374,28,1,54,12,2024-10-05,1,2209752.17,2209752.17
375,9,6,31,1,2025-06-11,1,1119594.17,1119594.17
376,10,13,21,1,2022-10-30,1,2329299.87,2329299.87
377,39,12,24,8,2025-09-18,1,4031671.65,4031671.65
378,17,1,28,8,2024-09-24,1,434751.01,434751.01
379,27,7,51,4,2025-09-25,2,1519160.88,3038321.76
380,25,7,47,1,2025-12-08,1,1376360.98,1376360.98
381,17,1,52,12,2023-03-29,2,751497.8,1502995.6
382,26,3,23,12,2022-12-10,1,1109058.26,1109058.26
383,41,8,1,3,2023-05-27,1,4608178.42,4608178.42
384,28,8,29,8,2022-12-07,1,2205079.0,2205079.0
385,20,1,37,7,2022-11-01,1,2476391.09,2476391.09
386,14,2,47,1,2022-07-10,1,1834169.76,1834169.76
387,15,7,42,3,2024-06-08,2,5041221.46,10082442.92
388,8,2,47,10,2025-01-11,1,555617.41,555617.41
389,12,1,54,6,2022-04-22,1,1904711.38,1904711.38
390,16,6,13,1,2023-02-28,1,550554.07,550554.07
391,9,11,26,6,2025-09-15,1,1541060.72,1541060.72
392,12,3,12,6,2023-06-24,1,3283646.13,3283646.13
393,18,5,45,7,2022-06-25,1,1597124.7,1597124.7
394,27,9,4,9,2024-12-06,1,3986033.85,3986033.85
395,23,12,6,5,2022-03-13,1,4408258.64,4408258.64
396,20,7,8,11,2024-07-08,1,4648144.19,4648144.19
397,9,11,28,1,2025-10-31,3,2690920.98,8072762.94
398,43,2,52,1,2024-03-05,1,3838506.49,3838506.49
399,24,5,1,8,2025-06-30,2,3079957.65,6159915.3
400,25,2,38,8,2022-07-25,1,3507625.1,3507625.1
401,39,2,23,9,2023-06-25,1,3170122.9,3170122.9
402,16,1,10,7,2025-10-26,1,571113.37,571113.37
403,2,2,18,10,2022-02-11,1,4529207.02,4529207.02
404,15,11,44,1,2023-04-12,1,4237205.31,4237205.31
405,8,11,27,7,2022-07-02,1,951156.32,951156.32
406,10,9,24,9,2024-11-21,1,2543320.12,2543320.12
407,4,10,37,1,2023-01-30,1,1480526.34,1480526.34
408,37,1,24,8,2023-07-16,1,2348744.11,2348744.11
409,16,13,16,5,2025-05-01,1,563536.87,563536.87
410,18,5,54,10,2023-12-25,1,3918532.86,3918532.86
411,41,7,27,6,2022-09-28,1,4765573.67,4765573.67
412,25,11,46,7,2024-05-17,1,789750.0,789750.0
413,38,2,34,9,2024-03-24,1,4345955.72,4345955.72
414,25,14,36,7,2025-06-01,3,785826.72,2357480.16
415,13,3,21,9,2023-06-19,1,748554.21,748554.21
416,27,2,16,10,2025-05-13,1,4546382.7,4546382.7
417,17,1,19,3,2024-05-07,1,512250.1,512250.1
418,17,15,22,8,2023-04-01,1,660170.2,660170.2
419,28,13,20,9,2025-09-08,1,3325065.2,3325065.2
420,37,1,52,6,2023-01-10,1,2238383.57,2238383.57
421,41,2,20,5,2023-11-10,1,4954184.74,4954184.74
422,25,1,38,11,2022-05-26,1,2390118.61,2390118.61
423,19,7,27,1,2025-10-11,1,1142669.91,1142669.91
424,36,3,21,7,2022-01-10,1,1304811.75,1304811.75
425,19,5,51,8,2022-06-30,1,1168043.85,1168043.85
426,7,4,1,1,2023-02-13,1,3180811.47,3180811.47
427,29,9,2,7,2025-07-07,2,776698.18,1553396.36
428,30,3,33,6,2024-11-24,2,1678112.71,3356225.42
429,22,7,32,4,2023-01-21,1,1383119.61,1383119.61
430,9,1,9,3,2022-02-14,1,2562290.34,2562290.34
431,25,6,41,3,2024-12-31,1,1353981.37,1353981.37
432,25,11,8,5,2024-02-18,1,928580.72,928580.72
433,7,2,1,4,2025-09-17,1,2295110.73,2295110.73
434,7,7,7,6,2025-06-19,1,3604629.94,3604629.94
435,7,2,17,9,2023-02-18,1,1616172.95,1616172.95
436,15,5,45,11,2022-01-27,1,2626455.19,2626455.19
437,39,2,33,1,2022-07-27,1,4279394.91,4279394.91
438,38,15,4,1,2022-12-24,1,3502450.74,3502450.74
439,35,4,55,8,2022-04-04,1,2205842.46,2205842.46
440,1,3,40,3,2022-07-10,1,1312059.44,1312059.44
441,16,3,54,5,2024-09-06,1,520454.48,520454.48
442,33,1,4,12,2025-04-24,1,3152721.01,3152721.01
443,24,10,44,9,2022-09-25,1,2623372.78,2623372.78
444,20,4,42,4,2025-12-13,2,2931811.06,5863622.12
445,22,2,56,4,2024-12-07,1,1644738.04,1644738.04
446,26,4,42,5,2025-02-17,1,2247238.49,2247238.49
447,38,13,31,9,2024-11-02,1,3374560.03,3374560.03
448,21,11,29,8,2024-07-06,1,1436099.64,1436099.64
449,6,15,2,1,2024-04-24,1,2397289.37,2397289.37
450,2,10,41,4,2024-11-07,1,3134653.73,3134653.73
451,27,11,55,6,2025-02-21,1,2616472.93,2616472.93
452,31,3,7,8,2023-03-31,1,3375553.97,3375553.97
453,1,11,24,7,2022-04-04,1,2114014.22,2114014.22
454,38,9,17,7,2023-01-20,1,2884158.12,2884158.12
455,7,11,22,1,2024-04-28,1,5228909.33,5228909.33
456,3,1,30,7,2022-12-14,1,692746.74,692746.74
457,35,13,38,3,2022-09-20,1,2675447.82,2675447.82
458,7,3,27,12,2025-11-19,1,4276162.15,4276162.15
459,13,4,27,7,2025-12-07,3,864051.15,2592153.45
460,14,2,46,3,2023-12-09,1,1586025.54,1586025.54
461,7,2,41,4,2022-08-25,3,4534935.95,13604807.85
462,31,14,44,8,2024-05-15,1,3219752.24,3219752.24
463,22,6,49,8,2023-08-10,1,788570.6,788570.6
464,28,10,35,1,2024-07-15,1,1411088.24,1411088.24
465,7,12,36,5,2024-11-12,1,5306436.79,5306436.79
466,33,13,51,12,2023-10-03,1,1836299.08,1836299.08
467,4,12,29,9,2025-07-21,1,1518036.96,1518036.96
468,28,5,50,8,2023-02-01,1,3361325.61,3361325.61
469,13,2,33,2,2022-03-25,1,538813.59,538813.59
470,18,5,22,6,2023-10-23,1,2573473.41,2573473.41
471,32,3,36,4,2023-03-27,1,3447039.31,3447039.31
472,22,5,23,3,2023-03-13,1,1695551.88,1695551.88
473,27,14,31,12,2025-08-22,1,2129534.66,2129534.66
474,1,12,40,3,2022-03-23,1,3275072.33,3275072.33
475,28,14,35,8,2022-02-20,2,2090119.61,4180239.22
476,39,11,3,4,2025-08-27,1,4225983.89,4225983.89
477,10,2,35,6,2025-07-07,2,3343582.87,6687165.74
478,4,12,7,3,2025-12-10,1,1437368.64,1437368.64
479,30,1,2,6,2024-12-03,1,2470639.21,2470639.21
480,25,3,28,4,2024-03-08,1,1560174.41,1560174.41
481,27,6,38,1,2022-05-29,1,2922416.69,2922416.69
482,15,7,19,8,2024-06-15,1,3017003.28,3017003.28
483,16,2,48,5,2025-01-22,1,690449.59,690449.59
484,13,12,56,8,2024-02-04,1,727717.19,727717.19
485,41,1,37,7,2025-01-05,2,1009506.92,2019013.84
486,23,9,14,5,2025-08-15,1,1226466.31,1226466.31
487,35,6,8,3,2025-03-07,1,1372536.56,1372536.56
488,35,15,36,1,2025-11-12,2,4085426.68,8170853.36
489,7,6,21,6,2023-11-04,1,4266134.97,4266134.97
490,14,3,28,3,2023-03-30,1,1409716.27,1409716.27
491,27,7,31,6,2024-01-05,1,1917910.29,1917910.29
492,32,6,18,9,2022-10-14,1,2880186.09,2880186.09
493,10,8,55,6,2022-03-05,1,3924657.94,3924657.94
494,33,2,17,6,2025-01-10,1,2897803.92,2897803.92
495,19,2,47,9,2022-10-02,1,2135587.28,2135587.28
496,21,6,52,12,2023-10-19,1,1250110.04,1250110.04
497,41,9,23,1,2024-09-25,2,3887795.08,7775590.16
498,11,6,51,4,2024-08-19,1,1867027.39,1867027.39
499,39,6,34,7,2023-07-15,1,4467916.56,4467916.56
500,35,2,24,6,2022-06-09,1,1835038.19,1835038.19
501,21,5,23,6,2024-09-14,2,1225357.83,2450715.66
502,38,4,33,7,2023-03-10,2,906852.58,1813705.16
503,8,11,27,8,2022-08-21,1,581036.12,581036.12
504,20,2,2,3,2022-09-19,1,2893065.95,2893065.95
505,25,1,4,3,2023-01-04,1,1326368.93,1326368.93
506,21,6,47,7,2023-08-04,2,1260602.14,2521204.28
507,41,4,15,9,2025-05-15,1,1921674.78,1921674.78
508,8,6,11,8,2023-12-03,1,773734.46,773734.46
509,25,1,34,9,2024-10-29,1,1001982.78,1001982.78
510,34,12,51,6,2022-08-29,1,3192410.3,3192410.3
511,6,5,50,7,2024-06-02,2,2794157.24,5588314.48
512,22,5,52,6,2024-02-20,1,1199884.36,1199884.36
513,15,11,28,2,2024-09-04,2,4283228.95,8566457.9
514,31,6,17,3,2025-12-23,1,4658225.62,4658225.62
515,1,3,52,4,2024-01-12,1,2733400.33,2733400.33
516,7,2,37,4,2023-07-19,1,3143421.39,3143421.39
517,43,5,12,4,2025-02-10,1,2792813.83,2792813.83
518,20,10,9,9,2025-09-12,1,5014665.65,5014665.65
519,7,14,33,5,2023-11-25,1,2182707.97,2182707.97
520,26,3,52,1,2022-10-25,1,3118750.37,3118750.37
521,25,3,47,5,2024-03-31,1,1069814.52,1069814.52
522,26,6,53,3,2024-10-09,1,2552464.47,2552464.47
523,10,2,39,6,2022-12-14,1,3721855.94,3721855.94
524,15,1,26,4,2024-03-20,3,3655529.22,10966587.66
525,17,7,36,3,2025-02-19,1,469955.06,469955.06
526,39,2,13,6,2024-04-07,2,2296747.66,4593495.32
527,25,1,19,4,2022-08-28,1,1677792.88,1677792.88
528,33,11,45,5,2024-02-12,2,4274727.22,8549454.44
529,24,14,30,10,2022-02-26,1,3953559.98,3953559.98
530,20,10,45,3,2023-10-09,1,1973174.77,1973174.77
531,15,2,26,7,2023-01-01,1,3154688.27,3154688.27
532,15,14,13,6,2023-02-13,1,4659572.13,4659572.13
533,11,2,54,7,2022-11-16,1,1780389.57,1780389.57
534,7,4,55,6,2022-03-28,2,1442310.11,2884620.22
535,35,12,37,9,2023-12-05,1,2247867.06,2247867.06
536,4,5,26,9,2022-12-24,1,1579196.91,1579196.91
537,7,1,25,6,2023-10-29,1,3594332.29,3594332.29
538,36,2,22,4,2024-10-18,1,1318369.12,1318369.12
539,18,3,37,2,2025-03-25,1,3224811.89,3224811.89
540,28,11,55,5,2022-10-26,1,4009421.36,4009421.36
541,30,4,55,7,2024-12-29,1,2613803.29,2613803.29
542,32,5,45,3,2023-03-18,1,2114510.01,2114510.01
543,34,4,24,4,2025-02-15,1,2691355.66,2691355.66
544,40,1,39,3,2025-03-25,1,2796904.04,2796904.04
545,27,2,33,6,2024-07-04,3,2936439.78,8809319.34
546,38,6,11,7,2023-11-22,1,2430958.96,2430958.96
547,26,1,21,4,2023-08-20,2,2150034.47,4300068.94
548,29,12,24,8,2024-12-02,1,647683.1,647683.1
549,18,8,48,7,2022-06-13,1,1332341.04,1332341.04
550,11,13,4,1,2024-03-24,1,2382522.09,2382522.09
551,22,6,25,4,2023-05-22,1,1945548.97,1945548.97
552,30,5,3,7,2023-10-29,1,2500685.92,2500685.92
553,19,5,45,6,2025-04-25,2,2299236.05,4598472.1
554,25,5,41,6,2023-12-13,1,2978132.04,2978132.04
555,11,4,1,1,2024-08-18,1,1187917.38,1187917.38
556,28,3,52,3,2023-04-19,1,2755477.72,2755477.72
557,33,12,16,3,2025-08-15,1,2785959.35,2785959.35
558,17,4,49,8,2025-06-09,1,533090.77,533090.77
559,33,9,27,3,2022-05-21,1,3283171.54,3283171.54
560,9,6,40,6,2022-04-12,1,1537381.2,1537381.2
561,2,1,1,3,2024-11-12,1,4868177.12,4868177.12
562,19,11,4,3,2024-03-14,1,2163336.26,2163336.26
563,5,11,54,1,2023-05-25,1,8360901.08,8360901.08
564,16,15,48,8,2024-12-03,1,744650.15,744650.15
565,11,13,47,1,2025-01-30,2,2351742.7,4703485.4
566,22,2,43,3,2022-08-20,1,1060360.79,1060360.79
567,11,11,26,8,2022-01-19,1,2526718.01,2526718.01
568,42,7,50,1,2022-11-19,1,1607021.67,1607021.67
569,28,9,23,7,2025-12-07,2,2158155.91,4316311.82
570,7,5,23,8,2024-06-17,1,3445736.34,3445736.34
571,29,8,3,6,2024-06-15,1,429079.87,429079.87
572,24,5,21,8,2023-07-18,1,3042593.78,3042593.78
573,37,2,29,3,2023-06-24,2,4590513.8,9181027.6
574,23,5,2,7,2024-01-16,1,2728101.45,2728101.45
575,32,6,25,3,2025-10-31,1,1863645.86,1863645.86
576,23,6,34,7,2022-03-31,1,3375069.72,3375069.72
577,35,2,7,1,2025-08-07,2,1324010.43,2648020.86
578,35,7,24,3,2022-05-26,1,3345083.73,3345083.73
579,1,13,30,8,2022-05-05,1,4207830.27,4207830.27
580,16,11,4,9,2023-06-29,2,662562.1,1325124.2
581,22,1,34,1,2023-04-19,1,1633625.86,1633625.86
582,22,2,12,6,2025-02-17,1,984258.39,984258.39
583,18,3,43,5,2022-08-02,1,1071362.23,1071362.23
584,9,3,39,5,2023-12-23,1,1356077.13,1356077.13
585,23,4,53,8,2025-05-31,1,4937180.78,4937180.78
586,12,5,24,11,2024-07-05,1,2915361.57,2915361.57
587,41,2,9,12,2023-09-11,1,960868.59,960868.59
588,1,3,45,9,2025-02-07,1,4442259.37,4442259.37
589,21,1,10,2,2024-01-22,1,1460508.53,1460508.53
590,38,3,37,10,2022-06-08,1,1896917.61,1896917.61
591,29,11,37,9,2022-07-15,1,717871.54,717871.54
592,25,5,4,10,2024-06-08,1,1815882.29,1815882.29
593,37,6,1,7,2025-07-18,1,6117724.88,6117724.88
594,16,5,33,7,2024-03-15,1,507001.19,507001.19
595,30,4,10,2,2022-06-19,1,3001654.03,3001654.03
596,20,2,28,8,2022-09-25,1,4002373.85,4002373.85
597,31,3,36,7,2025-11-22,1,2883268.14,2883268.14
598,39,4,21,4,2025-09-04,1,1244650.22,1244650.22
599,2,6,29,7,2024-06-21,3,2134107.52,6402322.56
600,3,3,55,1,2022-04-22,1,765609.74,765609.74
601,12,11,22,7,2022-08-16,1,3203805.57,3203805.57
602,14,9,35,6,2023-06-14,1,1279224.8,1279224.8
603,23,7,25,6,2025-09-20,3,3415780.91,10247342.73
604,22,2,18,1,2025-09-02,1,1062915.64,1062915.64
605,40,6,24,9,2022-02-09,1,1669026.87,1669026.87
606,13,15,46,1,2023-10-09,1,830876.04,830876.04
607,25,14,46,1,2023-05-22,1,1069392.65,1069392.65
608,39,9,44,4,2025-07-04,1,2121055.02,2121055.02
609,14,2,17,9,2022-03-02,3,1885373.54,5656120.62
610,40,3,9,1,2024-02-22,1,6877210.54,6877210.54
611,22,7,37,3,2023-10-02,2,1566518.22,3133036.44
612,15,1,52,3,2025-12-15,1,3182304.37,3182304.37
613,39,10,37,10,2024-12-27,2,2630361.69,5260723.38
614,7,8,27,11,2023-09-14,2,2612538.68,5225077.36
615,18,13,50,3,2022-09-27,2,3829449.19,7658898.38
616,9,2,15,7,2023-04-18,1,2322463.59,2322463.59
617,28,4,39,6,2025-08-23,1,2239243.58,2239243.58
618,16,1,3,5,2022-01-31,1,701090.1,701090.1
619,39,6,14,1,2024-06-18,1,4747306.03,4747306.03
620,37,4,26,8,2025-05-30,1,3977970.83,3977970.83
621,30,6,39,6,2025-08-06,1,2262569.04,2262569.04
622,37,4,3,9,2023-05-19,1,5650916.31,5650916.31
623,21,5,41,11,2023-01-24,1,1248689.55,1248689.55
624,13,11,28,3,2022-04-22,1,630081.6,630081.6
625,28,6,33,2,2025-04-13,1,4357616.83,4357616.83
626,40,4,12,6,2025-12-30,1,5384117.61,5384117.61
627,37,6,11,8,2022-09-11,1,1726004.58,1726004.58
628,6,1,47,8,2024-11-13,1,2909649.71,2909649.71
629,8,2,43,9,2022-11-29,1,759099.22,759099.22
630,9,3,29,3,2023-01-06,1,2238783.84,2238783.84
631,7,6,30,6,2024-10-18,1,1702105.92,1702105.92
632,1,6,27,5,2025-05-16,1,4066000.81,4066000.81
633,25,6,53,3,2023-01-14,1,1620166.8,1620166.8
634,8,12,54,7,2023-11-10,1,805737.25,805737.25
635,3,6,45,7,2025-03-18,1,607531.03,607531.03
636,32,5,6,8,2023-10-24,1,1612291.58,1612291.58
637,16,5,9,2,2023-07-17,1,422919.6,422919.6
638,15,2,37,8,2025-07-12,1,2643245.44,2643245.44
639,22,6,46,3,2025-05-31,1,862939.18,862939.18
640,35,6,40,6,2024-11-30,1,1821047.56,1821047.56
641,20,2,13,1,2022-02-19,2,4263218.25,8526436.5
642,19,2,27,5,2023-12-10,1,2172412.67,2172412.67
643,12,5,8,7,2023-12-01,1,1086989.96,1086989.96
644,24,2,44,6,2024-08-29,1,4715844.31,4715844.31
645,33,6,35,10,2024-08-05,1,3141079.52,3141079.52
646,32,11,47,7,2025-02-11,1,2581110.36,2581110.36
647,23,11,23,1,2025-12-18,1,1727628.25,1727628.25
648,35,6,49,4,2023-10-07,1,3012389.72,3012389.72
649,12,3,20,3,2023-09-12,2,1159551.25,2319102.5
650,9,2,33,1,2024-09-15,1,1677877.49,1677877.49
651,38,4,20,8,2022-10-21,1,1507096.55,1507096.55
652,6,15,3,6,2023-09-29,1,3590378.55,3590378.55
653,28,4,34,8,2023-10-02,1,3153755.38,3153755.38
654,11,5,43,2,2022-10-18,1,1619158.17,1619158.17
655,15,7,16,3,2023-09-30,1,2243498.99,2243498.99
656,26,1,44,1,2024-02-25,1,1921407.2,1921407.2
657,4,6,54,7,2024-07-02,1,1169112.32,1169112.32
658,26,8,35,1,2024-08-11,1,1830355.46,1830355.46
659,24,7,20,7,2025-12-25,1,1239296.3,1239296.3
660,19,12,24,5,2025-12-03,1,2430136.54,2430136.54
661,15,4,8,4,2024-08-02,1,4518909.37,4518909.37
662,35,5,26,9,2022-08-08,1,1907521.33,1907521.33
663,14,5,27,3,2023-05-15,1,1485116.38,1485116.38
664,23,3,38,5,2024-06-10,1,4843739.35,4843739.35
665,24,2,48,11,2025-03-21,1,2238666.04,2238666.04
666,35,3,29,3,2024-04-11,1,1264882.15,1264882.15
667,5,10,32,7,2022-05-06,1,6449987.25,6449987.25
668,6,12,1,8,2025-09-15,2,3182898.48,6365796.96
669,8,5,44,9,2023-09-06,1,750449.51,750449.51
670,24,14,23,12,2025-04-08,1,4527790.24,4527790.24
671,1,1,24,10,2022-04-19,1,4449760.1,4449760.1
672,1,1,2,3,2025-12-09,3,2872111.95,8616335.85
673,26,4,12,6,2023-01-21,1,3212956.12,3212956.12
674,24,4,43,2,2022-01-24,1,4247658.47,4247658.47
675,5,4,9,1,2025-08-08,1,5958054.99,5958054.99
676,33,7,40,3,2024-11-09,2,3922826.74,7845653.48
677,34,4,32,9,2023-04-30,1,2334616.68,2334616.68
678,29,5,3,6,2025-12-14,2,521867.94,1043735.88
679,25,8,55,12,2023-07-27,1,4140508.19,4140508.19
680,19,1,48,7,2025-07-21,2,943781.17,1887562.34
681,25,5,30,6,2024-08-18,2,2914832.49,5829664.98
682,25,15,11,1,2025-05-08,1,1925271.67,1925271.67
683,30,1,11,6,2025-09-06,1,3577040.23,3577040.23
684,43,2,33,1,2023-07-24,1,4665284.69,4665284.69
685,12,2,39,3,2025-04-26,1,3183888.68,3183888.68
686,30,2,16,6,2024-12-16,1,3319847.77,3319847.77
687,15,13,32,8,2024-04-25,1,1261331.67,1261331.67
688,31,6,47,9,2022-04-22,1,1878357.3,1878357.3
689,27,2,20,6,2025-10-31,1,3780987.3,3780987.3
690,20,1,29,5,2023-10-09,2,1504186.17,3008372.34
691,28,6,28,7,2025-08-28,2,1000923.85,2001847.7
692,36,1,26,6,2025-10-14,1,1613259.98,1613259.98
693,30,3,12,4,2022-01-22,1,3052736.87,3052736.87
694,27,1,29,4,2023-08-04,1,4077511.17,4077511.17
695,12,1,54,3,2025-05-12,1,957668.46,957668.46
696,26,12,43,8,2025-08-19,1,3200150.74,3200150.74
697,24,7,30,7,2022-06-05,2,4744118.17,9488236.34
698,26,4,50,8,2023-06-12,1,3943225.18,3943225.18
699,9,3,4,3,2023-06-27,1,1179420.74,1179420.74
700,9,2,42,6,2022-10-22,3,1171785.67,3515357.01
701,18,4,3,1,2025-03-16,1,2764507.75,2764507.75
702,29,4,1,11,2025-09-23,1,712007.37,712007.37
703,17,3,46,11,2024-10-01,1,452685.01,452685.01
704,17,1,25,11,2024-09-14,1,656991.33,656991.33
705,7,3,4,7,2025-08-18,3,3678016.22,11034048.66
706,6,1,50,3,2023-02-20,2,2486484.64,4972969.28
707,9,2,7,7,2024-01-06,1,1121864.55,1121864.55
708,20,2,2,8,2025-04-29,1,4584703.92,4584703.92
709,11,6,54,8,2022-02-03,1,2350361.87,2350361.87
710,2,1,52,7,2024-12-07,1,1115193.43,1115193.43
711,28,5,3,8,2024-09-28,1,4243139.53,4243139.53
712,27,1,9,1,2025-07-19,2,2674885.08,5349770.16
713,3,4,38,1,2022-08-06,1,564340.91,564340.91
714,7,1,22,8,2025-10-21,1,3970063.52,3970063.52
715,7,3,14,8,2025-04-29,1,4406181.64,4406181.64
716,9,9,24,6,2024-06-17,1,1161530.59,1161530.59
717,12,10,25,8,2022-02-02,1,3054499.62,3054499.62
718,37,13,38,9,2024-05-02,1,1672730.63,1672730.63
719,28,1,18,6,2024-04-23,1,3924011.81,3924011.81
720,11,6,40,11,2025-07-08,1,1518122.62,1518122.62
721,34,5,34,12,2025-06-21,1,2010161.09,2010161.09
722,16,2,43,3,2022-04-19,1,668821.07,668821.07
723,10,14,12,3,2022-03-30,1,4091502.75,4091502.75
724,4,2,49,6,2022-08-02,1,1100612.38,1100612.38
725,30,10,8,1,2023-04-27,1,4327536.65,4327536.65
726,29,2,21,3,2022-08-14,1,642937.6,642937.6
727,14,12,15,1,2025-04-13,1,848264.07,848264.07
728,20,13,25,5,2024-07-26,1,4606659.81,4606659.81
729,29,2,45,6,2023-07-29,3,657653.0,1972959.0
730,8,2,19,7,2025-07-30,1,895620.73,895620.73
731,41,5,27,9,2024-09-28,1,4980766.77,4980766.77
732,36,4,28,8,2023-05-21,1,1376803.0,1376803.0
733,12,13,37,10,2024-05-05,1,2489150.43,2489150.43
734,43,10,34,5,2025-11-27,1,1166307.05,1166307.05
735,19,1,14,2,2023-08-29,1,1221274.65,1221274.65
736,11,6,30,9,2025-04-10,1,4720927.2,4720927.2
737,2,12,51,9,2025-07-07,1,2748582.42,2748582.42
738,19,1,22,6,2023-08-31,2,1893117.94,3786235.88
739,18,5,51,7,2025-06-24,2,1618398.64,3236797.28
740,37,14,4,1,2024-01-19,1,5362724.44,5362724.44
741,19,6,36,8,2023-02-24,1,879895.11,879895.11
742,8,6,49,6,2024-12-22,1,661494.14,661494.14
743,18,4,54,2,2025-12-24,1,901351.79,901351.79
744,34,3,45,8,2022-05-15,1,4334367.91,4334367.91
745,10,3,5,1,2023-07-20,1,4322626.04,4322626.04
746,7,2,2,3,2025-10-29,1,1782286.03,1782286.03
747,7,6,5,1,2023-04-21,1,2754970.02,2754970.02
748,35,5,51,4,2025-04-30,1,2815844.69,2815844.69
749,27,4,51,4,2023-06-17,1,2904252.47,2904252.47
750,11,11,19,6,2022-12-07,1,2284840.5,2284840.5
751,9,2,43,8,2022-03-26,1,1945355.48,1945355.48
752,25,2,43,4,2024-07-07,1,2309723.56,2309723.56
753,9,3,10,11,2025-01-23,2,1557245.95,3114491.9
754,15,2,37,7,2025-03-03,1,3867132.8,3867132.8
755,29,1,3,2,2025-02-02,1,766301.43,766301.43
756,7,2,21,1,2025-08-06,1,1179536.15,1179536.15
757,10,10,6,6,2024-07-01,1,3376754.67,3376754.67
758,28,3,39,7,2022-04-25,3,4567534.36,13702603.08
759,39,12,24,1,2023-12-08,1,2349534.02,2349534.02
760,42,8,27,8,2023-08-15,1,1994078.29,1994078.29
761,9,8,54,6,2022-06-26,2,2265271.11,4530542.22
762,8,5,38,8,2022-07-01,3,647131.53,1941394.59
763,1,2,37,8,2025-10-27,1,3163582.2,3163582.2
764,34,5,2,8,2025-08-04,1,4082363.51,4082363.51
765,19,4,45,7,2022-02-28,2,1928020.18,3856040.36
766,7,1,38,6,2024-06-12,3,2414912.16,7244736.48
767,37,7,33,8,2022-02-05,1,4755658.73,4755658.73
768,35,3,9,4,2022-04-19,1,1450571.58,1450571.58
769,12,3,34,7,2022-06-07,2,2432764.73,4865529.46
770,21,1,35,4,2023-10-10,1,1697395.35,1697395.35
771,28,7,38,4,2025-11-11,1,2012823.97,2012823.97
772,39,5,51,10,2025-06-10,1,1543528.61,1543528.61
773,28,8,52,2,2024-08-01,1,4547578.89,4547578.89
774,39,1,45,4,2024-06-24,1,1354422.2,1354422.2
775,38,3,2,8,2022-08-31,1,3312429.96,3312429.96
776,11,2,9,12,2024-05-20,1,4168727.09,4168727.09
777,28,10,3,3,2022-03-09,1,3892061.98,3892061.98
778,32,1,5,4,2022-01-22,1,2988759.42,2988759.42
779,31,2,12,7,2022-03-01,2,4130016.16,8260032.32
780,6,14,11,9,2025-06-09,2,3253987.9,6507975.8
781,12,5,14,8,2023-08-01,1,3009533.9,3009533.9
782,9,8,33,9,2024-08-30,1,2308467.8,2308467.8
783,16,14,23,12,2024-05-18,1,607919.35,607919.35
784,11,15,8,6,2024-10-12,1,1724048.12,1724048.12
785,28,3,19,6,2023-10-01,1,3009179.59,3009179.59
786,35,15,55,1,2024-09-01,1,1691755.5,1691755.5
787,40,6,26,5,2025-09-10,1,3444455.39,3444455.39
788,28,7,48,10,2025-10-08,1,1305209.15,1305209.15
789,35,8,18,8,2025-08-11,1,3602542.88,3602542.88
790,40,14,33,3,2024-07-20,1,3377508.26,3377508.26
791,7,6,7,8,2022-05-20,1,2285085.5,2285085.5
792,20,6,20,7,2022-07-17,1,1011342.25,1011342.25
793,31,4,19,7,2024-10-01,1,3628376.83,3628376.83
794,23,1,28,9,2022-09-01,1,4174590.1,4174590.1
795,16,4,36,7,2023-09-13,1,510467.69,510467.69
796,37,3,49,1,2025-10-14,1,2142665.56,2142665.56
797,24,5,4,5,2024-10-10,1,3029197.11,3029197.11
798,16,2,38,1,2024-01-21,1,638807.57,638807.57
799,15,12,7,5,2024-01-02,1,4020723.32,4020723.32
800,17,2,6,10,2022-05-15,1,418941.9,418941.9
801,37,5,43,9,2025-03-09,1,1862845.43,1862845.43
802,21,4,21,5,2024-03-10,1,1279618.88,1279618.88
803,14,7,32,6,2025-09-28,1,847873.15,847873.15
804,15,4,55,12,2022-06-04,1,3486894.79,3486894.79
805,35,1,26,8,2025-07-03,1,2877889.45,2877889.45
806,30,1,5,6,2024-12-23,1,1168750.09,1168750.09
807,11,3,28,7,2025-12-25,1,3931107.05,3931107.05
808,23,5,32,3,2024-08-15,1,4465249.03,4465249.03
809,12,11,37,8,2022-05-03,1,3268568.75,3268568.75
810,22,2,20,9,2024-04-20,1,1192610.76,1192610.76
811,14,2,53,3,2023-10-05,1,1693897.61,1693897.61
812,10,4,28,5,2022-03-17,1,2633784.55,2633784.55
813,10,10,36,3,2022-03-28,1,2705543.59,2705543.59
814,41,12,39,4,2022-05-11,1,3117138.33,3117138.33
815,38,6,54,8,2025-03-15,1,2536517.89,2536517.89
816,40,14,17,6,2022-07-04,1,4356332.53,4356332.53
817,11,3,25,8,2023-04-29,1,1315045.5,1315045.5
818,40,2,27,3,2025-04-22,1,2562576.49,2562576.49
819,4,1,31,7,2023-07-23,1,1286816.97,1286816.97
820,37,8,2,7,2025-05-25,1,6496199.16,6496199.16
821,2,1,43,3,2025-02-05,1,3914312.09,3914312.09
822,16,12,35,9,2024-06-25,1,625496.34,625496.34
823,17,15,6,11,2023-04-28,1,721536.21,721536.21
824,13,4,52,8,2024-04-12,1,820953.2,820953.2
825,32,10,48,5,2023-11-13,1,2008026.21,2008026.21
826,37,7,23,5,2025-01-26,1,5838624.36,5838624.36
827,30,1,41,5,2025-08-05,1,2538995.2,2538995.2
828,8,3,11,3,2025-08-22,1,691277.38,691277.38
829,31,10,31,9,2025-11-08,1,4397149.76,4397149.76
830,15,3,25,11,2025-03-14,1,2089565.23,2089565.23
831,11,6,6,12,2023-02-11,2,4523404.31,9046808.62
832,12,6,10,1,2024-01-24,1,4087122.49,4087122.49
833,9,5,30,9,2024-11-24,1,1998362.98,1998362.98
834,20,6,19,8,2023-01-23,2,1441954.72,2883909.44
835,18,2,40,6,2023-05-24,1,2080385.26,2080385.26
836,16,1,21,12,2024-03-25,1,641566.11,641566.11
837,28,9,7,6,2022-04-17,1,3616985.08,3616985.08
838,15,15,52,7,2022-04-04,2,1892547.71,3785095.42
839,1,15,9,12,2025-02-19,1,2666805.39,2666805.39
840,3,4,30,2,2023-10-12,1,513922.66,513922.66
841,18,15,54,3,2024-01-09,1,1587152.02,1587152.02
842,39,6,17,6,2024-06-11,2,2031506.82,4063013.64
843,38,9,55,10,2025-07-27,3,2164259.68,6492779.04
844,33,2,17,3,2024-08-14,1,981968.27,981968.27
845,18,1,46,6,2024-07-26,2,4034021.81,8068043.62
846,20,1,19,3,2022-12-11,2,4420802.14,8841604.28
847,34,2,1,6,2025-03-14,1,3028216.11,3028216.11
848,9,4,22,1,2025-10-27,1,2584736.04,2584736.04
849,7,1,2,1,2025-12-20,2,2886416.1,5772832.2
850,19,1,42,7,2024-07-16,1,2443394.62,2443394.62
851,14,14,14,9,2025-08-11,1,1579934.73,1579934.73
852,13,5,6,5,2023-10-13,1,795605.9,795605.9
853,32,6,32,8,2023-09-28,1,2052668.91,2052668.91
854,38,1,13,6,2024-03-05,1,3336300.38,3336300.38
855,20,9,40,3,2025-07-15,1,3243725.08,3243725.08
856,18,4,44,8,2024-10-11,1,854658.84,854658.84
857,27,1,20,3,2022-09-19,1,1168056.48,1168056.48
858,28,4,36,1,2022-04-03,1,2010241.61,2010241.61
859,21,4,53,3,2023-06-06,1,1387888.42,1387888.42
860,25,9,51,3,2024-03-15,1,3461793.41,3461793.41
861,3,3,49,7,2025-07-01,1,607253.12,607253.12
862,33,11,6,8,2025-05-22,2,2031993.15,4063986.3
863,12,1,1,3,2024-09-04,1,3404350.15,3404350.15
864,19,9,20,7,2025-06-17,1,1502706.63,1502706.63
865,16,3,9,2,2023-01-26,1,637855.59,637855.59
866,7,12,42,2,2023-05-11,3,1135928.0,3407784.0
867,18,2,30,3,2024-05-14,1,2804776.97,2804776.97
868,2,7,31,1,2024-07-09,1,1565951.49,1565951.49
869,25,11,1,1,2025-12-31,1,1467704.55,1467704.55
870,18,8,3,6,2024-09-22,1,2370691.69,2370691.69
871,21,12,15,8,2022-11-21,2,1646783.16,3293566.32
872,18,13,45,5,2023-01-29,1,2296215.45,2296215.45
873,18,7,55,9,2025-09-07,1,2410427.7,2410427.7
874,19,3,44,7,2024-01-08,1,2320226.5,2320226.5
875,33,6,48,1,2024-09-15,1,3702707.31,3702707.31
876,7,1,32,4,2023-03-05,1,2034479.93,2034479.93
877,24,2,12,9,2022-12-08,1,4872788.28,4872788.28
878,7,3,3,8,2025-02-14,1,2154930.69,2154930.69
879,12,5,46,1,2024-06-15,1,1405918.06,1405918.06
880,33,15,40,8,2022-07-28,1,4296367.39,4296367.39
881,34,6,24,3,2023-08-22,1,1003051.26,1003051.26
882,29,12,24,4,2023-02-18,1,706290.88,706290.88
883,18,11,33,3,2023-06-29,1,3280880.44,3280880.44
884,16,6,49,6,2023-04-13,1,666593.11,666593.11
885,8,12,34,8,2024-01-11,2,704037.13,1408074.26
886,40,8,5,1,2023-10-07,1,3887878.14,3887878.14
887,31,1,10,10,2022-04-29,1,2689502.18,2689502.18
888,42,12,27,5,2025-10-26,1,2133662.14,2133662.14
889,37,3,34,7,2022-10-28,1,5282677.42,5282677.42
890,18,10,45,4,2025-08-21,1,1403094.79,1403094.79
891,17,1,47,8,2022-09-16,1,468886.07,468886.07
892,22,5,22,8,2025-01-10,1,1402990.83,1402990.83
893,12,15,4,9,2023-06-16,1,3789888.96,3789888.96
894,26,6,20,6,2022-01-11,1,1975884.2,1975884.2
895,19,15,41,7,2025-05-04,1,2490845.46,2490845.46
896,11,11,9,8,2024-11-30,1,2002398.25,2002398.25
897,7,10,10,8,2024-04-23,1,3585751.39,3585751.39
898,6,4,24,7,2024-04-04,2,1321470.04,2642940.08
899,25,2,28,12,2025-11-12,1,2584091.67,2584091.67
900,20,1,46,6,2025-12-13,1,4951246.71,4951246.71
901,22,1,36,4,2022-09-01,1,1586154.91,1586154.91
902,25,5,10,2,2023-09-17,1,2196298.8,2196298.8
903,43,10,38,5,2023-09-17,1,2364136.64,2364136.64
904,38,4,23,1,2022-04-02,1,1757416.52,1757416.52
905,18,12,31,9,2025-05-25,1,2628286.78,2628286.78
906,7,9,10,9,2025-07-03,1,1736126.06,1736126.06
907,17,5,57,5,2023-07-23,1,481483.78,481483.78
908,27,5,46,4,2025-08-14,1,4210836.28,4210836.28
909,7,6,4,11,2024-09-01,1,3795713.21,3795713.21
910,1,14,14,3,2025-12-16,1,3235541.33,3235541.33
911,25,3,32,9,2022-02-17,1,1057537.53,1057537.53
912,15,5,6,2,2022-07-23,1,1664575.49,1664575.49
913,23,10,27,7,2022-05-01,1,2041381.52,2041381.52
914,26,1,21,2,2023-12-19,1,1874845.85,1874845.85
915,11,14,21,6,2024-04-13,1,2815993.65,2815993.65
916,4,13,36,12,2025-02-10,1,731797.08,731797.08
917,7,11,51,12,2024-02-04,1,3839235.54,3839235.54
918,23,14,36,6,2022-01-03,1,1564526.51,1564526.51
919,33,6,4,11,2024-09-14,1,4290781.59,4290781.59
920,12,15,14,6,2022-11-27,1,1787483.05,1787483.05
921,24,1,36,12,2024-06-03,1,2072044.11,2072044.11
922,11,12,41,3,2025-12-20,1,2801226.67,2801226.67
923,12,4,2,10,2022-10-01,1,4589154.66,4589154.66
924,1,6,45,7,2024-03-15,2,2563157.12,5126314.24
925,23,1,54,9,2024-06-30,1,4084332.31,4084332.31
926,27,11,12,9,2025-11-28,1,2214859.57,2214859.57
927,7,1,49,3,2025-12-23,1,2871353.68,2871353.68
928,6,8,32,12,2022-03-17,1,2680845.2,2680845.2
929,13,2,53,7,2022-08-16,1,839607.29,839607.29
930,37,5,37,7,2025-05-19,1,4423895.15,4423895.15
931,24,1,37,9,2024-12-07,1,1128827.48,1128827.48
932,13,14,40,3,2025-02-21,1,816092.41,816092.41
933,37,6,55,11,2024-06-04,1,1229012.81,1229012.81
934,35,5,34,8,2023-04-05,1,2384402.16,2384402.16
935,3,3,22,1,2025-03-17,1,805096.25,805096.25
936,33,7,59,3,2022-05-09,1,4397019.5,4397019.5
937,6,6,22,9,2023-05-22,1,2351693.87,2351693.87
938,7,1,51,3,2022-05-30,1,2224738.06,2224738.06
939,32,6,6,12,2022-03-10,1,3423282.66,3423282.66
940,16,10,52,5,2023-09-10,1,714548.69,714548.69
941,26,1,55,5,2022-07-16,1,2243745.34,2243745.34
942,26,10,30,5,2024-05-26,2,2171968.96,4343937.92
943,37,13,30,6,2025-04-18,1,4706280.52,4706280.52
944,10,1,13,10,2022-09-16,1,2255756.37,2255756.37
945,26,8,16,2,2022-04-01,1,1635932.96,1635932.96
946,4,14,20,6,2025-01-13,1,1042833.54,1042833.54
947,32,3,1,6,2025-09-08,1,1489372.78,1489372.78
948,28,11,28,4,2023-02-15,1,1064348.98,1064348.98
949,27,2,45,12,2025-05-13,1,1624448.6,1624448.6
950,28,3,22,3,2024-07-19,1,4156575.24,4156575.24
951,37,13,45,3,2025-07-01,1,6347316.49,6347316.49
952,11,11,25,3,2023-01-13,1,2707699.02,2707699.02
953,34,3,10,3,2023-02-03,1,866128.13,866128.13
954,26,15,19,3,2023-06-21,1,3908648.74,3908648.74
955,29,2,54,3,2022-07-27,1,548281.19,548281.19
956,2,10,14,4,2023-05-07,1,3660377.2,3660377.2
957,16,5,40,9,2022-10-23,1,530960.4,530960.4
958,7,7,28,12,2023-05-16,1,1986306.83,1986306.83
959,39,12,10,4,2022-04-20,1,3985745.27,3985745.27
960,26,5,32,3,2022-06-16,1,1718290.81,1718290.81
961,32,2,42,8,2024-02-06,1,4125445.51,4125445.51
962,20,3,46,11,2024-08-28,1,2832512.54,2832512.54
963,12,5,15,10,2024-07-14,2,2361710.35,4723420.7
964,36,12,54,5,2025-02-01,1,1734820.45,1734820.45
965,6,5,3,6,2025-06-26,1,3021595.94,3021595.94
966,15,3,18,5,2023-01-03,1,2800140.22,2800140.22
967,18,12,33,6,2025-08-11,1,1604530.84,1604530.84
968,6,1,35,3,2023-02-07,1,1849762.44,1849762.44
969,28,10,13,8,2022-10-10,1,1814188.25,1814188.25
970,30,1,53,4,2024-04-07,2,3625771.17,7251542.34
971,40,1,49,11,2024-03-25,1,6126214.56,6126214.56
972,11,2,36,8,2024-08-02,1,3650159.93,3650159.93
973,15,4,27,3,2024-07-10,1,1267517.92,1267517.92
974,35,12,48,1,2025-09-11,1,942600.01,942600.01
975,35,7,50,7,2023-09-06,1,2127806.27,2127806.27
976,14,13,22,6,2025-05-19,1,761842.02,761842.02
977,39,3,5,6,2023-01-21,1,3215686.45,3215686.45
978,20,6,11,1,2025-02-06,2,2268802.17,4537604.34
979,9,1,25,3,2023-04-23,1,2428768.99,2428768.99
980,13,3,21,9,2024-04-21,1,682355.0,682355.0
981,17,4,25,11,2023-02-27,1,749835.43,749835.43
982,7,8,39,6,2023-09-28,1,2064788.04,2064788.04
983,25,2,10,6,2024-03-28,1,2526199.7,2526199.7
984,25,5,30,6,2022-07-06,1,1627643.03,1627643.03
985,13,7,20,5,2022-12-25,1,829879.75,829879.75
986,9,3,45,6,2024-03-16,1,2082198.16,2082198.16
987,28,2,35,3,2022-05-17,2,1011223.02,2022446.04
988,28,4,36,2,2024-01-26,1,3652290.79,3652290.79
989,6,3,17,3,2022-04-02,1,1427583.82,1427583.82
990,19,9,48,5,2023-02-03,1,935164.29,935164.29
991,17,13,48,6,2024-08-02,1,402732.47,402732.47
992,5,14,53,3,2022-02-06,1,8774815.91,8774815.91
993,9,2,1,7,2022-11-11,1,1262692.59,1262692.59
994,9,5,4,9,2024-12-06,2,2242710.13,4485420.26
995,29,3,1,1,2024-02-12,1,756838.3,756838.3
996,31,2,27,1,2022-01-30,1,4735711.77,4735711.77
997,15,2,52,9,2025-09-22,1,1713430.61,1713430.61
998,9,1,36,7,2025-07-03,1,1333913.15,1333913.15
999,11,1,23,4,2022-01-31,2,2944514.81,5889029.62
1000,17,4,53,3,2025-07-01,1,511063.78,511063.78
1001,16,3,7,8,2025-03-11,1,422800.67,422800.67
1002,9,15,44,10,2022-12-26,1,2648859.81,2648859.81
1003,37,4,39,10,2024-07-08,2,3009187.46,6018374.92
1004,16,5,15,1,2022-09-12,1,626078.91,626078.91
1005,14,6,24,6,2023-02-18,1,1587289.84,1587289.84
1006,8,13,29,8,2023-10-13,1,602344.49,602344.49
1007,31,6,2,3,2023-02-26,3,3048497.23,9145491.69
1008,38,7,39,9,2024-06-24,1,3586574.5,3586574.5
1009,4,1,14,2,2022-12-22,2,1240806.52,2481613.04
1010,34,1,20,3,2023-02-09,1,4460092.3,4460092.3
1011,12,2,41,3,2024-09-12,1,1502570.16,1502570.16
1012,6,2,33,7,2024-06-06,1,3566413.37,3566413.37
1013,31,1,55,1,2023-09-07,1,4284006.6,4284006.6
1014,25,2,30,3,2025-02-25,1,1297087.46,1297087.46
1015,25,4,13,1,2024-10-22,1,1012867.87,1012867.87
1016,16,3,25,6,2025-08-05,1,542380.3,542380.3
1017,43,15,37,3,2024-06-12,2,1308187.55,2616375.1
1018,41,3,41,7,2024-02-29,1,4384440.48,4384440.48
1019,30,11,44,1,2025-09-25,1,1739123.26,1739123.26
1020,27,7,39,6,2025-09-19,1,1858185.19,1858185.19
1021,35,6,26,8,2022-06-14,1,874611.79,874611.79
1022,21,11,20,6,2024-12-27,1,998476.13,998476.13
1023,16,12,6,1,2025-03-18,1,508134.31,508134.31
1024,32,9,26,7,2022-01-14,1,2296198.52,2296198.52
1025,43,1,34,5,2023-08-14,1,4699388.06,4699388.06
1026,29,7,12,6,2022-08-14,1,484955.9,484955.9
1027,19,1,49,3,2024-04-17,1,2202573.48,2202573.48
1028,18,6,6,5,2023-07-21,1,3760194.78,3760194.78
1029,4,4,1,1,2022-01-15,1,732633.32,732633.32
1030,27,2,25,7,2023-06-29,1,3912207.96,3912207.96
1031,40,4,22,12,2023-05-06,1,4068777.37,4068777.37
1032,40,1,22,8,2022-01-07,1,5200959.5,5200959.5
1033,19,12,39,2,2025-12-03,1,2004107.14,2004107.14
1034,12,12,43,3,2025-07-30,1,2556766.21,2556766.21
1035,41,3,52,8,2025-10-20,1,4568028.57,4568028.57
1036,26,1,31,12,2025-12-03,1,2134081.94,2134081.94
1037,30,1,37,8,2024-10-16,1,1934475.33,1934475.33
1038,14,12,29,11,2024-09-14,1,1512386.8,1512386.8
1039,27,9,6,1,2022-03-01,1,1778693.47,1778693.47
1040,9,10,17,7,2022-10-06,2,2598938.62,5197877.24
1041,26,3,37,8,2025-05-15,1,2451896.59,2451896.59
1042,4,9,42,7,2025-02-24,2,1077548.36,2155096.72
1043,41,2,8,1,2025-04-27,1,2900112.4,2900112.4
1044,40,3,25,6,2022-01-04,1,5670361.67,5670361.67
1045,14,3,50,4,2025-10-23,1,1416519.05,1416519.05
1046,7,1,55,6,2022-10-24,1,4306608.19,4306608.19
1047,13,2,48,7,2022-11-28,1,555973.18,555973.18
1048,28,4,25,1,2023-03-08,1,2702368.39,2702368.39
1049,40,13,55,6,2024-03-13,1,2604260.83,2604260.83
1050,13,2,26,4,2025-10-20,2,802583.03,1605166.06
1051,15,8,13,7,2025-01-27,1,2549279.68,2549279.68
1052,17,5,55,11,2023-09-15,1,445342.38,445342.38
1053,19,7,10,3,2023-02-05,1,1089917.54,1089917.54
1054,30,5,55,2,2024-05-24,1,854635.06,854635.06
1055,28,3,4,2,2024-11-21,1,1495893.04,1495893.04
1056,25,3,16,5,2023-09-12,1,4168590.31,4168590.31
1057,28,3,51,7,2022-07-03,1,4555595.15,4555595.15
1058,32,2,24,1,2022-08-27,1,4428126.66,4428126.66
1059,6,5,37,12,2024-09-09,1,2374509.27,2374509.27
1060,13,2,42,7,2023-09-04,1,773767.64,773767.64
1061,24,12,12,5,2025-02-12,1,1265455.02,1265455.02
1062,32,11,53,8,2022-09-12,1,3056786.05,3056786.05
1063,31,1,45,3,2025-02-10,1,1752281.11,1752281.11
1064,19,5,6,6,2022-03-13,1,1347446.3,1347446.3
1065,6,14,43,1,2023-09-08,1,1475652.3,1475652.3
1066,3,2,9,6,2023-12-23,2,815893.07,1631786.14
1067,21,1,10,4,2023-03-17,1,1602395.67,1602395.67
1068,41,3,40,5,2025-01-31,1,3633521.08,3633521.08
1069,12,3,17,7,2024-12-23,2,2288375.92,4576751.84
1070,27,6,11,5,2023-10-09,1,3621300.39,3621300.39
1071,7,1,24,10,2023-07-14,1,1596486.82,1596486.82
1072,8,1,15,5,2022-08-04,1,871355.42,871355.42
1073,32,12,52,6,2025-03-17,1,1391457.96,1391457.96
1074,23,2,25,3,2025-10-20,2,3352390.46,6704780.92
1075,22,4,1,7,2024-10-24,1,1467144.25,1467144.25
1076,26,7,30,3,2023-12-26,1,2030163.51,2030163.51
1077,20,14,53,3,2025-07-25,1,2048113.13,2048113.13
1078,36,3,6,1,2023-05-07,1,2835172.02,2835172.02
1079,40,9,32,8,2022-01-22,1,2250415.11,2250415.11
1080,41,8,33,7,2025-10-18,1,2842487.29,2842487.29
1081,28,12,46,5,2024-12-30,1,2419051.99,2419051.99
1082,12,11,34,7,2022-03-28,2,3655285.3,7310570.6
1083,26,12,15,3,2024-01-22,1,4088474.52,4088474.52
1084,35,4,24,12,2023-11-24,2,2793129.26,5586258.52
1085,12,1,19,3,2022-01-05,1,2890462.54,2890462.54
1086,30,3,42,6,2022-03-14,1,2977333.07,2977333.07
1087,40,1,30,4,2023-12-18,1,6543052.8,6543052.8
1088,9,4,33,10,2024-04-21,1,1645196.95,1645196.95
1089,7,6,26,5,2024-01-17,1,3443628.31,3443628.31
1090,18,1,54,5,2022-10-14,1,1326666.19,1326666.19
1091,18,2,3,2,2024-05-12,2,1916258.36,3832516.72
1092,30,2,43,12,2022-09-01,1,4237034.2,4237034.2
1093,18,8,49,8,2024-03-29,1,2551911.83,2551911.83
1094,20,3,7,8,2022-09-16,1,4744323.71,4744323.71
1095,8,2,22,5,2025-05-07,1,736287.92,736287.92
1096,30,4,16,7,2023-07-30,1,2467190.89,2467190.89
1097,36,11,46,8,2022-07-31,1,2928542.84,2928542.84
1098,28,15,41,3,2022-09-04,1,2795954.12,2795954.12
1099,7,13,40,3,2022-04-15,3,1245953.19,3737859.57
1100,16,15,28,6,2024-11-10,1,585079.78,585079.78
1101,3,14,16,4,2022-04-08,1,486611.65,486611.65
1102,9,3,18,10,2022-07-26,1,1057452.31,1057452.31
1103,18,3,43,1,2025-02-04,1,1560035.94,1560035.94
1104,31,11,38,6,2024-02-01,1,1433176.0,1433176.0
1105,11,1,41,8,2022-09-04,1,1912053.89,1912053.89
1106,3,11,29,10,2022-06-03,2,824772.09,1649544.18
1107,40,4,35,8,2022-03-31,1,4929089.69,4929089.69
1108,7,12,55,10,2023-12-13,1,3104958.51,3104958.51
1109,19,1,33,8,2022-12-08,2,2036627.25,4073254.5
1110,28,5,45,3,2024-03-25,1,1343016.65,1343016.65
1111,20,1,33,5,2024-03-10,1,3116405.76,3116405.76
1112,17,2,45,1,2024-11-16,1,495196.84,495196.84
1113,29,2,36,2,2023-04-04,1,617622.4,617622.4
1114,3,2,9,3,2022-04-16,1,537107.41,537107.41
1115,27,5,23,7,2024-01-26,1,1810236.56,1810236.56
1116,14,2,40,3,2022-04-28,2,1828124.14,3656248.28
1117,26,8,17,12,2025-01-05,1,784636.02,784636.02
1118,27,5,45,5,2025-09-01,2,4218728.86,8437457.72
1119,12,2,21,3,2025-04-06,1,3223808.62,3223808.62
1120,26,4,28,4,2024-09-08,1,3719998.27,3719998.27
1121,6,12,32,11,2023-01-05,1,1615711.77,1615711.77
1122,27,2,39,3,2023-05-18,1,923217.27,923217.27
1123,27,1,1,7,2024-02-13,1,2407506.48,2407506.48
1124,16,11,9,3,2022-06-21,1,437943.59,437943.59
1125,12,10,51,1,2023-11-25,1,4419157.93,4419157.93
1126,6,12,20,4,2025-01-18,1,1511441.17,1511441.17
1127,26,1,33,9,2024-04-30,1,1174721.28,1174721.28
1128,8,4,42,3,2025-11-02,1,923040.35,923040.35
1129,37,2,7,11,2023-08-01,1,5852952.87,5852952.87
1130,15,13,3,7,2022-12-31,1,3490540.5,3490540.5
1131,15,12,40,9,2023-12-15,1,1668173.31,1668173.31
1132,12,2,52,1,2022-01-05,1,2737895.45,2737895.45
1133,36,1,29,8,2024-09-06,1,2896208.59,2896208.59
1134,34,8,21,12,2023-01-08,1,1279642.27,1279642.27
1135,31,4,39,8,2025-09-01,1,2352580.46,2352580.46
1136,16,4,15,5,2025-04-04,1,593720.7,593720.7
1137,29,11,6,3,2022-01-06,1,618323.37,618323.37
1138,10,4,8,1,2023-12-17,1,4234310.34,4234310.34
1139,35,4,36,12,2024-05-12,1,3807067.47,3807067.47
1140,12,1,46,2,2022-02-23,1,3995246.41,3995246.41
1141,28,1,31,9,2023-10-01,1,2493906.31,2493906.31
1142,24,2,48,6,2023-09-06,1,4128927.75,4128927.75
1143,19,6,8,3,2025-08-08,1,2045573.19,2045573.19
1144,2,1,44,11,2024-07-19,1,3962165.36,3962165.36
1145,24,5,28,11,2023-07-11,2,4192297.11,8384594.22
1146,42,1,40,1,2024-03-14,3,1528381.38,4585144.14
1147,9,11,30,6,2025-08-29,1,2295148.55,2295148.55
1148,27,11,13,3,2022-08-02,1,4060250.93,4060250.93
1149,6,1,35,1,2023-03-10,1,2655562.52,2655562.52
1150,25,5,3,3,2022-06-24,1,3419172.86,3419172.86
1151,42,10,21,1,2023-09-25,1,1585531.79,1585531.79
1152,1,3,49,5,2023-12-30,1,2119601.83,2119601.83
1153,28,9,52,8,2022-02-18,1,1220235.17,1220235.17
1154,25,11,10,7,2022-06-11,1,2103122.74,2103122.74
1155,37,12,42,2,2022-11-26,1,1743530.77,1743530.77
1156,20,5,29,8,2025-06-30,1,5030360.8,5030360.8
1157,18,3,40,7,2022-11-09,1,3685964.17,3685964.17
1158,43,10,52,8,2022-06-28,1,1427294.9,1427294.9
1159,20,3,37,4,2022-07-02,1,2793137.71,2793137.71
1160,5,15,49,9,2025-08-24,1,9632588.48,9632588.48
1161,39,4,19,5,2025-06-23,3,4705105.94,14115317.82
1162,39,11,24,1,2024-04-26,1,1404965.85,1404965.85
1163,20,7,42,1,2023-05-17,2,1994019.19,3988038.38
1164,28,1,37,5,2022-05-30,1,3023453.25,3023453.25
1165,11,3,35,10,2024-08-10,1,4236107.27,4236107.27
1166,7,14,28,3,2023-12-03,1,1940460.03,1940460.03
1167,20,2,10,11,2022-10-26,1,3823285.62,3823285.62
1168,14,3,24,8,2024-08-27,1,771178.36,771178.36
1169,11,9,17,7,2022-06-21,1,1661649.87,1661649.87
1170,8,12,27,6,2025-10-03,1,633844.0,633844.0
1171,9,4,20,3,2023-12-17,2,1145791.48,2291582.96
1172,20,14,45,6,2022-01-21,1,3129044.94,3129044.94
1173,24,8,10,4,2024-07-28,1,4449916.48,4449916.48
1174,20,6,47,1,2024-07-11,1,2217047.62,2217047.62
1175,40,6,3,3,2023-01-20,1,6335161.6,6335161.6
1176,18,3,13,12,2025-03-27,1,2538467.14,2538467.14
1177,41,3,53,9,2025-12-03,1,2603938.48,2603938.48
1178,43,11,49,4,2022-12-27,1,2868358.51,2868358.51
1179,16,4,43,7,2024-06-14,1,594931.42,594931.42
1180,26,12,6,8,2022-08-01,2,3179437.73,6358875.46
1181,6,1,40,11,2022-07-24,2,1208608.58,2417217.16
1182,26,6,14,3,2024-07-20,1,2491376.01,2491376.01
1183,23,14,51,10,2024-04-25,2,1346019.5,2692039.0
1184,39,3,51,3,2023-08-04,1,3504577.82,3504577.82
1185,12,12,44,3,2024-04-29,1,3347994.27,3347994.27
1186,2,11,48,7,2025-03-17,1,993104.34,993104.34
1187,12,6,52,11,2024-05-28,1,4552679.76,4552679.76
1188,7,2,34,3,2023-04-19,3,4172170.73,12516512.19
1189,6,6,54,8,2023-06-17,1,3143783.88,3143783.88
1190,35,1,1,7,2025-04-30,1,1436052.74,1436052.74
1191,8,15,2,8,2022-09-25,1,789798.45,789798.45
1192,43,2,15,4,2025-01-01,1,3871441.8,3871441.8
1193,35,3,4,3,2022-10-22,1,3606798.66,3606798.66
1194,26,4,7,2,2023-06-21,1,2754484.86,2754484.86
1195,38,3,26,1,2022-02-14,1,1257602.96,1257602.96
1196,18,2,21,7,2024-07-12,1,2340102.59,2340102.59
1197,33,2,39,9,2022-08-29,1,1443304.56,1443304.56
1198,42,6,11,6,2023-06-06,1,2151736.24,2151736.24
1199,39,1,10,3,2024-01-18,1,1664880.21,1664880.21
1200,7,2,9,3,2024-09-13,1,2119997.31,2119997.31
1201,10,6,52,6,2024-11-15,1,2227397.54,2227397.54
1202,39,11,26,1,2025-04-18,1,1897879.11,1897879.11
1203,14,4,28,7,2023-07-11,2,1652184.95,3304369.9
1204,34,4,24,10,2022-05-12,1,3260009.09,3260009.09
1205,19,2,39,9,2025-08-14,2,2330958.96,4661917.92
1206,41,1,28,8,2024-01-03,1,3315411.95,3315411.95
1207,12,1,1,4,2022-01-23,1,1650850.62,1650850.62
1208,29,3,5,5,2025-05-17,1,501102.52,501102.52
1209,11,8,52,9,2022-06-03,1,1684845.39,1684845.39
1210,25,4,13,3,2024-10-08,1,3031639.45,3031639.45
1211,43,2,25,3,2022-02-13,1,2901050.71,2901050.71
1212,13,15,19,2,2024-04-04,2,731697.38,1463394.76
1213,2,3,31,1,2024-04-30,1,3070627.52,3070627.52
1214,29,3,21,6,2022-04-07,1,523897.81,523897.81
1215,17,11,8,9,2025-06-19,1,645888.63,645888.63
1216,7,1,56,7,2024-06-11,1,2154532.89,2154532.89
1217,11,11,35,12,2025-11-10,1,1181944.96,1181944.96
1218,12,14,22,7,2024-02-17,1,3831164.96,3831164.96
1219,12,4,10,8,2024-04-26,1,1479239.09,1479239.09
1220,26,2,32,12,2023-10-22,1,3062214.2,3062214.2
1221,20,8,54,9,2025-09-12,1,1282114.89,1282114.89
1222,27,1,14,1,2023-03-19,1,4171574.65,4171574.65
1223,19,3,49,6,2023-10-04,1,1468452.98,1468452.98
1224,14,5,15,10,2024-02-29,1,1259395.37,1259395.37
1225,42,10,18,5,2025-03-28,1,1985573.6,1985573.6
1226,8,2,12,3,2024-09-02,1,906742.01,906742.01
1227,27,13,28,3,2024-03-23,1,2602593.33,2602593.33
1228,20,2,42,5,2024-05-15,1,3014245.41,3014245.41
1229,10,2,34,5,2023-05-25,1,2485276.43,2485276.43
1230,11,2,7,3,2025-06-24,1,1046440.24,1046440.24
1231,28,2,45,3,2023-02-26,1,2415503.1,2415503.1
1232,9,7,1,1,2024-10-27,1,1394561.41,1394561.41
1233,26,7,44,1,2023-01-19,2,3307535.43,6615070.86
1234,15,6,2,3,2023-06-25,2,2817196.63,5634393.26
1235,37,1,31,6,2024-09-27,1,2179737.24,2179737.24
1236,37,1,19,9,2024-12-11,1,3880095.06,3880095.06
1237,31,11,32,8,2025-01-22,1,4100592.57,4100592.57
1238,12,1,46,4,2024-11-26,1,2689076.13,2689076.13
1239,36,1,47,7,2022-10-30,1,2744822.82,2744822.82
1240,36,4,48,7,2024-06-01,1,2260436.99,2260436.99
1241,15,14,18,9,2025-10-22,1,4030407.17,4030407.17
1242,39,2,23,9,2024-03-11,2,4898439.88,9796879.76
1243,25,2,45,4,2025-06-08,1,4082611.75,4082611.75
1244,7,10,8,12,2024-10-18,1,4950623.56,4950623.56
1245,8,2,11,4,2023-08-14,1,818263.74,818263.74
1246,4,2,8,1,2023-09-19,1,1024199.4,1024199.4
1247,1,1,19,8,2024-10-25,1,2103345.43,2103345.43
1248,31,2,13,5,2022-06-15,1,1535451.39,1535451.39
1249,13,2,25,5,2022-07-20,2,478707.45,957414.9
1250,38,2,21,8,2022-10-13,1,4625190.1,4625190.1
1251,10,3,37,11,2024-08-02,1,2343059.46,2343059.46
1252,23,4,29,7,2024-10-28,2,2410181.39,4820362.78
1253,29,4,2,10,2022-02-24,1,596401.71,596401.71
1254,41,6,16,6,2024-02-04,1,2828878.68,2828878.68
1255,7,2,26,2,2024-11-26,1,3717000.06,3717000.06
1256,4,6,7,9,2025-03-04,1,760162.03,760162.03
1257,20,9,48,8,2022-10-23,1,2279067.87,2279067.87
1258,42,6,41,4,2022-01-14,2,1020051.63,2040103.26
1259,33,1,8,6,2023-05-22,1,3060943.16,3060943.16
1260,10,4,8,4,2024-09-17,1,3237361.58,3237361.58
1261,43,5,44,5,2025-09-09,1,4717053.13,4717053.13
1262,26,2,43,3,2024-11-13,1,2245527.4,2245527.4
1263,23,6,32,4,2023-07-18,1,2817964.68,2817964.68
1264,17,4,2,3,2022-09-04,1,646312.65,646312.65
1265,24,6,40,6,2023-12-28,1,910977.2,910977.2
1266,19,15,55,9,2023-03-08,1,2046441.61,2046441.61
1267,15,1,23,7,2025-02-27,1,3870377.25,3870377.25
1268,15,2,20,10,2022-05-20,1,3907962.03,3907962.03
1269,39,4,37,8,2024-11-04,1,3505695.4,3505695.4
1270,22,14,40,9,2022-05-19,1,912701.57,912701.57
1271,3,1,44,6,2023-04-20,1,778950.29,778950.29
1272,43,2,12,8,2024-02-26,1,4663736.0,4663736.0
1273,31,6,55,8,2024-06-23,1,2631533.45,2631533.45
1274,31,13,45,6,2022-09-30,1,3402776.82,3402776.82
1275,43,2,19,3,2022-11-28,1,3595271.24,3595271.24
1276,22,1,7,3,2022-10-15,1,1700016.53,1700016.53
1277,15,1,47,11,2025-08-08,1,2619201.24,2619201.24
1278,22,11,23,7,2025-02-18,1,985064.67,985064.67
1279,36,6,37,1,2022-08-30,1,2544183.8,2544183.8
1280,3,11,54,3,2025-12-11,1,656221.98,656221.98
1281,37,5,34,11,2022-12-16,1,2107281.86,2107281.86
1282,40,1,13,4,2022-05-02,1,7088587.59,7088587.59
1283,8,13,4,3,2022-05-30,1,757622.78,757622.78
1284,33,11,23,12,2024-05-02,1,2842973.92,2842973.92
1285,25,5,18,8,2022-08-02,1,2912700.77,2912700.77
1286,2,4,55,9,2023-04-12,1,2964696.31,2964696.31
1287,2,11,25,7,2022-02-07,1,1112334.88,1112334.88
1288,23,7,28,6,2022-08-25,1,1092211.5,1092211.5
1289,18,3,28,10,2023-05-03,3,3707498.61,11122495.83
1290,11,9,51,6,2022-04-04,1,3126778.89,3126778.89
1291,43,11,9,5,2023-08-02,1,1051803.35,1051803.35
1292,3,2,39,5,2025-09-08,1,581018.98,581018.98
1293,7,5,48,8,2023-03-28,1,1434069.72,1434069.72
1294,18,5,16,6,2023-07-02,1,1728053.99,1728053.99
1295,14,3,40,6,2022-06-10,1,1360339.15,1360339.15
1296,10,2,14,2,2023-04-27,3,2346870.87,7040612.61
1297,27,4,18,6,2023-09-08,1,2606959.42,2606959.42
1298,34,6,25,5,2022-04-01,1,1168256.45,1168256.45
1299,11,5,3,6,2023-12-14,1,2313685.31,2313685.31
1300,39,11,49,6,2022-02-26,1,3950725.76,3950725.76
1301,15,4,48,8,2022-08-12,1,4386522.91,4386522.91
1302,23,2,35,6,2025-03-18,2,4756567.53,9513135.06
1303,29,14,16,2,2022-02-01,1,708928.82,708928.82
1304,13,15,19,4,2024-03-19,1,747803.6,747803.6
1305,2,2,50,7,2022-09-12,1,2008982.01,2008982.01
1306,14,11,2,5,2024-08-13,1,1498196.83,1498196.83
1307,2,5,38,11,2023-07-21,1,2354896.2,2354896.2
1308,38,4,51,3,2022-10-04,2,3124392.83,6248785.66
1309,27,4,36,8,2022-05-05,1,1558277.47,1558277.47
1310,41,1,55,4,2022-04-02,3,5364351.85,16093055.55
1311,25,4,16,3,2025-03-14,1,1989299.72,1989299.72
1312,16,6,10,1,2025-05-28,1,690651.92,690651.92
1313,32,6,19,7,2022-11-25,1,2257668.28,2257668.28
1314,13,1,21,6,2024-11-06,1,527493.67,527493.67
1315,29,5,10,5,2025-08-22,1,772906.98,772906.98
1316,6,2,37,7,2024-05-06,2,1358750.32,2717500.64
1317,23,11,43,6,2024-06-22,2,1373456.46,2746912.92
1318,14,12,52,8,2024-01-12,1,960252.25,960252.25
1319,11,7,27,4,2023-12-22,3,2063061.62,6189184.86
1320,6,2,15,6,2022-09-14,1,2061522.13,2061522.13
1321,39,6,39,3,2023-08-11,2,1876921.8,3753843.6
1322,15,5,32,7,2023-02-10,1,1402153.45,1402153.45
1323,38,1,36,8,2024-08-20,1,4446971.19,4446971.19
1324,30,4,5,2,2024-12-20,1,1299364.23,1299364.23
1325,38,5,8,4,2023-11-21,1,2322276.83,2322276.83
1326,26,9,29,10,2025-07-15,1,4190565.65,4190565.65
1327,19,4,12,8,2025-04-22,1,2237515.99,2237515.99
1328,39,12,24,7,2024-07-17,1,4692049.29,4692049.29
1329,16,5,7,3,2025-03-01,1,554447.96,554447.96
1330,22,2,49,3,2023-03-08,2,1364181.41,2728362.82
1331,13,3,19,3,2024-06-17,1,829296.29,829296.29
1332,11,2,7,10,2025-09-26,2,1497811.2,2995622.4
1333,13,5,39,10,2025-01-10,1,505117.78,505117.78
1334,23,11,19,11,2025-03-15,1,1674189.95,1674189.95
1335,18,4,46,8,2022-09-03,1,2201266.17,2201266.17
1336,18,12,47,7,2023-12-26,1,2159445.61,2159445.61
1337,30,2,30,7,2024-11-16,1,1663610.43,1663610.43
1338,6,1,46,8,2025-02-17,2,2864548.87,5729097.74
1339,37,1,25,9,2023-03-27,1,1418747.55,1418747.55
1340,28,11,19,2,2025-07-24,1,1873575.86,1873575.86
1341,37,9,5,6,2025-06-05,2,6574278.64,13148557.28
1342,11,2,38,3,2023-12-16,1,1531976.87,1531976.87
1343,27,2,32,6,2025-07-14,1,1541969.23,1541969.23
1344,17,1,49,8,2024-05-09,1,525562.54,525562.54
1345,42,1,21,7,2023-12-13,1,1269524.1,1269524.1
1346,28,11,27,7,2022-03-01,1,3851797.05,3851797.05
1347,13,10,50,4,2024-03-12,2,675360.04,1350720.08
1348,18,4,41,9,2023-09-24,1,1588128.95,1588128.95
1349,19,5,8,11,2025-06-10,2,1188440.18,2376880.36
1350,26,14,25,1,2023-12-24,1,1195979.02,1195979.02
1351,23,3,11,9,2024-03-21,1,3545571.54,3545571.54
1352,36,12,14,6,2023-05-25,1,1402522.26,1402522.26
1353,40,13,26,8,2022-03-28,1,1488896.45,1488896.45
1354,8,10,18,8,2024-02-13,1,646331.94,646331.94
1355,27,2,5,6,2025-12-11,1,1351806.48,1351806.48
1356,18,6,48,6,2024-03-12,1,769090.14,769090.14
1357,10,3,2,4,2024-07-28,1,3586427.85,3586427.85
1358,10,4,6,3,2024-04-12,1,2683210.6,2683210.6
1359,24,5,2,12,2024-03-17,2,2804524.05,5609048.1
1360,41,4,2,5,2023-04-21,1,4346389.7,4346389.7
1361,19,3,41,12,2022-07-15,1,1625338.8,1625338.8
1362,24,6,26,7,2024-08-27,2,1699386.03,3398772.06
1363,22,1,27,4,2023-11-23,1,1759186.86,1759186.86
1364,2,12,14,8,2024-09-27,1,3707665.27,3707665.27
1365,23,3,33,6,2022-06-16,1,2153975.84,2153975.84
1366,39,1,34,8,2025-11-06,1,2612607.24,2612607.24
1367,26,12,1,4,2024-06-10,1,2564871.71,2564871.71
1368,43,2,24,6,2024-12-07,2,4260460.56,8520921.12
1369,33,6,14,11,2025-10-05,1,4257547.1,4257547.1
1370,19,7,7,6,2025-07-03,1,2508560.64,2508560.64
1371,8,2,13,3,2024-05-22,1,668527.66,668527.66
1372,25,3,35,7,2023-02-19,1,1834712.38,1834712.38
1373,6,2,7,2,2024-12-05,1,1543971.79,1543971.79
1374,31,6,52,8,2025-06-15,1,2259736.32,2259736.32
1375,27,10,6,11,2025-06-13,1,2683395.71,2683395.71
1376,8,3,4,2,2024-06-19,2,584416.71,1168833.42
1377,18,9,26,5,2024-02-29,1,2290724.63,2290724.63
1378,28,3,39,9,2022-12-07,1,2222629.71,2222629.71
1379,35,5,51,3,2022-09-04,1,3549531.94,3549531.94
1380,24,1,30,8,2023-12-10,1,2612350.44,2612350.44
1381,11,13,12,11,2022-01-22,3,3014799.78,9044399.34
1382,10,5,24,10,2024-10-26,1,2939083.25,2939083.25
1383,26,4,45,8,2023-07-16,1,864683.82,864683.82
1384,26,12,39,7,2025-08-19,1,4110956.15,4110956.15
1385,33,12,48,3,2022-09-27,1,927196.55,927196.55
1386,6,4,21,1,2025-01-19,1,3224896.38,3224896.38
1387,13,9,44,9,2023-10-11,1,818123.14,818123.14
1388,9,3,43,5,2025-09-29,1,2694079.37,2694079.37
1389,27,5,6,3,2022-04-02,1,1094066.34,1094066.34
1390,13,2,54,11,2023-09-30,1,547607.82,547607.82
1391,13,5,37,11,2022-06-30,1,610490.79,610490.79
1392,7,2,2,8,2022-01-22,1,1501402.2,1501402.2
1393,11,8,54,7,2023-01-27,1,2295047.34,2295047.34
1394,30,3,18,2,2023-10-09,1,3619283.95,3619283.95
1395,35,15,29,3,2024-09-30,1,1871328.38,1871328.38
1396,15,5,44,9,2022-03-17,1,2432848.26,2432848.26
1397,41,5,28,4,2025-10-28,1,3558390.05,3558390.05
1398,11,11,6,6,2023-03-08,1,3558155.12,3558155.12
1399,12,1,12,6,2024-08-14,1,2617114.12,2617114.12
1400,25,6,45,1,2024-01-05,1,2068573.86,2068573.86
1401,37,3,7,3,2024-01-04,1,1262493.11,1262493.11
1402,14,1,30,7,2025-11-23,1,1274201.62,1274201.62
1403,17,3,44,5,2022-03-24,1,694695.59,694695.59
1404,42,12,27,5,2023-07-06,1,1998211.18,1998211.18
1405,41,5,39,12,2025-03-09,1,2739330.57,2739330.57
1406,7,14,50,2,2023-12-10,2,2688639.63,5377279.26
1407,9,12,6,3,2023-02-21,1,1057962.49,1057962.49
1408,18,5,1,6,2025-01-31,1,3131367.51,3131367.51
1409,28,11,49,10,2024-03-04,1,4393249.23,4393249.23
1410,7,10,53,7,2024-05-19,1,4792599.86,4792599.86
1411,25,6,2,3,2025-05-31,1,2637414.83,2637414.83
1412,9,5,39,8,2022-06-08,1,1446997.57,1446997.57
1413,27,2,22,5,2023-01-04,1,1378603.39,1378603.39
1414,18,11,27,3,2024-03-26,1,1668930.53,1668930.53
1415,28,1,7,7,2024-04-08,1,4087406.23,4087406.23
1416,33,5,30,1,2025-09-01,1,832552.15,832552.15
1417,41,3,41,2,2024-07-11,1,2743563.05,2743563.05
1418,20,11,8,8,2024-05-18,1,4150927.2,4150927.2
1419,22,2,46,6,2023-02-09,1,1215490.89,1215490.89
1420,21,4,3,2,2024-09-29,2,1513569.34,3027138.68
1421,19,3,44,3,2022-02-18,1,895625.7,895625.7
1422,23,1,41,1,2022-08-17,1,1607423.69,1607423.69
1423,15,2,7,2,2022-10-24,1,1060818.1,1060818.1
1424,18,7,53,10,2024-12-08,3,1634738.46,4904215.38
1425,3,6,52,9,2024-02-22,1,571925.86,571925.86
1426,21,6,26,1,2023-06-11,1,1647732.87,1647732.87
1427,29,13,51,3,2023-06-19,1,699074.46,699074.46
1428,43,10,4,5,2024-08-26,1,3785511.28,3785511.28
1429,11,7,33,7,2025-05-23,1,4474333.06,4474333.06
1430,17,1,51,5,2022-09-23,1,463199.94,463199.94
1431,13,6,15,1,2025-12-14,1,656724.43,656724.43
1432,26,13,22,4,2024-06-29,1,1886829.88,1886829.88
1433,8,5,25,3,2022-03-08,1,896846.2,896846.2
1434,27,4,6,3,2024-12-20,1,3064360.01,3064360.01
1435,13,1,11,7,2025-03-02,1,595867.87,595867.87
1436,18,15,32,12,2024-02-08,1,4036100.05,4036100.05
1437,39,11,14,3,2022-08-15,1,1416008.37,1416008.37
1438,24,10,26,6,2023-12-22,1,1582888.42,1582888.42
1439,18,3,44,11,2025-07-26,1,2715497.63,2715497.63
1440,14,12,30,3,2024-07-09,1,1353649.24,1353649.24
1441,8,1,49,6,2022-12-19,1,905448.71,905448.71
1442,6,4,2,7,2022-10-11,1,2598764.98,2598764.98
1443,20,3,40,3,2025-03-11,1,1235105.46,1235105.46
1444,26,1,51,7,2025-02-04,2,3118053.11,6236106.22
1445,21,4,16,3,2025-12-30,2,1003568.21,2007136.42
1446,14,2,16,7,2024-06-27,2,1073394.11,2146788.22
1447,43,5,39,9,2022-12-22,3,4610025.44,13830076.32
1448,17,3,17,9,2025-01-05,1,583234.56,583234.56
1449,7,5,31,9,2022-05-03,1,4858925.85,4858925.85
1450,13,10,46,11,2025-07-12,1,630229.23,630229.23
1451,27,1,53,6,2022-08-17,1,2509003.0,2509003.0
1452,29,1,31,3,2022-07-18,1,558255.16,558255.16
1453,15,8,49,3,2023-08-28,1,3817893.83,3817893.83
1454,28,2,3,8,2022-10-31,1,2127957.5,2127957.5
1455,2,8,46,3,2025-07-22,1,4490690.74,4490690.74
1456,14,2,9,2,2023-08-22,1,1558606.06,1558606.06
1457,36,11,10,6,2023-06-16,1,1458324.99,1458324.99
1458,16,5,11,12,2025-08-11,2,579271.57,1158543.14
1459,8,3,32,7,2024-12-11,1,896055.31,896055.31
1460,20,1,14,3,2023-07-24,1,2481218.73,2481218.73
1461,26,2,37,10,2022-01-25,1,3271773.83,3271773.83
1462,35,5,13,4,2022-03-09,1,4063837.11,4063837.11
1463,17,1,35,9,2025-01-06,1,433973.67,433973.67
1464,37,5,17,8,2023-01-10,1,6684715.47,6684715.47
1465,28,7,3,12,2023-06-29,1,3373679.21,3373679.21
1466,23,11,9,6,2022-05-05,1,1251831.93,1251831.93
1467,11,4,51,1,2025-07-22,1,1787709.22,1787709.22
1468,5,4,38,3,2024-09-24,1,8404006.2,8404006.2
1469,13,12,29,8,2023-02-03,1,469385.04,469385.04
1470,25,15,27,7,2024-10-05,1,2991787.92,2991787.92
1471,15,6,35,3,2023-07-18,1,2934944.78,2934944.78
1472,28,1,12,6,2023-10-16,1,2798788.15,2798788.15
1473,21,9,7,10,2024-06-26,1,1369903.39,1369903.39
1474,15,2,15,3,2024-12-22,1,3789542.27,3789542.27
1475,28,6,13,8,2022-12-18,1,4450520.27,4450520.27
1476,26,15,51,5,2023-07-06,2,1292636.47,2585272.94
1477,11,11,20,4,2023-12-26,2,1861193.28,3722386.56
1478,14,9,26,1,2024-04-17,1,1090759.5,1090759.5
1479,15,10,46,3,2025-09-17,3,4286374.62,12859123.86
1480,29,3,21,6,2023-02-13,1,531429.98,531429.98
1481,33,2,11,4,2024-09-09,1,3038682.25,3038682.25
1482,40,14,25,7,2025-12-17,2,4775236.99,9550473.98
1483,13,1,18,6,2024-06-16,1,716406.29,716406.29
1484,39,9,50,8,2022-11-07,1,1331895.32,1331895.32
1485,25,4,35,8,2023-06-18,1,2777919.74,2777919.74
1486,24,1,51,7,2023-10-05,1,4143354.9,4143354.9
1487,16,2,15,6,2022-10-04,1,672925.48,672925.48
1488,27,11,4,10,2024-11-15,1,2504109.51,2504109.51
1489,24,12,35,6,2025-03-23,2,4858328.96,9716657.92
1490,15,1,8,6,2024-11-17,1,1188777.95,1188777.95
1491,6,15,50,7,2023-07-22,1,3442970.01,3442970.01
1492,19,2,12,7,2023-11-27,3,2330798.39,6992395.17
1493,32,12,19,1,2024-03-09,2,3914348.53,7828697.06
1494,1,2,44,8,2024-12-26,1,1633350.76,1633350.76
1495,27,3,37,3,2022-10-18,1,3837190.02,3837190.02
1496,15,13,13,4,2024-05-18,2,1197829.98,2395659.96
1497,43,10,29,2,2024-02-08,2,2044286.75,4088573.5
1498,2,2,29,5,2023-02-26,2,4438927.55,8877855.1
1499,31,14,38,8,2022-09-07,1,3335295.68,3335295.68
1500,9,9,21,5,2023-03-07,2,1404627.04,2809254.08
1501,43,2,30,1,2024-02-18,1,4623849.81,4623849.81
1502,33,3,54,1,2025-08-28,2,2246923.77,4493847.54
1503,14,6,31,1,2023-07-17,1,1889661.08,1889661.08
1504,29,11,1,2,2024-08-20,1,756958.57,756958.57
1505,4,6,27,9,2024-05-08,2,1582618.3,3165236.6
1506,9,9,12,4,2022-08-13,2,2611099.13,5222198.26
1507,32,3,54,3,2025-10-24,1,1008395.6,1008395.6
1508,37,3,34,3,2022-07-25,1,6364407.26,6364407.26
1509,1,15,31,6,2024-04-30,1,4119598.17,4119598.17
1510,36,6,20,6,2023-06-11,1,2015770.77,2015770.77
1511,7,6,31,6,2025-03-15,1,4270545.98,4270545.98
1512,10,14,6,8,2024-04-07,1,2564273.82,2564273.82
1513,13,2,20,4,2024-08-04,1,719844.02,719844.02
1514,27,12,9,4,2024-02-07,1,2864371.35,2864371.35
1515,27,1,25,7,2023-02-10,2,3095703.9,6191407.8
1516,42,11,26,4,2025-03-17,1,858904.68,858904.68
1517,20,12,26,6,2023-03-16,1,4470094.87,4470094.87
1518,19,9,33,10,2023-11-22,1,1259395.93,1259395.93
1519,9,10,7,7,2023-12-03,2,1622700.83,3245401.66
1520,12,1,7,3,2024-07-25,1,3819723.95,3819723.95
1521,34,1,29,5,2022-06-19,1,1307279.04,1307279.04
1522,41,11,33,3,2024-12-20,1,5274258.16,5274258.16
1523,32,1,35,3,2023-12-21,1,3191112.49,3191112.49
1524,36,8,40,5,2023-02-19,2,1396383.7,2792767.4
1525,13,3,27,10,2024-08-16,2,862174.28,1724348.56
1526,14,1,43,4,2025-06-09,1,1568387.53,1568387.53
1527,25,1,11,8,2023-05-12,1,994854.03,994854.03
1528,17,6,23,1,2023-07-20,1,455463.49,455463.49
1529,8,5,14,5,2022-12-10,1,691630.21,691630.21
1530,22,2,53,2,2025-06-03,1,1678150.62,1678150.62
1531,19,12,18,11,2022-03-25,3,930388.67,2791166.01
1532,16,4,46,7,2024-09-24,1,714915.0,714915.0
1533,31,15,39,9,2023-05-10,1,1823292.35,1823292.35
1534,37,14,41,1,2023-07-28,1,4963607.7,4963607.7
1535,35,6,43,9,2024-01-01,2,3630256.54,7260513.08
1536,6,2,38,5,2023-06-29,1,1417489.09,1417489.09
1537,7,5,25,7,2025-09-29,1,4880094.79,4880094.79
1538,16,10,37,1,2023-05-04,1,612274.45,612274.45
1539,16,4,48,1,2025-08-18,2,637432.29,1274864.58
1540,32,5,53,8,2024-06-03,1,4376261.28,4376261.28
1541,27,1,7,3,2024-04-24,1,941090.15,941090.15
1542,33,2,23,4,2023-05-25,1,3445049.58,3445049.58
1543,13,7,50,8,2023-03-05,1,789633.25,789633.25
1544,24,9,50,9,2024-10-20,1,4328459.79,4328459.79
1545,15,11,54,4,2022-07-05,1,3493502.56,3493502.56
1546,26,2,17,9,2024-09-21,1,1832030.14,1832030.14
1547,15,9,21,1,2023-01-24,2,4288584.73,8577169.46
1548,25,5,35,3,2025-06-20,1,3954538.6,3954538.6
1549,28,6,26,9,2022-10-26,1,1614169.77,1614169.77
1550,22,1,53,9,2023-08-25,2,1231324.52,2462649.04
1551,26,2,16,6,2025-09-29,1,4109587.09,4109587.09
1552,43,7,15,5,2023-03-19,1,1103960.67,1103960.67
1553,8,12,29,5,2025-02-02,2,644214.47,1288428.94
1554,43,5,37,9,2024-03-03,1,1858880.18,1858880.18
1555,30,11,24,4,2023-04-26,3,3500333.93,10501001.79
1556,14,1,45,3,2025-01-07,2,1147420.67,2294841.34
1557,25,15,35,4,2025-05-22,2,1099624.25,2199248.5
1558,11,15,15,6,2025-03-22,1,2193311.74,2193311.74
1559,35,6,11,1,2024-07-07,1,2588607.59,2588607.59
1560,24,12,44,4,2023-07-20,1,1097498.1,1097498.1
1561,24,8,46,8,2022-10-01,1,4664683.3,4664683.3
1562,11,6,37,8,2024-11-06,1,2596454.05,2596454.05
1563,8,3,40,1,2024-01-04,1,754235.98,754235.98
1564,25,1,11,8,2023-05-25,1,3482792.53,3482792.53
1565,42,11,32,8,2024-04-06,3,1861329.15,5583987.45
1566,41,7,22,3,2023-09-30,1,2680283.06,2680283.06
1567,15,4,26,3,2023-12-21,2,3874733.89,7749467.78
1568,26,5,39,1,2025-02-14,1,1924804.65,1924804.65
1569,4,14,1,4,2023-09-20,1,1110461.68,1110461.68
1570,2,12,13,7,2023-03-24,1,4592983.59,4592983.59
1571,6,3,29,8,2022-12-30,1,2852819.4,2852819.4
1572,34,13,51,11,2023-10-01,1,2569238.55,2569238.55
1573,7,2,13,7,2025-06-09,1,4401011.85,4401011.85
1574,39,5,29,11,2025-10-01,2,4696920.33,9393840.66
1575,15,11,26,1,2022-05-01,1,2441576.83,2441576.83
1576,39,12,54,6,2025-12-21,1,4628977.32,4628977.32
1577,10,2,28,5,2024-02-12,1,2831479.28,2831479.28
1578,6,5,20,6,2023-08-12,1,1226875.8,1226875.8
1579,31,1,20,10,2025-03-15,1,3784799.39,3784799.39
1580,23,5,20,5,2023-12-22,1,3488594.98,3488594.98
1581,3,9,12,6,2025-10-26,2,768455.34,1536910.68
1582,39,12,5,8,2025-08-04,2,1281508.49,2563016.98
1583,3,1,16,7,2023-11-09,2,593556.56,1187113.12
1584,43,11,10,7,2025-06-27,1,4745730.13,4745730.13
1585,27,5,41,4,2025-08-31,1,4273059.78,4273059.78
1586,30,4,18,9,2023-01-24,1,1853892.15,1853892.15
1587,34,6,45,8,2022-09-21,1,2736721.07,2736721.07
1588,27,1,32,1,2025-01-04,1,1708937.55,1708937.55
1589,15,7,26,3,2023-08-10,1,4865950.41,4865950.41
1590,13,1,13,11,2025-02-10,1,701266.32,701266.32
1591,35,1,8,3,2024-03-05,1,1595761.11,1595761.11
1592,9,2,29,8,2024-06-24,1,2322619.54,2322619.54
1593,25,10,14,8,2022-03-31,2,904297.45,1808594.9
1594,24,14,23,6,2025-08-12,1,4669647.54,4669647.54
1595,4,5,41,3,2025-09-09,2,1118037.78,2236075.56
1596,29,11,19,6,2022-10-21,1,430560.91,430560.91
1597,14,5,47,3,2023-10-21,1,863627.5,863627.5
1598,8,3,53,5,2025-03-07,1,556765.93,556765.93
1599,7,5,42,9,2024-09-02,1,2156998.13,2156998.13
1600,40,6,48,3,2024-10-01,1,5081229.09,5081229.09
1601,15,13,35,9,2023-04-04,1,5052555.91,5052555.91
1602,8,14,57,3,2022-02-12,1,798404.44,798404.44
1603,18,3,55,3,2024-04-03,1,1718526.02,1718526.02
1604,7,3,30,8,2024-06-28,1,4124337.83,4124337.83
1605,41,6,34,3,2023-03-21,1,3018016.17,3018016.17
1606,29,8,24,10,2025-01-27,2,633834.6,1267669.2
1607,36,3,31,1,2025-08-28,1,2525196.22,2525196.22
1608,19,12,13,3,2025-02-03,2,2356996.07,4713992.14
1609,38,4,2,7,2024-03-01,2,3564781.45,7129562.9
1610,24,7,42,5,2023-02-10,3,1557705.61,4673116.83
1611,8,9,32,4,2025-06-08,1,653139.43,653139.43
1612,22,1,2,1,2022-04-19,1,1507033.85,1507033.85
1613,15,3,14,4,2022-05-16,2,1284599.51,2569199.02
1614,16,11,46,3,2023-09-14,1,721343.49,721343.49
1615,7,2,35,10,2024-04-19,2,3808118.45,7616236.9
1616,8,15,16,12,2025-09-21,1,759994.24,759994.24
1617,40,1,31,5,2022-12-16,1,6641554.24,6641554.24
1618,25,4,29,10,2024-10-04,1,4232022.28,4232022.28
1619,24,12,9,7,2025-10-19,3,4417141.6,13251424.8
1620,8,6,21,3,2022-06-20,1,959619.04,959619.04
1621,15,6,11,4,2023-06-02,1,5034066.85,5034066.85
1622,10,13,11,1,2023-05-05,1,2725474.16,2725474.16
1623,28,3,49,7,2025-09-12,3,1865121.83,5595365.49
1624,6,15,48,6,2023-09-12,1,2527538.0,2527538.0
1625,16,1,45,5,2024-01-22,1,719673.05,719673.05
1626,33,3,23,8,2025-02-05,1,3899042.37,3899042.37
1627,10,4,52,7,2023-10-15,1,2729165.36,2729165.36
1628,38,9,12,5,2022-11-12,1,973640.36,973640.36
1629,11,8,22,9,2025-06-18,1,1179498.79,1179498.79
1630,5,14,22,8,2022-08-05,2,8956316.61,17912633.22
1631,26,13,12,1,2022-07-07,1,943063.58,943063.58
1632,1,1,21,7,2023-01-30,1,3728893.1,3728893.1
1633,20,6,19,8,2025-04-27,3,1721260.23,5163780.69
1634,36,1,13,3,2025-01-15,1,1067226.36,1067226.36
1635,25,9,55,4,2023-04-12,1,1425549.74,1425549.74
1636,9,6,19,3,2023-05-29,1,2111353.93,2111353.93
1637,34,6,17,3,2022-05-09,1,3697196.65,3697196.65
1638,38,4,46,6,2025-04-19,1,1125844.19,1125844.19
1639,39,14,47,9,2024-07-12,1,3721169.23,3721169.23
1640,15,3,35,12,2023-01-25,1,4309848.5,4309848.5
1641,11,3,21,10,2024-04-05,1,1502598.17,1502598.17
1642,19,1,27,11,2022-10-13,1,2347443.17,2347443.17
1643,16,3,53,7,2022-11-16,1,707515.83,707515.83
1644,8,3,55,6,2023-04-12,1,662575.03,662575.03
1645,10,4,32,12,2022-05-03,1,3589426.26,3589426.26
1646,15,8,10,3,2024-10-09,2,1352003.06,2704006.12
1647,18,2,44,7,2025-06-06,1,763182.09,763182.09
1648,7,8,9,4,2024-08-27,1,1691618.08,1691618.08
1649,4,2,15,10,2023-10-03,1,1191786.03,1191786.03
1650,38,3,45,3,2022-09-18,1,2818083.87,2818083.87
1651,41,12,40,3,2023-05-26,1,4430282.35,4430282.35
1652,20,5,49,3,2024-10-02,1,2855344.96,2855344.96
1653,38,1,13,8,2023-07-20,1,4734877.24,4734877.24
1654,29,4,1,4,2025-06-25,1,557251.27,557251.27
1655,20,3,39,9,2023-02-14,1,1508225.32,1508225.32
1656,34,6,47,1,2023-02-04,2,3349094.53,6698189.06
1657,22,3,55,1,2023-06-19,1,1359296.44,1359296.44
1658,10,6,24,6,2022-10-30,1,2767424.63,2767424.63
1659,16,3,30,3,2025-12-17,1,454589.55,454589.55
1660,13,1,21,6,2024-01-26,1,708039.41,708039.41
1661,8,1,21,5,2023-10-31,1,886628.05,886628.05
1662,31,9,33,1,2022-09-28,1,3556166.26,3556166.26
1663,20,1,46,3,2024-01-08,1,4758424.11,4758424.11
1664,42,9,35,1,2024-05-02,1,1286368.63,1286368.63
1665,27,11,29,3,2023-06-19,1,2382159.32,2382159.32
1666,11,1,45,3,2022-03-28,1,1059557.58,1059557.58
1667,3,14,21,4,2025-07-23,2,742109.93,1484219.86
1668,27,4,45,5,2022-05-20,1,916246.07,916246.07
1669,3,5,45,1,2024-01-24,1,675579.45,675579.45
1670,21,2,41,8,2023-07-31,1,1773134.38,1773134.38
1671,12,11,17,4,2023-11-01,1,2259745.39,2259745.39
1672,17,4,43,6,2024-04-10,1,629579.05,629579.05
1673,10,1,14,3,2025-03-13,1,2282221.12,2282221.12
1674,30,2,20,4,2022-04-22,1,1952477.61,1952477.61
1675,27,11,2,4,2023-03-20,2,1735535.03,3471070.06
1676,34,14,21,6,2024-03-11,1,4182490.87,4182490.87
1677,25,5,43,9,2023-05-24,1,1340879.37,1340879.37
1678,6,1,1,11,2022-01-01,1,1432607.12,1432607.12
1679,14,2,14,7,2024-05-16,1,1175541.16,1175541.16
1680,30,6,3,10,2023-09-11,1,2233923.52,2233923.52
1681,8,15,8,10,2025-10-28,2,716771.42,1433542.84
1682,37,1,30,9,2025-04-02,1,6468432.22,6468432.22
1683,28,5,45,3,2022-05-14,1,1904115.23,1904115.23
1684,17,4,12,12,2025-03-27,1,532759.91,532759.91
1685,38,12,47,6,2023-07-02,2,3552402.81,7104805.62
1686,2,2,1,12,2022-04-01,2,1999530.96,3999061.92
1687,37,14,15,8,2022-04-07,1,5923974.7,5923974.7
1688,13,11,24,7,2024-01-31,1,501990.2,501990.2
1689,29,6,38,5,2024-08-15,1,623496.59,623496.59
1690,43,6,44,6,2024-01-08,1,4476042.78,4476042.78
1691,41,1,42,6,2025-01-09,1,1343818.28,1343818.28
1692,36,5,41,2,2023-12-01,1,1272730.92,1272730.92
1693,34,1,14,9,2024-03-22,1,1459377.66,1459377.66
1694,6,5,7,6,2023-06-06,1,2201292.21,2201292.21
1695,40,2,22,6,2023-10-29,1,5198354.9,5198354.9
1696,33,6,37,4,2024-04-15,1,2786828.61,2786828.61
1697,28,6,45,10,2023-01-21,1,4685539.44,4685539.44
1698,29,11,5,7,2023-09-20,2,755406.1,1510812.2
1699,12,5,53,3,2022-02-03,1,2381509.06,2381509.06
1700,2,10,17,6,2022-09-01,1,1381513.28,1381513.28
1701,18,7,25,5,2023-09-15,1,1910522.58,1910522.58
1702,18,6,32,12,2025-11-25,1,2683670.35,2683670.35
1703,23,6,44,6,2022-02-25,1,1278887.75,1278887.75
1704,16,1,6,1,2025-07-16,1,740322.63,740322.63
1705,39,2,3,4,2025-02-05,1,2730572.82,2730572.82
1706,32,3,9,7,2025-10-14,1,4386128.96,4386128.96
1707,40,4,25,8,2025-01-02,1,3898803.48,3898803.48
1708,27,7,29,3,2022-12-05,1,1030874.71,1030874.71
1709,42,2,48,8,2022-12-28,1,941403.26,941403.26
1710,3,7,15,8,2025-12-06,1,515225.05,515225.05
1711,7,15,2,5,2024-01-21,1,1862937.08,1862937.08
1712,33,12,35,1,2024-08-28,1,2355038.28,2355038.28
1713,2,1,43,4,2024-04-01,1,2672604.82,2672604.82
1714,21,1,6,6,2025-09-23,2,1064310.67,2128621.34
1715,10,5,51,7,2025-04-07,1,3729733.44,3729733.44
1716,17,2,45,5,2024-02-01,1,597382.77,597382.77
1717,4,6,1,4,2023-05-15,1,1566895.8,1566895.8
1718,33,4,25,6,2025-07-08,1,1475596.92,1475596.92
1719,23,1,49,1,2024-11-17,1,4151750.72,4151750.72
1720,5,4,15,9,2024-04-12,1,6746024.25,6746024.25
1721,4,10,43,8,2024-02-05,2,1175058.14,2350116.28
1722,17,9,40,11,2024-11-09,2,613967.39,1227934.78
1723,27,6,50,1,2025-05-13,1,3780778.1,3780778.1
1724,2,12,42,1,2023-07-23,1,1157297.33,1157297.33
1725,17,13,35,7,2023-09-24,1,563639.22,563639.22
1726,36,9,38,7,2025-10-29,1,1882474.21,1882474.21
1727,27,1,22,6,2025-06-16,1,3074768.01,3074768.01
1728,26,2,33,3,2023-10-26,1,1619683.94,1619683.94
1729,24,11,27,3,2025-05-09,1,2263972.06,2263972.06
1730,18,12,50,7,2023-01-25,1,2914840.06,2914840.06
1731,28,3,38,6,2022-08-29,1,2247903.64,2247903.64
1732,29,2,54,4,2025-08-19,1,749028.82,749028.82
1733,33,8,30,6,2025-12-13,1,2154682.48,2154682.48
1734,1,13,36,6,2023-07-22,2,1499033.93,2998067.86
1735,21,15,32,7,2024-09-02,1,1278796.77,1278796.77
1736,18,1,4,1,2022-05-24,1,1762762.79,1762762.79
1737,13,10,44,5,2022-03-23,1,692323.1,692323.1
1738,38,3,18,3,2023-05-08,1,3185929.07,3185929.07
1739,11,2,54,3,2022-02-17,1,3242141.74,3242141.74
1740,24,11,14,6,2022-02-05,1,2136505.8,2136505.8
1741,41,15,32,2,2023-05-20,1,1364829.21,1364829.21
1742,35,2,15,3,2022-01-07,1,1673004.76,1673004.76
1743,11,6,14,3,2022-06-17,1,2038500.11,2038500.11
1744,17,12,49,5,2025-01-13,1,556414.59,556414.59
1745,31,4,22,4,2024-10-19,1,1742623.86,1742623.86
1746,17,1,54,7,2024-02-13,1,555725.39,555725.39
1747,9,3,46,3,2023-04-18,1,1727339.23,1727339.23
1748,16,7,42,7,2024-07-15,2,710168.26,1420336.52
1749,29,3,28,8,2024-05-18,1,429276.93,429276.93
1750,6,3,31,3,2023-03-25,1,1796745.56,1796745.56
1751,36,11,25,4,2023-04-14,1,2231792.85,2231792.85
1752,6,7,6,6,2023-06-07,1,3426578.65,3426578.65
1753,19,2,15,5,2022-12-08,2,1311291.31,2622582.62
1754,11,6,48,3,2025-01-27,1,1198472.77,1198472.77
1755,19,1,39,8,2022-05-18,1,1533781.46,1533781.46
1756,31,5,36,8,2023-01-02,1,2006968.85,2006968.85
1757,8,1,50,3,2022-02-12,1,932094.71,932094.71
1758,20,2,55,2,2025-06-01,1,4624763.94,4624763.94
1759,35,2,8,8,2022-11-28,1,3023421.64,3023421.64
1760,31,1,52,6,2024-03-19,1,1171648.8,1171648.8
1761,23,4,34,4,2025-05-25,2,3835776.2,7671552.4
1762,25,2,11,6,2024-11-04,1,3704261.5,3704261.5
1763,25,3,13,8,2023-03-18,1,2209631.71,2209631.71
1764,18,12,48,2,2023-09-11,1,2846050.74,2846050.74
1765,17,12,26,6,2024-08-10,2,449390.02,898780.04
1766,16,14,10,10,2022-07-27,1,471508.93,471508.93
1767,13,3,28,1,2023-08-26,1,487387.97,487387.97
1768,15,13,31,1,2022-10-24,1,3057805.56,3057805.56
1769,29,2,2,6,2023-11-16,1,522002.0,522002.0
1770,19,1,8,9,2024-09-25,1,1873231.27,1873231.27
1771,18,5,33,1,2022-11-11,1,2431525.57,2431525.57
1772,16,8,10,8,2023-02-07,1,633179.53,633179.53
1773,6,1,9,3,2025-03-11,1,2114769.14,2114769.14
1774,10,4,14,1,2022-05-16,2,4099065.32,8198130.64
1775,9,10,11,10,2025-10-02,1,1118759.45,1118759.45
1776,38,11,17,6,2025-01-27,3,3390369.3,10171107.9
1777,38,6,43,7,2025-04-22,1,4194528.34,4194528.34
1778,22,12,2,5,2023-07-12,1,1090933.98,1090933.98
1779,15,8,38,4,2023-06-12,1,3042170.01,3042170.01
1780,7,10,16,6,2022-11-10,1,1782373.76,1782373.76
1781,28,3,20,1,2022-11-29,1,2809610.78,2809610.78
1782,41,13,26,9,2022-11-12,1,3903197.57,3903197.57
1783,42,3,32,11,2024-03-22,1,1280597.33,1280597.33
1784,25,2,11,4,2025-05-09,1,2184691.71,2184691.71
1785,15,1,1,3,2024-05-27,1,2488377.35,2488377.35
1786,20,11,4,1,2023-08-20,3,1284261.39,3852784.17
1787,16,3,3,3,2023-09-27,1,642060.64,642060.64
1788,15,15,53,10,2022-12-15,1,1070593.88,1070593.88
1789,34,2,5,9,2023-08-06,1,2745048.95,2745048.95
1790,8,2,33,1,2025-05-27,2,719222.2,1438444.4
1791,11,3,31,8,2024-01-05,1,1942162.94,1942162.94
1792,41,11,16,8,2023-09-26,1,2320410.49,2320410.49
1793,27,7,4,6,2022-08-30,1,1660581.59,1660581.59
1794,8,8,22,7,2025-04-01,1,962033.57,962033.57
1795,11,13,43,6,2025-04-18,1,2711003.43,2711003.43
1796,14,6,26,3,2022-05-16,2,1554022.94,3108045.88
1797,3,3,30,7,2024-03-25,1,774651.81,774651.81
1798,32,11,46,5,2023-10-07,1,4418618.49,4418618.49
1799,30,12,17,5,2024-09-24,1,4112397.68,4112397.68
1800,37,1,32,11,2023-02-19,1,3102639.1,3102639.1
1801,29,6,52,7,2024-09-15,1,577496.31,577496.31
1802,42,7,48,6,2024-12-23,1,1106261.46,1106261.46
1803,22,2,47,8,2024-07-20,2,1462222.88,2924445.76
1804,41,15,19,4,2024-04-14,1,3583929.65,3583929.65
1805,25,11,30,10,2025-05-31,1,4152276.41,4152276.41
1806,24,2,42,9,2023-04-15,1,4567419.71,4567419.71
1807,27,1,15,11,2024-07-09,1,3096463.3,3096463.3
1808,11,1,35,8,2025-01-24,1,848742.86,848742.86
1809,40,8,51,4,2025-05-14,2,1372450.6,2744901.2
1810,27,5,50,2,2023-04-26,1,2773781.27,2773781.27
1811,39,2,1,7,2022-06-13,1,2463337.93,2463337.93
1812,15,1,47,3,2025-09-08,1,1937673.0,1937673.0
1813,13,4,24,1,2023-08-15,1,571771.66,571771.66
1814,14,1,56,2,2022-01-07,1,1361379.07,1361379.07
1815,41,9,12,2,2024-07-13,1,1252961.29,1252961.29
1816,15,5,31,7,2023-07-24,1,3007042.97,3007042.97
1817,32,2,35,11,2022-02-07,1,2344801.49,2344801.49
1818,39,10,11,2,2022-11-25,2,3404791.82,6809583.64
1819,28,9,22,9,2024-06-04,3,1596857.58,4790572.74
1820,7,2,41,6,2025-04-15,1,3566018.02,3566018.02
1821,30,2,50,6,2024-07-26,3,1073720.4,3221161.2
1822,17,1,1,6,2022-02-05,1,626765.21,626765.21
1823,43,4,21,9,2022-06-24,1,5234270.15,5234270.15
1824,8,10,31,6,2025-02-03,1,553224.84,553224.84
1825,29,1,21,3,2025-01-04,1,548612.76,548612.76
1826,34,1,9,7,2024-02-17,2,1980058.37,3960116.74
1827,43,15,24,1,2023-09-24,1,2261320.44,2261320.44
1828,30,2,6,9,2024-12-11,1,2363057.81,2363057.81
1829,35,2,8,3,2023-03-11,1,2214710.89,2214710.89
1830,25,3,49,6,2022-06-13,1,1037118.61,1037118.61
1831,33,7,36,7,2022-07-25,1,2788599.08,2788599.08
1832,38,13,43,4,2022-04-17,1,3941868.86,3941868.86
1833,8,1,3,6,2024-01-10,2,552471.61,1104943.22
1834,17,13,16,1,2025-03-11,1,436828.53,436828.53
1835,7,8,48,11,2025-10-29,1,5033408.8,5033408.8
1836,43,2,50,9,2024-10-05,1,1008058.82,1008058.82
1837,4,2,23,2,2025-04-24,1,932108.27,932108.27
1838,17,6,46,5,2025-08-20,1,604001.42,604001.42
1839,25,6,45,2,2023-01-13,1,765106.03,765106.03
1840,34,2,15,12,2022-04-06,2,3094092.99,6188185.98
1841,29,2,37,1,2023-03-07,1,677134.22,677134.22
1842,29,1,10,2,2025-08-20,1,731745.54,731745.54
1843,32,3,44,3,2025-09-20,1,4444122.6,4444122.6
1844,10,3,55,11,2023-05-13,1,3664098.53,3664098.53
1845,20,2,11,1,2022-05-03,1,4850807.78,4850807.78
1846,30,1,19,3,2024-05-22,1,2808339.47,2808339.47
1847,31,1,20,7,2024-07-09,1,2851469.43,2851469.43
1848,10,14,31,3,2023-04-26,1,4269369.83,4269369.83
1849,16,6,18,8,2024-12-13,1,748735.46,748735.46
1850,2,2,52,3,2025-09-30,2,3208613.72,6417227.44
1851,40,13,41,6,2025-12-11,1,6326799.7,6326799.7
1852,1,3,17,7,2023-07-11,1,1515650.81,1515650.81
1853,25,14,23,1,2024-08-24,1,2970397.36,2970397.36
1854,26,12,49,3,2023-11-14,1,3830914.8,3830914.8
1855,18,1,15,5,2022-03-31,1,2592909.47,2592909.47
1856,10,1,36,5,2022-10-09,3,3074976.55,9224929.65
1857,1,2,29,10,2022-07-11,1,2973748.6,2973748.6
1858,15,11,35,8,2023-05-09,1,1900385.76,1900385.76
1859,3,6,1,11,2024-09-29,1,714714.7,714714.7
1860,34,3,38,3,2025-03-24,1,1680552.96,1680552.96
1861,13,3,45,3,2022-07-19,1,642106.13,642106.13
1862,43,2,15,8,2023-01-03,1,3585825.92,3585825.92
1863,10,4,15,7,2022-03-06,1,2537183.76,2537183.76
1864,7,6,20,9,2024-06-03,1,5522784.77,5522784.77
1865,8,4,24,1,2022-12-25,2,538404.22,1076808.44
1866,38,2,7,5,2025-12-03,1,1321694.39,1321694.39
1867,12,7,38,10,2025-04-14,1,2818299.09,2818299.09
1868,43,15,37,3,2024-07-08,1,5017952.7,5017952.7
1869,18,2,14,11,2022-02-11,1,2754459.35,2754459.35
1870,10,4,38,2,2022-12-16,1,2765918.95,2765918.95
1871,17,11,12,6,2023-04-20,1,629292.76,629292.76
1872,33,12,5,3,2025-02-05,1,1664439.97,1664439.97
1873,6,2,53,3,2024-05-25,1,2462933.37,2462933.37
1874,20,10,6,6,2025-07-03,1,4387764.7,4387764.7
1875,18,1,30,3,2023-07-20,1,2125667.62,2125667.62
1876,43,1,43,7,2022-03-04,1,2520788.45,2520788.45
1877,6,6,45,3,2022-07-21,1,1574801.94,1574801.94
1878,18,1,39,1,2022-11-03,1,3698000.03,3698000.03
1879,14,5,19,3,2022-06-24,1,1511366.24,1511366.24
1880,23,5,34,10,2022-06-06,1,1482130.5,1482130.5
1881,8,6,25,6,2024-11-04,1,883253.67,883253.67
1882,2,2,23,7,2022-07-01,1,3339910.99,3339910.99
1883,16,3,16,5,2023-07-06,1,581859.84,581859.84
1884,21,1,11,8,2024-02-08,1,1968707.72,1968707.72
1885,29,4,16,5,2025-06-11,1,627904.47,627904.47
1886,24,1,41,11,2022-10-28,1,3344696.32,3344696.32
1887,17,5,1,3,2023-06-14,1,694979.91,694979.91
1888,41,4,16,6,2024-02-14,1,3818371.76,3818371.76
1889,29,3,44,1,2025-11-27,1,491337.62,491337.62
1890,28,6,20,5,2024-05-09,1,3666221.81,3666221.81
1891,7,4,50,3,2024-08-04,1,4592945.88,4592945.88
1892,37,15,23,11,2024-02-05,1,5848739.47,5848739.47
1893,31,3,44,4,2025-01-18,1,4477025.73,4477025.73
1894,28,12,6,6,2023-09-23,2,1984655.45,3969310.9
1895,17,5,33,10,2022-02-16,1,498137.7,498137.7
1896,31,5,12,9,2023-07-19,1,3916644.07,3916644.07
1897,15,11,45,4,2023-08-17,1,4987515.3,4987515.3
1898,28,2,14,12,2024-12-04,2,1065149.7,2130299.4
1899,17,1,39,6,2024-08-13,1,477603.23,477603.23
1900,29,6,38,1,2024-10-02,1,715801.24,715801.24
1901,37,14,40,8,2024-10-14,1,6033378.33,6033378.33
1902,15,5,36,8,2024-12-10,1,2540795.58,2540795.58
1903,1,15,7,4,2024-04-29,1,1483866.6,1483866.6
1904,7,13,25,4,2025-07-28,1,1684173.85,1684173.85
1905,28,15,47,10,2022-01-07,1,1868132.61,1868132.61
1906,37,6,4,1,2025-05-21,1,5049290.23,5049290.23
1907,5,10,35,3,2023-04-19,1,6526280.65,6526280.65
1908,17,5,27,3,2022-11-19,1,568192.21,568192.21
1909,25,4,27,1,2023-06-07,1,2538071.85,2538071.85
1910,40,2,27,11,2022-03-29,2,5380003.91,10760007.82
1911,34,3,26,5,2022-04-05,1,3289406.87,3289406.87
1912,21,4,3,11,2022-04-24,1,886142.25,886142.25
1913,22,12,49,1,2022-11-12,1,1000612.71,1000612.71
1914,5,14,17,10,2024-05-30,1,10846885.1,10846885.1
1915,9,11,36,7,2022-10-20,1,2006330.16,2006330.16
1916,43,14,20,10,2022-01-11,1,4767662.89,4767662.89
1917,33,3,43,10,2024-12-24,1,4378367.87,4378367.87
1918,7,7,53,1,2024-01-25,1,1559705.72,1559705.72
1919,43,2,2,8,2024-07-16,1,3627419.34,3627419.34
1920,43,9,40,11,2024-05-11,1,3636773.84,3636773.84
1921,31,10,36,7,2025-05-14,1,3262910.13,3262910.13
1922,30,12,34,3,2025-01-01,1,3383383.42,3383383.42
1923,32,5,37,1,2022-02-13,1,3258271.24,3258271.24
1924,31,10,12,10,2022-08-10,1,4564147.43,4564147.43
1925,9,3,28,5,2025-02-20,1,2352162.41,2352162.41
1926,41,1,10,5,2022-08-30,1,1203190.0,1203190.0
1927,19,6,14,4,2023-04-13,2,1524273.26,3048546.52
1928,21,6,16,10,2025-02-23,1,1036680.79,1036680.79
1929,35,12,57,7,2022-10-19,1,4581174.88,4581174.88
1930,24,11,26,6,2024-01-05,1,2607278.47,2607278.47
1931,23,1,37,5,2024-04-13,1,1476711.93,1476711.93
1932,26,5,7,7,2025-11-05,1,3945877.39,3945877.39
1933,31,3,8,3,2023-01-29,1,4232840.47,4232840.47
1934,32,5,55,6,2025-07-06,1,2518514.46,2518514.46
1935,38,2,1,1,2024-11-18,1,4358372.28,4358372.28
1936,17,1,49,5,2023-02-18,1,712828.9,712828.9
1937,6,3,55,1,2022-05-16,1,2816159.89,2816159.89
1938,16,1,5,9,2024-04-15,1,418777.73,418777.73
1939,36,14,41,2,2024-01-25,2,1986006.39,3972012.78
1940,11,4,19,5,2022-04-30,1,1927023.87,1927023.87
1941,29,3,43,2,2025-02-11,1,589157.59,589157.59
1942,30,4,4,12,2025-03-03,1,2686266.89,2686266.89
1943,28,2,34,7,2023-06-23,1,3182979.95,3182979.95
1944,5,2,21,4,2022-11-01,1,6907482.34,6907482.34
1945,10,7,11,1,2022-08-19,2,4619266.44,9238532.88
1946,11,15,30,6,2025-03-20,1,2479079.79,2479079.79
1947,42,4,35,4,2023-06-26,1,1336295.06,1336295.06
1948,25,5,26,3,2022-03-30,1,3311843.05,3311843.05
1949,42,15,14,7,2022-07-28,1,964761.44,964761.44
1950,17,12,32,7,2022-12-15,2,588345.87,1176691.74
1951,6,12,38,6,2023-01-09,1,3224633.58,3224633.58
1952,7,15,35,4,2024-10-03,1,2004631.65,2004631.65
1953,28,12,53,6,2022-08-24,1,2545355.52,2545355.52
1954,35,3,15,6,2024-07-09,1,1505559.23,1505559.23
1955,41,6,28,5,2022-09-01,1,1061758.95,1061758.95
1956,19,13,26,6,2022-10-28,1,2007190.74,2007190.74
1957,1,1,11,3,2025-07-12,1,3628783.31,3628783.31
1958,15,3,24,1,2023-11-18,1,3734678.45,3734678.45
1959,19,5,34,7,2025-11-25,1,989380.57,989380.57
1960,25,10,28,7,2025-01-14,1,898613.38,898613.38
1961,13,2,3,9,2022-03-11,1,691593.09,691593.09
1962,41,11,47,7,2023-08-21,1,4031562.11,4031562.11
1963,13,6,5,7,2023-08-04,1,715948.24,715948.24
1964,15,14,3,7,2024-06-22,1,3534047.08,3534047.08
1965,6,5,31,3,2025-09-06,1,3445812.02,3445812.02
1966,10,3,40,1,2025-07-09,1,4454701.63,4454701.63
1967,27,4,55,7,2024-06-12,1,2636699.09,2636699.09
1968,20,11,37,3,2022-03-20,1,3890921.68,3890921.68
1969,32,1,44,7,2023-05-02,1,3065194.96,3065194.96
1970,16,6,49,12,2024-02-20,2,645549.88,1291099.76
1971,29,1,11,3,2025-01-14,1,545309.04,545309.04
1972,9,2,34,5,2025-04-30,2,2295940.61,4591881.22
1973,17,6,16,7,2022-09-30,1,448694.58,448694.58
1974,28,10,15,9,2023-02-03,1,3718249.43,3718249.43
1975,23,1,17,1,2025-10-25,1,4549177.81,4549177.81
1976,9,13,22,5,2025-03-24,1,2320887.49,2320887.49
1977,9,7,39,8,2024-01-28,1,2627325.61,2627325.61
1978,7,1,24,4,2025-08-15,2,5269314.19,10538628.38
1979,20,11,40,4,2024-09-25,1,1994110.43,1994110.43
1980,31,1,40,2,2025-10-15,1,2082492.22,2082492.22
1981,34,13,11,1,2024-12-04,1,1129469.96,1129469.96
1982,15,1,26,4,2024-10-04,1,1897484.37,1897484.37
1983,11,2,47,9,2024-05-22,1,1514085.03,1514085.03
1984,14,14,42,8,2023-08-04,1,753545.56,753545.56
1985,41,3,40,6,2022-09-07,1,4478496.94,4478496.94
1986,28,6,49,6,2023-07-11,1,2879173.39,2879173.39
1987,16,5,26,3,2022-10-08,1,482259.52,482259.52
1988,24,4,56,8,2024-11-03,1,4526541.81,4526541.81
1989,31,12,46,4,2023-11-22,1,3123116.58,3123116.58
1990,38,8,24,8,2023-10-12,1,2018027.97,2018027.97
1991,35,3,8,12,2025-11-20,1,1929621.64,1929621.64
1992,15,12,52,4,2025-08-02,2,1478354.42,2956708.84
1993,11,14,53,9,2022-08-26,1,3354916.1,3354916.1
1994,33,1,3,6,2025-07-21,1,3953193.93,3953193.93
1995,26,1,55,6,2025-06-17,1,2672053.2,2672053.2
1996,16,4,55,7,2023-03-31,3,606874.32,1820622.96
1997,18,8,27,3,2022-01-14,1,3713232.99,3713232.99
1998,7,7,19,3,2022-05-23,3,5198413.59,15595240.77
1999,22,5,48,2,2022-05-09,1,1718347.83,1718347.83
2000,7,6,40,1,2024-02-12,2,4026844.05,8053688.1
2001,30,4,14,8,2024-08-06,1,4178190.99,4178190.99
2002,15,3,43,6,2023-01-06,1,3141518.52,3141518.52
2003,38,9,41,3,2022-10-05,1,2833923.89,2833923.89
2004,36,6,50,9,2024-07-17,1,2824564.76,2824564.76
2005,16,1,12,8,2022-09-05,1,632137.57,632137.57
2006,27,2,46,8,2025-03-02,1,1524399.57,1524399.57
2007,27,13,12,3,2025-03-06,2,4602540.78,9205081.56
2008,39,2,28,8,2025-09-08,1,1751380.88,1751380.88
2009,36,5,11,4,2024-01-15,1,1095348.93,1095348.93
2010,28,12,36,11,2023-07-01,1,1792777.57,1792777.57
2011,18,9,15,3,2024-03-16,1,2348713.74,2348713.74
2012,13,2,52,11,2024-10-17,1,855075.85,855075.85
2013,29,11,29,1,2025-03-15,1,488633.85,488633.85
2014,9,2,30,8,2024-10-16,1,1172589.25,1172589.25
2015,11,1,59,6,2022-09-25,1,3590263.96,3590263.96
2016,8,1,26,8,2022-04-22,1,877800.04,877800.04
2017,23,2,39,8,2025-11-05,2,1585193.96,3170387.92
2018,21,3,48,8,2024-02-02,1,1382157.63,1382157.63
2019,27,5,52,9,2022-03-24,1,2231861.89,2231861.89
2020,10,13,53,6,2025-03-21,1,2719877.29,2719877.29
2021,14,12,56,8,2022-07-11,1,1266548.06,1266548.06
2022,2,10,38,8,2025-09-21,1,1496771.26,1496771.26
2023,2,6,13,1,2023-02-07,1,2125800.26,2125800.26
2024,39,1,32,1,2022-08-24,3,3226555.14,9679665.42
2025,8,2,8,9,2025-12-05,1,531675.0,531675.0
2026,17,1,44,1,2022-08-19,1,665818.18,665818.18
2027,16,1,3,6,2023-12-04,2,435982.66,871965.32
2028,39,2,47,3,2023-08-25,2,3973004.6,7946009.2
2029,24,5,30,7,2025-09-24,1,2596455.67,2596455.67
2030,33,9,7,1,2022-02-16,1,3618496.39,3618496.39
2031,32,1,1,6,2023-10-31,1,3683270.57,3683270.57
2032,8,11,45,9,2023-12-18,1,639647.14,639647.14
2033,35,6,14,8,2025-03-11,1,1080031.1,1080031.1
2034,25,4,7,3,2024-07-18,1,1210634.71,1210634.71
2035,7,3,24,5,2022-09-24,1,2406322.54,2406322.54
2036,11,12,2,2,2024-09-13,2,945058.76,1890117.52
2037,40,2,32,3,2022-12-07,1,3769146.45,3769146.45
2038,4,4,2,5,2022-09-24,2,1490725.08,2981450.16
2039,7,12,17,11,2022-11-21,1,2435378.07,2435378.07
2040,28,8,16,1,2022-02-04,1,3339568.88,3339568.88
2041,26,4,41,6,2024-05-16,1,3892278.21,3892278.21
2042,38,4,23,5,2024-05-20,1,2134615.46,2134615.46
2043,35,11,52,3,2024-06-08,1,4446602.29,4446602.29
2044,1,1,8,1,2022-02-24,1,963257.33,963257.33
2045,33,2,18,8,2022-07-04,1,3472841.42,3472841.42
2046,20,1,47,7,2024-07-06,1,2664089.47,2664089.47
2047,7,1,4,6,2023-02-05,2,3959149.52,7918299.04
2048,21,1,22,1,2022-04-08,1,1264390.07,1264390.07
2049,33,14,13,8,2025-10-12,2,1836614.86,3673229.72
2050,22,4,17,6,2023-02-23,1,1387892.59,1387892.59
2051,7,6,13,7,2022-11-17,1,1084938.48,1084938.48
2052,39,4,53,3,2023-12-25,1,2668668.28,2668668.28
2053,22,4,18,5,2024-05-21,1,1748511.5,1748511.5
2054,7,1,8,1,2025-04-20,1,5781387.64,5781387.64
2055,20,1,17,6,2025-01-18,2,2845380.26,5690760.52
2056,31,5,46,7,2023-07-07,1,3177377.95,3177377.95
2057,25,8,12,1,2025-06-04,1,1867390.12,1867390.12
2058,26,6,32,11,2024-03-19,1,879812.64,879812.64
2059,32,2,30,6,2024-10-14,1,3053100.79,3053100.79
2060,39,4,32,6,2023-06-30,1,4768689.84,4768689.84
2061,12,4,45,12,2025-10-03,1,4007088.78,4007088.78
2062,13,6,5,8,2023-06-25,1,700585.45,700585.45
2063,9,6,30,1,2024-08-01,3,1771803.55,5315410.65
2064,34,1,11,7,2025-09-12,1,2940038.05,2940038.05
2065,2,1,35,11,2022-06-21,1,4175629.65,4175629.65
2066,11,5,50,6,2022-10-28,1,3498684.83,3498684.83
2067,6,11,38,12,2025-09-16,1,2264127.51,2264127.51
2068,21,14,17,4,2022-09-04,2,1756535.83,3513071.66
2069,37,13,29,12,2024-02-05,1,3223723.51,3223723.51
2070,18,11,3,5,2023-10-18,1,758408.3,758408.3
2071,6,3,39,5,2025-08-20,1,3245926.82,3245926.82
2072,27,4,18,8,2025-05-13,1,4476190.56,4476190.56
2073,27,4,38,11,2025-10-04,1,3019128.32,3019128.32
2074,20,6,8,3,2022-07-01,1,3544804.95,3544804.95
2075,32,1,42,3,2024-09-25,1,2620307.01,2620307.01
2076,13,5,25,4,2024-07-31,1,835162.17,835162.17
2077,25,6,41,1,2025-05-23,1,3779361.52,3779361.52
2078,39,6,16,8,2025-06-06,1,3737184.9,3737184.9
2079,18,2,10,6,2022-07-29,1,1604596.84,1604596.84
2080,16,5,41,5,2025-01-16,2,455592.65,911185.3
2081,23,14,18,6,2024-12-26,2,881397.25,1762794.5
2082,11,15,10,12,2024-12-15,1,999626.64,999626.64
2083,25,1,14,12,2022-08-20,1,2253574.24,2253574.24
2084,25,3,39,7,2022-12-01,1,3419760.44,3419760.44
2085,37,2,1,4,2023-05-25,1,5244279.66,5244279.66
2086,3,1,54,7,2022-12-06,1,543527.94,543527.94
2087,41,2,28,4,2022-03-06,1,4292115.48,4292115.48
2088,37,10,55,1,2024-09-18,1,5144457.21,5144457.21
2089,38,5,39,6,2025-01-24,1,4670627.03,4670627.03
2090,26,8,30,9,2022-06-13,2,2641440.9,5282881.8
2091,18,2,12,10,2025-07-07,1,3543143.71,3543143.71
2092,16,6,16,7,2025-04-06,1,492903.38,492903.38
2093,17,13,20,7,2022-07-04,1,618261.09,618261.09
2094,15,11,8,7,2025-05-11,3,3375808.12,10127424.36
2095,28,4,45,11,2022-11-22,1,1069292.37,1069292.37
2096,29,9,26,3,2025-12-23,1,506079.51,506079.51
2097,7,6,1,1,2025-05-01,1,3893184.27,3893184.27
2098,27,3,17,3,2023-08-24,1,3068587.92,3068587.92
2099,39,2,36,7,2024-06-02,1,4944464.85,4944464.85
2100,20,2,51,11,2023-10-07,1,1108134.77,1108134.77
2101,16,12,51,11,2023-10-16,1,667097.03,667097.03
2102,10,4,51,4,2024-04-08,1,3323813.78,3323813.78
2103,37,2,45,3,2022-08-11,2,5630407.03,11260814.06
2104,17,2,45,11,2024-05-21,1,517362.14,517362.14
2105,9,2,52,6,2024-09-06,1,1366606.02,1366606.02
2106,28,9,25,1,2022-06-11,1,2685503.1,2685503.1
2107,9,3,33,9,2023-05-30,1,2233958.12,2233958.12
2108,23,1,35,1,2024-08-29,1,2984472.87,2984472.87
2109,25,4,13,9,2022-12-21,1,4211654.51,4211654.51
2110,37,12,18,6,2024-04-16,2,3236759.19,6473518.38
2111,32,4,8,10,2022-04-20,1,4378345.11,4378345.11
2112,10,12,28,4,2025-04-20,1,2648710.0,2648710.0
2113,29,4,53,7,2024-01-25,1,745380.41,745380.41
2114,43,1,45,8,2024-10-02,1,5298293.39,5298293.39
2115,28,3,22,8,2023-02-08,1,2511527.23,2511527.23
2116,35,2,29,3,2025-01-05,1,1120924.3,1120924.3
2117,26,7,53,12,2024-07-12,3,3298492.77,9895478.31
2118,18,2,42,7,2022-12-07,1,3295933.65,3295933.65
2119,2,3,5,10,2023-12-26,1,4439243.12,4439243.12
2120,27,6,16,9,2023-06-07,1,1077814.41,1077814.41
2121,15,6,15,4,2025-01-21,1,3572966.48,3572966.48
2122,20,2,20,1,2025-12-04,1,1502839.67,1502839.67
2123,30,3,19,6,2022-05-18,1,2772008.16,2772008.16
2124,35,2,24,3,2024-05-25,1,2148922.66,2148922.66
2125,4,12,31,7,2023-03-22,1,1284910.67,1284910.67
2126,19,6,52,8,2025-12-17,1,2151115.75,2151115.75
2127,27,11,28,12,2024-12-16,1,4242665.09,4242665.09
2128,8,1,21,6,2025-12-05,1,911512.51,911512.51
2129,12,12,35,8,2024-02-20,1,1717309.47,1717309.47
2130,29,2,15,6,2022-11-30,1,486601.06,486601.06
2131,11,1,36,6,2024-03-13,1,3918275.01,3918275.01
2132,39,2,33,10,2025-12-28,2,1519463.59,3038927.18
2133,39,11,15,3,2022-01-05,1,1562877.81,1562877.81
2134,1,4,2,6,2025-07-17,1,3359160.38,3359160.38
2135,25,7,8,1,2022-06-21,2,3810442.48,7620884.96
2136,34,1,47,3,2025-02-06,1,1575627.98,1575627.98
2137,13,14,49,1,2024-09-15,1,597517.13,597517.13
2138,13,5,21,4,2025-04-20,1,789355.48,789355.48
2139,14,1,2,6,2024-04-07,1,1516104.8,1516104.8
2140,39,2,48,6,2024-06-15,1,894278.82,894278.82
2141,35,1,43,5,2023-07-05,2,2095605.15,4191210.3
2142,6,13,6,8,2025-12-12,1,1200262.24,1200262.24
2143,43,11,7,5,2025-04-26,1,2007044.11,2007044.11
2144,12,6,36,8,2024-05-30,1,3194664.74,3194664.74
2145,18,3,37,7,2022-11-23,1,1393665.97,1393665.97
2146,19,4,41,6,2024-08-25,1,836379.54,836379.54
2147,22,10,2,5,2025-04-26,1,1571444.49,1571444.49
2148,18,5,2,7,2023-04-30,1,1928861.09,1928861.09
2149,7,12,23,6,2025-07-16,1,5674632.94,5674632.94
2150,22,3,6,6,2022-01-12,2,1424774.97,2849549.94
2151,31,13,51,6,2023-11-19,1,4949032.59,4949032.59
2152,42,2,48,2,2023-08-31,1,995467.69,995467.69
2153,16,5,42,6,2023-07-29,1,464482.82,464482.82
2154,6,1,11,2,2024-09-04,1,2925785.66,2925785.66
2155,15,11,17,8,2024-01-21,1,3372798.42,3372798.42
2156,12,3,32,9,2022-04-03,1,1332108.1,1332108.1
2157,14,11,55,9,2024-10-14,1,1635325.15,1635325.15
2158,29,1,46,10,2024-04-19,1,427848.04,427848.04
2159,13,11,31,12,2025-02-20,1,487272.88,487272.88
2160,38,1,42,11,2025-10-03,1,4483898.78,4483898.78
2161,8,13,51,8,2022-01-13,1,699896.91,699896.91
2162,20,5,4,1,2025-03-22,1,1145243.9,1145243.9
2163,16,4,53,7,2022-06-15,1,399288.71,399288.71
2164,3,12,53,6,2023-02-13,2,586164.56,1172329.12
2165,3,6,1,11,2023-06-10,1,625425.93,625425.93
2166,38,12,20,6,2023-11-02,1,4258006.81,4258006.81
2167,11,5,36,6,2024-04-24,1,3349165.04,3349165.04
2168,15,4,54,8,2025-07-02,1,3404447.58,3404447.58
2169,32,4,52,6,2023-03-13,1,2993638.5,2993638.5
2170,38,2,23,8,2025-09-21,1,3832186.14,3832186.14
2171,26,4,51,8,2024-01-08,1,1516460.02,1516460.02
2172,18,2,10,5,2022-05-04,2,2464979.65,4929959.3
2173,17,1,13,6,2023-03-25,1,495733.81,495733.81
2174,43,13,36,4,2024-11-05,2,5518870.68,11037741.36
2175,23,11,46,1,2024-01-08,1,2226552.68,2226552.68
2176,19,14,37,3,2022-01-20,1,1383813.66,1383813.66
2177,25,10,32,7,2023-09-26,1,2661060.17,2661060.17
2178,29,12,6,12,2024-08-05,1,670402.15,670402.15
2179,32,15,22,8,2025-12-13,1,4741495.77,4741495.77
2180,28,2,46,7,2023-04-24,1,1051375.12,1051375.12
2181,14,13,1,10,2025-09-27,1,1797504.27,1797504.27
2182,8,10,4,1,2024-05-05,1,708076.31,708076.31
2183,31,3,47,11,2023-12-12,1,3787836.72,3787836.72
2184,27,6,3,5,2022-03-31,1,3512149.6,3512149.6
2185,41,7,30,7,2022-04-12,1,3145868.36,3145868.36
2186,40,3,15,7,2022-05-15,1,5456014.69,5456014.69
2187,3,7,20,8,2022-01-25,1,830381.47,830381.47
2188,10,2,3,9,2024-05-27,1,4357766.82,4357766.82
2189,3,2,20,7,2022-07-12,3,684210.42,2052631.26
2190,41,6,35,4,2023-05-14,1,5357756.29,5357756.29
2191,39,1,3,1,2024-09-24,1,3672120.47,3672120.47
2192,24,3,53,6,2022-05-31,1,3182405.73,3182405.73
2193,23,1,16,12,2023-12-07,1,3798714.31,3798714.31
2194,24,14,15,1,2024-03-15,1,2025290.46,2025290.46
2195,20,2,14,3,2023-12-14,1,2469166.56,2469166.56
2196,5,2,12,3,2024-07-29,1,6998681.36,6998681.36
2197,23,2,45,8,2023-03-25,1,1627944.92,1627944.92
2198,32,1,3,6,2025-08-10,2,2145970.97,4291941.94
2199,38,3,49,11,2025-02-12,1,2596542.21,2596542.21
2200,39,2,6,5,2024-06-28,1,2957477.55,2957477.55
2201,11,2,30,4,2025-02-26,2,1368675.0,2737350.0
2202,24,12,6,3,2025-04-30,1,4803675.33,4803675.33
2203,31,2,27,7,2023-01-02,1,2183324.99,2183324.99
2204,33,3,5,3,2024-08-06,1,4012450.57,4012450.57
2205,38,12,52,4,2023-11-23,1,3708255.41,3708255.41
2206,41,8,23,10,2024-12-10,1,1399447.48,1399447.48
2207,22,7,28,1,2022-08-18,1,1842867.62,1842867.62
2208,20,5,38,9,2025-03-11,1,1780102.35,1780102.35
2209,30,7,36,6,2023-11-27,1,3437839.05,3437839.05
2210,20,12,25,7,2022-11-13,1,4086759.55,4086759.55
2211,25,2,20,9,2025-09-08,1,3920739.62,3920739.62
2212,6,9,4,3,2023-03-14,1,2435407.39,2435407.39
2213,26,11,43,11,2022-05-02,1,2606645.73,2606645.73
2214,12,2,9,10,2024-12-10,1,1889026.53,1889026.53
2215,4,5,45,1,2022-09-17,2,1771331.89,3542663.78
2216,30,6,18,11,2025-11-12,1,3606677.47,3606677.47
2217,35,2,3,10,2022-09-25,2,1314129.25,2628258.5
2218,20,3,1,7,2022-04-28,2,2639628.18,5279256.36
2219,15,11,23,5,2025-04-12,1,4234667.42,4234667.42
2220,6,1,11,12,2022-07-03,1,2493001.7,2493001.7
2221,18,9,25,9,2022-03-25,1,3661923.11,3661923.11
2222,36,5,51,1,2023-05-23,1,1262447.1,1262447.1
2223,35,1,11,3,2022-06-16,1,3666347.98,3666347.98
2224,33,4,24,5,2024-01-25,1,1527921.18,1527921.18
2225,42,3,57,10,2024-02-24,2,1391342.94,2782685.88
2226,11,5,24,4,2023-09-13,1,2370694.75,2370694.75
2227,25,3,28,5,2023-02-07,1,3497492.27,3497492.27
2228,28,2,1,4,2025-05-23,1,3194112.28,3194112.28
2229,16,2,54,2,2023-08-29,1,559777.0,559777.0
2230,42,6,48,4,2025-09-02,1,1177558.88,1177558.88
2231,24,1,33,7,2022-03-22,1,2151914.67,2151914.67
2232,23,14,48,7,2024-04-14,3,2886478.71,8659436.13
2233,8,11,39,6,2024-02-18,1,618527.75,618527.75
2234,12,2,19,11,2023-01-18,1,1596622.23,1596622.23
2235,38,2,13,11,2022-03-13,1,3593511.51,3593511.51
2236,33,11,34,6,2022-02-27,1,1665907.68,1665907.68
2237,16,4,45,6,2023-07-05,1,653800.12,653800.12
2238,20,8,18,8,2025-07-25,1,4213624.87,4213624.87
2239,15,4,55,3,2024-03-02,2,1743709.64,3487419.28
2240,40,14,14,10,2022-09-17,1,4785310.65,4785310.65
2241,6,5,37,4,2025-06-20,1,2014571.03,2014571.03
2242,39,3,39,2,2024-01-31,1,2126842.45,2126842.45
2243,25,2,16,1,2023-07-20,1,2155718.23,2155718.23
2244,8,15,25,2,2023-08-09,1,676452.35,676452.35
2245,3,5,51,10,2024-04-30,1,706322.95,706322.95
2246,34,3,4,6,2024-04-25,1,2009375.0,2009375.0
2247,11,14,2,1,2025-08-15,1,3832692.77,3832692.77
2248,28,11,10,11,2022-06-12,2,1315964.47,2631928.94
2249,16,13,11,3,2025-09-09,1,593594.3,593594.3
2250,13,12,17,3,2025-10-25,1,836195.74,836195.74
2251,28,6,42,11,2024-12-19,1,1030464.39,1030464.39
2252,15,12,9,6,2024-03-30,1,4020365.58,4020365.58
2253,28,1,4,7,2022-04-06,1,2423978.84,2423978.84
2254,39,2,35,1,2024-01-23,1,3441250.1,3441250.1
2255,14,1,31,9,2022-12-31,3,1334611.32,4003833.96
2256,4,11,28,1,2023-09-09,1,904939.44,904939.44
2257,11,10,26,6,2025-07-09,1,3068685.68,3068685.68
2258,28,1,25,7,2023-12-20,1,2764993.35,2764993.35
2259,21,1,37,8,2024-09-19,2,1242826.16,2485652.32
2260,32,14,43,7,2023-04-26,1,2294464.26,2294464.26
2261,8,11,40,3,2024-12-05,1,578054.24,578054.24
2262,9,7,51,9,2023-04-10,2,1533619.12,3067238.24
2263,6,3,36,12,2022-04-04,1,2031217.75,2031217.75
2264,21,14,52,3,2023-02-14,1,1240798.85,1240798.85
2265,16,2,42,9,2025-02-07,1,433913.48,433913.48
2266,11,6,6,12,2024-10-06,1,4580267.63,4580267.63
2267,35,2,50,5,2023-02-15,1,2491037.32,2491037.32
2268,14,2,14,12,2022-11-27,1,1605583.16,1605583.16
2269,21,2,23,6,2025-10-04,1,1538035.93,1538035.93
2270,24,7,12,8,2023-12-26,1,3742639.96,3742639.96
2271,16,15,42,1,2024-03-08,1,690070.35,690070.35
2272,12,4,5,9,2022-08-23,1,4260312.28,4260312.28
2273,22,4,16,1,2025-02-18,1,1082104.05,1082104.05
2274,31,1,15,8,2022-12-24,1,3595788.55,3595788.55
2275,4,2,31,7,2024-03-01,1,1562999.59,1562999.59
2276,4,1,37,1,2022-12-23,1,1503547.33,1503547.33
2277,27,8,37,8,2022-12-24,1,2274365.09,2274365.09
2278,16,4,52,3,2024-09-04,1,748123.0,748123.0
2279,33,2,43,1,2025-06-29,1,3744431.06,3744431.06
2280,37,6,5,11,2025-03-16,1,4012826.62,4012826.62
2281,12,6,37,7,2024-04-11,2,3569066.63,7138133.26
2282,2,1,31,3,2025-05-17,1,4796738.32,4796738.32
2283,43,3,30,11,2025-11-25,1,1827638.36,1827638.36
2284,22,4,41,11,2025-07-16,1,1499348.59,1499348.59
2285,28,3,6,7,2024-02-22,1,4343739.5,4343739.5
2286,15,6,41,4,2023-04-23,2,1697588.44,3395176.88
2287,7,1,50,4,2024-02-14,1,1281749.9,1281749.9
2288,12,11,1,8,2022-01-03,1,1909553.01,1909553.01
2289,8,3,49,5,2024-04-01,1,948415.13,948415.13
2290,13,3,27,9,2024-02-29,1,650678.15,650678.15
2291,38,2,2,5,2023-03-28,3,2616385.78,7849157.34
2292,2,5,30,5,2022-08-14,3,3912940.22,11738820.66
2293,37,5,21,3,2025-11-23,1,4403223.48,4403223.48
2294,19,1,30,5,2023-02-27,1,823606.52,823606.52
2295,18,3,34,7,2025-02-20,1,1501786.56,1501786.56
2296,35,3,43,5,2023-09-04,1,3748915.76,3748915.76
2297,42,14,15,4,2023-06-12,2,1834909.41,3669818.82
2298,32,1,39,6,2025-05-29,1,4128353.19,4128353.19
2299,12,2,15,6,2023-07-07,2,3527870.86,7055741.72
2300,37,6,36,3,2023-04-05,1,2704019.55,2704019.55
2301,3,6,14,12,2025-10-02,1,572556.07,572556.07
2302,27,13,11,1,2022-01-17,1,4274585.31,4274585.31
2303,43,1,31,8,2024-09-07,1,4443892.35,4443892.35
2304,15,2,51,5,2023-11-21,1,4680221.88,4680221.88
2305,25,2,18,6,2023-09-16,1,3779889.43,3779889.43
2306,16,2,2,2,2025-11-28,1,421650.71,421650.71
2307,17,3,22,7,2024-08-23,1,525247.36,525247.36
2308,41,11,40,3,2022-05-21,1,3425874.93,3425874.93
2309,12,2,25,3,2022-05-29,1,2206919.87,2206919.87
2310,11,12,12,3,2024-04-14,1,2945824.45,2945824.45
2311,8,12,30,3,2023-06-27,1,813653.65,813653.65
2312,17,2,38,5,2025-11-20,1,631550.85,631550.85
2313,27,1,42,4,2025-12-20,1,3881949.88,3881949.88
2314,24,14,52,7,2025-08-17,1,1991630.3,1991630.3
2315,27,1,3,4,2023-04-13,2,2737438.15,5474876.3
2316,32,2,18,5,2023-11-21,1,2387208.91,2387208.91
2317,31,1,40,8,2022-01-20,1,4032431.2,4032431.2
2318,8,15,1,3,2023-03-26,1,570653.19,570653.19
2319,10,8,28,8,2024-01-18,1,3064213.77,3064213.77
2320,40,1,40,4,2024-10-02,2,1339182.45,2678364.9
2321,6,8,17,9,2023-10-05,2,3396152.27,6792304.54
2322,23,11,52,12,2022-02-03,2,2745902.35,5491804.7
2323,6,6,4,9,2022-04-30,2,2937941.08,5875882.16
2324,18,11,35,6,2022-07-28,1,3645984.56,3645984.56
2325,34,4,27,1,2025-05-15,1,2690375.22,2690375.22
2326,40,3,15,6,2024-06-21,1,2355247.05,2355247.05
2327,8,3,5,3,2023-10-11,1,816775.39,816775.39
2328,33,3,19,8,2024-11-04,1,2919789.34,2919789.34
2329,8,2,5,8,2022-07-24,1,621836.9,621836.9
2330,7,5,3,3,2023-12-11,1,1478845.08,1478845.08
2331,23,1,5,6,2022-04-12,1,4165883.64,4165883.64
2332,36,11,39,3,2022-08-01,1,1912038.86,1912038.86
2333,25,3,48,9,2022-08-13,1,2937283.65,2937283.65
2334,20,4,17,3,2025-02-15,1,1618711.77,1618711.77
2335,19,2,25,3,2023-06-18,1,1089670.11,1089670.11
2336,27,2,45,6,2023-02-05,1,4148749.05,4148749.05
2337,10,12,20,6,2024-11-28,1,2751005.34,2751005.34
2338,25,4,1,9,2025-06-11,1,4002406.93,4002406.93
2339,28,1,21,3,2025-10-28,1,3821732.25,3821732.25
2340,12,4,11,11,2025-05-09,1,3513725.76,3513725.76
2341,30,4,21,8,2022-11-24,1,2390530.54,2390530.54
2342,24,3,10,8,2024-01-26,1,937104.42,937104.42
2343,40,1,50,5,2022-03-28,1,2166591.68,2166591.68
2344,8,7,28,3,2025-09-30,1,653708.26,653708.26
2345,29,11,43,8,2023-01-04,1,478793.08,478793.08
2346,3,2,42,7,2023-02-24,1,591781.39,591781.39
2347,11,1,55,9,2025-12-13,2,2931333.47,5862666.94
2348,4,2,12,8,2024-02-02,1,1406602.83,1406602.83
2349,30,1,10,9,2025-01-17,2,2759339.62,5518679.24
2350,18,12,38,1,2024-11-25,1,2383346.78,2383346.78
2351,8,11,33,10,2024-10-16,1,888900.72,888900.72
2352,22,3,25,7,2023-08-01,1,1049919.25,1049919.25
2353,40,9,47,2,2023-08-30,1,3632444.11,3632444.11
2354,27,13,12,1,2023-01-10,1,1276318.54,1276318.54
2355,1,2,14,8,2022-08-19,1,3353654.93,3353654.93
2356,13,12,45,9,2022-07-04,1,666304.21,666304.21
2357,19,9,39,12,2023-07-23,1,1861645.45,1861645.45
2358,25,5,48,6,2022-04-27,1,2611863.51,2611863.51
2359,11,9,46,1,2022-01-12,1,2518284.97,2518284.97
2360,15,3,13,9,2022-01-08,1,1732549.42,1732549.42
2361,14,2,16,6,2022-01-04,1,788607.31,788607.31
2362,40,4,11,7,2025-03-02,1,4540419.01,4540419.01
2363,31,5,53,6,2024-06-12,1,1152515.21,1152515.21
2364,40,5,33,7,2024-02-29,1,6338274.65,6338274.65
2365,27,11,48,1,2023-11-20,1,4276247.23,4276247.23
2366,37,9,12,5,2022-08-03,2,6645495.97,13290991.94
2367,12,1,13,3,2024-11-01,2,2940326.12,5880652.24
2368,10,1,33,8,2023-04-04,1,2580934.14,2580934.14
2369,15,8,31,4,2024-09-14,1,1691122.14,1691122.14
2370,6,8,11,1,2025-01-07,1,1275245.24,1275245.24
2371,22,2,9,6,2024-06-29,1,1779031.87,1779031.87
2372,41,7,38,5,2024-12-28,2,1478498.24,2956996.48
2373,23,2,46,9,2022-11-05,1,2096557.92,2096557.92
2374,16,5,40,9,2025-03-23,1,645702.19,645702.19
2375,34,3,37,10,2023-04-03,1,1377551.19,1377551.19
2376,27,4,9,6,2025-05-29,1,3286002.36,3286002.36
2377,2,10,38,12,2023-09-16,1,1983780.73,1983780.73
2378,4,4,36,8,2024-07-25,1,1181660.03,1181660.03
2379,14,3,37,3,2023-07-19,1,1520071.6,1520071.6
2380,6,11,8,5,2023-05-12,1,2423435.76,2423435.76
2381,13,3,38,6,2022-11-10,2,655025.91,1310051.82
2382,14,6,1,4,2023-11-02,1,1650147.2,1650147.2
2383,17,1,12,3,2023-06-02,1,501715.73,501715.73
2384,15,5,36,3,2025-09-25,1,1345135.17,1345135.17
2385,33,11,40,7,2024-08-28,1,1990247.72,1990247.72
2386,12,5,16,1,2024-07-04,3,4097759.14,12293277.42
2387,32,2,47,5,2025-10-22,1,4634161.83,4634161.83
2388,25,6,23,5,2022-07-18,1,3816077.24,3816077.24
2389,24,4,55,10,2023-08-26,1,3942683.4,3942683.4
2390,18,4,2,7,2024-12-23,1,2616375.8,2616375.8
2391,18,1,28,5,2024-11-09,1,2860321.06,2860321.06
2392,7,4,28,6,2024-03-31,1,3971671.73,3971671.73
2393,34,1,50,2,2023-10-25,1,2293865.08,2293865.08
2394,26,3,12,3,2023-01-06,1,2258802.67,2258802.67
2395,7,13,19,5,2022-03-02,1,1096917.86,1096917.86
2396,12,3,51,4,2025-05-08,2,2003364.76,4006729.52
2397,11,11,35,3,2022-01-13,1,2538030.18,2538030.18
2398,20,3,7,3,2025-05-05,1,1240640.95,1240640.95
2399,4,6,5,11,2024-08-25,1,1515124.55,1515124.55
2400,11,14,28,8,2025-01-02,1,3865641.65,3865641.65
2401,27,5,21,6,2024-10-23,1,3687688.22,3687688.22
2402,36,5,40,1,2022-05-17,1,1147299.28,1147299.28
2403,4,6,39,1,2024-07-06,1,1707860.64,1707860.64
2404,19,3,50,2,2024-06-16,1,1270408.95,1270408.95
2405,37,3,55,6,2023-12-31,2,5340413.12,10680826.24
2406,28,2,39,3,2024-11-11,1,4654534.02,4654534.02
2407,11,1,45,3,2025-08-12,1,1324893.71,1324893.71
2408,22,13,33,6,2022-12-25,1,1474603.32,1474603.32
2409,24,5,19,9,2024-06-09,1,2280461.5,2280461.5
2410,9,1,27,4,2025-09-15,1,2192666.54,2192666.54
2411,11,11,4,1,2025-03-02,1,2112095.13,2112095.13
2412,36,2,25,6,2024-09-08,1,1655699.69,1655699.69
2413,18,11,5,12,2023-04-05,1,1981736.67,1981736.67
2414,11,5,41,8,2023-06-21,1,2378668.92,2378668.92
2415,42,5,45,1,2022-04-09,1,1290720.67,1290720.67
2416,22,5,15,9,2025-11-01,1,1418858.36,1418858.36
2417,9,3,19,3,2023-08-27,1,2225873.68,2225873.68
2418,17,5,54,7,2024-07-26,1,659954.06,659954.06
2419,25,12,32,4,2025-12-25,1,2299712.08,2299712.08
2420,31,1,12,2,2024-06-22,1,1417088.85,1417088.85
2421,30,6,41,9,2025-10-15,1,2575020.24,2575020.24
2422,1,3,60,4,2022-07-22,1,2014214.94,2014214.94
2423,32,4,34,12,2023-01-09,1,4141041.94,4141041.94
2424,26,9,8,8,2025-03-29,1,1475400.92,1475400.92
2425,12,5,22,6,2022-02-16,1,4600824.45,4600824.45
2426,30,14,41,9,2022-08-04,2,3160712.55,6321425.1
2427,18,2,28,6,2023-03-29,1,2641717.0,2641717.0
2428,34,6,35,8,2024-08-09,1,2291703.37,2291703.37
2429,41,3,26,1,2022-09-06,1,1012785.98,1012785.98
2430,7,1,35,2,2025-03-20,1,2238304.04,2238304.04
2431,43,3,47,5,2025-03-21,1,2382858.03,2382858.03
2432,4,11,46,2,2023-08-04,1,1284230.67,1284230.67
2433,15,8,5,10,2025-11-28,1,4596649.22,4596649.22
2434,22,1,14,7,2024-11-09,1,1003543.91,1003543.91
2435,17,11,1,7,2025-01-20,1,485924.7,485924.7
2436,14,15,41,11,2024-07-11,1,1744256.47,1744256.47
2437,27,3,38,6,2023-01-16,1,1175753.54,1175753.54
2438,15,3,44,7,2025-09-13,1,4221269.02,4221269.02
2439,8,4,55,3,2025-05-02,1,739938.63,739938.63
2440,18,1,19,3,2022-06-18,1,3269812.05,3269812.05
2441,16,7,3,10,2025-06-30,1,489308.08,489308.08
2442,43,6,35,9,2025-07-24,2,3085775.53,6171551.06
2443,39,15,3,3,2025-02-21,1,2547050.6,2547050.6
2444,23,1,27,3,2022-10-03,3,1430951.49,4292854.47
2445,21,6,34,8,2023-04-16,1,893962.8,893962.8
2446,25,5,3,5,2024-04-03,2,3551777.95,7103555.9
2447,12,12,45,10,2025-03-12,2,3721060.25,7442120.5
2448,9,2,30,8,2023-10-18,1,1896110.0,1896110.0
2449,15,11,48,10,2022-10-06,1,4497456.37,4497456.37
2450,7,6,36,11,2022-09-03,1,2359437.61,2359437.61
2451,32,11,50,9,2023-02-20,1,3988485.74,3988485.74
2452,14,5,32,3,2024-08-20,1,975545.6,975545.6
2453,18,2,26,3,2024-08-30,2,3208884.93,6417769.86
2454,19,8,40,10,2025-07-28,1,2228274.16,2228274.16
2455,42,1,11,12,2023-06-21,1,1085902.42,1085902.42
2456,5,2,3,8,2023-12-31,2,10355534.43,20711068.86
2457,8,1,32,7,2024-11-25,1,631408.87,631408.87
2458,12,6,20,1,2025-07-23,1,2935306.71,2935306.71
2459,39,14,47,8,2024-08-30,1,1466887.43,1466887.43
2460,8,13,12,3,2022-06-10,1,686344.37,686344.37
2461,43,2,54,10,2025-08-15,1,4815859.65,4815859.65
2462,28,5,3,3,2024-02-23,1,1512112.82,1512112.82
2463,22,1,35,5,2025-11-23,1,876701.5,876701.5
2464,4,1,51,3,2024-04-28,1,1722963.78,1722963.78
2465,29,3,2,1,2024-08-10,1,447317.86,447317.86
2466,20,4,52,6,2022-01-26,1,2202814.56,2202814.56
2467,2,1,3,7,2025-12-02,1,2775427.25,2775427.25
2468,30,3,8,1,2023-06-04,1,2612388.58,2612388.58
2469,14,9,32,1,2022-12-09,1,1799966.97,1799966.97
2470,43,4,27,1,2022-10-24,1,1295300.53,1295300.53
2471,31,12,10,1,2024-03-24,1,2106608.47,2106608.47
2472,1,5,10,11,2025-09-22,1,2066588.51,2066588.51
2473,29,11,31,9,2024-02-09,1,639432.05,639432.05
2474,26,6,7,3,2022-09-25,1,1469598.44,1469598.44
2475,19,11,2,12,2023-12-08,1,944923.8,944923.8
2476,15,1,37,7,2023-10-17,1,3173141.36,3173141.36
2477,23,11,26,12,2025-05-27,1,4633302.51,4633302.51
2478,37,10,33,7,2022-09-17,1,2656164.55,2656164.55
2479,11,1,20,6,2022-02-18,1,2313849.25,2313849.25
2480,21,5,37,1,2022-03-08,1,1049172.74,1049172.74
2481,20,1,4,5,2024-12-19,1,3479547.98,3479547.98
2482,31,6,9,9,2023-10-30,1,4791823.41,4791823.41
2483,13,4,33,3,2023-04-04,1,576704.22,576704.22
2484,25,4,55,1,2022-05-16,1,2615161.0,2615161.0
2485,43,7,1,4,2023-03-03,1,1891022.76,1891022.76
2486,1,3,48,8,2024-04-05,1,876298.37,876298.37
2487,19,1,50,8,2022-07-04,1,1825301.72,1825301.72
2488,7,1,55,1,2025-03-08,1,1641125.03,1641125.03
2489,30,1,30,8,2025-04-06,1,3200838.95,3200838.95
2490,27,4,3,5,2025-01-14,1,4518690.33,4518690.33
2491,33,11,55,9,2025-01-26,1,2015607.56,2015607.56
2492,18,1,39,9,2025-04-22,1,4049916.54,4049916.54
2493,21,1,54,3,2024-07-01,1,1597999.28,1597999.28
2494,6,3,36,7,2024-10-01,2,1405135.24,2810270.48
2495,10,1,21,8,2023-07-23,1,2671317.35,2671317.35
2496,17,14,17,3,2024-04-08,1,409552.83,409552.83
2497,8,1,47,1,2022-10-13,1,534054.7,534054.7
2498,23,13,33,6,2023-08-15,1,1252820.79,1252820.79
2499,42,1,33,9,2023-10-28,2,1037065.19,2074130.38
2500,19,15,11,11,2023-04-01,1,2160333.35,2160333.35
2501,15,1,50,6,2022-10-13,1,2813913.33,2813913.33
2502,15,13,51,7,2025-10-02,1,3210493.02,3210493.02
2503,4,2,4,1,2025-02-24,1,1361776.55,1361776.55
2504,12,1,12,3,2022-09-18,1,1375862.55,1375862.55
2505,24,1,2,7,2023-06-26,1,4836483.1,4836483.1
2506,40,9,21,3,2023-06-14,1,5497520.74,5497520.74
2507,14,3,10,12,2024-05-08,3,1572844.04,4718532.12
2508,43,11,40,1,2023-04-30,1,4862044.68,4862044.68
2509,1,6,47,4,2023-12-18,1,2647116.17,2647116.17
2510,18,2,49,1,2024-07-28,1,2355592.89,2355592.89
2511,9,3,52,5,2023-12-21,1,1808788.99,1808788.99
2512,32,2,40,9,2024-04-17,2,4787778.45,9575556.9
2513,35,2,31,6,2022-06-14,2,2518804.17,5037608.34
2514,27,3,7,8,2023-09-14,1,3091083.35,3091083.35
2515,20,1,18,8,2023-09-22,1,2912038.57,2912038.57
2516,4,9,8,3,2023-11-20,2,1498664.02,2997328.04
2517,18,3,37,8,2022-02-05,1,1561750.14,1561750.14
2518,42,2,50,2,2025-10-05,1,1711100.75,1711100.75
2519,20,5,1,9,2024-05-28,1,1714038.4,1714038.4
2520,11,10,33,8,2022-05-13,1,1715474.28,1715474.28
2521,22,5,26,3,2022-02-07,1,1088863.53,1088863.53
2522,15,1,53,9,2023-09-29,1,1319813.24,1319813.24
2523,10,8,2,2,2024-04-02,1,3967533.6,3967533.6
2524,3,4,16,6,2022-07-25,2,684102.5,1368205.0
2525,29,1,11,1,2025-05-02,1,661335.71,661335.71
2526,34,1,18,1,2022-01-28,2,3259957.35,6519914.7
2527,11,1,45,6,2022-07-22,1,4410251.23,4410251.23
2528,25,4,7,9,2024-03-05,1,2400221.22,2400221.22
2529,37,3,49,12,2025-04-06,3,2094466.56,6283399.68
2530,35,3,1,7,2022-06-07,1,3261704.3,3261704.3
2531,10,5,2,6,2022-12-07,1,3141614.73,3141614.73
2532,28,1,30,7,2022-04-26,1,4098645.61,4098645.61
2533,29,1,45,6,2025-06-14,2,596240.53,1192481.06
2534,19,2,49,6,2024-02-26,1,2237490.14,2237490.14
2535,12,2,15,1,2024-05-08,1,2704064.23,2704064.23
2536,24,2,1,7,2025-01-29,2,1291918.62,2583837.24
2537,16,5,42,3,2023-08-24,2,523708.03,1047416.06
2538,10,3,53,2,2025-04-13,1,4015893.9,4015893.9
2539,2,9,55,6,2024-03-26,1,4954115.61,4954115.61
2540,27,7,28,7,2022-08-31,1,918842.88,918842.88
2541,12,3,10,1,2022-04-23,2,4078985.33,8157970.66
2542,30,11,1,6,2022-01-20,2,4000881.87,8001763.74
2543,11,14,50,3,2023-03-10,3,2254057.16,6762171.48
2544,28,5,55,3,2022-05-16,2,3253815.92,6507631.84
2545,11,9,52,1,2022-02-01,2,879700.42,1759400.84
2546,14,3,31,8,2025-01-31,1,999071.3,999071.3
2547,43,11,40,9,2023-04-22,1,4161899.07,4161899.07
2548,14,1,49,3,2024-10-18,1,839776.08,839776.08
2549,31,11,55,11,2023-10-18,1,1537234.28,1537234.28
2550,23,12,50,1,2024-07-08,1,2186273.08,2186273.08
2551,39,2,37,6,2022-07-21,1,2221129.3,2221129.3
2552,15,13,43,8,2024-08-03,1,1996418.49,1996418.49
2553,9,3,49,8,2024-01-28,1,2275816.3,2275816.3
2554,31,1,29,1,2024-08-01,1,2643094.61,2643094.61
2555,10,3,49,7,2024-12-24,1,4171652.51,4171652.51
2556,30,2,20,12,2023-01-16,1,2644778.21,2644778.21
2557,13,11,43,3,2022-04-13,1,495569.56,495569.56
2558,9,9,26,12,2024-07-12,1,1343395.3,1343395.3
2559,9,1,17,2,2024-07-01,1,1913606.54,1913606.54
2560,27,4,54,8,2025-01-28,1,2309227.5,2309227.5
2561,17,6,34,5,2024-10-29,1,546994.95,546994.95
2562,26,1,34,12,2025-04-26,1,2155796.57,2155796.57
2563,28,10,17,1,2022-02-22,1,1527574.37,1527574.37
2564,28,1,27,8,2023-11-02,1,4512928.72,4512928.72
2565,19,3,48,4,2024-07-11,1,2437141.49,2437141.49
2566,4,4,23,3,2024-06-12,1,1221058.97,1221058.97
2567,35,2,17,2,2023-01-06,2,3072526.29,6145052.58
2568,20,1,12,1,2022-10-25,1,4481054.48,4481054.48
2569,6,12,8,12,2022-08-07,1,2314265.39,2314265.39
2570,18,6,8,3,2025-02-05,1,910496.54,910496.54
2571,17,2,28,11,2022-01-17,1,595181.55,595181.55
2572,11,1,27,12,2025-03-10,1,4167416.61,4167416.61
2573,33,12,26,3,2022-06-08,3,838710.19,2516130.57
2574,4,4,49,1,2023-03-19,2,1301003.9,2602007.8
2575,33,4,22,7,2022-03-09,2,1080963.39,2161926.78
2576,13,11,18,5,2023-04-04,1,547442.8,547442.8
2577,35,5,28,12,2025-02-11,1,4129961.26,4129961.26
2578,1,9,21,3,2022-11-17,1,1622481.88,1622481.88
2579,26,3,15,8,2023-04-06,3,2870102.66,8610307.98
2580,7,4,6,3,2025-03-18,3,4487550.73,13462652.19
2581,7,1,37,9,2022-05-02,1,2955219.26,2955219.26
2582,7,3,11,6,2022-12-07,1,3164835.51,3164835.51
2583,14,2,38,5,2024-07-16,1,1863701.22,1863701.22
2584,29,3,48,6,2024-01-15,1,610358.09,610358.09
2585,31,1,46,10,2025-03-03,1,4395193.91,4395193.91
2586,41,2,24,8,2023-09-05,1,4709324.22,4709324.22
2587,37,2,3,6,2022-12-22,1,2559821.05,2559821.05
2588,15,1,23,1,2022-11-12,1,1714591.54,1714591.54
2589,38,15,47,3,2025-10-30,1,4157817.87,4157817.87
2590,11,5,45,8,2025-07-01,1,2412726.19,2412726.19
2591,10,2,26,10,2025-04-27,1,4036349.85,4036349.85
2592,18,3,35,12,2023-04-18,1,744117.4,744117.4
2593,7,9,38,1,2023-11-14,1,5128379.19,5128379.19
2594,17,6,8,2,2024-10-13,1,720786.03,720786.03
2595,6,2,1,5,2025-05-04,1,2301928.48,2301928.48
2596,32,2,40,12,2022-07-20,1,1984127.34,1984127.34
2597,25,7,24,3,2024-03-31,1,1395552.31,1395552.31
2598,7,4,55,6,2024-03-27,2,3131091.24,6262182.48
2599,12,7,28,2,2023-04-14,2,1221114.97,2442229.94
2600,2,9,18,4,2022-10-12,1,3224694.34,3224694.34
2601,28,3,47,8,2022-07-25,1,4187903.16,4187903.16
2602,25,11,29,6,2025-04-25,1,1129312.14,1129312.14
2603,19,15,48,3,2022-09-26,1,1048814.43,1048814.43
2604,8,8,52,7,2025-12-05,1,552068.06,552068.06
2605,32,14,35,6,2022-03-26,1,3305051.25,3305051.25
2606,18,2,16,8,2025-04-21,1,2831377.69,2831377.69
2607,25,3,4,3,2024-08-14,1,2722037.92,2722037.92
2608,29,2,22,7,2024-01-06,2,670188.7,1340377.4
2609,30,5,21,7,2025-12-26,1,2831560.23,2831560.23
2610,8,5,9,7,2022-12-11,1,867023.21,867023.21
2611,39,3,51,6,2022-12-12,1,4389412.59,4389412.59
2612,9,1,47,8,2025-07-25,1,2500331.04,2500331.04
2613,17,4,13,6,2023-05-31,3,667333.43,2002000.29
2614,37,14,16,10,2022-06-28,1,4857750.31,4857750.31
2615,13,10,42,5,2022-12-15,1,702627.12,702627.12
2616,18,2,22,9,2022-04-18,1,1167481.66,1167481.66
2617,41,1,42,1,2023-04-20,1,2564200.89,2564200.89
2618,26,5,49,3,2025-06-22,1,921375.32,921375.32
2619,9,1,15,5,2022-01-12,1,1322747.29,1322747.29
2620,28,5,43,1,2024-03-30,1,2475086.13,2475086.13
2621,13,4,31,12,2022-09-23,1,511290.7,511290.7
2622,17,13,37,4,2024-08-06,1,476365.61,476365.61
2623,9,11,55,3,2022-08-16,1,1507132.97,1507132.97
2624,10,3,51,7,2023-08-03,1,4278625.95,4278625.95
2625,29,13,25,4,2023-08-13,1,782286.1,782286.1
2626,7,4,25,6,2024-09-03,1,4723208.86,4723208.86
2627,41,4,51,3,2023-08-22,1,4930672.47,4930672.47
2628,9,12,31,4,2025-02-01,1,2674832.65,2674832.65
2629,43,6,20,7,2022-03-26,1,4788151.06,4788151.06
2630,37,3,5,8,2023-12-09,1,2834918.13,2834918.13
2631,15,5,49,12,2022-12-05,1,1731131.85,1731131.85
2632,13,3,27,6,2022-03-26,1,687183.09,687183.09
2633,13,4,5,7,2022-01-07,1,658862.96,658862.96
2634,25,6,48,11,2022-10-19,2,1558384.86,3116769.72
2635,32,6,32,9,2025-07-24,1,2839162.4,2839162.4
2636,17,5,17,3,2024-07-25,1,432208.91,432208.91
2637,3,9,55,4,2024-05-01,1,729980.13,729980.13
2638,12,7,15,5,2022-05-18,1,2412023.26,2412023.26
2639,16,5,48,7,2022-03-10,1,504218.02,504218.02
2640,40,7,8,1,2022-03-25,1,2156224.74,2156224.74
2641,27,2,27,8,2024-05-27,1,4100618.22,4100618.22
2642,2,2,28,6,2023-05-19,1,4569555.99,4569555.99
2643,11,6,26,6,2022-09-04,1,2379851.01,2379851.01
2644,23,4,31,10,2025-08-08,1,1432052.03,1432052.03
2645,13,5,33,5,2023-03-23,1,499038.97,499038.97
2646,20,11,49,3,2024-04-29,1,2271503.72,2271503.72
2647,10,5,55,6,2024-09-13,1,3782312.87,3782312.87
2648,43,11,55,1,2025-10-05,1,1093544.37,1093544.37
2649,24,4,55,6,2025-12-04,1,1424039.71,1424039.71
2650,23,1,12,9,2022-05-23,1,2513993.98,2513993.98
2651,17,6,31,3,2025-04-03,2,456674.91,913349.82
2652,25,6,37,9,2022-11-24,1,3455082.98,3455082.98
2653,24,12,52,3,2022-07-05,1,2545265.43,2545265.43
2654,19,4,40,3,2024-04-09,1,2373658.42,2373658.42
2655,25,7,43,3,2022-06-28,1,1314438.78,1314438.78
2656,28,7,45,1,2023-08-02,1,1765089.04,1765089.04
2657,15,4,39,3,2025-06-17,3,3280263.91,9840791.73
2658,15,3,34,3,2023-07-11,1,3167092.4,3167092.4
2659,11,2,52,1,2022-10-28,1,4384917.91,4384917.91
2660,28,8,31,6,2022-01-12,1,4039909.64,4039909.64
2661,16,6,22,9,2024-12-16,1,532575.57,532575.57
2662,31,3,50,6,2025-09-09,1,4628641.92,4628641.92
2663,8,3,29,8,2022-08-23,1,894836.88,894836.88
2664,20,4,29,9,2023-02-21,3,4799911.82,14399735.46
2665,2,6,55,1,2022-11-23,1,3462346.55,3462346.55
2666,22,2,19,9,2022-03-03,1,1474320.73,1474320.73
2667,1,5,37,3,2025-08-17,1,1345029.11,1345029.11
2668,19,5,38,7,2025-05-13,1,1281293.24,1281293.24
2669,37,11,9,1,2022-03-09,1,3386116.52,3386116.52
2670,22,1,49,8,2024-05-12,1,1760404.83,1760404.83
2671,10,2,39,5,2025-08-26,1,4368593.45,4368593.45
2672,9,7,1,1,2022-01-23,3,1476757.32,4430271.96
2673,30,6,43,9,2023-03-17,1,1939679.1,1939679.1
2674,17,13,30,4,2022-01-19,1,405508.99,405508.99
2675,9,3,46,1,2025-06-03,1,2566571.36,2566571.36
2676,16,13,25,4,2025-11-17,1,668791.58,668791.58
2677,31,10,18,7,2023-05-13,1,3788979.37,3788979.37
2678,37,12,10,2,2025-03-13,1,5877086.72,5877086.72
2679,19,2,27,3,2023-02-09,1,1662286.18,1662286.18
2680,41,3,50,7,2024-12-19,1,1984845.61,1984845.61
2681,25,5,55,9,2022-04-14,1,1214657.4,1214657.4
2682,9,14,9,1,2024-05-03,1,1927288.24,1927288.24
2683,17,5,13,10,2024-02-12,2,741645.33,1483290.66
2684,26,6,38,10,2025-05-20,2,2791371.82,5582743.64
2685,32,3,31,9,2024-03-29,1,3892056.19,3892056.19
2686,24,6,50,5,2023-09-09,1,2726917.97,2726917.97
2687,7,5,17,10,2023-05-21,1,2305234.93,2305234.93
2688,6,2,6,3,2022-09-16,1,1661649.54,1661649.54
2689,17,2,43,7,2024-03-27,2,409325.76,818651.52
2690,8,1,48,7,2023-04-10,1,789272.88,789272.88
2691,35,5,8,1,2024-11-23,1,4159387.61,4159387.61
2692,20,5,38,7,2024-06-09,1,1533972.66,1533972.66
2693,27,2,45,2,2022-01-24,1,4081922.72,4081922.72
2694,15,1,22,9,2022-03-05,1,4975535.76,4975535.76
2695,24,6,40,11,2025-02-18,1,2809053.14,2809053.14
2696,38,5,50,6,2022-03-11,2,2510762.59,5021525.18
2697,27,1,31,7,2023-05-19,1,4177189.63,4177189.63
2698,26,3,28,6,2024-09-10,1,758218.73,758218.73
2699,8,6,55,9,2023-09-27,2,856123.97,1712247.94
2700,12,1,15,12,2025-09-06,1,4422135.59,4422135.59
2701,10,3,32,6,2023-02-07,1,3731358.24,3731358.24
2702,27,3,6,8,2025-09-20,3,1126439.11,3379317.33
2703,9,11,38,7,2022-05-26,1,1131257.48,1131257.48
2704,25,4,47,3,2023-08-25,1,2572461.98,2572461.98
2705,35,2,50,3,2024-06-02,1,2015632.15,2015632.15
2706,2,12,21,12,2022-01-11,1,3956674.74,3956674.74
2707,28,10,51,6,2022-03-11,1,2671836.0,2671836.0
2708,42,15,45,3,2025-09-08,2,1748240.73,3496481.46
2709,9,2,17,1,2022-05-31,1,1950164.11,1950164.11
2710,24,3,47,8,2022-07-15,1,2286039.41,2286039.41
2711,14,8,43,4,2025-05-18,1,1699618.82,1699618.82
2712,27,4,4,3,2025-04-18,1,4428239.82,4428239.82
2713,12,3,8,6,2022-02-07,1,3999275.19,3999275.19
2714,43,8,6,8,2022-02-19,2,2115581.45,4231162.9
2715,28,2,47,1,2024-11-18,1,3131493.47,3131493.47
2716,34,2,48,1,2024-06-29,1,2994943.18,2994943.18
2717,23,2,6,12,2024-02-22,1,930661.63,930661.63
2718,13,12,22,8,2022-09-28,1,646335.66,646335.66
2719,10,4,2,6,2024-11-04,1,4451093.83,4451093.83
2720,31,5,36,6,2022-03-29,1,4370147.45,4370147.45
2721,25,1,6,6,2025-11-19,1,904207.35,904207.35
2722,42,2,10,8,2024-02-15,1,1982661.59,1982661.59
2723,7,3,11,8,2023-05-09,1,2699106.4,2699106.4
2724,9,3,30,8,2025-10-08,1,1254645.87,1254645.87
2725,8,4,31,11,2024-01-15,1,651802.22,651802.22
2726,29,14,35,7,2025-10-22,1,531979.82,531979.82
2727,39,9,48,1,2025-06-18,1,4524278.02,4524278.02
2728,24,4,52,5,2024-04-15,1,3790104.95,3790104.95
2729,7,7,1,4,2022-01-28,1,3052261.86,3052261.86
2730,8,3,32,8,2024-07-07,1,683894.32,683894.32
2731,1,1,4,5,2022-03-27,1,4155343.23,4155343.23
2732,17,3,34,9,2022-06-29,1,483570.15,483570.15
2733,27,6,1,9,2025-04-16,1,2510350.37,2510350.37
2734,3,11,2,2,2023-11-25,1,489846.66,489846.66
2735,16,2,42,9,2024-03-14,1,564697.27,564697.27
2736,3,1,30,4,2024-10-06,1,688822.71,688822.71
2737,27,6,3,4,2025-02-14,1,1844406.33,1844406.33
2738,41,3,8,6,2025-07-15,1,2209930.54,2209930.54
2739,24,3,14,3,2023-08-03,1,3746694.43,3746694.43
2740,31,12,44,5,2022-09-10,1,2540878.54,2540878.54
2741,20,3,52,5,2024-05-10,1,2960610.51,2960610.51
2742,35,4,41,3,2024-05-13,1,2012142.28,2012142.28
2743,38,3,24,6,2022-02-25,1,2532847.46,2532847.46
2744,5,1,47,7,2022-07-04,1,10923995.84,10923995.84
2745,18,1,37,1,2022-09-22,1,3413847.81,3413847.81
2746,9,6,37,3,2025-12-24,1,1558345.66,1558345.66
2747,12,7,30,6,2023-10-16,1,3679601.66,3679601.66
2748,7,6,37,6,2024-06-09,1,5627198.4,5627198.4
2749,41,3,22,5,2022-09-10,1,5119078.59,5119078.59
2750,24,6,43,6,2024-03-21,1,1647776.69,1647776.69
2751,23,1,16,12,2025-11-22,1,908146.38,908146.38
2752,20,2,42,1,2023-01-16,1,3942939.71,3942939.71
2753,9,2,53,2,2025-12-17,1,2058511.27,2058511.27
2754,20,5,19,3,2023-01-17,1,4172282.69,4172282.69
2755,37,9,52,10,2024-07-31,1,6409374.37,6409374.37
2756,16,2,16,7,2024-12-31,1,703691.72,703691.72
2757,27,2,17,7,2022-01-01,1,1023167.27,1023167.27
2758,4,11,19,2,2023-09-01,1,1378532.07,1378532.07
2759,20,2,52,7,2023-11-10,1,1193881.31,1193881.31
2760,36,3,4,10,2024-06-25,1,1599870.09,1599870.09
2761,14,1,15,2,2022-01-08,1,1391495.08,1391495.08
2762,29,2,12,8,2024-06-04,1,568317.53,568317.53
2763,43,1,30,3,2022-06-04,1,4282138.57,4282138.57
2764,18,1,20,8,2022-02-27,1,3137501.97,3137501.97
2765,39,3,52,1,2025-06-12,1,2682805.84,2682805.84
2766,14,1,47,9,2025-08-04,1,1455610.2,1455610.2
2767,19,1,2,7,2024-06-08,1,2020781.64,2020781.64
2768,19,4,24,6,2022-01-05,1,2107224.41,2107224.41
2769,35,11,26,3,2024-11-07,1,2471743.45,2471743.45
2770,15,3,17,11,2022-05-26,1,4460830.78,4460830.78
2771,13,4,7,6,2023-03-22,1,650674.25,650674.25
2772,43,4,35,8,2025-05-10,1,4165070.81,4165070.81
2773,32,5,48,7,2023-10-08,2,1941062.07,3882124.14
2774,1,6,27,8,2024-06-12,1,1843753.89,1843753.89
2775,13,15,25,1,2022-07-26,1,518183.65,518183.65
2776,8,12,5,7,2022-08-02,1,758060.16,758060.16
2777,15,2,45,1,2025-11-03,2,2116918.96,4233837.92
2778,30,1,38,12,2025-12-11,2,4565891.1,9131782.2
2779,40,13,26,8,2024-10-29,1,3047460.41,3047460.41
2780,4,1,14,6,2025-08-09,1,1264731.0,1264731.0
2781,23,5,5,5,2022-04-12,1,2846130.99,2846130.99
2782,16,7,42,4,2023-09-19,1,426241.6,426241.6
2783,19,15,26,1,2024-05-27,1,2485016.55,2485016.55
2784,26,2,16,12,2025-06-25,1,2712987.55,2712987.55
2785,36,11,35,1,2022-10-16,1,1832324.18,1832324.18
2786,16,3,47,6,2024-11-03,1,445877.04,445877.04
2787,13,14,49,8,2024-10-07,2,671957.29,1343914.58
2788,43,2,25,6,2023-11-23,1,1767445.07,1767445.07
2789,33,2,5,5,2024-11-09,2,3734055.72,7468111.44
2790,5,13,52,9,2023-02-18,1,8583744.79,8583744.79
2791,10,4,15,9,2024-08-20,1,3059569.44,3059569.44
2792,37,14,3,9,2023-09-03,1,5331341.49,5331341.49
2793,33,5,12,1,2022-04-10,2,1763928.44,3527856.88
2794,30,10,5,3,2025-09-30,3,1667012.53,5001037.59
2795,25,1,39,6,2025-03-25,1,2812344.5,2812344.5
2796,37,15,8,3,2024-03-08,1,1978091.43,1978091.43
2797,26,13,23,8,2024-02-13,1,2571926.69,2571926.69
2798,30,15,21,6,2025-08-01,3,2686452.24,8059356.72
2799,41,12,41,8,2022-04-03,1,3504285.11,3504285.11
2800,8,8,10,7,2022-04-01,1,954949.5,954949.5
2801,33,5,9,4,2023-07-29,1,4321149.25,4321149.25
2802,26,11,15,1,2024-06-20,1,3764256.61,3764256.61
2803,27,4,8,7,2022-05-17,1,2674672.44,2674672.44
2804,21,12,11,3,2024-10-22,1,1284686.47,1284686.47
2805,29,6,45,6,2023-07-21,1,735162.28,735162.28
2806,7,10,28,1,2025-08-09,1,3115099.43,3115099.43
2807,16,9,27,9,2023-08-23,1,593471.39,593471.39
2808,40,4,25,5,2025-04-24,1,2514057.79,2514057.79
2809,11,1,52,6,2022-07-04,2,4595265.97,9190531.94
2810,19,1,24,9,2025-02-27,1,1666116.17,1666116.17
2811,14,1,10,3,2024-07-31,1,1454400.46,1454400.46
2812,29,4,38,1,2022-11-07,1,503457.3,503457.3
2813,11,1,49,12,2023-10-10,1,3479118.02,3479118.02
2814,37,4,36,3,2024-08-12,1,5242773.25,5242773.25
2815,43,1,27,6,2022-11-24,1,3627789.53,3627789.53
2816,11,1,4,6,2023-09-12,1,2837621.68,2837621.68
2817,16,6,53,6,2024-11-14,1,749115.98,749115.98
2818,10,1,6,3,2025-04-30,1,2044554.72,2044554.72
2819,17,6,2,7,2023-11-15,1,437496.33,437496.33
2820,23,13,35,6,2024-03-03,1,4165630.12,4165630.12
2821,35,10,2,7,2024-09-27,1,3828080.43,3828080.43
2822,1,11,8,1,2025-04-15,1,2286622.87,2286622.87
2823,7,5,39,10,2023-04-04,1,3412479.72,3412479.72
2824,13,11,39,10,2022-04-05,1,757666.77,757666.77
2825,12,3,27,9,2023-04-07,1,2037344.71,2037344.71
2826,43,4,29,3,2022-07-27,1,1853281.6,1853281.6
2827,31,12,22,4,2022-03-29,1,4367801.34,4367801.34
2828,28,12,42,1,2024-09-06,1,3828255.74,3828255.74
2829,26,5,18,3,2023-09-30,1,3087373.2,3087373.2
2830,16,15,20,9,2022-04-16,1,579452.15,579452.15
2831,27,13,51,4,2022-04-11,1,3571166.34,3571166.34
2832,10,3,53,11,2024-12-29,1,3401411.18,3401411.18
2833,30,12,35,1,2023-09-12,1,3030190.58,3030190.58
2834,26,2,37,8,2022-02-20,1,1985187.86,1985187.86
2835,39,4,20,8,2022-05-16,1,4907980.35,4907980.35
2836,18,4,33,7,2022-09-01,1,3842313.65,3842313.65
2837,15,8,46,7,2025-09-18,1,4871825.22,4871825.22
2838,18,5,46,1,2025-03-02,1,1067853.75,1067853.75
2839,34,7,11,12,2023-04-10,1,2127592.84,2127592.84
2840,11,15,36,4,2023-06-05,1,2005833.73,2005833.73
2841,23,1,14,4,2024-02-27,1,3253127.25,3253127.25
2842,35,8,41,6,2025-01-20,1,3540620.67,3540620.67
2843,13,2,40,2,2022-05-11,1,499472.87,499472.87
2844,18,12,43,1,2025-03-02,2,1841111.46,3682222.92
2845,23,12,51,8,2023-07-15,2,3507308.86,7014617.72
2846,27,7,36,3,2024-09-24,2,2345636.65,4691273.3
2847,33,1,9,6,2023-08-15,1,1836892.72,1836892.72
2848,27,10,10,5,2025-07-23,3,4720443.15,14161329.45
2849,15,8,46,9,2022-08-27,1,4821141.06,4821141.06
2850,24,4,25,12,2024-04-27,1,1622918.49,1622918.49
2851,18,3,16,3,2022-03-07,1,979605.21,979605.21
2852,8,7,18,7,2025-01-19,1,894432.82,894432.82
2853,2,4,15,10,2024-09-26,1,4570453.39,4570453.39
2854,15,12,21,3,2023-09-16,1,4013641.91,4013641.91
2855,13,1,16,8,2023-09-15,1,632384.05,632384.05
2856,39,12,4,1,2024-02-25,1,2647523.66,2647523.66
2857,12,1,49,4,2025-08-09,1,3703596.75,3703596.75
2858,16,5,12,6,2024-06-17,1,616060.96,616060.96
2859,16,3,14,11,2025-01-26,1,711256.2,711256.2
2860,14,3,47,12,2023-07-10,1,1858587.16,1858587.16
2861,32,5,12,6,2025-01-02,1,4675780.37,4675780.37
2862,11,2,17,10,2023-07-20,1,843083.23,843083.23
2863,16,7,54,3,2024-01-03,1,660952.1,660952.1
2864,6,4,38,9,2023-03-14,1,1811020.28,1811020.28
2865,4,1,16,5,2025-08-25,1,1662333.43,1662333.43
2866,18,7,33,1,2022-07-24,1,1035546.08,1035546.08
2867,29,1,6,4,2022-05-13,2,621679.94,1243359.88
2868,12,2,52,1,2025-01-28,1,2484885.31,2484885.31
2869,6,6,21,5,2022-09-21,1,2292858.24,2292858.24
2870,15,6,1,2,2024-05-26,1,2812686.98,2812686.98
2871,34,11,17,3,2023-02-06,1,3390680.04,3390680.04
2872,1,1,28,9,2025-08-18,1,922989.37,922989.37
2873,28,6,9,3,2022-07-15,1,2145374.07,2145374.07
2874,6,3,21,1,2023-10-17,1,3111946.37,3111946.37
2875,24,3,14,9,2022-10-05,3,943344.14,2830032.42
2876,13,12,12,7,2022-04-07,1,478447.01,478447.01
2877,16,14,49,1,2022-06-04,1,448511.61,448511.61
2878,7,2,13,3,2022-12-23,1,2074857.87,2074857.87
2879,21,2,39,3,2024-04-23,1,1925981.8,1925981.8
2880,28,2,50,8,2025-06-02,1,2138056.29,2138056.29
2881,18,5,13,3,2022-04-22,1,3360860.76,3360860.76
2882,29,4,43,6,2023-05-12,1,639432.88,639432.88
2883,13,3,54,3,2024-04-08,1,702399.89,702399.89
2884,35,15,26,5,2023-11-12,1,1179899.38,1179899.38
2885,4,14,16,9,2024-05-03,2,1236717.82,2473435.64
2886,7,2,38,7,2024-06-23,3,3371784.74,10115354.22
2887,41,8,22,3,2025-04-03,1,5061689.52,5061689.52
2888,28,9,37,6,2023-11-26,1,3563963.99,3563963.99
2889,8,9,38,3,2022-07-31,2,601511.99,1203023.98
2890,15,12,27,11,2025-07-04,1,1250400.56,1250400.56
2891,23,13,36,4,2024-05-28,1,1794144.58,1794144.58
2892,12,1,10,3,2024-08-21,1,3038294.78,3038294.78
2893,25,12,43,1,2022-07-16,1,1590820.23,1590820.23
2894,15,1,51,6,2023-02-07,2,1849590.93,3699181.86
2895,28,4,9,5,2024-08-23,1,1185233.35,1185233.35
2896,28,14,40,5,2024-09-14,1,3856986.84,3856986.84
2897,41,12,18,6,2022-08-30,1,4973031.65,4973031.65
2898,7,10,20,8,2024-06-24,1,1657643.31,1657643.31
2899,17,1,54,7,2024-03-06,1,513572.4,513572.4
2900,35,2,39,1,2022-10-12,1,1962168.4,1962168.4
2901,25,3,53,6,2024-11-01,1,3594938.03,3594938.03
2902,6,4,46,3,2024-07-31,1,2814814.74,2814814.74
2903,6,1,36,3,2025-10-06,3,2179152.42,6537457.26
2904,15,3,37,7,2025-04-13,1,4152052.84,4152052.84
2905,2,2,14,6,2025-09-25,1,3975344.64,3975344.64
2906,18,14,51,1,2022-04-04,1,2325163.83,2325163.83
2907,34,1,5,9,2024-10-07,1,2959249.21,2959249.21
2908,2,1,19,6,2025-12-25,2,4956824.31,9913648.62
2909,27,3,11,10,2022-03-21,1,3843926.43,3843926.43
2910,8,12,26,10,2022-03-09,2,764298.71,1528597.42
2911,30,1,8,11,2023-02-15,1,1094401.48,1094401.48
2912,12,3,10,12,2023-03-06,2,4253538.45,8507076.9
2913,14,4,7,6,2025-04-26,1,821263.64,821263.64
2914,6,1,7,9,2022-06-26,1,3438737.92,3438737.92
2915,32,10,44,4,2022-02-03,2,1360749.51,2721499.02
2916,43,12,34,6,2025-09-03,1,2365024.22,2365024.22
2917,6,5,20,4,2024-09-19,1,1395010.74,1395010.74
2918,40,2,55,6,2024-10-02,2,1719101.85,3438203.7
2919,36,5,3,10,2022-08-16,1,1319106.98,1319106.98
2920,16,2,8,4,2022-04-09,3,676384.39,2029153.17
2921,6,2,39,7,2025-09-17,2,1753696.41,3507392.82
2922,9,11,21,3,2025-09-05,1,1166855.91,1166855.91
2923,20,1,32,8,2022-05-14,1,2198233.31,2198233.31
2924,40,7,34,10,2024-01-06,1,4029313.46,4029313.46
2925,18,15,4,1,2022-08-06,1,2733015.06,2733015.06
2926,25,4,43,10,2023-03-03,1,2969768.31,2969768.31
2927,16,1,29,7,2022-06-26,1,674909.09,674909.09
2928,19,6,2,3,2022-01-17,1,1476414.84,1476414.84
2929,20,12,18,2,2023-04-01,1,3661139.58,3661139.58
2930,1,14,12,3,2025-12-05,1,3828123.58,3828123.58
2931,32,14,27,5,2025-05-12,1,1305869.73,1305869.73
2932,4,9,35,2,2024-08-24,3,999137.67,2997413.01
2933,17,1,43,3,2023-04-15,1,467069.89,467069.89
2934,8,2,18,6,2022-11-15,1,576834.01,576834.01
2935,15,1,3,8,2025-02-09,1,3449836.71,3449836.71
2936,12,3,46,2,2023-05-20,1,3143867.98,3143867.98
2937,15,10,50,11,2025-08-10,2,1031820.52,2063641.04
2938,7,4,45,11,2024-01-07,1,5098959.51,5098959.51
2939,41,9,2,2,2025-01-11,1,3430968.98,3430968.98
2940,1,1,46,11,2023-05-12,2,1069315.3,2138630.6
2941,14,1,49,10,2025-09-05,2,1443320.42,2886640.84
2942,12,4,41,2,2022-03-16,1,2624165.94,2624165.94
2943,9,13,25,3,2023-12-07,1,2121751.61,2121751.61
2944,39,6,36,6,2022-08-25,2,3494874.92,6989749.84
2945,27,6,29,3,2023-05-06,1,1220106.94,1220106.94
2946,34,3,21,11,2024-10-06,1,2403702.63,2403702.63
2947,25,5,37,10,2022-01-02,1,1835804.62,1835804.62
2948,35,6,23,10,2024-11-30,1,3133931.08,3133931.08
2949,23,1,30,3,2024-07-15,1,940124.8,940124.8
2950,31,1,29,5,2023-04-02,2,2429697.25,4859394.5
2951,18,12,23,3,2022-02-11,1,2585262.1,2585262.1
2952,21,6,40,9,2023-08-29,1,1005286.04,1005286.04
2953,12,12,52,9,2022-01-19,1,2587050.54,2587050.54
2954,22,1,14,4,2022-01-10,1,1563320.75,1563320.75
2955,31,1,22,4,2024-03-26,1,2027079.61,2027079.61
2956,25,4,38,11,2024-02-26,1,1911612.99,1911612.99
2957,9,1,24,6,2023-05-05,1,1885037.76,1885037.76
2958,43,6,39,3,2023-01-07,1,1952884.77,1952884.77
2959,40,5,34,5,2022-04-05,1,6282380.97,6282380.97
2960,13,4,45,7,2022-07-05,1,842561.45,842561.45
2961,18,2,9,1,2022-06-28,1,1050365.2,1050365.2
2962,17,12,16,6,2024-04-11,1,590967.18,590967.18
2963,16,11,9,9,2022-03-09,2,473361.23,946722.46
2964,42,2,35,8,2024-01-04,1,999865.2,999865.2
2965,1,6,37,3,2023-05-14,1,1359527.9,1359527.9
2966,11,4,1,1,2022-02-14,1,3244796.26,3244796.26
2967,9,1,54,4,2024-11-20,1,2022477.93,2022477.93
2968,14,6,15,1,2023-12-06,1,1574793.69,1574793.69
2969,42,14,30,6,2024-12-30,1,1020465.69,1020465.69
2970,13,2,1,8,2022-08-31,1,621313.06,621313.06
2971,26,7,7,10,2025-10-04,1,4020383.78,4020383.78
2972,20,3,43,6,2024-05-06,1,4934280.28,4934280.28
2973,5,5,42,4,2025-01-26,1,6015133.09,6015133.09
2974,4,6,16,1,2022-08-22,1,1428398.95,1428398.95
2975,17,4,53,6,2024-05-25,1,620927.15,620927.15
2976,10,7,23,6,2022-05-27,1,2635075.09,2635075.09
2977,37,8,24,5,2023-08-09,1,3350471.27,3350471.27
2978,25,13,54,4,2023-05-19,1,1436866.43,1436866.43
2979,24,2,45,1,2023-12-07,2,3023109.95,6046219.9
2980,26,2,49,12,2023-06-13,1,3696577.26,3696577.26
2981,7,7,37,1,2023-11-30,1,4283939.32,4283939.32
2982,39,10,2,8,2023-11-15,1,1447606.44,1447606.44
2983,36,3,32,3,2023-07-27,2,2694264.61,5388529.22
2984,14,12,54,4,2024-03-14,2,1133967.28,2267934.56
2985,14,15,29,6,2025-04-20,1,1602833.43,1602833.43
2986,18,5,54,2,2023-09-21,1,1268406.8,1268406.8
2987,17,4,37,5,2024-02-24,1,447891.64,447891.64
2988,23,11,27,8,2024-07-05,1,2238577.56,2238577.56
2989,37,14,45,1,2024-06-21,1,5223026.32,5223026.32
2990,25,2,9,6,2023-09-09,1,1517520.68,1517520.68
2991,18,1,13,3,2024-10-07,1,3325993.34,3325993.34
2992,43,6,19,10,2024-10-06,2,4122248.3,8244496.6
2993,19,12,42,1,2022-02-19,1,2310047.27,2310047.27
2994,10,1,44,9,2022-10-22,1,3702929.89,3702929.89
2995,10,7,45,7,2024-03-19,2,3690701.56,7381403.12
2996,31,3,9,9,2024-12-01,1,2735802.1,2735802.1
2997,1,10,53,11,2022-04-11,1,1049245.37,1049245.37
2998,38,5,25,9,2025-01-17,1,3810568.56,3810568.56
2999,10,11,25,1,2025-11-16,1,4610643.28,4610643.28
3000,17,7,55,4,2023-08-09,1,655577.98,655577.98
3001,37,15,18,6,2022-04-17,1,4594536.05,4594536.05
3002,7,3,37,11,2024-02-06,1,1977282.56,1977282.56
3003,3,1,22,3,2022-08-13,2,700565.05,1401130.1
3004,20,7,4,6,2022-04-10,1,4176233.67,4176233.67
3005,11,6,3,3,2025-07-30,1,2875439.55,2875439.55
3006,5,1,33,4,2022-11-17,1,7365258.22,7365258.22
3007,27,3,3,7,2022-01-25,1,2698590.39,2698590.39
3008,7,3,32,9,2024-07-12,2,3032052.67,6064105.34
3009,23,6,30,8,2025-09-07,2,1026893.19,2053786.38
3010,7,5,31,7,2024-06-11,1,5450432.78,5450432.78
3011,6,4,28,2,2025-03-10,2,2070194.14,4140388.28
3012,24,3,34,3,2023-02-12,1,4180605.06,4180605.06
3013,8,8,22,12,2025-01-03,2,539493.88,1078987.76
3014,11,5,28,4,2023-10-19,1,1576562.25,1576562.25
3015,27,2,43,2,2024-08-16,1,3839275.26,3839275.26
3016,38,1,35,8,2024-05-21,1,3730624.26,3730624.26
3017,18,1,13,1,2022-11-19,2,2334641.76,4669283.52
3018,19,6,15,3,2022-05-23,1,1629072.65,1629072.65
3019,26,2,34,5,2023-09-07,1,3556526.24,3556526.24
3020,18,5,1,6,2025-03-01,1,3944375.12,3944375.12
3021,39,1,54,3,2022-12-08,1,1389000.9,1389000.9
3022,33,14,49,6,2025-11-20,2,2497790.6,4995581.2
3023,27,10,29,10,2022-10-17,1,4427135.55,4427135.55
3024,13,4,4,4,2025-09-10,1,545447.78,545447.78
3025,20,15,40,9,2025-12-28,1,4320121.37,4320121.37
3026,40,4,46,7,2023-12-18,1,5276365.53,5276365.53
3027,17,6,25,6,2023-04-26,1,560359.82,560359.82
3028,10,6,11,11,2023-07-31,1,4044851.95,4044851.95
3029,40,8,30,7,2022-06-30,1,7097319.53,7097319.53
3030,31,1,45,3,2022-04-13,1,1902882.15,1902882.15
3031,15,1,3,8,2022-07-16,1,4215969.41,4215969.41
3032,3,2,33,1,2024-04-01,1,599654.38,599654.38
3033,15,2,22,7,2025-02-13,1,3306444.87,3306444.87
3034,39,5,23,6,2022-07-02,1,1707463.94,1707463.94
3035,25,4,17,5,2025-12-26,1,1138906.29,1138906.29
3036,17,7,10,1,2023-03-02,2,623589.03,1247178.06
3037,6,1,28,4,2024-03-15,1,3621551.32,3621551.32
3038,12,15,9,3,2022-03-22,2,4229249.57,8458499.14
3039,33,6,26,7,2022-06-26,1,3299811.63,3299811.63
3040,14,3,36,8,2023-07-28,1,1596956.83,1596956.83
3041,11,3,47,1,2025-08-13,2,1396490.85,2792981.7
3042,28,12,14,5,2025-12-30,1,1612332.6,1612332.6
3043,38,1,38,1,2025-05-03,1,4184121.75,4184121.75
3044,25,1,20,9,2024-12-24,1,991872.24,991872.24
3045,9,3,5,4,2025-05-14,2,2125301.0,4250602.0
3046,31,9,17,8,2025-07-21,1,3479124.79,3479124.79
3047,18,4,42,1,2022-06-18,1,2134242.81,2134242.81
3048,8,5,49,6,2024-07-28,1,571859.95,571859.95
3049,38,11,46,3,2022-06-30,1,4874268.34,4874268.34
3050,2,2,16,1,2025-06-09,1,2314460.98,2314460.98
3051,18,6,9,1,2025-04-12,1,3816462.37,3816462.37
3052,43,4,27,8,2023-12-31,1,4383578.98,4383578.98
3053,31,4,7,6,2024-09-07,1,1323731.72,1323731.72
3054,17,5,27,11,2024-06-04,1,717335.22,717335.22
3055,23,1,26,9,2025-08-03,1,4567631.91,4567631.91
3056,9,2,28,5,2025-11-16,1,2591219.93,2591219.93
3057,24,3,53,4,2023-01-19,1,3624101.98,3624101.98
3058,23,8,1,6,2025-04-04,1,3488153.05,3488153.05
3059,25,1,40,6,2024-08-10,1,3601608.57,3601608.57
3060,8,4,36,9,2025-02-14,1,655960.15,655960.15
3061,16,1,46,11,2023-08-19,1,662056.66,662056.66
3062,7,10,36,6,2025-03-16,2,3215585.68,6431171.36
3063,5,14,26,4,2022-07-10,1,10226426.52,10226426.52
3064,23,11,28,1,2025-08-27,1,2676502.85,2676502.85
3065,16,2,46,7,2024-12-06,1,414380.91,414380.91
3066,24,4,15,7,2022-10-17,1,4430730.96,4430730.96
3067,1,3,42,6,2025-07-05,2,1176198.83,2352397.66
3068,2,14,42,7,2022-11-02,1,2012943.42,2012943.42
3069,9,2,36,1,2022-12-11,1,2469458.67,2469458.67
3070,1,1,17,8,2024-02-28,1,4323234.69,4323234.69
3071,27,11,16,6,2025-07-24,1,2489103.89,2489103.89
3072,13,4,6,8,2023-07-22,1,475706.44,475706.44
3073,14,3,50,10,2023-06-08,2,1827672.83,3655345.66
3074,3,10,20,3,2024-02-03,2,593139.19,1186278.38
3075,11,3,36,12,2025-09-19,1,2123240.2,2123240.2
3076,34,2,18,6,2023-08-31,2,2215040.7,4430081.4
3077,24,13,28,7,2024-05-02,1,4299061.06,4299061.06
3078,34,11,16,3,2025-09-19,3,1678516.32,5035548.96
3079,33,1,39,3,2022-11-22,1,2510982.08,2510982.08
3080,27,2,17,4,2024-05-31,1,3843126.65,3843126.65
3081,43,1,47,8,2023-10-16,2,4126505.65,8253011.3
3082,16,5,11,8,2022-01-17,1,654496.2,654496.2
3083,3,15,13,6,2025-11-28,1,520897.05,520897.05
3084,11,11,18,7,2023-12-09,2,3708311.19,7416622.38
3085,42,1,22,6,2022-03-20,1,846319.08,846319.08
3086,28,3,36,1,2023-03-06,1,3316163.06,3316163.06
3087,15,4,44,7,2023-04-04,1,4619301.26,4619301.26
3088,26,1,7,2,2023-05-05,1,3630721.48,3630721.48
3089,27,12,12,9,2023-06-26,1,3083002.93,3083002.93
3090,8,12,23,1,2022-04-15,1,706442.32,706442.32
3091,22,5,23,3,2022-06-14,1,1349500.55,1349500.55
3092,12,11,41,1,2023-04-21,3,3722696.24,11168088.72
3093,14,13,23,4,2024-07-18,1,825543.31,825543.31
3094,39,5,30,3,2024-06-24,1,2580767.63,2580767.63
3095,12,11,54,6,2024-05-16,1,1192731.12,1192731.12
3096,29,9,7,3,2024-05-18,1,706489.93,706489.93
3097,2,15,26,3,2025-04-21,1,1940452.22,1940452.22
3098,26,1,16,1,2023-04-27,1,953603.95,953603.95
3099,39,4,4,4,2022-03-08,2,3312691.44,6625382.88
3100,29,5,9,10,2025-12-12,1,690996.57,690996.57
3101,18,2,18,8,2024-12-23,1,2973406.91,2973406.91
3102,22,11,19,7,2022-04-28,1,804310.36,804310.36
3103,8,3,44,2,2022-12-26,1,785134.72,785134.72
3104,11,3,25,6,2025-05-26,1,1796939.61,1796939.61
3105,26,6,41,3,2022-06-24,1,1130139.64,1130139.64
3106,22,2,24,3,2022-06-23,1,1601383.48,1601383.48
3107,37,6,31,2,2025-08-08,2,5080584.23,10161168.46
3108,7,5,30,7,2024-03-09,1,1135509.09,1135509.09
3109,38,12,11,6,2024-05-25,1,4786974.56,4786974.56
3110,8,8,53,7,2022-11-15,1,788114.75,788114.75
3111,11,1,9,6,2025-10-29,1,2629079.05,2629079.05
3112,1,6,47,1,2023-02-07,1,3180836.49,3180836.49
3113,4,11,9,8,2024-02-12,1,1001580.45,1001580.45
3114,30,5,14,8,2023-09-27,1,2794918.05,2794918.05
3115,26,3,49,5,2023-05-02,1,3797125.39,3797125.39
3116,27,10,18,5,2025-11-13,1,1026241.19,1026241.19
3117,15,8,28,6,2022-07-17,1,3531394.87,3531394.87
3118,3,6,5,1,2022-10-18,1,793384.33,793384.33
3119,14,5,24,8,2025-01-31,1,906976.33,906976.33
3120,28,3,50,7,2023-04-01,1,1140146.61,1140146.61
3121,18,7,42,11,2024-09-07,1,750095.19,750095.19
3122,43,4,46,4,2024-09-22,1,4343909.34,4343909.34
3123,18,3,45,8,2022-04-14,1,1333343.54,1333343.54
3124,41,4,24,9,2022-02-26,1,5015161.83,5015161.83
3125,33,3,30,1,2024-01-31,1,3234523.16,3234523.16
3126,6,9,52,7,2024-01-11,1,1439678.58,1439678.58
3127,12,1,22,5,2022-08-24,1,2217911.81,2217911.81
3128,25,2,44,8,2025-11-10,1,2354121.14,2354121.14
3129,20,4,26,1,2024-04-02,1,2628576.72,2628576.72
3130,31,5,24,4,2023-03-01,1,2472826.52,2472826.52
3131,19,5,53,12,2022-12-06,1,1144471.18,1144471.18
3132,11,14,5,4,2024-03-11,1,3385750.21,3385750.21
3133,37,8,44,1,2024-07-25,1,2208938.0,2208938.0
3134,18,6,12,3,2023-04-10,1,1042218.52,1042218.52
3135,7,4,27,3,2022-02-25,1,3000075.82,3000075.82
3136,35,15,33,10,2022-02-14,1,2313310.2,2313310.2
3137,11,2,35,3,2025-10-30,1,2981437.18,2981437.18
3138,27,11,37,12,2022-10-24,1,2403849.86,2403849.86
3139,29,6,4,5,2025-05-10,1,775938.88,775938.88
3140,11,1,44,2,2022-07-12,2,1090248.11,2180496.22
3141,6,2,34,3,2022-06-29,1,2281896.95,2281896.95
3142,23,15,4,9,2024-09-10,1,2696644.62,2696644.62
3143,15,10,42,3,2025-03-26,1,2787755.84,2787755.84
3144,20,6,11,11,2025-11-14,1,2085727.54,2085727.54
3145,15,5,1,5,2025-11-03,1,4002732.71,4002732.71
3146,36,1,54,1,2025-05-06,2,1570199.24,3140398.48
3147,19,4,49,5,2024-05-07,1,2443193.74,2443193.74
3148,25,13,6,6,2023-03-09,1,2899940.53,2899940.53
3149,22,5,26,6,2022-12-08,1,1580518.39,1580518.39
3150,7,4,32,4,2025-10-31,1,2072151.13,2072151.13
3151,7,2,52,9,2022-06-07,3,2143712.22,6431136.66
3152,19,5,3,4,2025-05-18,1,2282280.64,2282280.64
3153,35,6,24,6,2023-11-13,1,1756041.35,1756041.35
3154,15,12,38,6,2022-09-11,2,2674042.87,5348085.74
3155,8,2,10,10,2023-11-18,3,895149.52,2685448.56
3156,37,15,17,9,2024-05-12,1,1594125.72,1594125.72
3157,38,7,13,5,2022-03-18,1,4561736.83,4561736.83
3158,7,6,7,9,2025-02-10,1,3710786.74,3710786.74
3159,12,2,16,1,2024-08-21,1,1721912.94,1721912.94
3160,25,10,42,6,2025-11-25,1,2592427.27,2592427.27
3161,16,1,47,1,2025-06-05,1,678441.97,678441.97
3162,25,4,13,4,2022-07-10,1,1378084.6,1378084.6
3163,18,2,31,3,2024-05-28,1,2412380.18,2412380.18
3164,19,4,19,12,2025-12-17,1,1627754.58,1627754.58
3165,14,8,7,7,2024-12-11,1,1486276.96,1486276.96
3166,35,4,12,8,2024-06-07,1,1705763.98,1705763.98
3167,14,5,20,3,2025-02-06,1,1776564.46,1776564.46
3168,12,2,52,9,2024-01-24,1,3389017.61,3389017.61
3169,1,3,6,2,2024-11-20,1,3023415.0,3023415.0
3170,4,1,19,1,2024-10-10,3,1069999.34,3209998.02
3171,26,2,20,9,2023-10-28,1,2895353.29,2895353.29
3172,28,11,5,7,2022-05-25,1,3267771.01,3267771.01
3173,2,6,37,7,2025-12-13,1,1703280.91,1703280.91
3174,18,6,37,4,2023-04-20,3,2931003.68,8793011.04
3175,23,11,35,8,2023-01-28,1,1259611.06,1259611.06
3176,26,2,9,3,2025-07-16,1,804836.32,804836.32
3177,36,6,13,3,2023-01-27,1,1531641.94,1531641.94
3178,10,6,17,3,2024-01-30,1,2777489.54,2777489.54
3179,7,4,47,1,2024-06-09,1,5742162.79,5742162.79
3180,32,2,12,5,2025-06-24,1,2368198.35,2368198.35
3181,40,4,53,9,2025-03-28,1,4548293.64,4548293.64
3182,36,5,34,8,2024-02-04,1,1270362.99,1270362.99
3183,26,11,16,6,2025-05-24,2,3792417.31,7584834.62
3184,37,3,31,5,2022-04-02,1,3594946.65,3594946.65
3185,12,2,38,8,2025-02-01,1,1304213.01,1304213.01
3186,19,9,26,7,2024-11-23,3,2408100.1,7224300.3
3187,18,2,45,1,2025-12-05,1,2681512.7,2681512.7
3188,27,4,55,3,2024-06-20,2,4235074.01,8470148.02
3189,39,2,51,11,2024-07-06,2,1208829.85,2417659.7
3190,7,4,1,7,2022-06-06,1,2977596.54,2977596.54
3191,23,7,43,3,2025-02-26,2,2936095.57,5872191.14
3192,38,7,24,7,2025-08-03,1,3660178.77,3660178.77
3193,43,12,18,4,2022-02-04,1,3603026.21,3603026.21
3194,27,8,15,6,2023-09-29,1,3882373.57,3882373.57
3195,3,2,36,5,2024-08-23,1,768230.66,768230.66
3196,34,3,20,11,2022-09-24,1,2926475.74,2926475.74
3197,15,2,46,12,2024-05-26,1,5020500.67,5020500.67
3198,30,3,5,7,2023-05-26,2,3685498.82,7370997.64
3199,21,9,4,7,2023-02-06,1,1117901.75,1117901.75
3200,14,11,6,9,2022-10-17,1,1140167.02,1140167.02
3201,25,11,1,8,2025-08-09,1,2872803.86,2872803.86
3202,39,12,30,4,2024-02-10,1,4378793.35,4378793.35
3203,31,3,13,8,2023-03-18,1,1095956.87,1095956.87
3204,12,6,50,7,2023-05-16,1,3429583.81,3429583.81
3205,11,2,29,7,2022-07-01,1,2927087.9,2927087.9
3206,20,4,8,9,2023-09-10,2,4405708.21,8811416.42
3207,13,4,9,5,2024-03-14,1,613239.11,613239.11
3208,18,6,39,6,2024-10-12,1,1762828.53,1762828.53
3209,36,6,54,6,2023-12-27,1,2168485.08,2168485.08
3210,18,11,49,8,2024-09-02,1,2250787.01,2250787.01
3211,17,1,2,11,2024-09-10,1,547818.55,547818.55
3212,18,4,6,1,2024-08-22,1,1901122.64,1901122.64
3213,31,6,3,7,2022-04-06,1,3589748.28,3589748.28
3214,24,3,47,6,2023-05-11,1,1980338.84,1980338.84
3215,30,5,22,7,2024-05-15,1,3559518.01,3559518.01
3216,16,2,27,5,2022-03-07,1,520182.76,520182.76
3217,26,1,17,6,2025-03-14,1,3918041.36,3918041.36
3218,30,11,49,7,2024-05-13,1,1086004.36,1086004.36
3219,6,5,26,9,2022-06-14,1,2647712.96,2647712.96
3220,6,5,29,8,2023-07-21,2,1419144.6,2838289.2
3221,17,4,6,6,2025-08-19,1,426052.18,426052.18
3222,17,8,27,5,2025-08-26,1,571565.84,571565.84
3223,36,2,48,5,2022-09-30,1,2608618.22,2608618.22
3224,16,3,40,1,2022-12-03,1,520585.94,520585.94
3225,28,7,19,9,2024-09-12,1,855362.59,855362.59
3226,26,1,5,3,2022-06-30,2,2210826.16,4421652.32
3227,22,3,14,6,2022-07-04,1,1206700.54,1206700.54
3228,12,2,20,9,2022-01-06,1,3633278.53,3633278.53
3229,10,1,44,3,2023-04-08,1,3586470.31,3586470.31
3230,32,3,48,7,2024-04-12,1,2855116.94,2855116.94
3231,18,4,6,12,2024-01-21,2,3802485.01,7604970.02
3232,6,3,18,10,2024-05-06,1,2830958.2,2830958.2
3233,31,2,34,8,2024-01-17,1,3104905.68,3104905.68
3234,26,6,40,8,2022-04-29,1,3150610.27,3150610.27
3235,33,7,59,3,2025-02-08,1,2692303.99,2692303.99
3236,42,11,8,5,2023-12-08,1,1275985.54,1275985.54
3237,9,1,35,8,2025-03-17,2,1949871.95,3899743.9
3238,6,8,35,1,2023-06-13,1,3366602.51,3366602.51
3239,36,6,20,10,2022-07-30,1,1322211.79,1322211.79
3240,28,9,49,9,2025-04-18,1,4251101.38,4251101.38
3241,30,3,13,3,2022-06-28,1,1205336.4,1205336.4
3242,13,1,23,4,2022-04-21,1,631545.07,631545.07
3243,41,1,1,6,2022-12-24,1,2384031.32,2384031.32
3244,17,10,27,8,2025-12-20,1,616617.98,616617.98
3245,30,3,48,12,2025-05-08,3,1978331.06,5934993.18
3246,25,12,22,3,2024-05-03,2,1256877.14,2513754.28
3247,14,8,27,12,2025-11-23,1,829749.37,829749.37
3248,43,1,54,9,2024-12-14,1,2715816.53,2715816.53
3249,9,1,27,9,2022-09-15,1,1471738.12,1471738.12
3250,8,3,11,7,2024-02-20,1,547670.43,547670.43
3251,35,1,41,3,2025-03-19,1,3002819.5,3002819.5
3252,33,1,9,7,2025-07-22,1,3369823.63,3369823.63
3253,26,4,36,7,2022-04-11,1,3992691.28,3992691.28
3254,28,14,55,3,2023-11-27,1,1455728.0,1455728.0
3255,30,4,40,4,2023-08-28,1,1783631.13,1783631.13
3256,15,3,57,10,2025-08-08,1,4687479.74,4687479.74
3257,2,14,52,5,2023-08-13,2,4693753.49,9387506.98
3258,23,2,51,4,2023-09-08,2,1586155.22,3172310.44
3259,37,3,22,1,2025-04-01,2,2702305.1,5404610.2
3260,2,15,22,5,2025-11-21,1,4451591.55,4451591.55
3261,35,5,33,11,2024-06-25,1,2478307.24,2478307.24
3262,29,15,40,9,2022-06-01,1,563664.72,563664.72
3263,10,6,9,9,2022-02-17,1,3727458.17,3727458.17
3264,37,12,1,10,2024-09-14,1,6807818.56,6807818.56
3265,34,12,37,7,2023-03-15,1,1916510.99,1916510.99
3266,21,8,34,6,2023-10-23,1,1020850.55,1020850.55
3267,24,3,49,2,2024-07-30,1,4678262.79,4678262.79
3268,33,2,36,3,2024-01-05,2,3452410.1,6904820.2
3269,37,2,37,4,2023-03-29,1,6610782.15,6610782.15
3270,7,11,33,8,2024-04-07,1,4631630.05,4631630.05
3271,34,11,45,7,2025-04-29,1,2894079.27,2894079.27
3272,38,6,11,6,2022-12-04,1,2375969.04,2375969.04
3273,38,2,14,1,2024-11-10,1,3973755.79,3973755.79
3274,18,11,27,7,2023-11-09,1,3142551.96,3142551.96
3275,30,4,15,4,2023-02-15,1,2998913.05,2998913.05
3276,6,7,39,7,2024-10-27,2,2345798.89,4691597.78
3277,20,2,5,8,2023-08-20,1,3137131.65,3137131.65
3278,42,13,21,8,2025-08-28,2,1349218.66,2698437.32
3279,7,2,40,5,2024-01-04,1,4078314.13,4078314.13
3280,18,4,16,11,2022-01-17,1,3672779.54,3672779.54
3281,39,3,12,1,2022-08-14,2,1082768.93,2165537.86
3282,17,9,31,7,2024-12-26,1,466891.63,466891.63
3283,30,2,36,1,2025-07-11,1,1977886.85,1977886.85
3284,21,1,41,9,2022-03-10,1,1077388.12,1077388.12
3285,13,3,54,9,2023-03-25,1,793738.84,793738.84
3286,18,5,48,6,2023-07-13,1,1525896.03,1525896.03
3287,1,3,28,6,2023-07-02,1,1706679.08,1706679.08
3288,40,7,4,7,2023-02-27,1,6142939.95,6142939.95
3289,17,6,39,7,2025-12-26,1,645997.49,645997.49
3290,43,13,33,4,2022-03-29,1,2844303.28,2844303.28
3291,9,3,55,8,2025-09-06,2,1198504.8,2397009.6
3292,11,4,21,6,2022-07-02,1,1795322.07,1795322.07
3293,39,2,26,6,2022-11-27,1,2452148.81,2452148.81
3294,15,7,39,6,2024-07-23,2,3702877.25,7405754.5
3295,20,7,7,8,2025-05-22,1,2441479.02,2441479.02
3296,32,4,35,3,2025-10-10,1,2274328.06,2274328.06
3297,21,4,28,4,2023-10-16,1,1549352.27,1549352.27
3298,2,8,51,8,2025-07-31,1,962365.56,962365.56
3299,35,5,7,4,2024-04-20,1,1679439.88,1679439.88
3300,33,1,50,7,2022-04-21,1,1424771.91,1424771.91
3301,20,3,14,4,2024-08-07,1,4840259.83,4840259.83
3302,19,1,42,3,2024-07-20,1,2509926.98,2509926.98
3303,36,2,53,10,2023-06-22,1,2474167.01,2474167.01
3304,28,14,33,4,2023-06-06,1,2723667.74,2723667.74
3305,7,8,7,5,2023-11-05,1,2734946.05,2734946.05
3306,16,2,35,4,2024-02-03,1,474808.22,474808.22
3307,15,9,54,4,2025-05-09,1,981268.25,981268.25
3308,14,1,3,3,2024-12-23,2,1298407.99,2596815.98
3309,12,3,48,8,2025-07-30,1,3277556.5,3277556.5
3310,14,1,38,12,2024-06-29,1,737172.5,737172.5
3311,26,4,47,8,2024-12-11,1,1081033.79,1081033.79
3312,24,2,24,8,2024-04-04,1,4854478.49,4854478.49
3313,2,11,5,6,2025-06-15,1,2775773.82,2775773.82
3314,28,1,25,6,2025-08-16,1,3405766.32,3405766.32
3315,12,7,34,4,2024-12-26,1,955379.33,955379.33
3316,32,13,26,7,2023-12-24,1,3607663.35,3607663.35
3317,32,12,46,6,2024-04-14,1,2879512.96,2879512.96
3318,3,5,50,1,2023-03-14,1,466020.41,466020.41
3319,11,2,18,3,2025-05-21,1,2181902.14,2181902.14
3320,19,6,15,5,2025-10-09,1,2275932.29,2275932.29
3321,14,4,5,11,2023-07-03,1,1557668.94,1557668.94
3322,22,12,1,7,2024-07-23,1,785083.89,785083.89
3323,28,6,36,8,2024-03-09,1,1729765.54,1729765.54
3324,34,3,43,5,2024-08-22,3,2835593.04,8506779.12
3325,33,11,33,9,2024-12-07,1,4235608.66,4235608.66
3326,40,6,51,8,2022-06-04,1,1887904.28,1887904.28
3327,12,2,7,6,2025-08-07,1,3344140.68,3344140.68
3328,23,3,20,5,2023-10-15,1,4160537.03,4160537.03
3329,12,3,24,7,2022-12-18,1,3234851.99,3234851.99
3330,27,1,29,3,2022-02-07,1,3816125.63,3816125.63
3331,28,11,7,7,2023-03-20,1,1403135.18,1403135.18
3332,18,3,50,10,2024-10-14,1,3887561.52,3887561.52
3333,12,14,34,3,2023-05-13,1,3394216.74,3394216.74
3334,14,1,35,3,2024-03-08,2,1860868.09,3721736.18
3335,1,10,30,10,2022-04-05,1,805991.9,805991.9
3336,29,6,35,3,2024-08-10,1,425042.77,425042.77
3337,16,4,45,9,2025-07-27,1,661493.04,661493.04
3338,18,1,55,6,2025-02-22,1,3911675.56,3911675.56
3339,3,11,15,9,2023-09-02,1,561372.92,561372.92
3340,33,3,6,5,2023-10-24,1,1723552.65,1723552.65
3341,28,3,51,8,2022-03-09,1,1738962.87,1738962.87
3342,41,6,9,4,2025-09-17,1,4153772.52,4153772.52
3343,43,7,5,8,2024-02-05,1,4193217.54,4193217.54
3344,24,5,30,11,2024-08-04,1,1267057.76,1267057.76
3345,13,2,41,10,2022-10-11,1,514173.54,514173.54
3346,15,1,37,8,2022-02-21,1,1628341.79,1628341.79
3347,23,2,54,11,2023-04-20,1,2955879.34,2955879.34
3348,10,9,13,7,2025-06-26,1,4612768.75,4612768.75
3349,26,2,55,1,2023-09-30,1,763355.27,763355.27
3350,15,10,8,1,2022-11-30,1,1971763.2,1971763.2
3351,14,2,13,1,2023-11-08,1,1782984.83,1782984.83
3352,41,5,22,8,2025-05-19,1,3548105.71,3548105.71
3353,19,12,13,1,2024-04-21,1,1652657.09,1652657.09
3354,20,3,45,5,2023-12-21,2,4677696.35,9355392.7
3355,24,3,49,6,2024-04-06,1,2152711.48,2152711.48
3356,19,1,15,4,2025-09-05,1,2290294.68,2290294.68
3357,35,4,54,3,2022-06-13,1,4390922.08,4390922.08
3358,26,2,38,8,2024-07-13,1,2384244.93,2384244.93
3359,15,15,22,2,2022-01-01,1,4074735.56,4074735.56
3360,14,1,29,8,2023-03-21,1,1059446.61,1059446.61
3361,35,3,55,3,2024-09-17,3,2899193.88,8697581.64
3362,3,12,38,8,2023-09-05,1,677424.49,677424.49
3363,33,1,37,6,2023-09-21,1,2295206.85,2295206.85
3364,37,3,10,6,2024-07-22,1,3257559.46,3257559.46
3365,8,3,44,1,2023-02-21,1,685268.96,685268.96
3366,25,7,23,8,2022-01-24,1,2900125.58,2900125.58
3367,35,6,42,8,2024-04-15,1,2277560.78,2277560.78
3368,5,10,40,8,2024-06-25,2,8621343.19,17242686.38
3369,37,3,42,3,2025-03-03,1,6233680.45,6233680.45
3370,38,4,48,8,2024-06-28,1,2533510.34,2533510.34
3371,5,4,23,2,2025-02-08,1,10027403.61,10027403.61
3372,25,1,42,10,2023-08-12,1,1365955.3,1365955.3
3373,10,10,10,3,2025-04-22,1,2597387.44,2597387.44
3374,40,10,2,9,2024-02-13,1,2764542.24,2764542.24
3375,24,7,40,4,2022-09-25,1,4772766.73,4772766.73
3376,10,3,20,1,2024-09-14,2,3141870.06,6283740.12
3377,3,2,53,6,2023-08-12,2,752725.13,1505450.26
3378,22,1,41,8,2024-12-01,1,1687940.9,1687940.9
3379,12,12,1,4,2024-06-28,2,2213095.39,4426190.78
3380,17,3,31,6,2024-05-18,3,751169.71,2253509.13
3381,23,3,3,3,2025-04-23,1,3474794.46,3474794.46
3382,41,1,6,7,2023-10-30,1,1709400.07,1709400.07
3383,41,10,35,8,2025-03-04,2,5055916.18,10111832.36
3384,22,5,52,7,2023-05-31,2,1335348.48,2670696.96
3385,33,11,53,2,2025-09-27,1,3723884.45,3723884.45
3386,25,1,12,6,2022-12-02,1,1848628.94,1848628.94
3387,9,1,10,7,2025-12-11,1,1866244.14,1866244.14
3388,1,3,5,5,2024-12-21,1,3475686.45,3475686.45
3389,8,12,27,2,2024-08-13,1,901618.42,901618.42
3390,14,3,44,6,2023-06-02,1,1589378.27,1589378.27
3391,13,8,35,10,2025-01-16,1,806812.9,806812.9
3392,33,3,10,10,2025-11-11,1,1522961.49,1522961.49
3393,17,1,17,4,2025-05-02,1,649704.43,649704.43
3394,8,2,22,6,2022-07-24,1,570716.68,570716.68
3395,26,1,28,6,2024-09-16,1,2342296.94,2342296.94
3396,27,1,8,9,2022-11-13,1,949137.8,949137.8
3397,29,2,54,1,2023-07-05,1,468372.02,468372.02
3398,25,5,38,10,2023-12-05,1,3751253.21,3751253.21
3399,40,11,54,3,2025-05-22,2,6637833.09,13275666.18
3400,27,15,30,4,2024-07-30,1,1165378.7,1165378.7
3401,14,14,20,6,2024-08-15,3,1727389.16,5182167.48
3402,34,1,34,10,2023-05-02,1,3104270.81,3104270.81
3403,28,14,59,6,2024-07-09,1,1533225.53,1533225.53
3404,11,10,49,3,2023-01-27,1,4429756.59,4429756.59
3405,26,12,30,6,2022-12-04,2,1432582.7,2865165.4
3406,37,12,55,4,2024-11-27,1,3256691.0,3256691.0
3407,27,5,15,3,2024-12-29,1,4090072.94,4090072.94
3408,27,12,41,1,2022-04-13,1,1329113.04,1329113.04
3409,24,7,31,5,2023-08-13,1,904819.95,904819.95
3410,37,14,9,4,2025-05-01,1,3502381.79,3502381.79
3411,8,6,49,1,2023-07-04,1,524713.8,524713.8
3412,39,1,30,3,2023-11-10,1,3442183.27,3442183.27
3413,39,3,51,1,2022-01-24,2,1932602.37,3865204.74
3414,26,6,22,7,2023-07-13,1,2554880.49,2554880.49
3415,19,5,51,11,2025-08-18,1,1333558.96,1333558.96
3416,31,12,31,8,2022-06-18,1,3443819.0,3443819.0
3417,43,10,50,10,2023-09-09,1,2118092.42,2118092.42
3418,19,1,10,7,2022-02-02,1,2142726.85,2142726.85
3419,25,4,27,1,2025-08-13,1,3231646.09,3231646.09
3420,14,2,21,4,2025-09-10,1,903224.57,903224.57
3421,40,6,40,6,2022-10-22,1,5492023.25,5492023.25
3422,30,3,37,3,2023-02-07,1,3606377.66,3606377.66
3423,14,5,55,3,2025-10-07,1,1002033.31,1002033.31
3424,9,5,15,4,2023-02-10,1,2702500.38,2702500.38
3425,12,12,31,3,2023-10-14,1,3881675.93,3881675.93
3426,14,9,2,7,2025-01-08,1,1711129.59,1711129.59
3427,16,1,3,4,2022-05-29,1,652314.85,652314.85
3428,17,3,32,8,2024-01-19,1,443432.09,443432.09
3429,41,1,18,7,2024-11-13,2,2399741.86,4799483.72
3430,14,3,6,2,2023-04-22,1,825894.15,825894.15
3431,21,10,6,9,2023-12-09,2,1753320.38,3506640.76
3432,15,3,60,8,2022-05-21,1,4024354.39,4024354.39
3433,26,7,21,4,2022-09-06,1,3776311.64,3776311.64
3434,38,2,42,2,2023-07-23,1,2476790.72,2476790.72
3435,17,1,55,9,2025-10-06,1,405112.57,405112.57
3436,23,4,1,9,2022-01-02,2,2364263.45,4728526.9
3437,19,2,39,6,2024-02-29,1,2416626.69,2416626.69
3438,20,6,5,4,2022-12-25,1,2392253.59,2392253.59
3439,25,2,47,1,2022-04-13,1,1144204.57,1144204.57
3440,29,5,7,6,2023-03-01,1,645628.47,645628.47
3441,2,6,16,6,2022-08-22,2,4159242.7,8318485.4
3442,17,8,53,7,2024-05-11,1,579152.64,579152.64
3443,40,1,22,12,2025-02-14,1,1545969.61,1545969.61
3444,23,5,10,8,2022-11-17,1,1532470.45,1532470.45
3445,29,6,29,3,2023-01-31,1,789217.5,789217.5
3446,19,4,47,8,2022-02-28,1,1411415.38,1411415.38
3447,41,6,34,8,2025-04-11,1,1945436.28,1945436.28
3448,26,2,39,6,2024-04-23,1,2721033.73,2721033.73
3449,19,2,28,5,2024-11-20,1,945826.65,945826.65
3450,19,9,6,5,2023-12-27,1,926926.57,926926.57
3451,15,3,16,11,2022-07-03,1,3456652.52,3456652.52
3452,20,2,2,8,2023-12-10,1,4713287.15,4713287.15
3453,31,7,16,1,2023-02-14,1,1779016.57,1779016.57
3454,6,1,54,5,2024-01-31,1,2389084.81,2389084.81
3455,13,11,43,1,2024-02-07,1,664189.77,664189.77
3456,41,6,19,6,2022-03-06,1,2247921.29,2247921.29
3457,21,5,54,3,2024-10-12,1,1670694.73,1670694.73
3458,19,3,14,1,2023-08-01,1,1699932.55,1699932.55
3459,12,1,19,3,2022-11-19,1,1668357.26,1668357.26
3460,26,7,7,5,2025-03-09,1,1531162.13,1531162.13
3461,24,2,10,6,2024-10-13,1,3447834.15,3447834.15
3462,15,2,29,8,2025-07-18,1,3096857.77,3096857.77
3463,17,1,19,1,2024-02-22,1,400406.37,400406.37
3464,30,14,6,7,2024-11-28,1,2532723.01,2532723.01
3465,3,11,33,9,2022-01-25,2,546633.44,1093266.88
3466,15,8,55,3,2025-04-01,1,2639300.68,2639300.68
3467,7,2,3,6,2024-02-21,1,3638375.57,3638375.57
3468,33,4,54,6,2023-08-01,1,2305147.75,2305147.75
3469,14,11,36,3,2025-01-04,1,914363.14,914363.14
3470,23,2,30,1,2024-01-22,1,2479047.11,2479047.11
3471,3,12,3,7,2024-02-18,1,814800.64,814800.64
3472,28,13,39,8,2025-10-03,1,3297768.55,3297768.55
3473,1,13,33,6,2022-09-12,1,1115498.16,1115498.16
3474,34,6,55,11,2025-09-09,1,4004653.83,4004653.83
3475,28,4,43,8,2023-08-16,1,1397804.74,1397804.74
3476,4,2,5,6,2022-08-16,1,749793.13,749793.13
3477,40,1,22,10,2025-11-29,1,7174079.82,7174079.82
3478,8,5,20,6,2024-10-25,1,797991.06,797991.06
3479,1,11,30,1,2025-09-14,1,3555908.57,3555908.57
3480,34,1,52,8,2024-03-09,1,2622326.5,2622326.5
3481,12,2,31,7,2022-04-22,2,2640507.11,5281014.22
3482,19,12,17,3,2025-07-08,1,1267816.68,1267816.68
3483,25,1,16,7,2023-12-13,1,3997691.63,3997691.63
3484,41,1,49,8,2022-05-14,1,1274389.18,1274389.18
3485,24,3,54,1,2022-02-24,2,2260643.53,4521287.06
3486,43,3,11,4,2024-03-22,1,3726253.75,3726253.75
3487,2,2,34,5,2025-05-12,1,4698968.76,4698968.76
3488,14,6,38,3,2023-06-01,1,1383452.39,1383452.39
3489,21,2,2,12,2024-07-22,2,1335429.47,2670858.94
3490,33,4,56,3,2024-09-11,1,802318.22,802318.22
3491,14,11,3,5,2022-07-31,1,1783108.37,1783108.37
3492,7,5,54,1,2022-03-16,1,5389302.61,5389302.61
3493,13,2,52,4,2025-04-27,2,475186.6,950373.2
3494,18,6,43,6,2024-04-13,1,1650122.49,1650122.49
3495,43,2,7,6,2023-03-09,1,5196486.51,5196486.51
3496,16,9,45,8,2025-04-10,2,720501.64,1441003.28
3497,9,2,8,11,2025-06-10,3,2096761.12,6290283.36
3498,20,15,37,9,2024-05-25,1,4361001.04,4361001.04
3499,28,8,13,8,2025-02-21,1,1443547.67,1443547.67
3500,34,3,54,7,2024-09-08,1,4125923.34,4125923.34
3501,27,1,16,3,2023-02-16,1,2351147.69,2351147.69
3502,32,6,3,5,2024-01-19,1,4549571.94,4549571.94
3503,16,2,39,2,2022-09-06,1,626253.35,626253.35
3504,17,11,13,11,2024-01-30,1,519134.82,519134.82
3505,30,11,39,6,2022-07-28,1,2311002.09,2311002.09
3506,40,3,55,9,2025-05-12,1,5186461.69,5186461.69
3507,29,7,47,6,2024-03-20,1,514863.65,514863.65
3508,17,3,54,9,2022-04-23,2,663939.97,1327879.94
3509,15,15,43,1,2022-08-16,1,3513370.72,3513370.72
3510,27,3,5,9,2024-07-30,1,3759049.22,3759049.22
3511,10,10,33,1,2022-06-29,1,2666420.05,2666420.05
3512,36,5,49,3,2023-09-13,1,947408.61,947408.61
3513,27,1,46,9,2024-04-09,1,2302305.38,2302305.38
3514,20,1,17,6,2024-10-08,2,1718522.95,3437045.9
3515,40,6,24,12,2024-05-08,1,4027302.13,4027302.13
3516,5,10,9,9,2022-02-12,3,6607333.95,19822001.85
3517,17,15,8,6,2022-05-10,1,665106.52,665106.52
3518,26,11,27,3,2022-08-27,1,2920756.77,2920756.77
3519,28,5,41,7,2022-05-16,1,2539250.17,2539250.17
3520,18,11,51,6,2022-05-19,1,2259930.0,2259930.0
3521,29,15,35,3,2025-07-24,1,695888.33,695888.33
3522,33,2,16,6,2023-06-17,2,3721980.19,7443960.38
3523,25,12,21,3,2025-06-13,1,2955530.98,2955530.98
3524,18,5,16,8,2025-07-13,1,1576685.81,1576685.81
3525,18,5,8,1,2023-04-01,1,3062570.7,3062570.7
3526,11,8,36,6,2022-06-24,1,2495342.88,2495342.88
3527,35,6,4,8,2024-03-06,1,2041482.18,2041482.18
3528,28,4,11,10,2025-03-27,1,1490743.31,1490743.31
3529,6,2,16,6,2022-08-27,1,1542793.68,1542793.68
3530,17,3,10,3,2025-01-01,2,713215.66,1426431.32
3531,9,6,30,8,2024-07-21,1,1586990.72,1586990.72
3532,42,11,55,6,2025-08-10,1,1891585.22,1891585.22
3533,12,1,14,12,2024-07-22,1,2554932.92,2554932.92
3534,1,14,42,6,2024-06-01,1,3428790.81,3428790.81
3535,7,2,14,3,2022-01-30,2,1842770.44,3685540.88
3536,23,1,45,2,2022-12-07,2,2351279.55,4702559.1
3537,43,2,11,8,2022-03-22,1,3526277.21,3526277.21
3538,38,2,29,3,2024-05-24,1,3659614.27,3659614.27
3539,43,3,31,2,2022-05-12,1,4454122.46,4454122.46
3540,26,1,54,7,2024-06-13,1,3674062.44,3674062.44
3541,28,4,41,5,2022-05-16,1,1464541.82,1464541.82
3542,8,3,2,1,2024-01-15,1,841120.76,841120.76
3543,37,3,17,8,2022-09-21,1,1400298.09,1400298.09
3544,18,1,29,2,2023-05-08,1,1295817.66,1295817.66
3545,14,2,13,7,2025-11-26,1,912339.55,912339.55
3546,10,5,36,1,2025-05-26,1,2287603.4,2287603.4
3547,7,1,51,5,2024-02-29,1,3091892.66,3091892.66
3548,35,1,1,3,2023-07-25,1,2630726.72,2630726.72
3549,39,1,38,6,2022-03-04,1,1141609.88,1141609.88
3550,28,3,22,8,2022-07-14,1,1959601.38,1959601.38
3551,20,4,34,1,2022-09-23,1,2145934.91,2145934.91
3552,13,11,52,5,2025-03-19,1,514649.12,514649.12
3553,42,10,54,3,2023-11-10,1,1388727.08,1388727.08
3554,28,10,4,4,2025-01-27,1,3550751.41,3550751.41
3555,10,3,18,8,2025-12-03,1,3190501.74,3190501.74
3556,14,3,13,7,2022-04-06,1,1884292.55,1884292.55
3557,31,10,21,6,2024-06-10,2,1253810.09,2507620.18
3558,35,5,3,3,2024-06-30,1,2599199.86,2599199.86
3559,13,1,23,8,2024-12-28,2,708486.51,1416973.02
3560,21,1,5,8,2023-09-26,1,1625105.38,1625105.38
3561,34,12,45,4,2025-11-18,1,1349891.93,1349891.93
3562,27,1,23,6,2024-06-26,2,2259493.07,4518986.14
3563,14,11,13,8,2025-04-28,1,1307793.82,1307793.82
3564,33,9,10,5,2023-05-28,1,1602544.58,1602544.58
3565,14,15,37,12,2024-01-01,1,1737519.29,1737519.29
3566,42,1,23,7,2025-10-01,2,1592980.98,3185961.96
3567,39,7,43,6,2025-03-29,1,1676733.16,1676733.16
3568,38,1,32,3,2022-08-05,1,3267916.02,3267916.02
3569,30,5,31,6,2025-05-02,1,3655656.35,3655656.35
3570,7,3,4,10,2023-03-28,2,1572713.3,3145426.6
3571,11,12,54,2,2024-01-19,1,3469208.57,3469208.57
3572,30,6,42,1,2023-06-13,1,4473070.93,4473070.93
3573,32,7,37,1,2022-01-09,1,4855159.84,4855159.84
3574,19,5,51,11,2025-08-31,1,1658914.89,1658914.89
3575,34,7,17,9,2023-09-27,1,3877424.25,3877424.25
3576,13,3,11,8,2022-10-05,1,817057.09,817057.09
3577,31,3,23,12,2022-08-12,1,2314328.13,2314328.13
3578,28,2,42,10,2023-03-05,1,961915.33,961915.33
3579,39,6,48,1,2025-05-26,2,2978999.49,5957998.98
3580,28,5,33,8,2025-10-08,1,3068205.92,3068205.92
3581,18,3,53,3,2023-09-20,1,4004120.14,4004120.14
3582,28,2,42,7,2025-11-07,2,2743314.34,5486628.68
3583,19,7,21,7,2025-08-07,2,1473359.39,2946718.78
3584,26,3,13,3,2025-12-28,1,2451795.33,2451795.33
3585,13,5,9,11,2023-11-14,1,563168.29,563168.29
3586,3,15,53,7,2024-03-15,1,517041.1,517041.1
3587,14,7,52,2,2025-06-30,1,918208.43,918208.43
3588,19,2,16,3,2024-09-24,1,1258843.71,1258843.71
3589,6,12,46,4,2024-01-24,1,2213387.53,2213387.53
3590,15,13,3,5,2024-08-21,3,2801538.98,8404616.94
3591,12,2,24,6,2024-08-20,3,1571933.64,4715800.92
3592,33,5,43,7,2025-07-24,1,1193111.95,1193111.95
3593,8,1,2,5,2024-04-09,1,816486.56,816486.56
3594,7,12,16,7,2025-07-18,2,1811001.37,3622002.74
3595,2,5,43,1,2023-06-10,1,2467450.06,2467450.06
3596,16,5,27,3,2023-11-13,2,513759.38,1027518.76
3597,20,11,51,3,2025-08-16,1,2928338.67,2928338.67
3598,8,5,17,7,2024-04-21,3,695482.46,2086447.38
3599,2,11,25,8,2022-10-19,1,3013619.06,3013619.06
3600,18,14,4,6,2024-02-07,1,3814006.15,3814006.15
3601,41,4,28,7,2024-08-04,1,3963813.56,3963813.56
3602,2,7,4,3,2023-03-04,2,3839981.33,7679962.66
3603,12,6,8,5,2022-06-01,1,3167830.39,3167830.39
3604,23,7,48,7,2022-05-29,1,1668104.18,1668104.18
3605,30,10,8,1,2023-11-02,2,1417513.31,2835026.62
3606,36,1,30,6,2023-07-27,1,2735942.45,2735942.45
3607,9,6,48,6,2024-06-30,1,2350616.38,2350616.38
3608,32,1,11,7,2024-11-27,2,4533671.17,9067342.34
3609,30,15,37,6,2023-08-20,1,917816.56,917816.56
3610,12,5,18,6,2022-01-27,1,3520222.14,3520222.14
3611,35,1,54,11,2024-06-20,1,2422975.83,2422975.83
3612,8,15,30,3,2025-01-31,2,794115.38,1588230.76
3613,19,12,29,1,2025-11-28,1,1238540.41,1238540.41
3614,12,10,28,1,2025-06-13,1,2044606.21,2044606.21
3615,21,2,26,6,2025-05-11,2,1504063.06,3008126.12
3616,8,3,46,7,2024-02-13,1,870699.12,870699.12
3617,12,2,42,6,2024-05-18,1,2501771.44,2501771.44
3618,2,5,13,1,2025-08-06,1,2471502.01,2471502.01
3619,17,12,41,1,2024-08-12,1,507295.86,507295.86
3620,25,2,17,2,2025-11-03,1,1431042.19,1431042.19
3621,43,11,6,6,2022-06-25,1,4043415.82,4043415.82
3622,42,1,45,2,2022-01-03,1,1574404.3,1574404.3
3623,28,4,24,3,2024-09-09,1,3874220.27,3874220.27
3624,19,4,19,3,2024-05-19,2,986917.59,1973835.18
3625,42,6,10,7,2023-08-25,1,1604255.13,1604255.13
3626,17,1,54,6,2022-01-02,1,636397.39,636397.39
3627,3,4,2,8,2022-01-25,1,628028.84,628028.84
3628,16,5,49,11,2023-04-16,1,451617.59,451617.59
3629,28,1,40,10,2024-08-21,1,3245142.01,3245142.01
3630,16,2,45,7,2023-11-15,1,620326.71,620326.71
3631,37,9,20,3,2024-02-25,1,3596701.5,3596701.5
3632,28,6,6,5,2022-08-20,1,3812379.96,3812379.96
3633,15,1,44,9,2022-07-10,1,3923135.64,3923135.64
3634,38,13,50,3,2024-06-28,1,4931137.53,4931137.53
3635,32,5,39,6,2025-10-16,1,4146843.06,4146843.06
3636,31,3,52,8,2023-09-09,1,914085.9,914085.9
3637,25,3,34,6,2023-07-18,1,923189.05,923189.05
3638,12,2,22,6,2022-04-03,1,3170406.01,3170406.01
3639,18,6,14,3,2024-02-05,1,1604225.89,1604225.89
3640,31,9,8,1,2022-04-27,3,2206705.26,6620115.78
3641,39,12,17,5,2024-05-18,1,2988578.2,2988578.2
3642,38,8,53,3,2023-05-13,1,3361430.45,3361430.45
3643,15,6,43,6,2023-07-18,1,3327652.08,3327652.08
3644,35,12,55,5,2024-10-11,1,859215.87,859215.87
3645,8,5,37,6,2024-09-18,1,661501.75,661501.75
3646,39,6,55,8,2023-08-01,1,3110607.68,3110607.68
3647,19,5,25,1,2022-12-24,1,1978082.13,1978082.13
3648,40,5,31,12,2023-01-05,1,6932060.85,6932060.85
3649,6,4,52,3,2022-10-23,1,2227934.79,2227934.79
3650,38,11,33,6,2025-06-21,2,2604960.74,5209921.48
3651,19,13,18,4,2023-06-13,1,2508287.86,2508287.86
3652,37,2,40,11,2022-10-06,2,5490773.35,10981546.7
3653,25,15,45,4,2025-05-18,1,3192101.3,3192101.3
3654,18,15,38,3,2024-02-11,1,3035613.68,3035613.68
3655,38,2,34,3,2023-08-27,1,2979845.23,2979845.23
3656,20,6,5,12,2024-04-18,1,1908994.72,1908994.72
3657,24,7,4,12,2024-08-11,1,2478650.04,2478650.04
3658,2,5,15,1,2022-03-13,1,2601313.43,2601313.43
3659,7,3,14,9,2025-08-25,1,1697041.98,1697041.98
3660,39,6,30,9,2023-12-23,1,1154341.52,1154341.52
3661,36,6,45,1,2025-01-20,1,2540602.49,2540602.49
3662,35,9,26,5,2023-10-16,1,2961184.39,2961184.39
3663,13,5,23,5,2025-12-22,1,722975.04,722975.04
3664,6,12,12,4,2022-06-05,1,3461700.25,3461700.25
3665,40,5,3,10,2023-10-10,1,6675106.49,6675106.49
3666,26,6,12,6,2022-11-17,2,2099279.44,4198558.88
3667,35,1,16,1,2023-03-28,1,4616425.91,4616425.91
3668,35,5,6,8,2022-11-23,1,1468612.92,1468612.92
3669,11,4,51,5,2024-09-11,1,2520615.16,2520615.16
3670,23,7,12,6,2024-12-19,2,1434268.98,2868537.96
3671,16,1,31,6,2023-04-09,1,409229.76,409229.76
3672,34,9,43,6,2023-03-31,1,2540198.47,2540198.47
3673,12,9,41,8,2024-09-10,1,3250847.1,3250847.1
3674,12,14,52,9,2024-07-16,1,4235892.5,4235892.5
3675,20,2,34,4,2025-04-11,1,3871346.78,3871346.78
3676,19,4,43,9,2022-12-15,1,914131.53,914131.53
3677,34,1,51,3,2025-12-20,2,3987263.97,7974527.94
3678,29,5,30,7,2023-08-24,1,683231.46,683231.46
3679,7,5,24,8,2024-05-12,3,3092020.86,9276062.58
3680,26,6,26,9,2023-12-05,1,3740791.15,3740791.15
3681,1,6,48,7,2024-10-19,1,4366465.56,4366465.56
3682,11,1,19,6,2023-11-08,1,3604859.3,3604859.3
3683,19,6,11,3,2025-06-13,1,1988996.75,1988996.75
3684,12,7,11,5,2022-03-07,1,2024345.02,2024345.02
3685,20,3,9,11,2022-04-07,1,1000022.57,1000022.57
3686,11,1,47,11,2023-10-12,1,4551011.06,4551011.06
3687,18,12,5,1,2023-10-15,1,2799765.89,2799765.89
3688,13,4,42,6,2022-12-06,1,799730.27,799730.27
3689,19,3,40,4,2025-11-28,2,2516553.46,5033106.92
3690,27,3,37,5,2024-01-24,2,1992367.69,3984735.38
3691,2,2,9,6,2025-07-17,2,2288868.88,4577737.76
3692,6,12,19,10,2025-02-19,1,1451031.37,1451031.37
3693,11,3,43,10,2022-10-21,1,2180224.18,2180224.18
3694,4,5,11,8,2022-06-02,1,1198444.09,1198444.09
3695,17,6,6,4,2024-02-06,2,510033.62,1020067.24
3696,20,1,51,8,2022-10-05,1,3857591.7,3857591.7
3697,16,2,50,6,2023-09-07,1,619827.03,619827.03
3698,41,7,47,11,2022-12-12,1,1797174.64,1797174.64
3699,13,7,50,5,2023-08-17,1,875509.13,875509.13
3700,27,2,46,1,2025-02-03,1,3932020.31,3932020.31
3701,38,2,21,6,2022-05-06,1,2352108.46,2352108.46
3702,29,6,9,8,2025-09-04,1,526757.3,526757.3
3703,11,1,39,1,2022-08-22,1,1437758.83,1437758.83
3704,10,15,33,8,2024-08-26,2,2784623.3,5569246.6
3705,5,6,30,5,2024-05-01,1,7008317.86,7008317.86
3706,6,1,10,1,2022-12-05,1,2385237.26,2385237.26
3707,37,15,19,6,2023-09-18,1,5204929.51,5204929.51
3708,24,6,42,6,2022-05-24,1,1519301.34,1519301.34
3709,25,3,53,6,2025-10-16,1,3141156.21,3141156.21
3710,25,2,36,8,2024-06-24,1,2563676.37,2563676.37
3711,11,3,20,12,2025-12-28,2,2514583.15,5029166.3
3712,43,12,36,10,2022-07-08,1,5131251.87,5131251.87
3713,26,4,53,9,2022-08-18,1,3822603.45,3822603.45
3714,11,9,18,11,2023-06-24,1,1640093.42,1640093.42
3715,25,1,31,8,2024-10-12,2,2270948.51,4541897.02
3716,30,6,5,9,2023-03-04,1,1402133.95,1402133.95
3717,7,4,47,1,2025-08-28,1,1185907.72,1185907.72
3718,42,1,45,8,2022-03-05,3,1726826.01,5180478.03
3719,41,3,4,5,2024-08-03,1,4333033.16,4333033.16
3720,2,3,54,12,2024-03-24,1,2300200.92,2300200.92
3721,28,15,45,6,2022-03-01,1,1796836.89,1796836.89
3722,20,11,38,6,2022-05-15,1,3989363.65,3989363.65
3723,13,2,14,9,2024-04-11,1,485500.19,485500.19
3724,15,2,45,6,2023-01-30,1,3149925.38,3149925.38
3725,26,3,54,6,2023-01-17,1,3002854.79,3002854.79
3726,8,5,44,5,2023-11-23,1,895288.45,895288.45
3727,15,6,37,11,2022-02-19,1,5098536.34,5098536.34
3728,41,2,28,6,2025-02-22,1,5041860.31,5041860.31
3729,39,3,41,3,2023-05-08,1,3109562.81,3109562.81
3730,22,3,34,4,2024-05-12,1,797234.66,797234.66
3731,38,4,7,5,2024-10-02,1,1993023.0,1993023.0
3732,7,3,37,5,2024-03-29,1,3017413.68,3017413.68
3733,2,1,48,8,2023-06-03,1,1951140.62,1951140.62
3734,33,1,14,7,2022-05-21,1,2135996.52,2135996.52
3735,5,3,13,9,2022-06-05,1,8725041.49,8725041.49
3736,6,9,22,4,2025-07-15,1,2666367.62,2666367.62
3737,12,2,16,5,2023-06-08,2,4544480.01,9088960.02
3738,39,15,6,12,2022-02-25,3,4718357.16,14155071.48
3739,10,6,22,9,2023-12-27,1,4304917.4,4304917.4
3740,32,1,39,11,2025-08-10,1,1002997.56,1002997.56
3741,42,14,25,8,2024-08-23,1,1040887.83,1040887.83
3742,39,6,50,6,2023-03-02,1,3676045.3,3676045.3
3743,17,6,38,4,2025-10-22,1,586996.67,586996.67
3744,2,1,37,1,2025-10-30,1,4121334.19,4121334.19
3745,16,4,17,9,2022-02-09,1,591684.07,591684.07
3746,12,5,48,11,2024-08-07,1,3950950.85,3950950.85
3747,2,4,46,7,2023-11-18,1,3715978.94,3715978.94
3748,7,3,48,5,2025-03-25,1,5028773.26,5028773.26
3749,15,9,54,7,2023-12-26,1,1487009.94,1487009.94
3750,7,14,48,10,2022-05-17,1,2735857.1,2735857.1
3751,27,4,19,7,2023-10-16,1,2579978.76,2579978.76
3752,11,8,53,3,2023-07-25,1,3459103.43,3459103.43
3753,39,1,55,1,2022-07-05,1,2973555.19,2973555.19
3754,18,1,40,3,2025-09-05,2,2268860.61,4537721.22
3755,15,9,18,9,2025-03-05,1,2606648.81,2606648.81
3756,14,12,46,10,2023-05-18,1,1060527.12,1060527.12
3757,14,15,35,3,2023-03-13,1,1139948.31,1139948.31
3758,20,8,43,6,2025-02-10,1,3707618.47,3707618.47
3759,7,4,18,7,2025-12-27,2,2076737.83,4153475.66
3760,34,12,5,9,2024-08-17,1,2167315.51,2167315.51
3761,41,6,47,11,2024-09-25,1,3957602.84,3957602.84
3762,29,1,26,3,2024-02-21,3,466310.88,1398932.64
3763,29,5,4,8,2024-07-25,1,451677.5,451677.5
3764,16,3,14,11,2025-10-05,1,506521.7,506521.7
3765,23,8,47,7,2023-08-22,1,3531746.49,3531746.49
3766,24,4,36,6,2022-09-05,1,4229436.55,4229436.55
3767,26,13,49,7,2025-02-10,1,1927978.79,1927978.79
3768,34,2,38,1,2024-04-17,1,2979086.41,2979086.41
3769,27,5,47,9,2025-01-29,1,2444201.32,2444201.32
3770,43,3,20,5,2025-10-01,1,4756527.54,4756527.54
3771,42,1,48,6,2025-04-30,1,1854467.47,1854467.47
3772,35,2,4,6,2024-11-14,1,908430.82,908430.82
3773,18,9,15,3,2024-10-18,1,3096268.97,3096268.97
3774,33,12,18,6,2025-05-01,1,3362114.47,3362114.47
3775,8,8,27,11,2022-12-27,1,824752.73,824752.73
3776,15,6,22,5,2024-06-23,1,4483792.77,4483792.77
3777,7,2,33,3,2022-07-30,1,3362772.49,3362772.49
3778,19,5,52,1,2023-09-22,1,1812024.44,1812024.44
3779,15,2,26,7,2023-04-08,1,1462626.97,1462626.97
3780,4,6,23,3,2024-01-31,1,837508.07,837508.07
3781,41,12,30,8,2023-06-13,1,1948701.7,1948701.7
3782,32,3,22,2,2024-03-29,1,1046251.01,1046251.01
3783,16,2,37,7,2022-02-20,1,443301.2,443301.2
3784,4,12,50,5,2023-03-04,1,1578408.81,1578408.81
3785,10,15,35,11,2025-11-28,1,3287161.13,3287161.13
3786,31,1,55,8,2024-10-15,1,4082070.41,4082070.41
3787,9,1,46,6,2025-12-02,1,2303316.4,2303316.4
3788,3,1,3,3,2024-07-01,1,657278.0,657278.0
3789,1,9,41,7,2022-10-12,1,1530800.61,1530800.61
3790,27,1,29,1,2024-12-08,1,4307718.59,4307718.59
3791,27,7,27,6,2024-02-29,2,2287583.49,4575166.98
3792,23,3,46,4,2023-09-12,1,4517136.89,4517136.89
3793,29,4,51,3,2025-06-25,1,679789.0,679789.0
3794,27,2,53,6,2025-08-19,1,2534247.24,2534247.24
3795,42,5,17,8,2022-09-29,1,2118144.75,2118144.75
3796,22,5,30,7,2025-05-28,1,1421229.05,1421229.05
3797,19,12,6,7,2022-02-16,1,2376855.82,2376855.82
3798,11,9,27,12,2024-01-14,1,1207533.06,1207533.06
3799,32,1,28,5,2025-08-22,1,3674643.04,3674643.04
3800,22,3,20,6,2024-08-22,1,1518726.91,1518726.91
3801,6,7,10,6,2024-01-04,1,1902579.05,1902579.05
3802,29,2,20,2,2024-08-19,1,454410.28,454410.28
3803,16,5,44,5,2023-02-26,1,453073.82,453073.82
3804,24,6,39,3,2023-02-16,1,4818773.81,4818773.81
3805,24,2,50,7,2024-01-24,1,2261378.75,2261378.75
3806,10,2,48,9,2022-02-02,1,3227276.41,3227276.41
3807,27,13,25,3,2022-12-10,2,3706345.79,7412691.58
3808,17,7,47,3,2024-10-31,1,680736.07,680736.07
3809,24,6,7,6,2022-03-10,1,3265713.67,3265713.67
3810,25,3,2,8,2023-03-02,1,1822808.4,1822808.4
3811,42,3,50,8,2025-03-15,1,1824567.83,1824567.83
3812,26,3,18,1,2024-06-01,1,1433099.68,1433099.68
3813,33,1,7,10,2023-08-23,1,3655827.96,3655827.96
3814,39,3,7,1,2023-12-18,1,4018635.86,4018635.86
3815,34,14,17,10,2023-03-14,1,3620775.89,3620775.89
3816,28,10,48,8,2024-10-23,1,4609973.06,4609973.06
3817,2,13,13,5,2023-09-13,1,2244435.43,2244435.43
3818,30,13,16,12,2023-07-15,1,2498342.89,2498342.89
3819,12,11,40,3,2022-03-25,1,1837743.33,1837743.33
3820,17,2,37,7,2025-10-10,1,663778.03,663778.03
3821,17,2,50,9,2024-01-04,1,614613.96,614613.96
3822,12,15,7,7,2024-03-07,1,2379903.77,2379903.77
3823,2,1,14,4,2023-09-28,1,1848687.43,1848687.43
3824,18,12,4,3,2024-04-04,1,1688155.52,1688155.52
3825,12,13,48,9,2024-05-22,1,1884359.29,1884359.29
3826,6,1,47,6,2025-10-25,1,1605615.43,1605615.43
3827,14,8,45,1,2025-02-27,1,1140575.75,1140575.75
3828,38,3,39,3,2023-03-20,1,1060766.86,1060766.86
3829,16,8,7,9,2022-01-01,1,698594.77,698594.77
3830,2,4,1,1,2022-03-05,1,3286292.8,3286292.8
3831,5,12,35,1,2024-02-07,1,10398811.4,10398811.4
3832,24,11,39,6,2025-03-30,2,2409311.31,4818622.62
3833,7,8,23,4,2025-03-24,1,5528197.89,5528197.89
3834,6,2,27,6,2022-06-16,1,3172899.8,3172899.8
3835,20,4,42,4,2022-10-30,1,4208993.42,4208993.42
3836,10,14,46,11,2024-01-19,1,2415136.14,2415136.14
3837,1,6,38,3,2024-10-05,1,4198113.54,4198113.54
3838,3,11,4,11,2023-03-13,2,786634.22,1573268.44
3839,20,4,36,4,2022-11-13,2,3714776.05,7429552.1
3840,12,1,12,10,2022-09-26,1,853823.74,853823.74
3841,29,15,54,5,2022-05-31,2,664257.69,1328515.38
3842,18,1,4,9,2022-05-10,1,2352987.49,2352987.49
3843,23,1,42,8,2025-10-23,1,4539814.81,4539814.81
3844,26,3,48,6,2024-10-11,1,1516020.19,1516020.19
3845,39,2,53,7,2025-05-13,1,1122440.21,1122440.21
3846,18,6,7,9,2025-04-08,1,2911490.98,2911490.98
3847,28,3,19,4,2022-10-26,1,3305423.96,3305423.96
3848,18,2,45,10,2022-01-28,1,2447826.32,2447826.32
3849,12,11,45,1,2025-06-05,1,3686542.33,3686542.33
3850,20,10,18,5,2025-03-05,1,1325436.05,1325436.05
3851,2,11,54,10,2022-09-27,1,2540098.15,2540098.15
3852,19,5,41,6,2023-12-15,1,1392221.28,1392221.28
3853,3,2,43,7,2022-02-02,1,544859.28,544859.28
3854,13,15,28,3,2023-01-26,2,613966.67,1227933.34
3855,28,3,6,9,2024-11-05,1,3281434.88,3281434.88
3856,22,15,25,10,2023-10-18,1,1509333.08,1509333.08
3857,1,3,29,11,2022-06-23,2,4374521.97,8749043.94
3858,7,8,1,8,2023-09-24,1,2968007.48,2968007.48
3859,25,3,41,12,2025-10-14,1,1208073.61,1208073.61
3860,27,2,32,9,2023-08-28,1,1327459.02,1327459.02
3861,3,13,14,1,2023-11-05,1,468034.76,468034.76
3862,15,1,54,6,2025-06-22,1,4023720.95,4023720.95
3863,14,2,55,1,2024-01-08,1,1186003.17,1186003.17
3864,38,2,18,5,2024-04-27,1,2224963.86,2224963.86
3865,1,2,16,3,2023-12-09,1,3066692.36,3066692.36
3866,39,1,45,7,2022-06-03,1,4498661.01,4498661.01
3867,13,13,15,3,2023-02-08,2,478224.32,956448.64
3868,28,4,10,7,2023-09-15,2,3312853.14,6625706.28
3869,3,4,15,1,2024-10-04,2,501793.47,1003586.94
3870,24,1,1,11,2025-10-26,1,3598721.98,3598721.98
3871,8,3,50,7,2024-06-10,3,650530.29,1951590.87
3872,33,4,50,11,2023-12-12,1,3263645.76,3263645.76
3873,18,5,13,8,2024-10-08,1,3274924.51,3274924.51
3874,8,1,21,2,2024-08-12,1,650568.41,650568.41
3875,42,5,16,3,2024-01-19,1,1737023.6,1737023.6
3876,11,14,17,5,2024-08-26,1,3700201.87,3700201.87
3877,18,5,32,4,2025-12-18,1,3767222.05,3767222.05
3878,20,1,14,1,2023-03-17,1,1228964.16,1228964.16
3879,29,2,49,8,2024-03-22,1,567074.22,567074.22
3880,7,11,6,3,2023-06-24,1,4271978.62,4271978.62
3881,11,11,19,4,2025-04-25,1,3309190.79,3309190.79
3882,32,3,18,11,2023-03-14,2,3332909.89,6665819.78
3883,5,1,55,4,2023-04-11,2,10082245.92,20164491.84
3884,34,13,28,9,2024-08-15,1,4286632.16,4286632.16
3885,2,2,15,3,2025-05-13,1,988614.14,988614.14
3886,25,7,46,5,2022-05-21,1,2040502.46,2040502.46
3887,30,13,4,11,2022-09-25,1,2805346.93,2805346.93
3888,7,6,28,12,2023-03-26,1,3860974.78,3860974.78
3889,21,12,14,3,2023-04-15,1,1364163.49,1364163.49
3890,14,4,14,7,2023-10-02,2,1378043.73,2756087.46
3891,37,11,20,6,2025-11-14,1,6163372.57,6163372.57
3892,36,1,29,5,2025-01-30,1,2904119.9,2904119.9
3893,7,6,38,9,2023-03-12,1,5791042.76,5791042.76
3894,36,5,51,3,2024-06-20,2,1949373.39,3898746.78
3895,8,6,1,10,2024-01-08,1,628190.53,628190.53
3896,27,2,26,5,2024-03-24,1,4725810.18,4725810.18
3897,2,2,17,7,2023-06-26,1,2004452.98,2004452.98
3898,10,2,36,1,2024-12-02,1,2883688.23,2883688.23
3899,43,2,8,1,2024-03-07,1,4617234.0,4617234.0
3900,30,4,20,6,2023-04-07,1,2593686.05,2593686.05
3901,32,1,47,4,2023-12-18,2,1919488.2,3838976.4
3902,30,8,17,3,2025-06-29,1,3930865.44,3930865.44
3903,12,1,27,3,2025-11-12,1,3023206.52,3023206.52
3904,25,4,32,4,2023-03-06,1,1383090.32,1383090.32
3905,16,11,32,3,2025-05-04,1,597146.19,597146.19
3906,5,15,36,7,2023-09-02,1,7704718.24,7704718.24
3907,9,2,1,7,2024-09-30,2,2362602.26,4725204.52
3908,35,1,15,7,2023-12-07,2,1267402.54,2534805.08
3909,17,9,38,7,2022-06-28,1,487970.11,487970.11
3910,1,1,50,9,2023-05-28,2,3486652.27,6973304.54
3911,34,11,43,7,2022-07-03,1,3575178.83,3575178.83
3912,15,6,30,7,2025-03-18,1,4707487.93,4707487.93
3913,16,2,44,5,2022-04-03,1,635197.36,635197.36
3914,33,4,12,1,2024-11-08,1,3563926.17,3563926.17
3915,24,2,31,1,2025-08-15,1,2626054.38,2626054.38
3916,16,2,32,6,2022-08-31,1,723385.93,723385.93
3917,7,1,44,6,2025-07-04,1,2700853.85,2700853.85
3918,33,1,28,6,2024-04-12,2,3449058.82,6898117.64
3919,21,7,5,1,2025-05-23,2,1602310.53,3204621.06
3920,40,4,54,6,2023-03-12,3,4232382.79,12697148.37
3921,41,3,32,1,2024-02-23,3,5026177.4,15078532.2
3922,10,6,49,9,2025-05-02,1,3280376.31,3280376.31
3923,17,3,48,5,2025-06-21,1,708092.79,708092.79
3924,12,4,23,9,2023-05-04,1,3059786.86,3059786.86
3925,13,3,41,2,2022-02-18,1,648827.4,648827.4
3926,32,6,47,3,2024-12-09,1,1874094.4,1874094.4
3927,14,3,29,8,2022-03-08,1,997174.22,997174.22
3928,20,2,24,10,2025-04-03,1,930350.37,930350.37
3929,10,3,48,6,2025-11-27,1,3893100.13,3893100.13
3930,33,2,57,3,2024-10-11,1,894330.3,894330.3
3931,7,3,35,6,2025-04-05,2,4984063.44,9968126.88
3932,18,3,28,3,2024-03-18,1,1392962.98,1392962.98
3933,36,11,58,6,2025-03-14,1,2432406.14,2432406.14
3934,26,1,49,6,2022-05-23,1,1664220.5,1664220.5
3935,4,4,52,6,2025-10-28,1,797666.73,797666.73
3936,15,2,31,6,2024-08-19,3,2550863.37,7652590.11
3937,10,11,17,3,2023-10-21,1,2503431.32,2503431.32
3938,27,5,22,1,2023-12-06,2,1890329.36,3780658.72
3939,31,2,47,5,2024-12-17,1,3732506.88,3732506.88
3940,18,6,35,7,2022-09-03,1,2286582.77,2286582.77
3941,40,8,14,6,2022-09-18,1,4815213.47,4815213.47
3942,10,6,20,11,2022-07-29,1,3205558.7,3205558.7
3943,28,2,33,6,2023-11-16,2,4600251.68,9200503.36
3944,20,1,52,8,2025-08-06,1,4975966.85,4975966.85
3945,16,2,30,6,2025-01-06,1,713259.35,713259.35
3946,28,2,52,1,2023-06-05,1,2014062.9,2014062.9
3947,21,4,43,3,2023-08-20,1,1700211.75,1700211.75
3948,26,6,29,6,2025-09-20,1,2407752.85,2407752.85
3949,33,1,34,4,2025-07-02,1,1722190.42,1722190.42
3950,20,2,36,7,2023-10-09,1,2011304.22,2011304.22
3951,25,15,41,9,2024-06-11,3,844201.76,2532605.28
3952,1,4,4,2,2024-01-11,1,3439009.98,3439009.98
3953,8,12,39,7,2024-04-03,1,887353.32,887353.32
3954,16,11,16,4,2024-03-29,2,476562.85,953125.7
3955,15,1,38,2,2022-05-04,3,4973153.11,14919459.33
3956,28,1,41,7,2023-03-17,1,1652539.02,1652539.02
3957,6,1,6,7,2022-03-21,1,3575875.36,3575875.36
3958,28,11,34,9,2023-05-02,1,2337486.65,2337486.65
3959,4,2,34,4,2024-09-21,1,1756809.75,1756809.75
3960,25,5,18,9,2023-11-06,1,3870691.93,3870691.93
3961,15,12,32,2,2024-11-21,1,3115309.85,3115309.85
3962,18,3,33,4,2024-01-13,1,1634044.42,1634044.42
3963,16,5,47,1,2023-11-25,1,564536.65,564536.65
3964,12,4,54,7,2023-09-14,1,4412506.52,4412506.52
3965,12,6,53,8,2023-08-26,1,2747681.1,2747681.1
3966,21,12,48,1,2025-03-17,1,1110887.15,1110887.15
3967,8,2,22,1,2024-04-25,1,625417.4,625417.4
3968,25,6,14,4,2023-11-13,1,2029308.24,2029308.24
3969,6,1,29,8,2023-09-07,1,1320999.95,1320999.95
3970,19,13,37,9,2024-01-28,1,2240182.92,2240182.92
3971,13,5,19,8,2023-05-24,1,758328.39,758328.39
3972,20,4,22,10,2025-05-13,1,2856113.45,2856113.45
3973,43,7,17,10,2022-08-05,1,3475304.66,3475304.66
3974,18,3,55,6,2022-10-25,1,1161464.2,1161464.2
3975,19,10,8,8,2022-11-10,1,1573945.05,1573945.05
3976,28,1,24,11,2025-11-21,1,2387259.12,2387259.12
3977,13,11,19,11,2023-11-20,2,670788.24,1341576.48
3978,32,3,28,8,2022-09-09,1,2332239.95,2332239.95
3979,18,2,43,6,2024-04-29,2,2578951.15,5157902.3
3980,18,6,20,12,2025-04-03,1,899715.16,899715.16
3981,6,1,31,1,2023-11-07,1,2407858.42,2407858.42
3982,24,8,15,3,2025-02-12,1,3937490.18,3937490.18
3983,16,7,5,7,2024-05-10,2,415316.69,830633.38
3984,2,5,23,7,2022-02-20,2,3243829.69,6487659.38
3985,42,9,6,1,2024-01-27,1,884103.75,884103.75
3986,35,2,46,3,2025-10-20,1,1490232.95,1490232.95
3987,29,4,1,7,2023-04-29,1,773090.83,773090.83
3988,23,14,5,6,2025-06-13,1,3469665.74,3469665.74
3989,11,4,49,5,2024-07-16,2,1994444.06,3988888.12
3990,18,12,48,1,2023-04-22,2,1547391.3,3094782.6
3991,13,2,28,3,2023-07-24,1,754737.52,754737.52
3992,8,11,42,6,2025-11-02,1,879545.06,879545.06
3993,31,2,42,4,2022-07-10,1,3372740.89,3372740.89
3994,28,12,37,3,2024-03-05,1,2980128.64,2980128.64
3995,22,14,40,3,2025-03-11,1,1549542.12,1549542.12
3996,26,3,26,4,2023-12-13,1,1908321.68,1908321.68
3997,32,5,25,3,2025-04-21,1,3274885.93,3274885.93
3998,17,5,8,7,2025-01-06,3,547253.99,1641761.97
3999,9,1,42,7,2025-08-15,1,1287520.6,1287520.6
4000,8,2,30,3,2024-09-22,1,683595.9,683595.9
4001,29,3,14,6,2024-10-04,1,710622.74,710622.74
4002,29,4,17,8,2023-11-03,2,791404.46,1582808.92
4003,28,10,42,9,2024-02-01,1,4395313.37,4395313.37
4004,34,7,23,4,2022-09-27,1,2628556.01,2628556.01
4005,39,4,39,3,2024-04-28,1,3473409.5,3473409.5
4006,39,3,28,4,2023-05-30,1,1554027.89,1554027.89
4007,33,2,33,5,2023-05-28,1,1435159.68,1435159.68
4008,19,1,41,6,2025-03-16,1,980575.91,980575.91
4009,42,1,24,7,2023-04-28,2,1298833.93,2597667.86
4010,11,1,17,12,2023-01-16,1,4255397.03,4255397.03
4011,34,13,27,8,2023-02-24,1,3596688.95,3596688.95
4012,9,8,9,3,2025-01-27,1,1870063.34,1870063.34
4013,6,9,5,8,2022-12-09,2,2159951.51,4319903.02
4014,15,11,54,8,2024-01-12,1,4684177.29,4684177.29
4015,26,4,23,7,2024-05-29,1,821064.03,821064.03
4016,6,3,53,3,2023-10-02,1,1446916.41,1446916.41
4017,1,9,15,1,2022-06-07,1,2590726.01,2590726.01
4018,1,15,36,6,2023-08-12,2,3579331.27,7158662.54
4019,15,1,16,12,2023-11-10,1,4833891.74,4833891.74
4020,12,3,3,3,2023-02-17,1,1160281.45,1160281.45
4021,17,3,49,2,2024-07-18,2,719599.77,1439199.54
4022,14,13,44,3,2025-07-12,1,1125819.78,1125819.78
4023,38,8,1,10,2023-12-31,1,3921876.22,3921876.22
4024,35,5,38,1,2024-08-04,2,4338439.24,8676878.48
4025,41,1,55,5,2025-11-10,3,4390350.2,13171050.6
4026,33,11,15,8,2023-04-19,1,4329866.39,4329866.39
4027,1,2,21,12,2024-05-07,1,4000644.19,4000644.19
4028,15,5,7,8,2023-04-11,2,4338103.47,8676206.94
4029,2,2,51,4,2022-08-15,1,1997266.71,1997266.71
4030,8,10,21,8,2025-01-19,1,525379.09,525379.09
4031,20,6,26,8,2023-05-23,1,4142828.38,4142828.38
4032,11,1,50,4,2023-09-12,1,2458675.95,2458675.95
4033,10,5,19,2,2023-06-24,1,3837391.13,3837391.13
4034,11,6,30,1,2023-07-07,1,4449460.83,4449460.83
4035,18,7,11,6,2025-10-24,1,1090692.71,1090692.71
4036,11,11,6,6,2025-01-09,2,1664278.5,3328557.0
4037,16,6,23,7,2024-10-07,1,586574.4,586574.4
4038,11,1,4,7,2024-01-14,1,3518405.23,3518405.23
4039,38,6,16,8,2022-05-31,1,3279924.04,3279924.04
4040,20,2,34,7,2023-06-12,2,1781960.29,3563920.58
4041,29,8,23,9,2023-11-16,1,437242.43,437242.43
4042,40,4,25,9,2022-01-14,1,3451342.05,3451342.05
4043,25,4,21,5,2025-08-29,2,2137730.95,4275461.9
4044,40,6,2,8,2025-07-17,1,2351771.46,2351771.46
4045,27,1,33,9,2022-02-10,1,3906093.95,3906093.95
4046,30,13,54,1,2025-08-22,1,920082.38,920082.38
4047,5,11,30,1,2023-02-07,1,7346712.92,7346712.92
4048,43,2,55,8,2025-09-27,1,3257652.94,3257652.94
4049,28,11,6,3,2025-04-20,1,2638357.69,2638357.69
4050,19,12,37,4,2025-08-19,1,2002999.71,2002999.71
4051,27,3,32,6,2025-07-25,2,3702251.91,7404503.82
4052,14,11,38,9,2022-09-04,1,1421793.17,1421793.17
4053,16,11,43,6,2023-08-02,2,484085.07,968170.14
4054,29,3,23,1,2024-08-14,1,713953.2,713953.2
4055,30,4,24,6,2025-02-02,1,4154672.11,4154672.11
4056,7,2,19,6,2025-05-28,1,1611245.06,1611245.06
4057,11,6,22,7,2023-09-21,1,4193984.22,4193984.22
4058,11,5,8,3,2022-10-24,1,1753738.68,1753738.68
4059,35,3,41,6,2022-11-01,1,3167955.3,3167955.3
4060,20,14,14,4,2025-12-07,1,3303138.92,3303138.92
4061,2,5,51,6,2023-04-21,1,3512686.11,3512686.11
4062,11,7,39,7,2025-01-29,1,4115453.83,4115453.83
4063,41,1,26,6,2025-09-22,1,2085900.16,2085900.16
4064,25,4,11,8,2022-10-09,1,1780695.65,1780695.65
4065,6,3,51,3,2025-08-26,1,2758145.16,2758145.16
4066,13,3,42,1,2023-10-29,1,763781.67,763781.67
4067,28,11,20,3,2022-09-15,1,2767217.18,2767217.18
4068,27,2,45,1,2023-11-06,1,1665000.43,1665000.43
4069,3,10,45,9,2024-07-12,1,550289.52,550289.52
4070,27,6,37,1,2025-01-02,1,4700562.0,4700562.0
4071,16,1,21,4,2024-03-29,1,692102.48,692102.48
4072,24,5,18,8,2022-05-04,1,1958341.29,1958341.29
4073,32,12,38,6,2025-06-28,1,1161904.87,1161904.87
4074,10,1,7,9,2022-05-26,1,2720604.57,2720604.57
4075,20,6,42,2,2022-11-15,1,4551725.21,4551725.21
4076,36,15,34,4,2024-10-26,1,2114516.19,2114516.19
4077,6,1,30,4,2022-04-19,1,1387950.31,1387950.31
4078,27,2,44,3,2023-01-19,1,4229108.51,4229108.51
4079,14,2,1,10,2022-09-10,2,1821632.63,3643265.26
4080,34,3,11,2,2023-05-27,1,2167436.91,2167436.91
4081,24,1,43,3,2023-07-20,1,882699.58,882699.58
4082,16,11,54,11,2024-08-25,2,722699.5,1445399.0
4083,28,1,37,6,2022-06-07,1,3645804.05,3645804.05
4084,3,1,9,1,2025-07-19,1,671017.4,671017.4
4085,31,13,41,1,2023-11-24,1,1247474.05,1247474.05
4086,16,4,6,6,2023-11-13,1,413678.19,413678.19
4087,15,3,52,10,2023-11-05,1,4279024.31,4279024.31
4088,28,4,43,5,2024-08-27,1,4262646.0,4262646.0
4089,23,2,38,3,2022-06-25,1,3182885.86,3182885.86
4090,34,1,37,6,2025-05-29,1,4191927.44,4191927.44
4091,12,1,53,6,2024-01-12,1,1259448.91,1259448.91
4092,28,2,55,3,2022-09-05,1,2385199.33,2385199.33
4093,34,12,40,10,2025-08-17,1,958604.01,958604.01
4094,14,5,26,5,2025-07-02,1,1089843.33,1089843.33
4095,13,4,39,2,2025-09-17,1,496068.85,496068.85
4096,16,6,27,4,2023-07-14,1,713425.15,713425.15
4097,28,14,10,8,2025-02-20,3,3085375.2,9256125.6
4098,27,1,9,3,2024-01-06,1,4313860.29,4313860.29
4099,17,12,12,6,2022-01-26,1,710200.78,710200.78
4100,29,8,12,11,2024-09-03,1,476316.01,476316.01
4101,35,2,21,3,2023-06-03,3,3237210.82,9711632.46
4102,8,1,25,1,2022-10-03,1,753005.23,753005.23
4103,29,6,35,6,2025-12-17,1,665061.03,665061.03
4104,18,1,32,6,2024-07-08,1,2035813.02,2035813.02
4105,9,1,45,1,2024-01-29,1,1541560.56,1541560.56
4106,36,11,32,12,2024-08-04,1,982246.73,982246.73
4107,8,2,48,8,2024-12-25,1,635023.87,635023.87
4108,11,4,49,8,2023-04-25,3,1531070.92,4593212.76
4109,25,5,36,3,2024-11-13,1,1881505.13,1881505.13
4110,39,6,30,6,2024-05-23,3,3517784.09,10553352.27
4111,21,13,42,9,2023-12-23,3,1348505.91,4045517.73
4112,19,6,16,1,2022-06-15,1,1922250.24,1922250.24
4113,29,6,21,3,2025-12-19,1,676244.87,676244.87
4114,4,12,32,6,2022-01-13,1,707520.2,707520.2
4115,29,3,37,7,2024-03-29,1,627543.38,627543.38
4116,10,4,9,8,2023-05-02,1,2900755.1,2900755.1
4117,23,5,50,9,2025-02-05,1,926742.93,926742.93
4118,13,2,22,4,2023-02-06,1,613929.0,613929.0
4119,34,9,23,3,2025-04-06,1,4043057.18,4043057.18
4120,18,13,7,1,2024-04-21,1,2915959.1,2915959.1
4121,20,15,28,3,2023-12-30,1,2326176.1,2326176.1
4122,1,2,32,9,2025-12-26,1,3957957.68,3957957.68
4123,33,15,53,7,2023-03-20,2,3952793.32,7905586.64
4124,26,1,51,9,2025-06-28,1,2635514.01,2635514.01
4125,27,14,29,8,2023-10-18,1,3060038.75,3060038.75
4126,41,4,38,5,2024-10-16,2,1492823.21,2985646.42
4127,11,14,7,10,2024-12-31,1,1180634.97,1180634.97
4128,9,8,38,9,2025-10-10,1,1456262.5,1456262.5
4129,2,5,46,5,2025-01-25,1,4219822.37,4219822.37
4130,41,13,33,3,2022-06-05,1,4135769.29,4135769.29
4131,28,1,28,1,2025-07-23,1,933678.01,933678.01
4132,23,6,5,3,2025-05-27,1,3049142.5,3049142.5
4133,25,2,2,3,2025-08-12,2,3789504.68,7579009.36
4134,14,2,7,1,2024-01-10,1,1307389.76,1307389.76
4135,4,11,1,7,2022-08-15,1,749482.92,749482.92
4136,10,14,20,2,2024-08-25,1,2604224.98,2604224.98
4137,31,1,23,5,2025-11-19,1,5023923.04,5023923.04
4138,27,1,49,7,2025-02-19,1,2744542.45,2744542.45
4139,40,12,32,5,2024-06-15,1,4547293.74,4547293.74
4140,39,4,9,8,2025-05-27,1,4399606.6,4399606.6
4141,23,6,52,3,2023-07-23,1,3049436.51,3049436.51
4142,21,1,22,8,2024-04-19,1,1042037.85,1042037.85
4143,40,9,47,3,2022-08-21,1,6047290.85,6047290.85
4144,23,14,26,8,2025-07-06,1,4538231.37,4538231.37
4145,7,5,37,1,2025-01-09,1,5347240.87,5347240.87
4146,26,1,18,9,2025-05-15,1,1574096.29,1574096.29
4147,10,1,17,1,2024-04-20,1,2607202.05,2607202.05
4148,11,4,4,8,2025-07-24,1,2059942.14,2059942.14
4149,6,6,44,10,2024-01-06,1,2043812.58,2043812.58
4150,28,2,19,11,2022-03-15,1,2196367.8,2196367.8
4151,19,6,30,7,2024-10-27,1,2415800.41,2415800.41
4152,23,2,47,2,2022-08-05,2,4146149.07,8292298.14
4153,31,10,1,10,2022-02-14,1,1023624.59,1023624.59
4154,31,14,51,3,2024-04-04,1,3452477.67,3452477.67
4155,7,5,18,1,2022-02-17,1,3229173.41,3229173.41
4156,41,3,27,3,2023-07-14,1,5335936.03,5335936.03
4157,8,3,32,1,2023-06-14,1,706112.71,706112.71
4158,24,11,33,6,2022-01-29,1,2528221.46,2528221.46
4159,11,1,19,3,2022-03-01,1,1450062.23,1450062.23
4160,19,6,37,12,2024-09-15,1,1040172.49,1040172.49
4161,27,7,41,8,2023-06-19,1,1838871.07,1838871.07
4162,33,11,39,9,2024-10-21,3,1617414.2,4852242.6
4163,25,2,19,9,2022-09-06,1,1677843.09,1677843.09
4164,7,1,19,3,2023-05-22,1,5633655.79,5633655.79
4165,6,3,33,8,2022-12-07,1,1819832.61,1819832.61
4166,25,1,49,6,2023-02-10,1,3914841.29,3914841.29
4167,29,11,2,12,2022-12-22,2,478938.19,957876.38
4168,8,2,8,6,2022-02-25,1,565682.74,565682.74
4169,27,1,42,6,2022-04-19,1,949368.07,949368.07
4170,32,1,17,3,2024-05-18,1,2362093.49,2362093.49
4171,32,2,53,3,2023-06-28,3,2678534.67,8035604.01
4172,27,1,44,4,2025-06-26,1,2070764.91,2070764.91
4173,24,1,6,6,2024-06-17,1,3316708.05,3316708.05
4174,43,3,42,7,2022-05-03,3,2425439.74,7276319.22
4175,23,11,3,3,2023-01-28,1,1977725.87,1977725.87
4176,8,2,4,7,2025-10-03,1,667116.09,667116.09
4177,26,5,52,6,2022-04-04,1,3781189.87,3781189.87
4178,37,5,41,9,2023-03-10,1,5251809.48,5251809.48
4179,16,13,18,8,2024-08-27,1,678478.37,678478.37
4180,20,12,17,8,2023-05-18,1,2908088.51,2908088.51
4181,2,1,37,6,2024-11-12,1,2635114.55,2635114.55
4182,17,9,52,4,2023-03-02,1,592655.99,592655.99
4183,20,11,42,9,2025-08-30,1,3371246.11,3371246.11
4184,33,1,17,1,2022-11-18,1,863432.78,863432.78
4185,12,6,49,5,2025-03-20,1,4569030.03,4569030.03
4186,35,2,48,3,2022-03-05,3,3178908.34,9536725.02
4187,18,3,51,1,2024-09-03,2,1197268.72,2394537.44
4188,13,1,4,7,2023-04-19,1,516866.52,516866.52
4189,30,3,39,6,2023-07-02,1,4531072.91,4531072.91
4190,19,13,51,9,2025-04-26,1,1790184.42,1790184.42
4191,39,3,39,7,2023-12-27,1,3199528.88,3199528.88
4192,15,1,13,8,2024-10-06,1,2822241.89,2822241.89
4193,13,1,34,3,2022-10-25,1,766536.54,766536.54
4194,13,14,43,10,2024-09-01,1,475204.14,475204.14
4195,17,2,43,3,2022-03-24,2,562633.08,1125266.16
4196,13,3,36,5,2022-09-09,1,847264.06,847264.06
4197,15,11,39,3,2024-09-03,1,4841699.46,4841699.46
4198,32,5,34,12,2022-10-04,1,2081412.77,2081412.77
4199,40,2,14,4,2023-06-27,1,3754623.96,3754623.96
4200,11,15,47,8,2024-06-21,1,3761552.99,3761552.99
4201,22,9,53,11,2022-09-03,1,1015828.34,1015828.34
4202,3,4,17,3,2025-07-10,1,497603.65,497603.65
4203,26,3,43,8,2024-11-08,1,4050777.08,4050777.08
4204,7,5,5,6,2023-03-31,1,1187121.91,1187121.91
4205,2,1,54,3,2024-07-09,3,4202869.25,12608607.75
4206,35,1,13,10,2023-07-18,1,4288898.24,4288898.24
4207,40,1,11,7,2024-07-18,1,5655366.33,5655366.33
4208,27,11,34,3,2025-01-19,1,4723411.45,4723411.45
4209,29,2,42,7,2022-06-24,1,421184.33,421184.33
4210,37,5,18,4,2023-05-18,1,6534477.44,6534477.44
4211,25,4,16,3,2023-11-03,1,3020779.39,3020779.39
4212,39,4,30,4,2025-06-25,1,4517237.28,4517237.28
4213,2,13,4,8,2022-01-07,1,1571048.57,1571048.57
4214,37,3,51,8,2022-09-07,1,2812262.76,2812262.76
4215,41,5,32,7,2024-11-22,1,5101432.5,5101432.5
4216,20,14,22,6,2022-07-18,1,2318060.22,2318060.22
4217,14,12,16,5,2025-06-27,1,784773.72,784773.72
4218,13,5,7,6,2022-09-13,1,628139.78,628139.78
4219,13,10,42,6,2025-09-18,1,750782.22,750782.22
4220,14,2,7,6,2024-03-01,2,788112.59,1576225.18
4221,12,12,19,1,2024-02-13,1,1567407.6,1567407.6
4222,19,12,45,5,2024-11-12,1,2466395.05,2466395.05
4223,36,3,18,7,2022-06-26,1,2334464.29,2334464.29
4224,4,4,28,3,2022-07-07,2,1410192.35,2820384.7
4225,20,4,21,3,2024-08-26,1,3500789.29,3500789.29
4226,3,2,28,8,2023-12-31,1,824254.02,824254.02
4227,25,2,29,6,2023-07-08,2,4269173.39,8538346.78
4228,18,6,5,8,2024-07-04,1,1694775.65,1694775.65
4229,16,4,38,2,2022-04-13,1,677771.16,677771.16
4230,35,2,47,3,2023-03-03,2,3787201.69,7574403.38
4231,41,3,12,12,2022-11-13,1,4406836.15,4406836.15
4232,1,6,23,8,2022-08-24,1,2844496.48,2844496.48
4233,16,3,2,1,2025-01-10,1,449229.09,449229.09
4234,32,3,35,3,2025-08-31,2,4383803.69,8767607.38
4235,25,2,5,9,2023-05-19,1,3212708.92,3212708.92
4236,34,1,28,8,2025-01-02,1,2415998.1,2415998.1
4237,12,12,52,5,2022-02-26,1,4233281.58,4233281.58
4238,30,1,25,1,2023-07-24,1,3858809.41,3858809.41
4239,32,15,47,6,2025-09-14,1,1899419.45,1899419.45
4240,20,2,6,7,2025-07-28,2,2185680.35,4371360.7
4241,34,12,12,9,2024-01-03,1,4349025.36,4349025.36
4242,38,11,17,12,2024-10-24,1,3761042.65,3761042.65
4243,7,8,18,3,2024-11-02,1,1788583.19,1788583.19
4244,11,8,31,3,2023-03-01,1,1086774.57,1086774.57
4245,29,6,46,3,2025-04-13,1,677875.78,677875.78
4246,35,13,37,8,2022-01-30,1,2833188.91,2833188.91
4247,19,14,1,3,2023-07-14,1,2215963.42,2215963.42
4248,41,4,31,1,2025-09-27,1,2108039.65,2108039.65
4249,12,7,19,4,2025-01-27,1,3636553.63,3636553.63
4250,25,1,48,4,2024-06-20,1,1570816.48,1570816.48
4251,27,6,53,5,2024-02-02,1,2753993.32,2753993.32
4252,34,12,26,1,2024-10-21,1,3635555.41,3635555.41
4253,40,4,21,11,2022-05-25,1,6291497.21,6291497.21
4254,20,5,9,7,2024-10-23,1,1158170.96,1158170.96
4255,8,1,5,7,2025-02-08,1,673122.11,673122.11
4256,16,2,30,8,2023-04-21,2,413319.03,826638.06
4257,27,1,31,2,2024-04-29,1,2521477.94,2521477.94
4258,36,2,6,3,2022-04-24,1,1806425.62,1806425.62
4259,10,5,16,9,2022-06-11,1,3423187.69,3423187.69
4260,7,2,23,3,2024-12-07,2,1606510.78,3213021.56
4261,16,5,5,3,2024-04-23,1,645914.38,645914.38
4262,26,8,21,1,2024-07-16,1,3990683.46,3990683.46
4263,41,5,6,7,2024-03-24,1,4865845.31,4865845.31
4264,39,6,54,6,2025-03-23,2,2638346.54,5276693.08
4265,15,6,42,6,2022-12-04,1,4621430.04,4621430.04
4266,25,10,28,2,2024-05-19,3,3396152.1,10188456.3
4267,40,7,13,5,2025-11-01,1,3084920.99,3084920.99
4268,13,11,38,6,2024-06-08,2,643971.29,1287942.58
4269,20,15,1,2,2024-10-09,1,3925662.24,3925662.24
4270,26,6,48,7,2022-09-18,1,949855.91,949855.91
4271,35,4,9,2,2024-01-19,2,1546337.2,3092674.4
4272,26,12,25,3,2023-09-17,1,2729475.51,2729475.51
4273,34,2,26,4,2024-04-15,1,3649345.71,3649345.71
4274,11,15,34,3,2023-01-22,1,3916883.37,3916883.37
4275,29,6,18,1,2022-04-20,1,564542.04,564542.04
4276,27,6,19,1,2023-07-15,2,2062655.31,4125310.62
4277,38,5,23,1,2023-07-28,2,1129443.37,2258886.74
4278,16,2,12,6,2025-04-11,1,668409.26,668409.26
4279,26,4,18,1,2023-02-19,1,3802225.62,3802225.62
4280,6,4,12,3,2023-11-04,1,3405491.42,3405491.42
4281,12,4,15,6,2025-10-15,1,4380957.76,4380957.76
4282,15,3,19,6,2022-07-19,1,4880679.68,4880679.68
4283,9,3,38,3,2025-03-27,1,1703476.52,1703476.52
4284,30,4,9,11,2024-10-21,1,1303683.57,1303683.57
4285,12,6,40,7,2023-11-08,1,1020799.56,1020799.56
4286,38,2,37,1,2022-09-27,1,4186289.55,4186289.55
4287,25,4,39,1,2024-06-23,1,2881910.63,2881910.63
4288,15,3,6,11,2023-01-06,1,1924347.52,1924347.52
4289,6,6,3,9,2025-12-17,1,2991443.35,2991443.35
4290,27,1,54,3,2024-03-17,1,3459934.79,3459934.79
4291,12,2,48,8,2024-05-06,1,1652405.79,1652405.79
4292,25,9,1,7,2024-08-07,1,1648882.29,1648882.29
4293,26,4,16,4,2024-08-03,2,1320394.72,2640789.44
4294,21,12,35,4,2024-09-14,1,1795085.99,1795085.99
4295,7,5,3,1,2025-04-19,1,4002400.8,4002400.8
4296,3,6,33,8,2024-05-18,1,466888.85,466888.85
4297,27,3,36,5,2024-09-08,1,2692880.31,2692880.31
4298,9,6,18,8,2025-07-30,2,2149164.46,4298328.92
4299,11,3,49,7,2025-12-07,1,1554103.79,1554103.79
4300,15,3,5,9,2024-11-20,1,2860510.18,2860510.18
4301,32,5,46,9,2024-01-10,1,4338974.76,4338974.76
4302,39,1,41,10,2023-04-14,1,2542139.58,2542139.58
4303,28,2,48,3,2023-06-09,1,2583380.61,2583380.61
4304,26,2,21,1,2023-06-28,1,1054234.75,1054234.75
4305,15,3,30,7,2023-04-16,1,2921004.23,2921004.23
4306,20,2,20,3,2023-01-14,1,2619997.9,2619997.9
4307,26,2,12,6,2025-06-23,1,2382323.16,2382323.16
4308,16,15,10,3,2025-07-30,1,667431.43,667431.43
4309,16,6,37,5,2022-09-30,3,429757.19,1289271.57
4310,24,7,52,4,2025-05-20,1,969337.68,969337.68
4311,4,2,19,8,2024-04-05,1,1300346.98,1300346.98
4312,19,15,20,4,2024-06-01,1,1876530.95,1876530.95
4313,43,5,44,9,2025-10-24,1,2701027.67,2701027.67
4314,26,2,23,10,2022-02-03,1,1476929.75,1476929.75
4315,22,10,37,6,2023-01-13,1,1158184.89,1158184.89
4316,16,2,10,4,2022-11-22,2,599474.5,1198949.0
4317,26,4,46,7,2022-12-06,1,1801720.74,1801720.74
4318,4,2,16,3,2023-05-30,1,1450226.22,1450226.22
4319,37,1,20,7,2024-03-02,1,6728112.82,6728112.82
4320,6,5,53,6,2024-11-30,1,1286954.98,1286954.98
4321,41,2,39,10,2023-06-06,1,5145350.81,5145350.81
4322,38,11,40,4,2024-12-01,1,3948419.97,3948419.97
4323,26,2,4,9,2025-01-11,1,1870409.62,1870409.62
4324,11,5,8,5,2023-01-26,2,3387681.78,6775363.56
4325,12,1,14,6,2024-10-08,1,2437793.16,2437793.16
4326,32,11,44,9,2022-11-24,1,3472725.19,3472725.19
4327,2,9,1,7,2023-05-08,1,2464797.78,2464797.78
4328,25,13,53,5,2022-12-18,1,2038800.68,2038800.68
4329,9,2,28,6,2022-03-13,1,1335431.15,1335431.15
4330,35,1,16,1,2024-07-23,1,1527432.23,1527432.23
4331,20,7,45,1,2022-08-04,2,2232832.99,4465665.98
4332,27,1,22,9,2023-03-12,1,3327168.97,3327168.97
4333,34,3,14,8,2024-11-11,1,1516626.64,1516626.64
4334,20,2,28,7,2022-08-21,1,2451438.85,2451438.85
4335,19,7,9,6,2024-12-27,2,1881068.96,3762137.92
4336,38,6,47,8,2022-01-20,1,4314128.01,4314128.01
4337,36,2,42,2,2023-02-24,1,2032905.41,2032905.41
4338,9,1,46,3,2023-06-28,1,1688211.02,1688211.02
4339,28,9,46,6,2022-11-25,1,2967359.32,2967359.32
4340,27,2,30,6,2023-08-18,1,1008369.28,1008369.28
4341,9,2,44,1,2022-06-20,1,2641444.09,2641444.09
4342,17,4,51,9,2025-01-04,1,578188.3,578188.3
4343,17,2,13,6,2023-06-10,1,447044.0,447044.0
4344,31,1,40,6,2022-06-21,1,2682214.64,2682214.64
4345,20,2,19,11,2022-01-25,2,4258803.5,8517607.0
4346,16,2,43,4,2024-07-05,1,468918.2,468918.2
4347,14,5,19,5,2024-09-29,1,1104286.88,1104286.88
4348,18,2,32,1,2022-01-15,1,1494840.65,1494840.65
4349,24,6,43,3,2022-03-24,3,3777606.63,11332819.89
4350,15,8,32,10,2024-06-23,1,3046793.28,3046793.28
4351,9,2,36,3,2022-02-22,3,2121222.76,6363668.28
4352,7,1,6,8,2022-05-10,2,4433179.43,8866358.86
4353,34,2,2,1,2025-06-19,1,1833079.51,1833079.51
4354,25,1,5,7,2025-07-30,1,2039026.73,2039026.73
4355,29,11,30,1,2024-03-15,2,523333.2,1046666.4
4356,12,4,33,6,2023-02-04,1,2173043.81,2173043.81
4357,26,10,4,6,2025-09-14,2,1058698.18,2117396.36
4358,25,7,35,12,2022-05-08,1,1842288.12,1842288.12
4359,6,11,27,6,2025-11-24,1,3025149.11,3025149.11
4360,18,3,26,8,2022-07-17,1,3724056.93,3724056.93
4361,20,4,5,11,2024-09-16,1,3265316.84,3265316.84
4362,37,1,14,6,2023-05-31,1,3847044.7,3847044.7
4363,28,4,29,6,2023-01-24,1,2203233.17,2203233.17
4364,4,6,18,6,2025-02-11,1,1709146.75,1709146.75
4365,20,4,11,7,2023-01-25,1,1881186.25,1881186.25
4366,11,12,11,7,2023-06-07,1,3655666.95,3655666.95
4367,2,5,13,8,2024-11-05,1,4226123.5,4226123.5
4368,28,3,51,7,2022-09-26,1,1808111.54,1808111.54
4369,29,5,26,3,2022-11-15,1,646719.47,646719.47
4370,15,2,1,11,2025-07-15,1,5021704.6,5021704.6
4371,8,2,4,2,2025-11-16,1,895823.86,895823.86
4372,6,12,12,12,2024-05-01,1,2150447.21,2150447.21
4373,11,5,14,3,2024-07-29,2,1505606.47,3011212.94
4374,2,11,42,11,2023-02-21,1,2015814.48,2015814.48
4375,12,1,17,10,2023-06-27,1,1939027.23,1939027.23
4376,13,2,6,7,2024-12-24,1,700240.65,700240.65
4377,9,2,24,1,2025-07-02,1,2095021.46,2095021.46
4378,7,9,12,10,2025-09-14,1,5848052.85,5848052.85
4379,17,5,17,5,2023-02-23,1,462055.65,462055.65
4380,14,5,49,7,2022-08-31,1,1487845.36,1487845.36
4381,16,3,24,12,2025-08-26,1,701777.21,701777.21
4382,6,4,44,10,2022-04-10,2,2472689.74,4945379.48
4383,15,2,13,12,2022-02-22,2,2860502.56,5721005.12
4384,29,15,16,8,2024-12-31,1,455444.52,455444.52
4385,34,2,53,7,2023-07-05,1,2331559.12,2331559.12
4386,26,9,47,1,2025-05-03,1,794462.29,794462.29
4387,26,3,52,2,2022-05-11,1,1587667.01,1587667.01
4388,21,6,1,5,2023-06-30,2,1364212.25,2728424.5
4389,18,1,1,2,2023-01-27,1,1885487.59,1885487.59
4390,6,9,31,3,2025-06-25,2,1276851.02,2553702.04
4391,23,5,9,2,2024-03-11,2,4092054.4,8184108.8
4392,12,1,30,7,2024-02-19,1,3513823.04,3513823.04
4393,26,4,11,1,2022-05-07,1,3568325.15,3568325.15
4394,27,2,1,7,2023-04-02,1,1953855.36,1953855.36
4395,35,5,46,12,2025-03-31,1,1476335.65,1476335.65
4396,16,3,39,3,2023-10-25,2,582898.23,1165796.46
4397,28,4,33,3,2023-04-16,1,1671448.65,1671448.65
4398,2,4,42,6,2023-03-04,1,2173316.56,2173316.56
4399,17,8,24,6,2025-05-24,1,553015.89,553015.89
4400,12,1,55,3,2022-04-25,1,3401457.14,3401457.14
4401,42,9,34,4,2025-02-03,1,1290120.18,1290120.18
4402,26,4,40,5,2024-01-02,2,2891652.06,5783304.12
4403,14,1,55,1,2022-07-01,2,1275543.43,2551086.86
4404,7,3,7,6,2022-09-25,1,1866663.01,1866663.01
4405,36,5,39,7,2023-10-21,1,1633738.69,1633738.69
4406,12,2,49,8,2025-04-24,1,1430023.36,1430023.36
4407,15,4,24,8,2023-10-23,1,4360162.38,4360162.38
4408,11,11,23,8,2024-12-18,1,4241253.24,4241253.24
4409,34,11,43,6,2023-10-27,1,2469014.28,2469014.28
4410,35,6,18,6,2024-05-26,1,4087455.65,4087455.65
4411,15,3,38,11,2025-02-28,1,1587374.93,1587374.93
4412,26,6,3,5,2022-05-01,1,1240967.16,1240967.16
4413,24,8,19,2,2025-03-01,1,3912031.03,3912031.03
4414,30,11,5,8,2023-02-18,1,2601661.75,2601661.75
4415,28,7,40,3,2022-05-25,1,3208169.47,3208169.47
4416,14,1,23,2,2024-03-25,1,1570083.66,1570083.66
4417,32,1,32,6,2023-01-22,2,1723183.35,3446366.7
4418,19,12,58,9,2025-09-11,1,1701387.81,1701387.81
4419,11,8,31,1,2024-02-27,1,2811982.36,2811982.36
4420,3,9,4,6,2024-02-05,3,539862.29,1619586.87
4421,13,2,28,1,2023-01-06,1,501337.05,501337.05
4422,28,1,36,6,2022-11-21,2,3294510.6,6589021.2
4423,5,4,60,5,2024-07-26,2,8943610.51,17887221.02
4424,32,3,25,4,2025-06-18,2,2748904.37,5497808.74
4425,11,6,45,3,2024-01-04,1,4334613.27,4334613.27
4426,31,1,14,6,2024-01-31,1,3879986.83,3879986.83
4427,10,8,45,3,2025-08-29,1,4160211.39,4160211.39
4428,40,9,42,6,2023-11-20,1,1761368.83,1761368.83
4429,2,1,51,5,2024-02-29,1,979142.25,979142.25
4430,18,15,20,4,2024-11-04,1,3108613.51,3108613.51
4431,8,4,16,8,2023-06-07,2,932273.83,1864547.66
4432,27,12,4,3,2023-08-01,2,2604636.16,5209272.32
4433,4,13,43,1,2023-04-14,1,1323464.12,1323464.12
4434,30,6,50,2,2024-02-06,1,3759124.09,3759124.09
4435,23,10,6,6,2025-04-22,1,3065642.68,3065642.68
4436,41,14,47,4,2025-04-07,1,2292692.32,2292692.32
4437,5,3,43,12,2023-09-04,1,9612570.72,9612570.72
4438,18,11,17,1,2024-01-29,1,3275626.02,3275626.02
4439,9,12,25,6,2024-01-19,3,2506052.49,7518157.47
4440,15,1,49,6,2024-11-15,1,2978710.52,2978710.52
4441,40,9,10,8,2023-12-05,1,5693923.52,5693923.52
4442,30,1,43,1,2024-09-17,1,4262022.41,4262022.41
4443,38,2,28,1,2023-05-24,1,1012079.43,1012079.43
4444,7,1,40,2,2025-11-04,1,1536553.65,1536553.65
4445,16,11,19,7,2024-10-26,1,494026.8,494026.8
4446,27,5,44,10,2023-11-25,1,1624282.86,1624282.86
4447,41,12,33,1,2024-01-05,1,3979444.9,3979444.9
4448,30,11,6,9,2024-04-29,1,1236460.61,1236460.61
4449,24,1,48,3,2023-05-29,1,3201079.74,3201079.74
4450,17,3,27,2,2022-05-27,1,403942.94,403942.94
4451,11,2,24,11,2024-03-19,1,3120543.14,3120543.14
4452,5,6,37,6,2023-10-01,2,6555285.82,13110571.64
4453,31,5,37,8,2024-11-05,1,4522859.32,4522859.32
4454,43,4,23,3,2025-07-08,1,4349581.87,4349581.87
4455,3,12,12,8,2025-02-27,1,722446.84,722446.84
4456,29,1,31,3,2025-04-15,1,579025.73,579025.73
4457,39,3,49,7,2025-03-14,1,3998234.71,3998234.71
4458,34,15,54,6,2025-09-28,1,4189874.84,4189874.84
4459,15,10,1,5,2023-12-15,1,4315464.81,4315464.81
4460,10,3,19,3,2025-05-30,1,3933554.2,3933554.2
4461,22,3,46,1,2022-11-23,1,1712392.05,1712392.05
4462,1,5,20,9,2024-02-20,1,3583869.62,3583869.62
4463,11,8,54,5,2022-08-26,1,3923925.04,3923925.04
4464,24,14,35,1,2024-05-29,1,3634987.52,3634987.52
4465,36,3,27,12,2025-09-16,1,2286835.21,2286835.21
4466,5,14,46,1,2025-09-05,2,7645470.84,15290941.68
4467,40,4,52,11,2025-07-29,1,4241601.69,4241601.69
4468,17,6,20,6,2024-12-17,1,535423.94,535423.94
4469,13,7,46,3,2025-09-21,1,469620.21,469620.21
4470,25,2,23,7,2023-02-10,1,4232430.46,4232430.46
4471,27,8,9,9,2024-07-06,1,1260220.13,1260220.13
4472,41,1,4,8,2023-05-27,1,2425299.21,2425299.21
4473,4,1,9,7,2024-03-26,1,1143089.18,1143089.18
4474,15,2,5,6,2022-11-24,2,2098969.79,4197939.58
4475,25,12,46,1,2022-09-05,1,2536241.02,2536241.02
4476,13,2,26,8,2024-04-16,1,658529.73,658529.73
4477,36,1,11,11,2025-12-11,1,1823724.61,1823724.61
4478,30,3,37,7,2022-02-18,1,1231565.26,1231565.26
4479,38,5,50,4,2025-10-06,1,4774952.81,4774952.81
4480,34,4,27,9,2022-06-07,1,3716274.39,3716274.39
4481,29,11,22,1,2022-03-11,1,510063.54,510063.54
4482,29,3,26,8,2023-03-03,1,639162.37,639162.37
4483,27,14,49,3,2022-02-01,1,3725591.0,3725591.0
4484,39,2,27,5,2025-02-24,1,3237235.92,3237235.92
4485,32,7,3,12,2024-06-16,1,3635401.89,3635401.89
4486,8,12,41,8,2025-02-01,1,812834.79,812834.79
4487,40,1,40,5,2024-09-03,1,1867317.75,1867317.75
4488,18,1,15,3,2023-05-28,1,1452065.62,1452065.62
4489,20,4,41,1,2025-07-12,1,5008083.8,5008083.8
4490,28,3,54,9,2023-02-01,1,2193505.66,2193505.66
4491,25,2,13,7,2022-06-05,1,2479251.7,2479251.7
4492,17,14,18,12,2025-01-30,1,656294.8,656294.8
4493,27,8,23,6,2024-10-26,2,2768017.16,5536034.32
4494,7,15,38,8,2024-05-15,1,5217361.79,5217361.79
4495,35,15,4,7,2025-02-28,1,2432991.04,2432991.04
4496,15,1,8,9,2025-05-30,1,1124327.8,1124327.8
4497,32,1,43,1,2022-03-13,1,4033571.51,4033571.51
4498,19,2,49,8,2025-07-15,2,1697579.94,3395159.88
4499,14,3,53,6,2022-03-08,1,1308049.61,1308049.61
4500,24,5,37,5,2022-05-19,1,1974450.45,1974450.45
4501,22,1,43,6,2023-06-03,1,929422.76,929422.76
4502,27,1,38,7,2023-02-07,1,3602941.4,3602941.4
4503,31,1,43,6,2022-05-10,2,3380568.94,6761137.88
4504,34,6,3,8,2023-04-13,1,2058000.15,2058000.15
4505,31,8,30,5,2024-05-31,1,1471283.93,1471283.93
4506,2,11,21,10,2022-05-26,1,3477307.18,3477307.18
4507,38,1,40,9,2024-08-21,1,4059075.59,4059075.59
4508,23,6,2,6,2023-12-20,1,3052375.12,3052375.12
4509,37,2,16,6,2022-01-10,1,5831321.13,5831321.13
4510,19,1,15,3,2022-08-04,1,1405509.09,1405509.09
4511,6,3,26,9,2022-10-07,1,2326879.97,2326879.97
4512,32,6,15,1,2022-11-16,1,4214725.38,4214725.38
4513,43,2,40,8,2023-01-16,1,3004238.91,3004238.91
4514,11,1,34,6,2025-05-02,1,4087706.98,4087706.98
4515,37,4,25,4,2024-08-11,1,2174231.13,2174231.13
4516,4,11,17,7,2022-07-14,1,1715771.46,1715771.46
4517,28,3,29,8,2023-09-01,1,2044352.11,2044352.11
4518,28,1,9,8,2025-09-02,1,4534502.42,4534502.42
4519,35,8,24,11,2022-07-30,2,3136995.81,6273991.62
4520,34,12,35,9,2022-06-02,1,2062509.75,2062509.75
4521,14,4,24,1,2024-04-27,1,1229137.83,1229137.83
4522,30,14,33,8,2022-05-19,1,4030050.58,4030050.58
4523,36,7,32,4,2024-05-27,1,1390562.11,1390562.11
4524,3,9,13,7,2023-02-28,1,806415.51,806415.51
4525,32,6,9,3,2023-10-20,1,3253373.43,3253373.43
4526,15,3,34,11,2025-07-30,2,2236397.48,4472794.96
4527,8,11,11,11,2025-10-18,1,596904.18,596904.18
4528,39,6,25,8,2025-11-10,1,2768428.16,2768428.16
4529,26,9,47,8,2023-03-18,1,2756738.92,2756738.92
4530,26,3,31,6,2024-06-28,1,833721.61,833721.61
4531,30,1,13,10,2025-06-04,1,3456030.96,3456030.96
4532,8,1,12,11,2024-11-11,2,837738.41,1675476.82
4533,1,3,44,6,2022-07-14,3,4274437.21,12823311.63
4534,39,2,40,3,2025-01-08,1,2347360.28,2347360.28
4535,38,1,4,10,2023-12-12,2,4493415.14,8986830.28
4536,2,2,21,7,2025-06-08,1,4590664.87,4590664.87
4537,1,9,24,5,2024-05-23,1,4440259.52,4440259.52
4538,34,6,10,8,2024-01-21,1,2797051.41,2797051.41
4539,4,3,25,3,2025-07-04,2,1159608.9,2319217.8
4540,11,7,35,3,2022-02-11,1,2542616.59,2542616.59
4541,25,2,42,7,2024-03-20,1,3751399.61,3751399.61
4542,19,2,16,1,2025-02-08,1,2306457.6,2306457.6
4543,13,9,10,6,2022-01-30,1,482738.41,482738.41
4544,11,3,53,8,2025-09-29,2,1646078.17,3292156.34
4545,20,4,17,9,2022-10-23,1,3276634.28,3276634.28
4546,41,10,49,12,2024-10-18,1,1394770.67,1394770.67
4547,26,12,11,10,2022-08-02,2,2319485.43,4638970.86
4548,21,3,27,8,2025-09-13,1,1407728.93,1407728.93
4549,32,1,2,7,2024-06-24,1,1633741.18,1633741.18
4550,12,11,53,8,2022-10-02,1,3353507.08,3353507.08
4551,13,6,19,4,2024-08-21,1,864386.36,864386.36
4552,37,12,4,9,2023-03-10,1,2462096.91,2462096.91
4553,24,11,5,8,2025-08-08,1,2256082.14,2256082.14
4554,39,6,11,3,2025-09-11,1,3676158.45,3676158.45
4555,2,1,29,1,2025-01-12,2,2303014.6,4606029.2
4556,15,10,6,3,2025-03-23,1,4809678.86,4809678.86
4557,31,1,52,9,2022-10-17,1,2370046.15,2370046.15
4558,41,10,33,6,2025-10-24,1,4958072.31,4958072.31
4559,7,1,11,5,2024-05-30,1,3213973.89,3213973.89
4560,9,9,15,12,2024-10-02,2,2658532.51,5317065.02
4561,12,3,11,6,2025-05-14,1,4517183.82,4517183.82
4562,17,5,19,3,2025-10-22,3,452809.89,1358429.67
4563,20,6,10,9,2025-02-25,1,2535798.5,2535798.5
4564,31,2,27,7,2022-07-16,1,3943929.39,3943929.39
4565,13,1,33,4,2022-02-11,1,635635.44,635635.44
4566,15,13,32,7,2023-11-17,1,1147309.38,1147309.38
4567,35,2,7,1,2022-04-17,1,1278641.46,1278641.46
4568,20,7,45,1,2022-09-13,1,2102713.99,2102713.99
4569,20,1,23,5,2025-10-23,1,1946554.04,1946554.04
4570,28,3,49,3,2023-08-25,1,4403069.01,4403069.01
4571,32,14,15,5,2022-04-29,1,3338534.2,3338534.2
4572,31,2,36,1,2022-01-04,1,4414689.54,4414689.54
4573,10,6,55,2,2024-12-28,1,3351157.64,3351157.64
4574,25,5,8,5,2022-10-08,1,1751367.93,1751367.93
4575,32,3,28,5,2023-08-17,3,2231550.31,6694650.93
4576,41,9,26,6,2022-05-23,1,5112826.51,5112826.51
4577,19,5,16,6,2023-07-03,1,1065593.13,1065593.13
4578,8,2,1,3,2025-07-02,2,885794.23,1771588.46
4579,31,1,55,5,2024-12-04,1,2374448.56,2374448.56
4580,43,5,16,3,2022-03-03,1,1840525.59,1840525.59
4581,6,4,30,12,2023-07-12,1,1794361.25,1794361.25
4582,29,4,18,8,2025-06-15,2,496585.76,993171.52
4583,2,1,53,8,2023-11-20,1,4911585.09,4911585.09
4584,40,10,13,8,2023-05-29,1,2651134.32,2651134.32
4585,2,3,47,6,2022-04-15,2,2811254.53,5622509.06
4586,21,1,21,5,2025-08-01,1,1672440.09,1672440.09
4587,13,8,7,10,2024-10-26,1,554183.0,554183.0
4588,20,7,37,6,2024-03-03,1,3654557.45,3654557.45
4589,14,2,8,1,2025-01-06,1,1269295.91,1269295.91
4590,36,8,8,11,2024-02-28,1,1822109.15,1822109.15
4591,15,11,10,9,2025-04-16,1,2908852.58,2908852.58
4592,35,5,35,6,2025-08-21,1,1463579.13,1463579.13
4593,9,1,2,7,2023-08-22,1,2015313.35,2015313.35
4594,6,5,24,3,2025-12-17,1,2883662.5,2883662.5
4595,11,5,26,12,2022-02-14,1,4333396.93,4333396.93
4596,20,11,46,10,2022-07-15,1,1413058.94,1413058.94
4597,12,9,51,6,2024-04-20,1,1996180.35,1996180.35
4598,3,1,20,12,2022-03-24,2,537196.03,1074392.06
4599,18,5,11,3,2025-02-24,1,4022864.0,4022864.0
4600,20,3,14,8,2023-06-14,1,4639488.26,4639488.26
4601,43,9,24,2,2025-08-07,1,4220587.8,4220587.8
4602,39,3,21,12,2024-07-01,1,2835393.12,2835393.12
4603,29,4,43,12,2023-05-14,2,558165.6,1116331.2
4604,41,1,13,12,2025-08-19,1,3110358.4,3110358.4
4605,4,4,13,8,2022-01-05,1,1173180.71,1173180.71
4606,31,2,4,12,2022-11-20,1,1336025.66,1336025.66
4607,41,2,44,5,2024-10-09,1,1221393.47,1221393.47
4608,8,1,29,6,2025-12-18,1,861529.33,861529.33
4609,19,14,51,8,2023-01-01,1,1560824.33,1560824.33
4610,43,6,19,3,2025-01-26,1,3070720.77,3070720.77
4611,26,4,11,9,2024-06-16,1,2435007.49,2435007.49
4612,2,14,15,6,2023-10-15,1,3909367.74,3909367.74
4613,43,3,19,5,2024-08-15,1,2225099.35,2225099.35
4614,43,1,40,1,2025-11-21,3,3315808.82,9947426.46
4615,14,6,5,3,2022-03-02,1,1653847.75,1653847.75
4616,28,1,51,8,2022-04-24,1,4229879.91,4229879.91
4617,34,4,19,7,2023-12-21,1,3606947.9,3606947.9
4618,7,2,45,3,2024-10-22,3,5279028.11,15837084.33
4619,39,3,16,12,2023-11-13,1,2778092.63,2778092.63
4620,10,4,42,6,2023-08-31,1,2575561.7,2575561.7
4621,15,1,29,1,2023-12-14,1,4398771.95,4398771.95
4622,43,2,3,6,2024-12-24,2,1022222.85,2044445.7
4623,33,2,38,6,2025-12-01,1,1842331.16,1842331.16
4624,18,5,26,3,2024-06-01,2,1297205.15,2594410.3
4625,2,6,6,6,2025-04-17,1,2453820.49,2453820.49
4626,37,1,31,9,2023-05-28,2,3734575.18,7469150.36
4627,25,2,18,8,2023-05-30,1,1525846.77,1525846.77
4628,33,6,32,5,2023-07-05,1,2006103.85,2006103.85
4629,6,3,52,10,2024-11-02,1,1851751.78,1851751.78
4630,30,1,45,1,2025-04-08,3,2754394.83,8263184.49
4631,29,2,36,7,2025-09-10,1,448150.03,448150.03
4632,12,3,42,8,2022-09-02,1,2539619.36,2539619.36
4633,33,4,16,1,2022-01-30,1,4047063.39,4047063.39
4634,22,11,1,4,2025-09-02,1,780043.14,780043.14
4635,39,2,19,8,2022-02-21,1,2947022.61,2947022.61
4636,15,1,4,4,2025-08-06,1,1047051.63,1047051.63
4637,34,6,7,8,2022-05-21,1,2518774.37,2518774.37
4638,6,4,41,1,2023-08-19,1,2898376.75,2898376.75
4639,38,10,8,3,2025-11-04,1,4798562.1,4798562.1
4640,15,10,53,8,2025-06-27,1,3104479.34,3104479.34
4641,21,5,21,7,2022-12-19,1,1447599.42,1447599.42
4642,36,1,48,5,2024-05-04,1,1241527.72,1241527.72
4643,42,12,26,4,2024-11-15,1,1307216.04,1307216.04
4644,11,3,16,11,2025-03-12,1,1948816.06,1948816.06
4645,28,3,34,5,2025-12-17,1,2382559.18,2382559.18
4646,37,10,2,6,2022-10-30,2,2288487.96,4576975.92
4647,38,4,12,5,2023-03-22,1,4864472.27,4864472.27
4648,27,13,17,4,2024-03-23,1,3053453.75,3053453.75
4649,7,12,16,4,2022-03-16,1,4708549.2,4708549.2
4650,21,13,44,7,2024-11-20,1,1216481.6,1216481.6
4651,24,2,25,5,2025-06-09,1,4586608.55,4586608.55
4652,10,4,30,5,2024-04-28,2,2964121.29,5928242.58
4653,6,12,14,7,2025-05-28,1,1597225.85,1597225.85
4654,28,6,36,9,2022-03-09,2,4730301.97,9460603.94
4655,9,11,33,1,2024-07-19,2,2653617.37,5307234.74
4656,20,1,2,2,2024-03-02,1,3721941.55,3721941.55
4657,27,2,14,3,2025-08-08,1,3064665.72,3064665.72
4658,13,9,16,8,2022-09-11,1,567475.78,567475.78
4659,34,4,37,7,2024-05-19,1,2515148.48,2515148.48
4660,18,4,9,8,2025-12-30,1,2339553.44,2339553.44
4661,6,5,16,8,2025-02-16,1,3319635.51,3319635.51
4662,9,5,31,8,2023-12-10,1,1086188.57,1086188.57
4663,10,1,38,3,2025-06-15,2,4452824.87,8905649.74
4664,7,9,50,3,2024-07-23,1,2348649.27,2348649.27
4665,12,2,52,6,2022-07-24,1,2533741.6,2533741.6
4666,13,2,34,3,2024-03-22,3,593250.71,1779752.13
4667,29,5,52,8,2025-09-28,1,621049.89,621049.89
4668,13,7,36,3,2025-09-20,1,602440.54,602440.54
4669,20,4,37,7,2023-05-16,1,3372770.34,3372770.34
4670,28,1,10,12,2022-06-16,1,1532606.87,1532606.87
4671,29,14,29,7,2024-12-11,1,684623.6,684623.6
4672,5,10,27,8,2022-06-10,1,11128999.24,11128999.24
4673,37,8,21,12,2025-04-14,1,6117396.58,6117396.58
4674,8,5,12,3,2025-07-19,1,950314.38,950314.38
4675,15,2,32,6,2022-10-09,1,3552083.71,3552083.71
4676,10,12,50,11,2025-06-28,1,4405410.49,4405410.49
4677,37,8,41,3,2025-01-31,1,5042787.17,5042787.17
4678,7,2,27,7,2025-05-05,1,4919601.71,4919601.71
4679,4,4,7,3,2025-04-08,1,900425.33,900425.33
4680,31,3,45,8,2022-01-29,1,4042263.38,4042263.38
4681,27,6,45,6,2023-01-11,1,872147.72,872147.72
4682,12,6,47,7,2024-03-18,1,3349051.15,3349051.15
4683,18,3,55,1,2022-09-12,1,3063555.54,3063555.54
4684,8,2,14,8,2023-04-27,1,660115.68,660115.68
4685,15,6,32,5,2023-05-29,1,4870329.62,4870329.62
4686,38,11,35,9,2024-12-21,1,4083155.83,4083155.83
4687,25,4,41,10,2025-07-09,1,2866418.26,2866418.26
4688,9,4,37,7,2024-09-12,2,1903329.59,3806659.18
4689,35,8,49,6,2022-11-07,1,4640535.43,4640535.43
4690,38,9,50,3,2024-03-09,1,3932419.67,3932419.67
4691,18,15,10,4,2023-02-08,1,2905923.77,2905923.77
4692,17,3,24,4,2024-07-01,2,749596.65,1499193.3
4693,29,3,36,8,2022-04-24,1,754009.99,754009.99
4694,27,6,30,9,2023-07-03,1,1525600.21,1525600.21
4695,41,13,25,1,2025-06-02,1,2803482.94,2803482.94
4696,28,3,7,8,2024-03-19,1,3910137.55,3910137.55
4697,9,3,15,6,2022-03-20,1,2653901.14,2653901.14
4698,25,3,26,3,2022-02-03,1,983670.15,983670.15
4699,4,8,4,4,2022-06-08,1,1133252.15,1133252.15
4700,17,12,52,8,2025-08-20,1,418955.08,418955.08
4701,4,1,42,4,2023-02-05,2,1030505.96,2061011.92
4702,37,6,16,7,2024-01-18,1,5092698.87,5092698.87
4703,40,2,21,6,2025-01-19,1,4124835.1,4124835.1
4704,17,3,38,6,2022-03-17,1,562328.54,562328.54
4705,20,13,49,7,2022-07-16,1,5002940.14,5002940.14
4706,14,11,4,7,2025-03-21,1,1547892.62,1547892.62
4707,12,2,33,6,2024-08-22,1,3796671.98,3796671.98
4708,34,2,55,6,2022-06-05,1,2474390.23,2474390.23
4709,15,9,34,3,2025-12-05,1,2929699.74,2929699.74
4710,16,4,28,7,2024-01-17,1,655099.79,655099.79
4711,15,7,9,7,2023-10-24,1,3424824.09,3424824.09
4712,27,2,10,8,2025-01-25,2,4225127.64,8450255.28
4713,32,2,10,6,2024-06-17,1,3808016.14,3808016.14
4714,22,12,39,7,2023-09-08,1,1351816.09,1351816.09
4715,20,3,18,5,2025-10-16,1,1552050.11,1552050.11
4716,2,2,8,12,2023-12-25,2,3689032.02,7378064.04
4717,3,4,20,9,2023-12-20,2,658504.38,1317008.76
4718,30,1,7,1,2025-08-07,1,2103451.8,2103451.8
4719,24,6,17,3,2024-06-10,1,3594621.26,3594621.26
4720,6,10,28,5,2024-02-26,1,1691249.7,1691249.7
4721,32,2,20,9,2024-06-25,1,2096664.26,2096664.26
4722,13,2,10,3,2025-11-19,3,702907.54,2108722.62
4723,38,1,14,6,2023-02-28,1,2923134.38,2923134.38
4724,23,15,11,2,2023-08-17,1,3479985.65,3479985.65
4725,1,4,2,7,2025-08-06,1,4160649.99,4160649.99
4726,24,3,29,3,2024-04-19,1,1523648.41,1523648.41
4727,16,13,39,6,2024-06-18,1,601805.99,601805.99
4728,30,3,40,5,2024-12-18,1,2658184.52,2658184.52
4729,22,6,42,9,2024-07-16,1,1719365.83,1719365.83
4730,7,5,17,11,2025-05-15,1,1612350.33,1612350.33
4731,40,11,22,6,2024-09-04,1,1656765.53,1656765.53
4732,20,2,33,3,2024-07-21,1,2055792.71,2055792.71
4733,18,10,6,11,2025-02-26,1,1997015.51,1997015.51
4734,34,6,55,12,2022-09-17,1,2662356.13,2662356.13
4735,29,10,21,6,2022-08-21,1,725758.61,725758.61
4736,16,3,37,3,2023-09-13,1,594142.64,594142.64
4737,39,6,7,12,2023-01-21,1,2062130.96,2062130.96
4738,26,1,27,4,2023-02-19,2,1603653.34,3207306.68
4739,16,3,21,11,2025-04-13,2,679567.55,1359135.1
4740,27,11,47,8,2025-05-02,1,919673.1,919673.1
4741,17,4,41,6,2025-08-27,1,398958.06,398958.06
4742,36,4,55,11,2023-05-22,1,1236868.81,1236868.81
4743,3,5,47,3,2024-06-14,1,810445.15,810445.15
4744,35,6,33,8,2023-11-18,1,2403685.45,2403685.45
4745,32,2,43,1,2022-12-03,1,3974237.61,3974237.61
4746,1,2,26,4,2024-07-07,1,2433339.96,2433339.96
4747,21,1,43,1,2023-12-21,1,1188214.38,1188214.38
4748,7,5,47,11,2024-06-24,1,3303660.25,3303660.25
4749,9,1,51,9,2025-02-06,1,2387380.55,2387380.55
4750,19,5,22,8,2023-02-15,1,868651.24,868651.24
4751,28,9,41,6,2024-06-14,1,3979161.14,3979161.14
4752,22,1,45,12,2023-01-24,2,1795869.33,3591738.66
4753,17,10,21,5,2023-05-12,1,546228.63,546228.63
4754,23,2,34,11,2023-04-05,1,4060247.04,4060247.04
4755,19,2,47,6,2023-09-28,1,2310389.4,2310389.4
4756,6,1,45,3,2022-03-14,1,2334844.76,2334844.76
4757,34,1,44,10,2023-02-23,1,2895872.55,2895872.55
4758,42,5,29,3,2025-01-02,2,1401068.37,2802136.74
4759,17,13,24,12,2023-12-18,1,518060.72,518060.72
4760,19,10,52,1,2025-08-01,2,1226408.44,2452816.88
4761,27,1,19,1,2023-11-04,2,2560871.44,5121742.88
4762,33,5,41,6,2023-10-18,1,2731223.34,2731223.34
4763,22,5,51,6,2022-10-26,1,938715.7,938715.7
4764,13,8,20,6,2022-08-28,1,618418.85,618418.85
4765,17,4,8,1,2025-07-24,1,403810.43,403810.43
4766,16,2,46,3,2025-09-20,1,534526.42,534526.42
4767,27,11,20,1,2025-08-05,1,1016570.69,1016570.69
4768,24,1,37,7,2022-03-18,1,1419149.09,1419149.09
4769,40,3,28,7,2025-11-26,1,3544695.84,3544695.84
4770,27,7,26,3,2023-03-22,1,2811033.18,2811033.18
4771,17,3,33,10,2022-07-19,2,571699.79,1143399.58
4772,20,3,50,4,2025-08-09,1,3081056.81,3081056.81
4773,27,12,54,8,2024-04-02,1,1855477.1,1855477.1
4774,28,1,23,3,2025-12-25,1,3453004.41,3453004.41
4775,12,5,52,8,2024-10-12,2,4550400.52,9100801.04
4776,35,5,29,1,2025-04-01,1,1227253.67,1227253.67
4777,20,11,33,12,2024-03-26,1,2764038.69,2764038.69
4778,42,1,15,9,2025-01-22,2,2106206.08,4212412.16
4779,13,5,7,5,2023-11-15,1,714765.29,714765.29
4780,11,4,26,7,2024-07-15,1,1441349.62,1441349.62
4781,17,9,23,11,2025-08-01,1,672065.18,672065.18
4782,25,1,37,7,2025-06-17,1,1846413.53,1846413.53
4783,32,6,22,8,2022-07-12,2,1376014.34,2752028.68
4784,40,3,6,3,2023-06-02,1,1493310.12,1493310.12
4785,19,11,7,4,2024-05-30,1,2343279.01,2343279.01
4786,12,5,39,10,2024-04-28,1,4533758.5,4533758.5
4787,30,2,54,6,2022-08-23,3,1903920.97,5711762.91
4788,35,5,33,6,2024-05-27,1,4394010.09,4394010.09
4789,8,11,39,5,2023-10-29,1,782929.8,782929.8
4790,14,4,32,3,2024-10-26,1,935530.25,935530.25
4791,9,2,23,4,2022-06-26,1,2208472.54,2208472.54
4792,24,8,14,6,2022-09-09,2,1441596.74,2883193.48
4793,36,1,18,11,2025-07-11,1,1663370.11,1663370.11
4794,16,1,35,6,2022-05-07,1,449052.37,449052.37
4795,21,13,29,3,2022-05-28,2,1101383.16,2202766.32
4796,8,7,40,3,2024-12-20,1,594987.07,594987.07
4797,29,2,10,9,2022-09-14,1,514000.24,514000.24
4798,19,2,22,10,2024-11-07,1,2376171.91,2376171.91
4799,25,5,46,6,2023-08-26,1,3728500.73,3728500.73
4800,25,2,51,1,2024-05-04,1,1290935.78,1290935.78
4801,20,15,49,9,2024-04-17,1,3552371.04,3552371.04
4802,20,12,22,3,2025-08-22,1,3852531.07,3852531.07
4803,18,9,5,5,2025-12-31,1,2182335.49,2182335.49
4804,10,1,3,10,2025-02-09,1,2267961.08,2267961.08
4805,28,6,43,11,2022-07-16,1,1703620.66,1703620.66
4806,21,5,16,5,2025-01-06,1,897534.22,897534.22
4807,4,5,48,10,2025-08-12,1,831157.41,831157.41
4808,37,3,43,10,2025-02-27,1,6597957.22,6597957.22
4809,20,2,21,6,2022-06-22,1,4684081.19,4684081.19
4810,2,5,16,8,2023-11-21,1,2432129.95,2432129.95
4811,9,4,9,2,2025-01-31,2,1294902.91,2589805.82
4812,8,6,50,3,2022-03-30,1,943937.5,943937.5
4813,41,2,31,9,2025-04-06,1,1516654.36,1516654.36
4814,20,8,5,1,2025-06-06,1,3612329.33,3612329.33
4815,20,4,24,1,2025-12-26,2,2372767.52,4745535.04
4816,28,4,13,1,2025-11-05,1,1479301.7,1479301.7
4817,6,1,39,10,2025-10-13,1,1859992.73,1859992.73
4818,33,15,32,3,2023-10-31,1,2546018.69,2546018.69
4819,19,5,15,3,2023-04-13,1,1705074.96,1705074.96
4820,22,2,14,3,2025-03-23,2,1818908.05,3637816.1
4821,19,3,19,7,2025-11-01,2,1971092.61,3942185.22
4822,38,2,33,6,2023-09-30,2,2871462.75,5742925.5
4823,16,1,54,9,2022-12-22,1,494051.96,494051.96
4824,12,15,16,6,2023-12-19,1,2467164.83,2467164.83
4825,26,11,16,6,2024-01-10,1,2014078.23,2014078.23
4826,2,4,38,1,2023-01-21,1,4467479.16,4467479.16
4827,7,12,50,4,2025-04-18,1,4922292.42,4922292.42
4828,28,2,24,7,2025-04-04,1,850521.43,850521.43
4829,18,3,40,7,2023-03-04,1,781227.04,781227.04
4830,15,2,25,1,2025-03-07,2,937135.2,1874270.4
4831,11,1,54,11,2023-04-19,1,4684954.77,4684954.77
4832,7,5,7,1,2024-08-31,1,1520632.31,1520632.31
4833,6,5,48,3,2023-11-16,1,2275030.27,2275030.27
4834,25,5,46,1,2023-11-13,1,2998491.33,2998491.33
4835,18,2,15,4,2024-01-26,1,3412618.43,3412618.43
4836,6,2,42,11,2022-11-04,1,3140338.27,3140338.27
4837,33,3,4,5,2023-10-31,1,4332794.75,4332794.75
4838,2,2,29,5,2022-06-16,1,2093287.48,2093287.48
4839,27,1,10,2,2024-10-12,1,3098069.4,3098069.4
4840,26,7,23,3,2022-09-07,1,2888760.67,2888760.67
4841,14,6,34,7,2022-08-25,2,1271601.29,2543202.58
4842,17,1,21,9,2022-08-21,2,657320.73,1314641.46
4843,6,1,52,6,2024-01-17,1,1804470.34,1804470.34
4844,38,1,14,5,2024-08-20,1,4812242.8,4812242.8
4845,38,5,44,5,2025-05-07,1,4481052.91,4481052.91
4846,14,1,48,8,2023-01-29,1,1779924.3,1779924.3
4847,12,11,26,9,2022-07-02,1,4243826.85,4243826.85
4848,19,12,44,2,2023-03-13,1,1471688.78,1471688.78
4849,22,5,6,6,2022-03-02,1,1779967.13,1779967.13
4850,40,3,28,3,2022-03-04,1,6969824.77,6969824.77
4851,4,6,21,3,2022-09-23,1,770207.52,770207.52
4852,32,12,10,9,2022-06-03,1,3846109.72,3846109.72
4853,7,9,43,8,2022-05-23,1,5316392.48,5316392.48
4854,35,3,26,11,2023-10-21,3,1797394.04,5392182.12
4855,18,9,28,10,2023-06-20,1,4025988.73,4025988.73
4856,17,14,7,7,2023-11-24,1,478467.41,478467.41
4857,11,3,49,6,2024-05-19,1,4411674.36,4411674.36
4858,12,1,18,6,2022-03-11,2,1548067.56,3096135.12
4859,27,12,42,1,2023-04-04,1,1961929.58,1961929.58
4860,27,12,7,8,2022-01-25,1,1972077.98,1972077.98
4861,40,1,28,6,2025-11-02,1,4482414.26,4482414.26
4862,19,11,1,3,2025-11-25,1,1452516.93,1452516.93
4863,26,4,16,3,2025-09-02,1,4096306.51,4096306.51
4864,36,6,43,5,2024-01-08,1,1880251.13,1880251.13
4865,8,1,45,6,2022-01-09,1,940710.76,940710.76
4866,11,1,26,6,2025-11-27,2,912032.72,1824065.44
4867,27,5,51,7,2023-12-19,1,3711988.94,3711988.94
4868,24,4,26,6,2024-03-23,1,2880055.29,2880055.29
4869,40,6,5,5,2025-07-25,1,5649073.16,5649073.16
4870,6,1,47,10,2025-07-27,2,2639871.16,5279742.32
4871,34,4,40,1,2024-12-27,1,3906202.92,3906202.92
4872,30,2,10,11,2022-08-30,1,1024511.99,1024511.99
4873,19,12,53,9,2023-03-06,1,1806191.19,1806191.19
4874,12,4,1,9,2025-12-21,1,1138554.08,1138554.08
4875,21,4,45,6,2022-08-26,1,1186281.17,1186281.17
4876,41,10,46,6,2025-08-25,1,2119753.13,2119753.13
4877,28,10,20,8,2022-01-25,1,4199023.84,4199023.84
4878,26,2,8,4,2024-11-06,1,1389590.96,1389590.96
4879,26,1,22,12,2022-10-06,1,2882896.59,2882896.59
4880,35,12,1,9,2025-03-22,2,2090247.48,4180494.96
4881,16,5,52,12,2025-05-27,1,643275.31,643275.31
4882,11,4,23,6,2023-04-01,1,1987564.5,1987564.5
4883,22,7,9,6,2022-06-24,1,1505546.75,1505546.75
4884,11,6,14,1,2022-03-02,1,1242753.09,1242753.09
4885,20,6,17,5,2025-03-27,2,1681400.55,3362801.1
4886,13,2,7,3,2022-10-13,1,682717.09,682717.09
4887,7,1,16,6,2023-10-21,1,2174759.62,2174759.62
4888,36,9,20,3,2022-08-03,2,1891651.05,3783302.1
4889,12,3,34,3,2025-06-19,1,873081.38,873081.38
4890,9,4,36,3,2024-02-09,3,1430450.17,4291350.51
4891,27,11,5,5,2025-07-03,1,2848602.5,2848602.5
4892,11,3,35,6,2023-05-20,1,4435210.64,4435210.64
4893,23,15,48,8,2025-01-18,1,1683183.29,1683183.29
4894,7,1,18,5,2023-09-20,1,2151193.66,2151193.66
4895,35,12,1,1,2023-04-22,1,2025776.05,2025776.05
4896,39,5,17,6,2022-07-27,2,2190171.45,4380342.9
4897,27,5,42,8,2024-11-25,1,3872703.51,3872703.51
4898,4,5,38,12,2022-12-06,1,1723528.16,1723528.16
4899,21,1,50,3,2023-10-20,1,1660948.54,1660948.54
4900,33,4,27,5,2025-09-18,1,1643940.42,1643940.42
4901,11,5,46,5,2022-07-11,1,4357562.28,4357562.28
4902,43,3,39,3,2023-02-25,1,5485887.97,5485887.97
4903,29,1,40,1,2024-08-13,1,735882.6,735882.6
4904,1,6,27,1,2025-01-07,1,4307285.93,4307285.93
4905,25,2,34,2,2024-09-03,2,3850103.32,7700206.64
4906,8,2,20,2,2024-06-02,1,553461.81,553461.81
4907,24,3,21,1,2024-05-19,1,4601849.09,4601849.09
4908,40,6,15,5,2024-06-22,1,6200671.91,6200671.91
4909,26,4,48,8,2025-06-26,1,1162851.25,1162851.25
4910,15,6,21,7,2025-12-28,1,3209574.24,3209574.24
4911,33,3,46,6,2025-11-28,1,4192292.94,4192292.94
4912,32,3,21,3,2025-07-26,1,4262143.93,4262143.93
4913,16,3,21,5,2023-07-29,2,429037.94,858075.88
4914,1,8,52,4,2025-05-07,1,3712136.31,3712136.31
4915,28,1,41,1,2022-03-10,3,979201.41,2937604.23
4916,15,6,5,9,2023-07-11,1,3546973.1,3546973.1
4917,41,1,3,10,2022-03-18,1,2555516.37,2555516.37
4918,2,3,25,6,2023-03-09,1,3806838.66,3806838.66
4919,13,3,2,3,2025-02-03,1,865778.75,865778.75
4920,25,4,28,1,2023-01-30,1,1259021.43,1259021.43
4921,22,9,33,2,2025-09-29,1,1588788.5,1588788.5
4922,38,2,4,6,2022-08-29,1,4105962.53,4105962.53
4923,16,2,2,5,2022-05-25,1,515907.93,515907.93
4924,32,7,52,6,2025-09-16,1,1937110.92,1937110.92
4925,17,11,45,11,2023-04-14,1,465834.81,465834.81
4926,32,5,4,3,2023-09-22,1,1525829.26,1525829.26
4927,41,13,38,5,2024-01-19,1,1402402.49,1402402.49
4928,31,9,20,1,2025-09-22,1,3556214.3,3556214.3
4929,23,1,52,8,2024-06-28,2,1633846.82,3267693.64
4930,26,7,46,7,2025-03-30,1,1689841.04,1689841.04
4931,29,12,20,12,2025-03-24,1,787576.98,787576.98
4932,43,6,55,8,2025-01-19,1,1075088.98,1075088.98
4933,12,11,48,3,2024-10-27,2,2377901.84,4755803.68
4934,1,4,44,8,2024-05-06,1,4343004.5,4343004.5
4935,33,2,21,3,2022-10-31,1,3899311.75,3899311.75
4936,24,4,37,6,2024-06-23,1,4294463.6,4294463.6
4937,18,14,45,7,2025-04-19,1,2244244.07,2244244.07
4938,7,3,22,6,2025-08-21,1,1986725.02,1986725.02
4939,26,5,55,1,2023-12-29,1,1140612.4,1140612.4
4940,36,6,28,8,2023-03-12,1,1580524.97,1580524.97
4941,33,11,3,7,2023-07-23,1,3461916.23,3461916.23
4942,32,11,3,4,2024-07-11,1,2841262.58,2841262.58
4943,35,1,48,1,2022-06-25,2,2618576.54,5237153.08
4944,15,2,51,7,2025-06-29,1,4946543.26,4946543.26
4945,37,1,41,3,2023-06-14,1,3024632.68,3024632.68
4946,41,2,22,8,2025-09-02,1,2145997.46,2145997.46
4947,20,6,53,4,2023-07-11,2,4822045.74,9644091.48
4948,42,3,58,4,2023-03-18,2,844255.79,1688511.58
4949,32,13,34,7,2025-11-25,1,3694673.92,3694673.92
4950,20,12,46,6,2023-07-13,1,3280053.41,3280053.41
4951,35,6,26,1,2024-04-19,1,4131208.44,4131208.44
4952,39,10,30,5,2023-09-20,1,4180592.79,4180592.79
4953,12,6,19,3,2024-01-09,2,1487431.13,2974862.26
4954,3,3,23,3,2024-10-12,1,821689.2,821689.2
4955,19,4,19,6,2022-05-13,1,1708610.14,1708610.14
4956,25,4,55,9,2024-08-22,2,2129413.0,4258826.0
4957,33,1,5,4,2025-06-09,1,2038454.59,2038454.59
4958,20,1,43,1,2023-03-18,1,1157985.13,1157985.13
4959,30,1,31,4,2022-12-31,1,3948157.97,3948157.97
4960,18,10,7,6,2022-07-04,1,3585325.81,3585325.81
4961,28,12,8,7,2022-12-24,1,3459024.19,3459024.19
4962,14,1,10,6,2025-05-12,1,1775784.11,1775784.11
4963,38,6,6,7,2022-02-26,2,1951092.38,3902184.76
4964,33,12,24,7,2024-02-28,1,3799813.65,3799813.65
4965,43,2,19,9,2025-02-16,1,4078571.44,4078571.44
4966,28,12,19,9,2024-12-21,1,3646848.64,3646848.64
4967,16,3,50,4,2023-05-14,1,567021.28,567021.28
4968,1,4,44,8,2024-07-18,1,4430184.73,4430184.73
4969,25,3,22,4,2022-11-20,1,3621284.49,3621284.49
4970,26,6,50,7,2023-05-19,2,1253018.42,2506036.84
4971,28,8,32,6,2023-05-08,2,1400016.48,2800032.96
4972,30,11,6,8,2024-12-14,1,4156212.44,4156212.44
4973,18,4,40,1,2023-08-27,1,2406396.78,2406396.78
4974,1,10,40,11,2024-02-20,2,2203779.25,4407558.5
4975,14,9,5,7,2022-04-13,1,1699252.44,1699252.44
4976,8,7,52,1,2022-05-22,1,639170.51,639170.51
4977,8,10,4,12,2023-01-04,1,861158.13,861158.13
4978,18,2,52,4,2022-03-03,2,2177883.19,4355766.38
4979,6,1,8,8,2024-03-21,1,1684758.94,1684758.94
4980,11,4,47,7,2022-05-15,1,4240471.72,4240471.72
4981,43,2,29,4,2022-02-26,1,4138091.61,4138091.61
4982,33,14,45,12,2024-06-30,1,4428585.48,4428585.48
4983,11,4,3,1,2022-01-12,1,1667794.63,1667794.63
4984,6,2,53,8,2025-02-03,1,3340972.3,3340972.3
4985,26,14,17,1,2022-01-01,2,1295858.4,2591716.8
4986,18,2,28,11,2022-04-19,1,1415024.58,1415024.58
4987,9,15,22,6,2022-03-26,2,2136310.3,4272620.6
4988,35,11,2,12,2022-03-08,1,3998495.76,3998495.76
4989,41,3,5,8,2025-03-17,1,2464990.4,2464990.4
4990,40,14,27,1,2022-11-06,2,4883274.58,9766549.16
4991,25,12,49,6,2024-09-19,2,1429750.85,2859501.7
4992,26,2,22,5,2023-10-11,1,2192850.81,2192850.81
4993,1,3,4,5,2023-06-24,1,1811449.86,1811449.86
4994,27,1,32,4,2023-06-13,1,3534932.17,3534932.17
4995,37,10,8,4,2025-02-16,1,5379451.29,5379451.29
4996,34,14,5,6,2025-10-06,1,1217378.46,1217378.46
4997,15,2,36,5,2023-10-30,1,4727426.32,4727426.32
4998,12,3,48,2,2023-06-18,1,3636682.39,3636682.39
4999,31,6,4,7,2022-03-31,1,3990840.76,3990840.76
5000,4,6,50,9,2024-04-21,1,1601053.36,1601053.36
5001,21,4,17,1,2025-02-27,2,1832096.97,3664193.94
5002,27,12,25,7,2022-06-10,1,1294236.58,1294236.58
5003,18,1,28,4,2024-08-25,1,755330.21,755330.21
5004,8,6,27,8,2025-10-11,1,931974.95,931974.95
5005,2,1,30,4,2022-08-16,1,4148122.63,4148122.63
5006,29,12,36,3,2025-10-17,1,622043.36,622043.36
5007,26,1,9,7,2025-05-22,1,3937275.93,3937275.93
5008,29,9,8,3,2022-01-22,1,719921.37,719921.37
5009,41,3,12,8,2025-06-28,1,3587902.84,3587902.84
5010,20,11,18,8,2022-04-22,1,1824274.65,1824274.65
5011,38,7,38,6,2023-07-03,1,3638932.09,3638932.09
5012,33,10,55,6,2025-01-09,1,3295684.86,3295684.86
5013,2,3,9,1,2023-03-19,1,1607978.11,1607978.11
5014,18,5,32,9,2022-03-20,2,3194150.5,6388301.0
5015,32,2,42,5,2023-05-09,2,4366715.98,8733431.96
5016,19,3,40,1,2022-09-10,1,1197289.13,1197289.13
5017,17,4,37,5,2023-12-13,1,717714.21,717714.21
5018,17,12,50,4,2024-02-09,1,708658.22,708658.22
5019,21,1,21,9,2024-01-07,1,997489.11,997489.11
5020,3,1,2,7,2025-02-19,2,659784.43,1319568.86
5021,33,14,36,6,2022-07-18,1,2475719.13,2475719.13
5022,34,12,49,1,2022-04-15,1,2921648.31,2921648.31
5023,26,2,16,9,2025-02-28,1,2261675.16,2261675.16
5024,11,4,52,4,2025-08-24,1,946139.75,946139.75
5025,29,7,32,9,2024-02-26,1,421578.53,421578.53
5026,13,4,1,3,2024-08-15,1,822105.85,822105.85
5027,37,14,53,3,2023-06-23,1,6724656.2,6724656.2
5028,19,5,30,5,2024-01-25,1,1026294.91,1026294.91
5029,7,10,41,8,2022-08-31,1,1978631.21,1978631.21
5030,38,13,31,3,2025-01-15,2,3099855.69,6199711.38
5031,21,4,11,6,2022-01-06,1,770287.61,770287.61
5032,15,7,24,1,2024-01-28,1,1845782.59,1845782.59
5033,38,2,52,5,2024-11-10,1,1356459.94,1356459.94
5034,31,3,40,8,2022-09-04,1,4098178.56,4098178.56
5035,37,1,53,3,2022-09-18,1,4795694.42,4795694.42
5036,2,4,3,12,2024-02-05,1,3806734.12,3806734.12
5037,5,11,50,3,2024-04-13,1,8137101.57,8137101.57
5038,28,5,38,3,2023-04-09,1,1407083.71,1407083.71
5039,21,5,24,3,2023-02-22,1,1783211.59,1783211.59
5040,25,4,3,5,2023-12-28,1,2079790.66,2079790.66
5041,13,5,37,3,2024-05-31,1,501217.64,501217.64
5042,17,3,23,7,2023-02-04,1,500753.56,500753.56
5043,6,3,51,3,2024-05-11,1,1923269.95,1923269.95
5044,23,5,7,10,2024-02-21,1,1357576.84,1357576.84
5045,28,1,36,6,2024-04-21,2,3914412.13,7828824.26
5046,32,1,18,3,2023-03-07,1,1868015.74,1868015.74
5047,12,6,43,6,2022-01-09,1,1677003.77,1677003.77
5048,31,8,2,3,2022-02-19,1,2235895.85,2235895.85
5049,32,13,28,6,2024-08-15,1,1889746.25,1889746.25
5050,3,1,21,6,2024-11-02,1,640109.97,640109.97
5051,41,3,32,3,2022-04-29,1,1859265.39,1859265.39
5052,35,2,55,1,2024-07-31,3,3791693.62,11375080.86
5053,2,5,32,1,2025-11-08,3,3378798.16,10136394.48
5054,6,1,43,7,2025-09-05,1,2875543.96,2875543.96
5055,34,4,44,3,2025-08-21,1,2448502.81,2448502.81
5056,27,5,25,8,2024-03-28,1,4262999.92,4262999.92
5057,36,1,32,6,2023-10-01,2,1950876.3,3901752.6
5058,9,3,2,5,2022-06-03,1,1341900.91,1341900.91
5059,28,2,40,8,2025-05-23,1,3163464.47,3163464.47
5060,18,1,36,8,2025-06-19,1,1442422.68,1442422.68
5061,23,2,30,6,2022-04-02,2,4340416.92,8680833.84
5062,40,14,17,5,2023-10-14,1,5987383.68,5987383.68
5063,39,1,7,3,2025-10-04,1,2743528.8,2743528.8
5064,28,8,21,10,2025-05-25,1,2484755.49,2484755.49
5065,37,2,32,8,2022-01-18,1,3902440.44,3902440.44
5066,35,13,22,8,2023-05-09,1,1637316.12,1637316.12
5067,18,12,2,3,2022-06-14,1,1141988.17,1141988.17
5068,15,14,41,8,2023-02-15,1,4912853.81,4912853.81
5069,29,14,43,4,2025-05-01,1,527278.4,527278.4
5070,41,1,11,6,2022-03-21,1,2079018.47,2079018.47
5071,15,4,20,9,2024-06-21,1,4532461.19,4532461.19
5072,22,12,22,5,2023-08-26,1,1610602.13,1610602.13
5073,17,6,43,4,2024-05-25,1,535869.76,535869.76
5074,15,6,17,4,2024-05-14,2,1432577.36,2865154.72
5075,17,6,11,2,2024-05-10,1,460811.06,460811.06
5076,19,1,50,3,2023-04-12,1,1273936.99,1273936.99
5077,21,2,35,6,2023-04-30,2,1300334.55,2600669.1
5078,26,6,25,2,2024-01-04,1,3530485.33,3530485.33
5079,27,9,27,10,2022-06-27,1,1825319.63,1825319.63
5080,4,2,36,10,2023-02-16,1,1096442.57,1096442.57
5081,20,11,27,2,2023-04-20,1,4754705.58,4754705.58
5082,26,1,53,5,2023-08-08,1,762681.41,762681.41
5083,36,11,39,8,2025-03-06,1,2215210.31,2215210.31
5084,39,1,54,7,2023-09-29,1,1220201.33,1220201.33
5085,12,5,26,2,2024-10-02,1,1036640.58,1036640.58
5086,36,11,21,3,2022-09-25,1,2243378.04,2243378.04
5087,15,13,53,3,2024-10-19,1,3738453.05,3738453.05
5088,10,3,26,6,2022-08-06,3,2272468.93,6817406.79
5089,3,7,5,9,2025-10-02,1,619539.18,619539.18
5090,1,1,10,12,2024-05-11,1,1343246.09,1343246.09
5091,39,5,43,5,2022-10-15,1,1926947.06,1926947.06
5092,28,3,32,9,2025-10-08,1,4399892.4,4399892.4
5093,6,5,23,3,2025-01-30,1,3624150.21,3624150.21
5094,23,6,21,6,2023-01-19,1,2909029.06,2909029.06
5095,4,12,51,12,2022-12-04,1,1496001.49,1496001.49
5096,3,14,2,10,2023-05-20,1,782969.11,782969.11
5097,26,4,19,7,2023-08-12,1,4198001.25,4198001.25
5098,11,6,44,6,2024-05-27,3,3853618.27,11560854.81
5099,41,8,4,3,2024-08-25,1,5023397.06,5023397.06
5100,40,9,40,6,2022-11-15,1,2040118.61,2040118.61
5101,26,1,29,6,2023-08-21,2,3491543.74,6983087.48
5102,43,5,41,3,2022-09-06,1,3776533.29,3776533.29
5103,7,3,50,1,2023-01-04,1,1678009.24,1678009.24
5104,13,6,37,6,2024-01-11,1,710380.62,710380.62
5105,31,2,23,10,2023-12-19,1,4323058.81,4323058.81
5106,27,2,4,8,2024-08-15,1,4708690.39,4708690.39
5107,28,12,47,3,2023-11-05,1,2841785.55,2841785.55
5108,13,9,18,9,2025-06-22,1,598904.43,598904.43
5109,2,8,34,3,2025-07-28,3,2821256.79,8463770.37
5110,7,6,43,6,2024-10-12,1,1407485.61,1407485.61
5111,20,15,4,4,2022-02-27,1,1804966.6,1804966.6
5112,18,8,9,5,2023-03-22,2,2790314.39,5580628.78
5113,9,8,13,2,2023-11-17,2,1728431.49,3456862.98
5114,1,1,3,6,2025-06-26,1,3645279.98,3645279.98
5115,43,4,32,6,2025-10-13,1,4363116.41,4363116.41
5116,24,3,44,8,2025-01-21,1,1303120.06,1303120.06
5117,28,4,37,3,2022-12-06,2,4661608.34,9323216.68
5118,8,11,21,7,2025-03-28,1,783724.68,783724.68
5119,14,11,48,12,2022-07-22,1,1291332.65,1291332.65
5120,16,14,42,6,2023-04-12,1,516472.34,516472.34
5121,5,11,25,9,2025-06-16,1,9391938.73,9391938.73
5122,34,3,10,2,2022-02-11,2,3751574.86,7503149.72
5123,33,5,40,8,2024-01-01,1,3652197.14,3652197.14
5124,38,9,4,8,2022-09-14,1,4224256.7,4224256.7
5125,11,6,7,7,2022-01-06,1,4326690.12,4326690.12
5126,15,12,14,3,2025-02-13,1,1812510.0,1812510.0
5127,19,2,32,3,2024-02-28,1,1794183.22,1794183.22
5128,32,6,13,1,2023-06-17,2,1618708.55,3237417.1
5129,10,1,39,3,2022-07-18,2,3285659.9,6571319.8
5130,14,6,52,2,2025-12-17,1,1486913.2,1486913.2
5131,27,15,42,5,2025-07-20,1,2069251.21,2069251.21
5132,12,14,46,9,2024-10-06,1,1602342.42,1602342.42
5133,27,13,27,6,2022-01-12,1,4124620.47,4124620.47
5134,27,12,6,7,2022-08-31,1,1070086.21,1070086.21
5135,32,5,2,6,2025-03-31,1,4726321.12,4726321.12
5136,7,4,5,7,2024-04-04,1,2417877.71,2417877.71
5137,29,14,4,8,2023-04-26,1,677968.43,677968.43
5138,12,15,24,4,2024-02-15,1,833025.28,833025.28
5139,28,6,26,4,2024-07-26,1,2636823.37,2636823.37
5140,37,4,6,8,2022-12-05,1,5302768.1,5302768.1
5141,12,12,45,3,2023-09-29,1,1036015.49,1036015.49
5142,28,11,54,4,2024-08-05,2,3317883.39,6635766.78
5143,11,2,19,3,2025-05-06,1,4085298.01,4085298.01
5144,1,6,10,6,2022-05-08,1,2615741.25,2615741.25
5145,40,3,8,9,2022-04-14,1,6015411.96,6015411.96
5146,18,2,30,1,2025-03-26,1,1125452.06,1125452.06
5147,4,11,44,6,2025-05-31,1,830254.82,830254.82
5148,18,15,3,6,2025-06-27,1,1395096.81,1395096.81
5149,17,6,10,3,2024-11-16,1,416190.63,416190.63
5150,20,4,33,10,2023-03-20,1,3052329.82,3052329.82
5151,26,5,12,6,2023-06-04,1,4163128.68,4163128.68
5152,39,1,3,6,2024-06-20,1,1642701.95,1642701.95
5153,4,3,2,2,2023-02-03,1,1056898.59,1056898.59
5154,35,4,43,1,2023-11-02,1,3895905.05,3895905.05
5155,31,1,35,3,2023-08-25,1,3052673.74,3052673.74
5156,30,6,52,8,2025-08-05,2,2358673.2,4717346.4
5157,11,1,41,3,2023-03-20,1,1149747.23,1149747.23
5158,27,6,35,1,2023-04-02,1,2295426.69,2295426.69
5159,7,3,5,8,2024-02-20,1,4257269.89,4257269.89
5160,33,12,20,5,2023-09-18,1,3715732.97,3715732.97
5161,13,7,22,1,2023-04-02,1,573685.82,573685.82
5162,26,5,46,7,2022-05-29,1,3891601.52,3891601.52
5163,26,11,2,7,2024-05-22,1,3122625.5,3122625.5
5164,41,13,54,3,2022-06-15,1,1181912.61,1181912.61
5165,18,3,49,6,2022-11-08,2,2846825.26,5693650.52
5166,13,12,2,4,2024-11-28,1,866845.99,866845.99
5167,15,1,31,6,2025-11-02,3,1551578.7,4654736.1
5168,28,15,4,3,2024-01-19,1,3571571.59,3571571.59
5169,4,1,36,7,2022-12-31,2,1565014.6,3130029.2
5170,28,4,7,7,2025-04-22,1,3217901.32,3217901.32
5171,41,2,5,7,2022-03-19,1,2497288.46,2497288.46
5172,6,3,40,9,2022-10-24,2,1504179.92,3008359.84
5173,30,5,55,7,2024-05-15,1,3464731.67,3464731.67
5174,20,3,13,7,2023-06-09,1,1877305.41,1877305.41
5175,23,6,21,7,2023-11-26,1,1620070.74,1620070.74
5176,25,3,14,7,2024-01-13,1,3497049.01,3497049.01
5177,43,12,24,1,2023-03-18,1,4652036.23,4652036.23
5178,26,12,10,7,2023-03-28,1,1587208.98,1587208.98
5179,8,1,23,8,2024-09-15,1,616092.52,616092.52
5180,32,4,32,3,2023-04-02,1,4513944.96,4513944.96
5181,16,12,21,8,2022-04-01,1,403292.17,403292.17
5182,43,6,31,9,2025-01-13,1,2371234.66,2371234.66
5183,8,3,12,6,2024-07-14,1,681481.67,681481.67
5184,2,6,33,11,2023-03-22,1,2637716.95,2637716.95
5185,16,5,9,5,2023-02-20,1,584585.26,584585.26
5186,40,15,2,1,2024-01-28,3,5196914.9,15590744.7
5187,10,9,14,9,2022-07-15,2,2343027.96,4686055.92
5188,34,4,49,5,2025-11-30,2,4237089.09,8474178.18
5189,28,1,38,6,2024-08-25,1,2481146.99,2481146.99
5190,1,15,33,3,2025-04-09,1,914790.95,914790.95
5191,23,7,50,3,2025-09-11,1,4934824.09,4934824.09
5192,37,4,55,3,2025-08-14,1,3416917.89,3416917.89
5193,20,2,41,4,2024-02-25,1,4062111.24,4062111.24
5194,8,14,51,3,2024-04-15,1,586326.01,586326.01
5195,34,1,47,5,2023-03-06,1,3468619.03,3468619.03
5196,21,12,47,5,2025-04-28,1,1311557.31,1311557.31
5197,33,3,25,7,2022-11-08,1,1525712.74,1525712.74
5198,5,15,20,7,2024-09-19,1,6645405.26,6645405.26
5199,21,1,27,7,2025-07-22,1,1618329.34,1618329.34
5200,1,14,12,4,2022-03-12,1,2193434.59,2193434.59
5201,28,1,36,6,2025-06-12,1,2332855.97,2332855.97
5202,25,14,33,8,2024-11-28,1,3549493.23,3549493.23
5203,31,12,19,7,2022-12-24,1,3066744.69,3066744.69
5204,10,15,33,7,2025-02-17,1,3042950.94,3042950.94
5205,27,2,32,2,2022-08-20,1,1954970.21,1954970.21
5206,35,8,32,9,2023-03-12,2,1492431.1,2984862.2
5207,36,14,5,7,2024-12-08,1,2503770.29,2503770.29
5208,3,14,50,5,2023-06-20,1,676211.52,676211.52
5209,9,14,34,9,2024-08-25,1,1978573.84,1978573.84
5210,13,14,7,2,2024-03-02,1,534141.17,534141.17
5211,15,1,44,3,2022-09-30,1,3809657.25,3809657.25
5212,5,9,46,3,2022-10-15,1,8665871.61,8665871.61
5213,14,1,52,3,2024-04-28,1,1363832.55,1363832.55
5214,11,3,11,9,2022-07-03,1,4169582.68,4169582.68
5215,23,3,3,1,2022-05-23,1,3185364.14,3185364.14
5216,19,3,41,3,2023-02-04,1,1936567.46,1936567.46
5217,23,4,2,9,2025-08-29,1,953279.68,953279.68
5218,38,6,49,3,2025-06-15,1,4492762.84,4492762.84
5219,17,3,32,2,2025-07-19,1,705762.56,705762.56
5220,16,5,54,10,2025-11-13,1,645764.95,645764.95
5221,37,3,26,8,2024-05-12,2,2506269.79,5012539.58
5222,7,11,25,11,2024-09-20,1,5825693.3,5825693.3
5223,12,1,22,1,2023-03-30,1,4189124.22,4189124.22
5224,27,2,38,9,2022-01-01,1,955400.29,955400.29
5225,6,6,22,3,2025-02-27,1,3245642.61,3245642.61
5226,3,15,24,6,2023-02-15,1,756620.68,756620.68
5227,11,5,2,8,2023-09-04,1,1233081.11,1233081.11
5228,7,3,20,5,2023-05-09,1,1751251.98,1751251.98
5229,27,14,15,6,2025-07-20,1,1884097.27,1884097.27
5230,38,5,46,11,2024-03-06,1,2386585.24,2386585.24
5231,36,1,42,10,2022-02-13,1,1518710.78,1518710.78
5232,8,15,34,6,2025-05-21,1,586394.01,586394.01
5233,1,1,23,1,2025-03-30,1,3553278.96,3553278.96
5234,17,3,26,1,2024-03-12,1,719343.89,719343.89
5235,27,12,19,12,2025-05-22,1,3416751.34,3416751.34
5236,28,9,54,8,2024-10-19,1,2186773.34,2186773.34
5237,9,11,32,1,2022-03-03,1,1292630.44,1292630.44
5238,34,2,49,3,2023-06-02,1,2329717.06,2329717.06
5239,13,12,44,10,2024-06-15,2,524429.37,1048858.74
5240,40,3,23,1,2025-02-20,1,3265488.69,3265488.69
5241,41,12,47,6,2023-09-17,1,1180847.86,1180847.86
5242,19,13,29,7,2025-04-30,1,2475338.35,2475338.35
5243,12,14,37,6,2022-04-27,1,2407191.84,2407191.84
5244,7,4,13,5,2024-06-19,1,4531849.12,4531849.12
5245,13,1,11,4,2023-02-19,1,668946.41,668946.41
5246,27,1,12,6,2025-03-25,1,1153625.14,1153625.14
5247,15,2,25,3,2024-07-08,1,4792951.99,4792951.99
5248,26,5,29,3,2023-02-23,1,1963842.36,1963842.36
5249,11,6,2,8,2025-01-17,1,4133795.79,4133795.79
5250,9,15,7,2,2022-05-05,1,2027916.24,2027916.24
5251,32,2,31,5,2024-08-07,1,4746143.7,4746143.7
5252,24,12,23,1,2023-11-15,1,2292393.2,2292393.2
5253,37,2,1,2,2023-12-07,1,6178809.23,6178809.23
5254,31,6,44,4,2022-01-23,1,1337060.03,1337060.03
5255,12,8,22,9,2022-08-30,1,4420047.89,4420047.89
5256,23,5,3,8,2023-01-16,2,4805605.41,9611210.82
5257,22,15,22,3,2024-06-05,1,1002967.27,1002967.27
5258,20,5,15,6,2022-08-03,1,4602791.95,4602791.95
5259,26,1,5,6,2025-08-17,1,2354812.82,2354812.82
5260,7,4,30,1,2023-12-26,1,1143232.98,1143232.98
5261,13,13,55,5,2022-08-27,1,842416.68,842416.68
5262,38,4,42,4,2022-08-27,1,1886241.1,1886241.1
5263,31,11,28,7,2025-05-12,1,4723018.43,4723018.43
5264,39,2,11,8,2023-03-24,1,3423472.15,3423472.15
5265,9,9,41,7,2025-03-15,1,1495667.21,1495667.21
5266,27,10,7,10,2023-06-28,1,998092.94,998092.94
5267,4,12,42,9,2022-11-04,1,956930.84,956930.84
5268,32,5,48,5,2023-12-27,1,2704006.88,2704006.88
5269,26,1,12,9,2024-05-26,1,2767151.82,2767151.82
5270,30,2,3,1,2022-06-04,1,2494148.24,2494148.24
5271,22,2,31,8,2024-06-14,1,1071660.71,1071660.71
5272,30,1,30,5,2025-10-24,1,1361906.4,1361906.4
5273,15,3,27,9,2024-07-14,1,1415068.12,1415068.12
5274,38,1,35,4,2022-12-27,1,4908569.36,4908569.36
5275,11,5,39,3,2025-01-28,1,3315087.05,3315087.05
5276,10,3,7,5,2024-06-06,1,2313654.3,2313654.3
5277,1,7,5,6,2025-06-25,1,2759205.69,2759205.69
5278,2,2,46,3,2024-12-15,1,4776184.42,4776184.42
5279,18,3,52,6,2023-03-22,1,2276070.42,2276070.42
5280,31,2,6,6,2023-01-25,1,2688915.37,2688915.37
5281,19,9,1,4,2022-01-14,1,1038620.92,1038620.92
5282,27,5,18,6,2025-09-02,2,854103.19,1708206.38
5283,6,5,13,6,2024-04-13,1,1873937.64,1873937.64
5284,24,13,9,9,2022-11-27,2,1250695.22,2501390.44
5285,33,1,14,7,2023-01-15,1,3634169.34,3634169.34
5286,16,13,26,6,2024-04-15,1,577591.31,577591.31
5287,3,1,49,6,2024-04-06,1,537227.61,537227.61
5288,1,15,27,10,2024-12-01,1,2690330.31,2690330.31
5289,12,1,43,3,2025-06-02,1,1164443.31,1164443.31
5290,26,12,49,12,2025-02-13,1,2831980.1,2831980.1
5291,38,10,34,1,2024-05-21,1,4809755.23,4809755.23
5292,24,11,34,8,2023-05-13,1,1868747.16,1868747.16
5293,40,2,33,5,2024-06-03,1,5857231.69,5857231.69
5294,27,2,45,5,2025-02-05,1,3907859.79,3907859.79
5295,2,4,18,8,2022-06-08,1,3667422.24,3667422.24
5296,35,2,11,1,2025-02-24,3,2975569.32,8926707.96
5297,10,4,26,3,2024-07-07,1,3094734.46,3094734.46
5298,23,1,52,8,2024-07-14,1,4848903.5,4848903.5
5299,19,15,42,7,2025-08-04,1,1506359.22,1506359.22
5300,4,12,24,8,2023-08-21,1,964196.7,964196.7
5301,6,6,27,5,2023-05-21,1,2186270.96,2186270.96
5302,35,12,23,3,2024-09-13,1,2249141.57,2249141.57
5303,19,3,40,3,2023-11-26,2,2031753.11,4063506.22
5304,18,11,13,5,2023-10-02,1,2503957.82,2503957.82
5305,24,12,19,2,2023-07-01,1,1533073.98,1533073.98
5306,14,3,10,2,2024-09-08,1,945689.47,945689.47
5307,33,14,5,10,2022-08-11,1,1418710.62,1418710.62
5308,29,3,38,3,2023-04-02,1,781364.08,781364.08
5309,35,14,32,3,2025-07-04,1,2771101.4,2771101.4
5310,8,13,25,4,2022-09-04,1,786557.08,786557.08
5311,1,6,1,9,2023-02-28,2,2328853.72,4657707.44
5312,11,6,38,3,2024-01-06,1,3258342.04,3258342.04
5313,38,3,21,6,2024-12-03,2,1148454.0,2296908.0
5314,26,7,43,8,2022-01-07,3,2671007.7,8013023.1
5315,32,3,14,6,2025-07-05,2,2500590.05,5001180.1
5316,31,5,2,8,2024-02-17,1,4360537.84,4360537.84
5317,34,6,22,3,2022-06-12,3,2425158.64,7275475.92
5318,18,2,24,5,2024-08-06,1,2071563.74,2071563.74
5319,28,2,53,5,2025-06-23,1,1196978.34,1196978.34
5320,42,10,51,1,2025-02-13,1,1273145.73,1273145.73
5321,10,1,34,6,2025-07-13,1,4033855.48,4033855.48
5322,14,6,4,6,2024-08-12,2,1548616.38,3097232.76
5323,21,6,15,11,2024-12-14,1,813798.76,813798.76
5324,15,1,16,9,2025-06-08,1,1486696.99,1486696.99
5325,4,12,2,7,2023-03-18,1,881187.23,881187.23
5326,5,2,21,4,2024-06-19,1,6738583.64,6738583.64
5327,25,4,25,8,2025-02-14,2,2856933.36,5713866.72
5328,20,6,23,6,2024-12-15,1,4806659.25,4806659.25
5329,18,1,19,1,2024-03-28,1,965424.75,965424.75
5330,20,4,38,7,2025-08-11,1,2911634.5,2911634.5
5331,10,2,31,3,2022-06-12,2,2324353.8,4648707.6
5332,25,4,52,2,2025-05-23,1,2417859.28,2417859.28
5333,14,2,45,3,2023-09-03,1,1039887.79,1039887.79
5334,10,3,26,6,2022-09-05,1,4433169.88,4433169.88
5335,11,10,54,6,2025-04-09,1,2349916.52,2349916.52
5336,17,4,37,10,2023-09-01,1,707999.07,707999.07
5337,7,1,40,3,2022-04-19,1,4448335.06,4448335.06
5338,28,2,29,2,2023-09-07,1,3915112.46,3915112.46
5339,12,4,22,3,2025-08-22,1,3606912.46,3606912.46
5340,9,4,56,7,2025-06-05,2,1845632.07,3691264.14
5341,7,2,36,11,2022-03-05,1,2294192.39,2294192.39
5342,11,6,2,6,2025-08-17,2,2448021.32,4896042.64
5343,16,12,2,1,2025-03-25,1,574383.79,574383.79
5344,27,6,21,5,2024-07-14,1,3269699.38,3269699.38
5345,35,4,50,7,2024-03-18,3,4387513.17,13162539.51
5346,34,10,26,3,2024-04-12,3,1197383.09,3592149.27
5347,29,3,15,8,2025-02-24,2,696131.13,1392262.26
5348,17,1,48,8,2022-09-23,1,679456.33,679456.33
5349,14,3,26,5,2023-07-21,1,1681249.57,1681249.57
5350,24,2,52,3,2023-06-10,1,2680883.36,2680883.36
5351,41,1,25,3,2025-01-12,1,3845287.08,3845287.08
5352,27,12,17,10,2022-12-01,1,4140369.15,4140369.15
5353,39,11,55,5,2022-02-23,1,4094716.16,4094716.16
5354,13,6,3,11,2025-05-16,1,612232.51,612232.51
5355,9,12,20,1,2023-07-12,1,1419304.92,1419304.92
5356,38,4,18,7,2022-10-25,1,1379922.21,1379922.21
5357,21,11,53,10,2025-03-14,1,1951032.53,1951032.53
5358,30,2,54,7,2024-11-13,1,1568441.57,1568441.57
5359,41,8,37,9,2024-01-16,2,1332845.32,2665690.64
5360,3,2,5,7,2024-09-24,1,606530.7,606530.7
5361,38,3,17,7,2024-05-26,1,3600249.5,3600249.5
5362,16,4,53,7,2022-05-07,1,715657.73,715657.73
5363,11,15,12,5,2023-09-12,1,3789917.14,3789917.14
5364,28,11,12,8,2024-11-10,1,1137534.7,1137534.7
5365,7,3,53,7,2023-01-04,1,2526788.25,2526788.25
5366,15,1,43,9,2025-08-17,1,3907540.76,3907540.76
5367,1,11,33,3,2025-12-28,1,3366186.02,3366186.02
5368,15,2,44,3,2022-06-30,1,1213426.0,1213426.0
5369,20,7,9,7,2022-04-17,1,3960421.46,3960421.46
5370,31,2,5,2,2024-04-02,1,3671966.25,3671966.25
5371,26,1,51,8,2025-04-27,1,3040183.77,3040183.77
5372,19,2,8,4,2023-07-13,1,1902992.84,1902992.84
5373,16,10,54,8,2025-01-25,1,479738.46,479738.46
5374,1,1,50,10,2023-03-08,1,1985543.19,1985543.19
5375,7,14,16,1,2023-12-02,2,2795201.57,5590403.14
5376,25,2,41,3,2023-01-17,1,3744699.9,3744699.9
5377,30,1,24,8,2024-01-24,1,1423229.43,1423229.43
5378,29,3,33,4,2024-10-16,1,772686.13,772686.13
5379,33,7,52,3,2023-05-13,1,3460275.91,3460275.91
5380,25,1,6,12,2024-10-30,1,3476672.9,3476672.9
5381,31,2,55,1,2025-03-04,1,3156328.82,3156328.82
5382,15,5,34,3,2025-10-28,2,1662905.62,3325811.24
5383,24,6,50,7,2023-08-22,1,3121651.8,3121651.8
5384,17,1,19,4,2024-05-09,1,680289.31,680289.31
5385,8,6,14,10,2024-07-05,1,654449.38,654449.38
5386,6,4,53,4,2025-04-02,1,2485656.87,2485656.87
5387,23,4,43,10,2022-04-04,1,1009687.81,1009687.81
5388,12,1,19,3,2022-02-12,1,3862565.76,3862565.76
5389,26,2,13,7,2022-03-26,2,3608032.66,7216065.32
5390,8,12,44,6,2025-07-25,1,794792.05,794792.05
5391,7,6,1,2,2023-01-06,2,3425883.05,6851766.1
5392,4,12,42,1,2024-03-19,1,915444.19,915444.19
5393,26,12,41,8,2024-03-14,2,2930519.8,5861039.6
5394,18,15,37,3,2023-01-10,1,2119585.26,2119585.26
5395,18,7,16,1,2025-11-03,1,2119599.08,2119599.08
5396,31,1,41,9,2023-03-30,1,1691530.8,1691530.8
5397,9,13,32,3,2024-02-24,3,1605345.46,4816036.38
5398,37,14,2,8,2022-10-31,1,5225167.22,5225167.22
5399,27,2,20,5,2023-06-01,1,1216510.67,1216510.67
5400,43,1,28,6,2025-08-11,1,3142064.65,3142064.65
5401,11,12,17,2,2022-08-30,1,4367141.72,4367141.72
5402,2,1,31,7,2024-12-27,1,2766157.42,2766157.42
5403,29,8,18,6,2025-10-20,1,666367.16,666367.16
5404,15,3,15,8,2023-04-06,1,3549691.87,3549691.87
5405,17,6,18,8,2025-05-20,1,562455.22,562455.22
5406,42,5,40,6,2025-07-05,1,1940163.97,1940163.97
5407,11,2,26,4,2023-03-21,1,4043634.17,4043634.17
5408,31,11,14,1,2025-06-07,1,3119526.51,3119526.51
5409,34,11,10,5,2024-08-17,1,1516367.84,1516367.84
5410,15,11,28,8,2023-11-03,1,2006043.33,2006043.33
5411,7,15,13,9,2023-12-16,1,5236637.9,5236637.9
5412,6,3,16,9,2025-01-19,1,3144611.53,3144611.53
5413,31,13,54,8,2025-07-30,2,1113155.86,2226311.72
5414,1,4,7,3,2024-01-23,1,4089399.06,4089399.06
5415,20,2,21,7,2024-08-09,1,2159510.25,2159510.25
5416,39,4,34,1,2025-03-02,1,1396362.69,1396362.69
5417,22,6,27,10,2023-04-23,3,871380.67,2614142.01
5418,39,13,53,7,2022-08-23,1,1403790.49,1403790.49
5419,5,3,42,5,2024-05-08,1,8264950.66,8264950.66
5420,43,4,39,9,2024-05-25,1,4768010.92,4768010.92
5421,23,2,12,4,2024-06-28,1,2246231.01,2246231.01
5422,39,6,31,8,2023-03-29,1,3071159.69,3071159.69
5423,28,6,15,8,2025-09-30,1,3069138.52,3069138.52
5424,27,1,47,1,2025-06-13,1,3396169.57,3396169.57
5425,15,4,5,4,2022-07-19,1,3619707.42,3619707.42
5426,26,6,15,1,2023-09-21,1,4023847.24,4023847.24
5427,20,6,6,4,2025-08-08,1,2945072.27,2945072.27
5428,26,6,52,8,2023-08-20,1,3190012.52,3190012.52
5429,6,7,50,1,2023-01-15,1,1478088.04,1478088.04
5430,23,8,26,1,2023-01-31,1,3989248.94,3989248.94
5431,2,3,34,3,2023-02-14,1,4695289.9,4695289.9
5432,13,3,45,12,2024-12-05,1,700156.79,700156.79
5433,26,2,19,10,2023-06-18,2,3930910.73,7861821.46
5434,6,1,48,3,2022-02-12,1,2214678.32,2214678.32
5435,26,6,26,6,2023-09-11,1,1738982.2,1738982.2
5436,22,6,22,1,2025-12-24,1,787270.08,787270.08
5437,24,2,31,10,2023-04-03,1,2263716.12,2263716.12
5438,7,1,54,6,2024-08-10,1,5583570.9,5583570.9
5439,17,2,29,12,2023-06-01,1,541625.64,541625.64
5440,12,8,9,4,2025-06-05,1,4605572.23,4605572.23
5441,17,1,5,6,2022-05-28,2,681993.97,1363987.94
5442,19,1,21,3,2024-07-19,1,1233287.95,1233287.95
5443,2,6,29,3,2023-11-13,1,3450369.01,3450369.01
5444,41,5,8,3,2025-09-26,1,3112050.89,3112050.89
5445,12,4,13,4,2023-08-10,1,1511620.16,1511620.16
5446,23,1,9,3,2025-01-13,2,3473426.7,6946853.4
5447,23,2,16,4,2024-09-24,1,2454689.67,2454689.67
5448,18,1,7,7,2025-03-31,1,3482975.44,3482975.44
5449,27,6,15,6,2025-09-14,1,968181.76,968181.76
5450,28,5,16,11,2023-10-04,1,1150658.45,1150658.45
5451,13,6,31,1,2024-06-25,1,872181.64,872181.64
5452,42,3,22,3,2025-05-17,2,1760445.99,3520891.98
5453,1,2,17,1,2023-10-19,1,2985381.32,2985381.32
5454,26,1,25,4,2023-08-29,1,3733821.03,3733821.03
5455,2,4,53,5,2023-10-16,1,3730346.08,3730346.08
5456,41,2,21,5,2024-04-27,2,3289575.21,6579150.42
5457,3,5,8,9,2025-02-03,1,448521.13,448521.13
5458,21,1,30,6,2025-01-23,1,778381.49,778381.49
5459,42,6,42,9,2022-10-28,1,1982152.06,1982152.06
5460,23,9,14,9,2025-04-23,1,4541508.45,4541508.45
5461,19,1,23,9,2025-03-30,1,2425541.42,2425541.42
5462,4,12,9,7,2022-12-08,1,702869.24,702869.24
5463,28,2,14,4,2023-05-02,1,2040766.92,2040766.92
5464,14,2,41,9,2024-09-25,2,928455.45,1856910.9
5465,27,6,10,8,2023-04-16,1,1889313.4,1889313.4
5466,40,5,10,10,2025-08-23,1,3397332.91,3397332.91
5467,11,5,28,1,2025-05-13,1,2394008.99,2394008.99
5468,2,4,45,7,2025-04-17,2,2201119.09,4402238.18
5469,17,6,51,9,2025-06-02,1,495331.48,495331.48
5470,13,6,3,3,2025-05-05,1,642722.67,642722.67
5471,32,7,55,3,2025-01-13,1,2966412.74,2966412.74
5472,6,14,11,6,2023-11-22,2,1343267.86,2686535.72
5473,14,2,37,9,2024-05-11,1,1588171.4,1588171.4
5474,9,3,54,1,2024-10-07,1,2569631.61,2569631.61
5475,43,6,52,1,2025-03-13,1,4753288.54,4753288.54
5476,38,9,21,6,2024-12-25,1,2040864.12,2040864.12
5477,16,7,28,9,2022-01-28,1,624561.47,624561.47
5478,1,1,25,9,2023-07-14,1,2056003.73,2056003.73
5479,28,7,44,1,2022-10-05,1,1982959.37,1982959.37
5480,15,12,9,4,2023-07-06,1,3307837.84,3307837.84
5481,32,11,32,10,2023-08-12,2,1092923.6,2185847.2
5482,22,2,4,11,2022-12-04,1,1335779.42,1335779.42
5483,36,7,18,7,2023-09-22,1,2290271.47,2290271.47
5484,26,11,9,1,2025-11-15,1,3085100.63,3085100.63
5485,12,15,49,3,2024-10-23,1,4593231.42,4593231.42
5486,16,3,33,5,2023-10-26,1,738472.15,738472.15
5487,37,4,33,6,2022-12-10,1,3246475.62,3246475.62
5488,14,2,12,4,2023-06-19,1,1859059.42,1859059.42
5489,17,2,33,4,2025-04-13,1,492900.83,492900.83
5490,12,2,53,2,2025-10-25,1,3225521.31,3225521.31
5491,10,3,5,6,2025-04-24,1,2090897.3,2090897.3
5492,17,4,42,7,2023-10-30,1,441698.98,441698.98
5493,9,6,42,3,2022-06-06,2,2011020.46,4022040.92
5494,26,12,6,6,2022-08-10,1,2876322.11,2876322.11
5495,29,4,13,5,2023-06-25,1,562358.86,562358.86
5496,23,5,29,1,2023-06-13,2,4836413.36,9672826.72
5497,11,4,14,12,2023-09-19,1,2454706.67,2454706.67
5498,32,5,33,5,2024-03-11,2,2484785.47,4969570.94
5499,26,6,25,4,2023-10-10,2,1062563.92,2125127.84
5500,4,6,11,8,2025-11-22,1,1022205.82,1022205.82
5501,24,12,5,2,2024-05-09,1,1012247.11,1012247.11
5502,1,3,41,12,2024-12-24,1,1978654.23,1978654.23
5503,14,9,28,6,2024-02-06,1,1123092.29,1123092.29
5504,24,4,3,6,2023-05-11,1,4234217.03,4234217.03
5505,19,7,38,10,2022-08-12,1,1168594.79,1168594.79
5506,9,2,12,3,2024-01-28,1,1448300.83,1448300.83
5507,28,2,32,1,2022-07-28,1,1058422.26,1058422.26
5508,31,4,22,1,2023-08-03,1,5004527.1,5004527.1
5509,25,1,10,3,2024-08-09,1,2567849.33,2567849.33
5510,12,5,25,1,2025-07-16,1,4282074.61,4282074.61
5511,35,2,44,5,2023-01-07,1,2311672.4,2311672.4
5512,27,14,47,4,2023-07-23,1,4601822.38,4601822.38
5513,6,11,32,1,2022-11-22,1,2163033.09,2163033.09
5514,26,12,9,7,2025-10-01,2,3267503.81,6535007.62
5515,21,11,24,3,2022-04-16,1,822703.79,822703.79
5516,26,15,42,6,2023-10-17,1,3349338.99,3349338.99
5517,40,1,5,11,2023-04-08,2,6013526.11,12027052.22
5518,26,5,31,4,2025-07-23,1,763376.68,763376.68
5519,9,1,36,8,2025-09-23,1,1501456.16,1501456.16
5520,11,3,38,6,2024-12-12,2,2139410.77,4278821.54
5521,24,10,51,5,2025-02-21,1,4406542.11,4406542.11
5522,3,4,53,9,2023-02-19,1,787696.66,787696.66
5523,39,8,41,5,2025-03-29,1,893422.45,893422.45
5524,28,12,7,6,2024-04-24,1,880390.27,880390.27
5525,17,10,48,1,2024-03-25,1,676140.36,676140.36
5526,14,4,46,8,2024-10-01,2,1812975.64,3625951.28
5527,4,1,28,9,2024-08-19,1,962986.28,962986.28
5528,35,3,38,1,2025-10-07,1,1212866.41,1212866.41
5529,6,11,10,6,2022-08-11,1,1910911.38,1910911.38
5530,8,3,49,2,2022-01-05,1,575171.5,575171.5
5531,29,3,17,8,2023-12-05,1,470345.95,470345.95
5532,32,2,39,3,2025-09-12,1,1113846.87,1113846.87
5533,27,1,32,6,2023-04-23,1,1871518.09,1871518.09
5534,15,15,32,12,2023-01-12,1,4091529.12,4091529.12
5535,25,2,52,5,2022-04-25,1,3903363.4,3903363.4
5536,38,12,30,6,2024-01-14,2,3067038.02,6134076.04
5537,11,5,30,1,2022-04-21,1,1108510.9,1108510.9
5538,17,1,13,10,2023-11-16,1,716690.19,716690.19
5539,35,9,13,5,2025-04-18,1,1454470.35,1454470.35
5540,8,5,29,9,2023-02-05,1,655296.4,655296.4
5541,23,2,5,3,2022-12-07,1,3896865.68,3896865.68
5542,9,12,47,8,2023-02-08,2,2702945.77,5405891.54
5543,20,2,2,5,2024-09-20,1,4761973.68,4761973.68
5544,28,2,55,1,2023-11-11,2,3842960.93,7685921.86
5545,39,2,29,7,2024-12-05,3,1635086.47,4905259.41
5546,27,12,23,1,2024-04-29,1,1699371.2,1699371.2
5547,39,2,30,3,2023-12-23,1,3705140.86,3705140.86
5548,36,12,14,8,2024-07-04,1,2047869.4,2047869.4
5549,21,6,52,11,2022-02-14,1,1911361.11,1911361.11
5550,15,9,31,4,2025-12-03,1,4106264.74,4106264.74
5551,15,2,13,1,2024-09-14,1,4721716.91,4721716.91
5552,1,5,20,6,2023-09-03,2,2359071.78,4718143.56
5553,17,6,48,7,2023-07-05,1,560757.63,560757.63
5554,23,3,36,7,2024-02-20,2,3891582.05,7783164.1
5555,24,11,43,1,2022-09-24,1,3531035.17,3531035.17
5556,16,2,51,1,2025-09-29,1,683230.61,683230.61
5557,4,9,20,12,2022-10-20,1,1525477.84,1525477.84
5558,17,1,37,9,2022-04-12,1,548169.37,548169.37
5559,30,1,53,3,2023-08-15,1,2975748.71,2975748.71
5560,35,8,21,3,2023-04-06,1,2070738.11,2070738.11
5561,8,15,4,7,2023-03-02,1,694591.36,694591.36
5562,20,8,8,1,2022-05-14,2,2337019.87,4674039.74
5563,15,2,40,10,2024-01-18,1,4445568.37,4445568.37
5564,12,15,24,3,2024-04-02,1,4531922.84,4531922.84
5565,13,4,42,7,2024-02-20,1,649184.59,649184.59
5566,13,13,30,12,2022-03-03,1,532980.34,532980.34
5567,19,1,9,3,2023-08-17,1,945656.79,945656.79
5568,22,6,7,2,2024-11-08,1,769496.51,769496.51
5569,29,2,4,7,2022-05-07,1,665472.34,665472.34
5570,18,8,37,3,2022-03-05,1,3046444.55,3046444.55
5571,13,14,17,1,2022-05-31,1,714025.28,714025.28
5572,4,7,2,8,2024-01-29,1,744110.99,744110.99
5573,32,5,21,1,2024-04-30,1,1774520.26,1774520.26
5574,1,3,8,3,2023-04-12,2,2393415.47,4786830.94
5575,15,5,47,2,2024-07-26,1,1209187.28,1209187.28
5576,20,10,8,1,2022-06-12,1,3752558.93,3752558.93
5577,18,1,24,7,2023-06-24,1,3600516.29,3600516.29
5578,7,4,41,3,2025-11-29,1,2981010.71,2981010.71
5579,10,11,13,6,2022-06-02,1,2824285.07,2824285.07
5580,10,8,20,4,2022-02-10,1,2002338.8,2002338.8
5581,18,4,21,8,2023-04-17,1,3354593.62,3354593.62
5582,33,1,48,7,2025-03-23,1,2273168.31,2273168.31
5583,11,15,46,9,2022-05-01,2,1128935.13,2257870.26
5584,2,1,40,6,2023-12-17,1,3322994.73,3322994.73
5585,19,3,17,7,2024-10-05,1,2346656.92,2346656.92
5586,17,2,28,7,2024-03-17,1,491333.36,491333.36
5587,35,12,5,11,2022-12-17,1,4249393.06,4249393.06
5588,29,11,48,5,2024-08-22,1,682662.89,682662.89
5589,20,4,1,6,2024-11-11,1,3050575.41,3050575.41
5590,8,10,6,8,2023-03-25,1,945002.65,945002.65
5591,10,4,36,3,2023-05-25,3,3999864.77,11999594.31
5592,32,3,6,6,2022-11-06,1,2463932.81,2463932.81
5593,42,3,26,1,2025-10-28,1,1808217.74,1808217.74
5594,36,1,2,6,2022-01-04,1,2842454.85,2842454.85
5595,28,2,31,5,2024-09-17,1,3272423.39,3272423.39
5596,11,4,14,3,2025-04-09,1,2440577.02,2440577.02
5597,25,3,32,5,2023-11-29,1,4170163.03,4170163.03
5598,22,11,39,1,2023-03-23,1,790044.82,790044.82
5599,3,1,49,6,2022-03-15,1,689789.0,689789.0
5600,15,4,52,1,2025-03-21,1,5002706.71,5002706.71
5601,30,2,26,1,2022-01-27,1,3758567.02,3758567.02
5602,28,5,29,5,2025-04-05,1,3161297.0,3161297.0
5603,7,12,35,3,2024-10-07,1,4143170.85,4143170.85
5604,26,1,37,9,2022-09-01,1,1569194.56,1569194.56
5605,18,7,3,3,2023-02-12,1,1828358.56,1828358.56
5606,7,13,12,7,2022-04-18,1,5064127.31,5064127.31
5607,29,1,38,1,2024-05-19,1,513835.19,513835.19
5608,20,3,24,9,2023-10-28,1,3211084.32,3211084.32
5609,38,15,13,7,2022-10-07,1,1890715.23,1890715.23
5610,21,1,2,3,2025-01-10,1,976644.15,976644.15
5611,6,6,1,6,2023-05-06,1,1173358.22,1173358.22
5612,12,1,2,6,2023-12-13,1,1197968.39,1197968.39
5613,22,12,37,1,2024-03-22,1,1719843.3,1719843.3
5614,12,2,19,8,2025-12-17,1,1844777.81,1844777.81
5615,17,1,30,7,2024-06-28,2,425481.78,850963.56
5616,7,10,3,3,2024-02-21,1,1570375.18,1570375.18
5617,1,3,23,8,2025-04-12,1,3942480.46,3942480.46
5618,8,3,52,5,2023-05-28,1,550978.39,550978.39
5619,37,11,29,12,2025-05-27,2,4737436.15,9474872.3
5620,22,5,51,7,2023-09-14,1,968484.18,968484.18
5621,12,6,15,5,2025-08-12,1,3628248.44,3628248.44
5622,27,5,15,8,2024-08-16,1,3255674.66,3255674.66
5623,25,1,42,3,2025-12-26,1,2316396.97,2316396.97
5624,1,6,51,4,2023-02-20,1,1856390.18,1856390.18
5625,13,3,11,2,2024-05-23,1,765115.53,765115.53
5626,20,13,6,1,2024-05-24,1,3960057.7,3960057.7
5627,37,5,20,2,2024-01-27,1,4066590.73,4066590.73
5628,35,5,22,3,2025-07-31,1,2207061.17,2207061.17
5629,39,3,45,3,2025-03-22,1,3435771.01,3435771.01
5630,23,2,25,7,2022-02-16,2,1668108.91,3336217.82
5631,22,5,9,7,2024-04-08,1,1949052.63,1949052.63
5632,33,5,5,4,2023-02-17,1,4389546.23,4389546.23
5633,2,11,3,8,2025-12-15,2,953814.99,1907629.98
5634,20,3,49,7,2023-04-08,1,2668356.66,2668356.66
5635,39,11,39,6,2025-05-19,3,1851703.84,5555111.52
5636,43,9,13,8,2025-02-21,1,4369340.84,4369340.84
5637,22,12,23,1,2023-09-24,1,1121153.11,1121153.11
5638,11,2,44,1,2025-12-27,1,4119561.83,4119561.83
5639,18,3,50,4,2023-10-15,1,2144584.26,2144584.26
5640,39,3,15,5,2024-07-15,2,3472719.96,6945439.92
5641,11,2,18,1,2023-12-31,1,4715032.51,4715032.51
5642,6,6,46,1,2023-07-18,1,2239691.69,2239691.69
5643,21,2,42,3,2023-09-10,1,1700905.38,1700905.38
5644,23,7,48,6,2023-02-20,1,1186037.87,1186037.87
5645,4,13,32,7,2022-06-26,1,1125505.75,1125505.75
5646,25,1,38,3,2024-04-24,2,1837607.57,3675215.14
5647,28,7,42,10,2022-09-16,2,3915569.53,7831139.06
5648,18,5,25,4,2022-01-01,1,1550522.7,1550522.7
5649,8,9,8,9,2024-07-14,3,644607.87,1933823.61
5650,12,5,27,9,2025-08-13,1,4187544.78,4187544.78
5651,31,2,31,4,2023-01-02,1,4881669.67,4881669.67
5652,19,11,50,4,2025-07-22,1,2112408.65,2112408.65
5653,42,2,40,4,2023-05-01,3,1837901.47,5513704.41
5654,17,2,38,3,2022-03-10,2,504737.17,1009474.34
5655,15,3,46,7,2025-06-03,1,4622328.31,4622328.31
5656,27,1,47,7,2024-02-28,2,3826525.07,7653050.14
5657,31,4,16,6,2023-11-10,1,4508147.69,4508147.69
5658,8,11,45,6,2023-07-10,1,904205.35,904205.35
5659,27,1,40,7,2024-08-12,1,3365108.4,3365108.4
5660,38,2,52,3,2022-11-16,1,1857051.44,1857051.44
5661,43,9,28,6,2024-02-28,2,2165135.37,4330270.74
5662,28,14,3,6,2024-07-13,1,4303930.92,4303930.92
5663,17,13,11,4,2024-08-11,1,713943.92,713943.92
5664,7,2,35,1,2024-04-12,1,2775782.23,2775782.23
5665,7,9,31,9,2023-04-26,1,5380837.67,5380837.67
5666,30,2,14,10,2025-03-11,1,3560065.26,3560065.26
5667,28,12,28,3,2025-10-13,1,1298009.85,1298009.85
5668,26,6,26,3,2022-06-05,1,2637410.59,2637410.59
5669,20,15,9,3,2024-04-09,1,1649903.02,1649903.02
5670,27,4,30,1,2024-06-26,1,4303515.66,4303515.66
5671,6,3,22,6,2024-01-29,1,1828173.15,1828173.15
5672,28,2,2,8,2023-01-23,1,1589507.1,1589507.1
5673,13,2,9,12,2024-09-06,1,494446.76,494446.76
5674,34,1,34,12,2023-01-06,1,4019047.45,4019047.45
5675,41,3,51,7,2022-01-04,1,3434729.85,3434729.85
5676,19,6,39,3,2022-08-28,1,854476.85,854476.85
5677,11,12,36,3,2024-03-30,1,3922168.35,3922168.35
5678,38,1,24,3,2025-11-23,1,1536703.78,1536703.78
5679,30,1,22,11,2025-11-30,1,4485804.34,4485804.34
5680,15,5,23,9,2024-07-08,1,4498062.64,4498062.64
5681,19,4,35,7,2022-09-15,1,1207528.22,1207528.22
5682,16,12,14,4,2024-01-30,1,468489.26,468489.26
5683,17,3,33,6,2023-04-17,1,723184.41,723184.41
5684,18,11,43,4,2023-09-26,1,2163824.74,2163824.74
5685,38,6,13,8,2024-04-24,1,2946579.36,2946579.36
5686,36,6,46,8,2023-07-17,1,2463908.69,2463908.69
5687,8,6,49,1,2025-06-11,1,959325.94,959325.94
5688,34,2,41,4,2024-06-01,1,1874793.97,1874793.97
5689,25,1,14,6,2022-10-03,2,2458851.32,4917702.64
5690,6,2,33,3,2025-05-05,1,3464066.34,3464066.34
5691,37,12,50,7,2024-01-23,1,6382357.52,6382357.52
5692,26,4,49,1,2025-07-10,1,4003945.29,4003945.29
5693,42,1,55,1,2023-11-01,2,1516972.49,3033944.98
5694,28,1,13,2,2023-07-16,1,4227247.94,4227247.94
5695,11,3,12,1,2022-08-09,1,1773367.84,1773367.84
5696,7,3,42,7,2022-09-24,1,5882557.08,5882557.08
5697,25,9,25,9,2025-06-26,1,3426400.07,3426400.07
5698,33,2,32,7,2023-10-12,2,959991.94,1919983.88
5699,24,3,35,7,2024-03-25,1,939236.81,939236.81
5700,2,12,53,6,2022-08-08,1,3220349.88,3220349.88
5701,31,6,27,1,2024-02-28,3,2301787.6,6905362.8
5702,13,11,18,10,2025-10-04,1,717134.86,717134.86
5703,16,15,23,3,2023-12-06,1,517634.06,517634.06
5704,30,15,55,6,2025-11-10,1,4335899.64,4335899.64
5705,23,6,27,3,2023-12-31,1,4397103.54,4397103.54
5706,6,2,54,4,2025-07-31,1,2165648.77,2165648.77
5707,38,10,41,6,2024-01-27,1,3959846.54,3959846.54
5708,10,5,5,7,2024-03-30,1,2243733.17,2243733.17
5709,20,7,5,12,2023-11-12,1,3760560.07,3760560.07
5710,35,1,13,7,2022-10-23,2,2276701.93,4553403.86
5711,2,5,21,8,2025-01-10,1,4133244.54,4133244.54
5712,34,2,35,1,2024-09-06,1,2100517.13,2100517.13
5713,2,1,36,8,2024-04-18,1,2737746.17,2737746.17
5714,24,2,17,6,2025-02-02,1,3624065.01,3624065.01
5715,6,8,42,2,2023-07-15,3,1633844.8,4901534.4
5716,1,1,46,5,2024-10-09,1,1011987.42,1011987.42
5717,1,3,7,8,2022-10-04,1,4382862.84,4382862.84
5718,27,12,44,4,2023-05-25,1,2811528.0,2811528.0
5719,16,1,10,7,2025-11-18,1,513528.61,513528.61
5720,42,12,13,7,2022-09-06,1,1555535.4,1555535.4
5721,15,11,7,9,2023-09-23,1,3377741.97,3377741.97
5722,21,7,48,4,2022-10-05,1,1053359.46,1053359.46
5723,17,11,46,6,2025-12-10,1,426014.84,426014.84
5724,4,2,2,2,2024-07-20,1,784717.92,784717.92
5725,25,6,30,10,2023-01-18,3,2101128.75,6303386.25
5726,11,15,20,1,2023-05-09,1,3664315.5,3664315.5
5727,14,11,32,3,2025-05-19,1,1189009.18,1189009.18
5728,27,6,37,8,2022-01-28,1,2062278.7,2062278.7
5729,15,9,18,3,2025-08-05,1,3482298.53,3482298.53
5730,5,3,12,1,2025-12-04,1,8748229.58,8748229.58
5731,9,14,24,6,2023-12-18,2,1532550.94,3065101.88
5732,38,9,22,4,2025-02-04,1,3210353.87,3210353.87
5733,14,3,17,3,2022-07-16,3,1147668.3,3443004.9
5734,7,5,43,3,2023-12-03,1,2553260.76,2553260.76
5735,27,3,42,3,2023-06-23,1,2627165.48,2627165.48
5736,8,4,16,1,2024-01-14,1,651271.6,651271.6
5737,41,3,4,9,2023-07-29,1,4793314.12,4793314.12
5738,35,1,28,4,2023-09-22,1,1667769.94,1667769.94
5739,9,4,44,1,2024-01-31,1,1524764.7,1524764.7
5740,15,1,31,1,2025-09-14,1,4718436.47,4718436.47
5741,7,4,42,6,2025-04-10,1,1317933.45,1317933.45
5742,30,2,38,5,2023-09-19,1,2785059.92,2785059.92
5743,6,4,19,7,2024-02-18,1,1690128.98,1690128.98
5744,19,2,33,1,2022-03-24,1,2007992.5,2007992.5
5745,18,2,43,11,2023-12-31,1,3752755.18,3752755.18
5746,7,11,53,8,2022-01-17,1,1523859.4,1523859.4
5747,29,3,15,3,2024-10-07,2,474383.72,948767.44
5748,7,4,40,9,2024-08-23,2,5438354.31,10876708.62
5749,14,5,8,2,2024-12-15,2,1090042.42,2180084.84
5750,25,1,30,2,2025-04-08,1,3914777.66,3914777.66
5751,4,6,34,5,2023-01-08,1,916979.48,916979.48
5752,17,2,22,8,2025-01-06,1,445103.7,445103.7
5753,29,5,5,8,2024-08-03,1,527990.19,527990.19
5754,27,5,42,7,2025-07-08,2,2774674.32,5549348.64
5755,4,4,20,3,2022-05-04,1,1677868.95,1677868.95
5756,8,5,18,4,2023-04-19,1,730554.63,730554.63
5757,18,4,20,6,2024-03-24,1,3469774.55,3469774.55
5758,32,5,5,6,2024-09-30,1,3894538.09,3894538.09
5759,29,4,27,5,2024-11-26,1,662367.44,662367.44
5760,16,7,41,7,2025-08-04,2,443401.48,886802.96
5761,21,3,55,3,2023-03-14,1,1741856.28,1741856.28
5762,32,6,29,7,2025-07-28,1,2021334.44,2021334.44
5763,33,8,29,7,2023-09-25,1,3426182.57,3426182.57
5764,26,1,32,3,2023-06-21,2,2040999.84,4081999.68
5765,7,5,12,6,2025-02-09,2,3362112.48,6724224.96
5766,15,1,51,7,2025-07-07,1,2786069.99,2786069.99
5767,9,4,23,5,2022-11-16,1,2469934.48,2469934.48
5768,17,9,20,3,2022-10-04,1,722509.85,722509.85
5769,2,1,37,5,2024-07-26,1,1406533.79,1406533.79
5770,9,14,7,8,2024-11-17,1,1621824.6,1621824.6
5771,3,4,4,6,2022-11-26,2,605261.71,1210523.42
5772,30,15,12,1,2022-01-03,1,2118822.82,2118822.82
5773,18,5,8,7,2023-11-19,1,1876756.69,1876756.69
5774,21,2,17,1,2022-02-25,1,1099761.84,1099761.84
5775,33,1,32,5,2022-03-11,1,3684508.94,3684508.94
5776,13,2,54,4,2025-11-27,1,857452.62,857452.62
5777,19,6,37,5,2023-11-22,1,1023081.27,1023081.27
5778,15,11,12,3,2024-10-11,1,1245444.69,1245444.69
5779,38,1,11,3,2025-02-23,1,1763142.76,1763142.76
5780,19,12,37,3,2024-03-30,2,1866607.12,3733214.24
5781,20,3,50,5,2025-11-16,1,2119850.89,2119850.89
5782,27,12,34,1,2022-08-01,2,2902784.96,5805569.92
5783,4,2,10,11,2025-11-11,1,927274.06,927274.06
5784,3,1,41,3,2023-07-25,1,556140.27,556140.27
5785,23,3,8,11,2024-11-21,1,3360501.62,3360501.62
5786,14,6,4,2,2023-09-02,1,1274480.95,1274480.95
5787,27,11,20,6,2024-02-18,1,1142488.85,1142488.85
5788,5,4,42,12,2023-06-24,1,6661864.42,6661864.42
5789,13,11,30,9,2022-12-08,1,708254.7,708254.7
5790,18,1,50,9,2024-07-12,1,3799021.32,3799021.32
5791,43,10,52,5,2023-08-26,1,2232021.64,2232021.64
5792,23,1,3,10,2023-10-18,1,4531635.18,4531635.18
5793,29,3,49,2,2024-10-03,1,486942.42,486942.42
5794,7,7,38,1,2025-05-07,1,2759572.69,2759572.69
5795,13,12,23,3,2023-06-11,1,523172.0,523172.0
5796,5,4,6,6,2024-02-06,1,8217785.71,8217785.71
5797,28,12,54,6,2024-12-01,1,1470887.04,1470887.04
5798,37,5,43,3,2023-02-03,1,3674082.86,3674082.86
5799,11,11,55,5,2024-12-05,1,4143344.83,4143344.83
5800,27,4,22,3,2022-02-21,2,933133.5,1866267.0
5801,3,3,45,5,2022-02-02,1,763007.18,763007.18
5802,13,5,15,6,2022-06-28,1,826872.3,826872.3
5803,12,4,12,6,2025-03-10,1,3438049.02,3438049.02
5804,11,3,33,7,2025-03-14,1,1521522.82,1521522.82
5805,15,9,16,8,2023-05-20,1,1569309.43,1569309.43
5806,40,5,20,1,2024-08-23,2,5589775.57,11179551.14
5807,9,15,40,6,2025-07-15,1,2578331.14,2578331.14
5808,39,5,33,9,2022-03-05,1,2574943.86,2574943.86
5809,25,1,26,8,2024-06-15,1,2732994.72,2732994.72
5810,8,11,24,7,2022-10-06,1,631480.12,631480.12
5811,11,8,10,1,2023-10-08,1,1360008.32,1360008.32
5812,11,3,13,8,2023-01-16,1,2083533.98,2083533.98
5813,24,1,26,4,2025-12-09,1,4505322.47,4505322.47
5814,32,2,54,7,2023-10-28,1,2614409.6,2614409.6
5815,11,8,22,9,2023-10-25,1,3097424.25,3097424.25
5816,27,12,44,1,2022-06-25,1,2421514.35,2421514.35
5817,11,4,37,2,2023-06-23,1,4322946.47,4322946.47
5818,15,3,38,7,2022-05-10,1,2438438.45,2438438.45
5819,19,12,40,11,2025-04-03,1,2070978.58,2070978.58
5820,6,11,26,1,2023-01-12,1,3530248.22,3530248.22
5821,8,5,52,4,2022-08-02,3,681117.48,2043352.44
5822,35,9,44,3,2022-08-01,1,1724753.68,1724753.68
5823,8,4,18,2,2023-01-16,1,599239.23,599239.23
5824,7,10,13,12,2022-07-09,1,4218346.59,4218346.59
5825,27,1,29,3,2024-07-18,1,4241660.65,4241660.65
5826,14,13,47,6,2022-01-31,1,771099.51,771099.51
5827,20,1,14,8,2025-12-07,1,1756597.93,1756597.93
5828,43,1,5,7,2025-07-19,3,4210506.83,12631520.49
5829,41,13,23,3,2025-07-10,1,4928581.52,4928581.52
5830,6,15,41,7,2022-08-09,1,2052209.27,2052209.27
5831,17,6,35,2,2025-08-13,1,601559.03,601559.03
5832,25,5,33,11,2023-12-11,1,3311300.48,3311300.48
5833,28,15,43,7,2022-06-24,2,2466321.15,4932642.3
5834,18,6,20,4,2024-05-06,2,1306064.03,2612128.06
5835,15,14,15,5,2022-11-27,2,1747653.76,3495307.52
5836,1,7,43,8,2023-05-01,1,1809007.11,1809007.11
5837,16,2,39,8,2024-02-07,1,426664.53,426664.53
5838,41,4,50,7,2022-01-01,1,4532369.95,4532369.95
5839,27,1,29,12,2022-04-18,1,2350562.62,2350562.62
5840,12,2,7,7,2024-06-27,1,2949744.92,2949744.92
5841,23,9,25,7,2024-10-03,1,4483296.69,4483296.69
5842,1,11,23,3,2022-09-05,1,3682798.38,3682798.38
5843,19,2,28,2,2025-10-28,1,1382635.4,1382635.4
5844,16,4,4,6,2022-07-02,1,518176.91,518176.91
5845,12,1,13,5,2022-04-26,1,2188888.35,2188888.35
5846,11,5,13,2,2023-03-07,1,2122396.26,2122396.26
5847,8,5,20,3,2024-01-06,1,790507.08,790507.08
5848,23,5,30,9,2024-08-12,1,3660328.98,3660328.98
5849,17,3,37,2,2023-11-16,1,580567.57,580567.57
5850,28,3,12,6,2022-07-18,1,1891011.24,1891011.24
5851,6,4,41,4,2023-02-04,2,3171448.55,6342897.1
5852,39,5,33,8,2022-09-21,1,4163629.88,4163629.88
5853,26,11,47,6,2022-11-05,1,2611715.72,2611715.72
5854,14,5,50,7,2023-03-26,1,1460192.45,1460192.45
5855,6,2,23,3,2022-03-09,1,3380330.57,3380330.57
5856,25,3,24,6,2022-03-09,1,2386080.32,2386080.32
5857,14,9,41,7,2022-02-10,1,1830490.77,1830490.77
5858,10,3,53,3,2024-07-16,1,2649395.38,2649395.38
5859,32,11,5,7,2022-01-01,1,3584391.56,3584391.56
5860,25,10,7,7,2023-08-03,1,2149236.07,2149236.07
5861,2,2,27,1,2022-03-27,1,1580189.45,1580189.45
5862,12,1,10,2,2025-04-18,1,3552573.32,3552573.32
5863,8,2,12,6,2024-12-27,1,653691.7,653691.7
5864,35,8,21,2,2024-09-13,1,1502758.1,1502758.1
5865,20,6,23,6,2023-08-23,1,3789710.74,3789710.74
5866,14,1,13,3,2023-05-19,1,1807144.36,1807144.36
5867,32,12,27,4,2025-03-14,1,4370707.34,4370707.34
5868,39,2,9,3,2023-03-03,1,1723208.46,1723208.46
5869,3,6,43,9,2023-06-23,1,609612.18,609612.18
5870,33,9,19,11,2022-09-01,1,937498.45,937498.45
5871,41,6,19,8,2025-08-27,1,3991853.9,3991853.9
5872,11,14,30,1,2022-11-08,1,3757408.44,3757408.44
5873,6,11,28,7,2025-03-11,1,3265790.61,3265790.61
5874,9,3,43,6,2022-02-25,1,1421402.31,1421402.31
5875,41,2,16,9,2025-03-28,2,1229712.24,2459424.48
5876,28,1,51,4,2025-05-30,1,4381581.01,4381581.01
5877,37,3,5,7,2023-08-21,1,2568690.02,2568690.02
5878,19,6,26,3,2022-02-04,1,1126036.53,1126036.53
5879,27,14,15,1,2025-07-21,1,1742273.29,1742273.29
5880,15,6,2,7,2025-06-28,1,1223156.88,1223156.88
5881,28,12,40,4,2025-03-26,1,3826205.38,3826205.38
5882,41,1,46,6,2023-03-27,2,4432981.6,8865963.2
5883,11,14,14,11,2023-08-29,1,2859031.72,2859031.72
5884,23,3,34,7,2024-12-11,1,1093540.31,1093540.31
5885,30,13,45,11,2025-11-19,1,923227.15,923227.15
5886,28,3,32,7,2022-01-09,1,3481641.71,3481641.71
5887,18,8,55,12,2022-01-29,1,909619.7,909619.7
5888,42,8,22,7,2022-04-22,1,1735649.68,1735649.68
5889,8,6,34,3,2022-06-02,1,861965.04,861965.04
5890,2,7,4,3,2024-09-23,1,4919711.51,4919711.51
5891,7,2,39,6,2025-05-04,1,4787190.23,4787190.23
5892,15,3,10,5,2024-08-06,1,4400663.91,4400663.91
5893,4,4,42,8,2023-03-02,1,761355.69,761355.69
5894,28,1,28,9,2025-06-29,1,3941579.03,3941579.03
5895,26,2,55,3,2023-09-13,1,1157423.72,1157423.72
5896,16,2,24,11,2023-12-19,1,714716.0,714716.0
5897,4,8,3,6,2025-03-06,1,1749825.05,1749825.05
5898,14,4,49,5,2023-02-06,1,1078022.92,1078022.92
5899,31,15,27,11,2024-11-06,2,4040983.02,8081966.04
5900,18,4,43,4,2024-10-14,1,1758073.22,1758073.22
5901,1,3,26,6,2025-04-05,1,1235162.56,1235162.56
5902,18,1,1,4,2022-10-09,1,1652568.93,1652568.93
5903,35,3,17,5,2025-06-04,1,2407187.56,2407187.56
5904,20,5,20,7,2024-04-14,1,2386470.35,2386470.35
5905,35,2,53,9,2024-10-30,1,3477876.31,3477876.31
5906,29,4,52,7,2024-10-04,1,459344.97,459344.97
5907,9,1,44,8,2023-06-28,1,2343986.94,2343986.94
5908,28,11,25,3,2022-07-16,3,2328713.34,6986140.02
5909,38,6,6,4,2022-07-19,1,2075132.54,2075132.54
5910,7,3,39,3,2025-01-23,1,3981786.71,3981786.71
5911,14,2,43,3,2025-06-01,3,1771688.92,5315066.76
5912,26,9,23,3,2023-12-15,1,2836160.64,2836160.64
5913,27,1,42,7,2022-06-12,1,3176168.86,3176168.86
5914,7,1,43,4,2025-03-23,1,1092512.59,1092512.59
5915,19,2,16,3,2022-02-22,1,2120110.51,2120110.51
5916,24,12,1,3,2023-10-22,1,3312901.49,3312901.49
5917,17,4,18,1,2025-12-14,1,700193.24,700193.24
5918,20,12,23,7,2023-07-13,1,4132357.49,4132357.49
5919,9,1,19,8,2025-07-08,1,1083922.07,1083922.07
5920,17,4,21,4,2025-12-17,1,495175.28,495175.28
5921,7,1,24,9,2024-08-12,1,5916278.43,5916278.43
5922,43,11,25,7,2022-03-02,2,5454468.78,10908937.56
5923,43,6,8,3,2024-01-18,1,4086703.36,4086703.36
5924,34,10,25,9,2023-10-04,1,1507581.02,1507581.02
5925,32,14,48,1,2024-04-18,1,3293856.02,3293856.02
5926,25,4,8,9,2024-03-06,2,3735586.0,7471172.0
5927,24,1,55,6,2022-12-31,1,3558362.65,3558362.65
5928,7,3,9,1,2025-07-01,1,1110889.79,1110889.79
5929,31,8,8,4,2024-08-19,3,1964693.89,5894081.67
5930,10,2,41,7,2023-02-15,1,2674351.3,2674351.3
5931,10,7,45,1,2025-01-12,2,2932558.13,5865116.26
5932,30,12,34,1,2025-09-18,1,4197598.27,4197598.27
5933,28,8,31,7,2025-10-01,1,3584558.29,3584558.29
5934,11,2,29,1,2024-08-10,1,1204265.79,1204265.79
5935,37,5,27,3,2024-11-10,1,5510808.03,5510808.03
5936,33,8,12,3,2022-04-14,1,3141914.03,3141914.03
5937,34,1,19,7,2023-05-05,1,4485041.13,4485041.13
5938,36,10,7,5,2023-06-08,1,1168869.79,1168869.79
5939,25,1,10,7,2023-11-29,1,2432475.42,2432475.42
5940,25,6,11,2,2022-07-19,1,812231.7,812231.7
5941,20,10,15,9,2022-07-15,1,3840815.16,3840815.16
5942,11,2,4,9,2025-09-29,1,2752175.58,2752175.58
5943,19,6,15,3,2023-12-13,1,1101668.93,1101668.93
5944,11,1,22,9,2025-06-09,1,2785738.05,2785738.05
5945,41,5,26,3,2022-07-09,1,4018631.04,4018631.04
5946,16,4,9,11,2022-09-29,1,559091.96,559091.96
5947,12,3,41,7,2025-09-29,1,2576447.95,2576447.95
5948,34,1,16,9,2024-11-20,1,2350773.94,2350773.94
5949,16,12,2,6,2025-02-27,3,724826.84,2174480.52
5950,6,13,17,4,2025-10-01,1,3203177.89,3203177.89
5951,25,3,10,7,2022-04-23,1,3344531.82,3344531.82
5952,13,15,29,9,2024-04-23,1,569129.7,569129.7
5953,11,2,7,9,2023-09-09,1,1838953.04,1838953.04
5954,12,4,52,3,2022-10-03,1,2437090.93,2437090.93
5955,21,3,2,9,2025-06-04,1,1388076.82,1388076.82
5956,11,1,19,3,2023-05-02,1,936687.9,936687.9
5957,40,7,32,4,2023-03-16,1,1853861.39,1853861.39
5958,20,15,24,3,2024-10-23,1,5060038.34,5060038.34
5959,10,9,31,2,2023-04-16,1,3378398.77,3378398.77
5960,42,1,5,7,2022-11-08,2,1969229.4,3938458.8
5961,9,5,32,11,2023-03-06,2,2045711.45,4091422.9
5962,11,1,34,3,2025-08-04,1,2288423.35,2288423.35
5963,19,12,27,11,2022-11-22,2,1419406.18,2838812.36
5964,22,10,47,1,2024-11-05,3,1093535.29,3280605.87
5965,28,1,7,8,2025-05-17,1,2848715.47,2848715.47
5966,26,11,16,3,2025-08-08,1,1376462.85,1376462.85
5967,1,13,21,4,2023-09-25,1,1744265.78,1744265.78
5968,10,8,29,2,2022-01-26,1,2734855.88,2734855.88
5969,12,6,19,3,2023-02-06,2,3998415.77,7996831.54
5970,34,1,42,1,2024-07-30,1,4612900.48,4612900.48
5971,11,2,43,6,2025-09-23,1,2301459.37,2301459.37
5972,20,4,37,8,2024-09-22,1,4899023.81,4899023.81
5973,7,2,52,6,2025-04-19,2,1720671.95,3441343.9
5974,18,1,37,12,2025-09-11,1,2718447.73,2718447.73
5975,9,2,12,12,2024-06-21,3,2327093.8,6981281.4
5976,16,3,35,3,2022-07-04,1,605623.83,605623.83
5977,40,5,26,4,2022-04-26,1,4613148.94,4613148.94
5978,40,3,2,8,2024-08-13,1,6464762.33,6464762.33
5979,18,1,9,4,2024-08-23,1,916787.8,916787.8
5980,16,2,49,6,2024-08-23,1,407613.97,407613.97
5981,36,15,16,6,2024-07-12,1,1422114.46,1422114.46
5982,42,7,24,6,2024-03-06,1,1918496.15,1918496.15
5983,11,2,35,3,2024-04-13,1,1024374.5,1024374.5
5984,10,3,9,7,2024-12-03,3,4241396.01,12724188.03
5985,30,1,10,3,2022-02-20,1,1599659.48,1599659.48
5986,16,3,12,7,2022-11-24,1,534947.09,534947.09
5987,8,12,53,8,2022-11-20,1,582109.99,582109.99
5988,6,14,25,4,2023-12-29,2,2081955.66,4163911.32
5989,39,13,17,5,2024-07-14,1,4499748.11,4499748.11
5990,37,3,25,1,2023-09-15,1,5416776.81,5416776.81
5991,27,3,11,8,2023-08-26,1,3129446.23,3129446.23
5992,29,6,10,4,2025-05-22,1,484980.33,484980.33
5993,19,4,42,11,2022-03-23,1,899943.85,899943.85
5994,28,11,15,1,2024-05-26,2,1576911.16,3153822.32
5995,3,2,39,5,2022-07-08,1,580353.05,580353.05
5996,6,7,12,3,2022-07-11,1,2998251.19,2998251.19
5997,15,11,51,1,2024-12-10,1,3746044.14,3746044.14
5998,23,3,24,10,2024-10-26,1,3042080.72,3042080.72
5999,41,6,49,7,2025-03-22,1,2856584.46,2856584.46
6000,24,1,11,7,2025-08-20,1,3918494.29,3918494.29
6001,43,2,52,6,2024-04-06,1,4311771.97,4311771.97
6002,21,6,52,7,2024-07-16,1,1478082.28,1478082.28
6003,22,11,49,4,2022-04-27,1,1522276.81,1522276.81
6004,31,5,29,6,2025-05-04,1,1336745.42,1336745.42
6005,12,12,44,10,2022-11-22,1,1241864.26,1241864.26
6006,17,5,30,4,2023-03-20,1,424111.44,424111.44
6007,18,8,40,11,2024-01-24,2,1071319.11,2142638.22
6008,37,1,55,6,2024-07-15,1,4826827.49,4826827.49
6009,4,5,5,3,2025-07-16,1,924300.85,924300.85
6010,2,2,40,11,2022-11-19,1,2067311.3,2067311.3
6011,34,1,21,6,2022-01-30,1,3390521.37,3390521.37
6012,17,8,47,6,2025-04-26,1,675744.1,675744.1
6013,12,1,3,8,2025-12-18,1,1098507.04,1098507.04
6014,26,11,36,6,2023-03-19,1,1099471.93,1099471.93
6015,7,1,11,6,2024-04-27,1,3094863.52,3094863.52
6016,39,3,42,9,2024-08-21,1,1223246.0,1223246.0
6017,13,1,9,5,2025-10-15,1,466082.47,466082.47
6018,17,1,34,10,2023-05-15,1,662630.08,662630.08
6019,33,11,10,8,2022-09-29,1,937477.86,937477.86
6020,29,11,40,1,2022-07-16,1,484446.78,484446.78
6021,35,11,35,10,2024-02-15,2,964238.33,1928476.66
6022,24,1,30,5,2024-11-27,1,4032694.17,4032694.17
6023,35,2,6,8,2024-05-21,3,979191.31,2937573.93
6024,11,2,25,3,2022-10-04,1,1537253.02,1537253.02
6025,39,3,10,1,2024-09-19,1,4693161.38,4693161.38
6026,1,2,53,7,2022-11-18,1,3696234.23,3696234.23
6027,39,11,51,2,2023-10-29,1,1517693.37,1517693.37
6028,12,4,54,12,2022-01-05,1,2835950.72,2835950.72
6029,43,2,27,3,2024-02-07,1,1760534.06,1760534.06
6030,9,3,32,11,2025-11-06,1,1248110.43,1248110.43
6031,8,7,41,2,2023-04-27,1,579773.86,579773.86
6032,7,11,30,3,2024-11-26,1,3622746.05,3622746.05
6033,9,4,4,1,2023-09-05,1,2294425.94,2294425.94
6034,26,13,29,8,2024-06-13,1,1546278.02,1546278.02
6035,9,14,55,5,2025-08-25,1,1684728.44,1684728.44
6036,14,15,51,8,2022-09-09,1,1439484.77,1439484.77
6037,43,3,54,12,2025-07-30,3,2339311.58,7017934.74
6038,20,3,46,11,2023-05-18,1,2001767.05,2001767.05
6039,28,3,30,6,2025-04-06,1,4344104.17,4344104.17
6040,11,11,10,11,2022-12-22,1,4112421.78,4112421.78
6041,31,9,19,2,2023-09-17,1,2657150.06,2657150.06
6042,31,4,41,3,2022-05-01,1,4080688.6,4080688.6
6043,10,2,20,3,2024-05-01,1,3914062.07,3914062.07
6044,14,2,13,6,2025-02-06,2,1718077.95,3436155.9
6045,9,2,22,8,2023-03-24,1,2681185.4,2681185.4
6046,15,15,34,7,2024-04-30,1,2657833.67,2657833.67
6047,34,3,10,7,2023-03-29,1,3832868.18,3832868.18
6048,35,2,30,7,2022-05-30,1,3179868.88,3179868.88
6049,32,4,7,10,2022-07-02,1,1205033.36,1205033.36
6050,7,5,54,3,2022-05-22,1,1444748.4,1444748.4
6051,15,1,30,9,2024-04-09,1,3464767.28,3464767.28
6052,15,2,41,4,2024-01-26,1,3327570.59,3327570.59
6053,38,10,52,5,2022-03-20,1,4218510.09,4218510.09
6054,27,1,55,3,2023-03-29,1,3189987.58,3189987.58
6055,1,1,25,4,2025-03-04,1,1314822.38,1314822.38
6056,13,2,41,6,2024-02-23,1,650116.67,650116.67
6057,36,11,15,7,2022-07-25,2,2808807.39,5617614.78
6058,6,4,39,6,2024-09-01,1,1775928.37,1775928.37
6059,43,15,47,10,2022-10-02,1,2241537.86,2241537.86
6060,2,2,8,3,2023-02-12,3,2427281.77,7281845.31
6061,20,5,27,6,2025-12-22,2,1739901.52,3479803.04
6062,28,12,23,6,2025-09-06,1,3667273.29,3667273.29
6063,20,2,9,8,2025-04-22,1,1924495.79,1924495.79
6064,20,3,37,6,2025-04-22,1,4328217.43,4328217.43
6065,23,3,2,8,2023-07-27,1,1641641.74,1641641.74
6066,8,6,8,1,2024-08-27,1,519401.77,519401.77
6067,18,2,42,1,2023-12-11,1,1791338.0,1791338.0
6068,26,15,12,9,2023-03-17,2,2065222.32,4130444.64
6069,11,13,3,8,2025-07-11,1,2154698.9,2154698.9
6070,38,14,43,3,2025-08-02,1,3543221.63,3543221.63
6071,16,11,14,1,2024-01-05,1,644731.33,644731.33
6072,8,4,15,12,2022-08-28,1,673827.91,673827.91
6073,4,6,13,5,2023-08-26,1,1086161.09,1086161.09
6074,34,1,20,4,2025-02-06,1,3295236.35,3295236.35
6075,20,13,44,9,2023-03-18,1,3179546.6,3179546.6
6076,15,5,23,8,2023-07-25,1,3828785.42,3828785.42
6077,23,3,31,3,2024-05-19,3,4019064.34,12057193.02
6078,32,12,50,3,2025-08-12,1,1701122.99,1701122.99
6079,25,6,46,6,2023-08-24,1,1256316.53,1256316.53
6080,8,1,43,5,2025-04-23,1,824480.27,824480.27
6081,40,3,7,7,2025-08-07,1,6852010.25,6852010.25
6082,7,12,22,6,2023-07-18,1,4644670.06,4644670.06
6083,13,2,6,1,2024-02-21,1,639320.19,639320.19
6084,31,14,48,9,2022-07-23,1,3820410.62,3820410.62
6085,21,10,49,12,2023-05-27,1,1245748.17,1245748.17
6086,9,5,10,7,2022-07-02,1,2193447.1,2193447.1
6087,18,7,29,8,2023-05-08,1,1899168.41,1899168.41
6088,33,6,19,7,2023-07-09,1,2666960.0,2666960.0
6089,14,4,22,9,2024-07-12,1,1739565.02,1739565.02
6090,30,6,27,9,2023-12-11,1,2598217.61,2598217.61
6091,20,9,15,9,2023-05-12,1,1304143.33,1304143.33
6092,28,8,33,8,2024-04-07,1,1607295.54,1607295.54
6093,37,11,2,6,2024-02-21,1,3771069.55,3771069.55
6094,18,6,33,11,2022-06-17,1,868554.45,868554.45
6095,18,12,9,5,2023-06-06,1,2772218.48,2772218.48
6096,20,2,18,1,2023-06-17,1,4503254.07,4503254.07
6097,10,11,51,8,2022-04-13,1,3137387.56,3137387.56
6098,1,7,33,6,2024-03-04,1,4062904.92,4062904.92
6099,26,6,38,7,2022-10-25,1,2587631.55,2587631.55
6100,24,2,7,11,2024-12-30,1,2895141.64,2895141.64
6101,25,1,5,6,2024-01-12,1,1098578.91,1098578.91
6102,19,1,46,5,2023-10-17,1,2083039.39,2083039.39
6103,7,1,34,7,2022-12-11,1,1700130.61,1700130.61
6104,39,4,6,6,2024-09-28,1,4897227.5,4897227.5
6105,10,10,19,6,2022-08-25,1,2529660.37,2529660.37
6106,11,9,28,8,2023-05-21,3,1374666.41,4123999.23
6107,18,5,28,8,2024-05-18,1,1951748.01,1951748.01
6108,26,6,31,1,2023-12-03,1,1917330.86,1917330.86
6109,37,1,2,3,2023-08-04,1,6777461.69,6777461.69
6110,17,6,33,5,2024-07-02,1,651970.16,651970.16
6111,14,3,35,2,2024-11-21,1,1595361.12,1595361.12
6112,36,5,49,2,2023-11-07,1,1919411.92,1919411.92
6113,21,2,50,4,2023-03-23,2,1906712.88,3813425.76
6114,31,9,4,6,2025-09-19,1,2302258.8,2302258.8
6115,18,13,15,6,2023-06-30,1,3028720.35,3028720.35
6116,13,3,48,3,2024-11-28,1,831365.61,831365.61
6117,39,12,28,4,2024-07-28,1,4041592.33,4041592.33
6118,34,15,29,5,2024-02-23,1,1365799.47,1365799.47
6119,16,10,53,6,2022-04-11,2,669993.13,1339986.26
6120,37,15,44,6,2023-06-09,1,6242672.53,6242672.53
6121,14,12,17,3,2024-08-18,2,844677.57,1689355.14
6122,38,5,4,10,2023-03-23,1,3929842.02,3929842.02
6123,27,9,49,6,2024-09-04,1,4400076.78,4400076.78
6124,30,2,9,9,2022-04-19,2,1249893.06,2499786.12
6125,11,3,45,4,2024-10-24,1,3420851.65,3420851.65
6126,20,12,34,6,2023-09-16,1,4191210.69,4191210.69
6127,15,4,23,6,2025-04-04,1,3007493.15,3007493.15
6128,20,1,39,9,2024-05-03,2,1311894.36,2623788.72
6129,5,3,12,8,2025-07-31,1,10462056.6,10462056.6
6130,29,5,55,8,2023-02-23,1,721662.91,721662.91
6131,41,14,55,5,2025-09-14,1,4342946.57,4342946.57
6132,43,1,25,11,2023-04-13,1,3583994.66,3583994.66
6133,37,1,3,8,2024-04-13,1,6377284.28,6377284.28
6134,16,2,37,3,2024-02-05,1,432678.65,432678.65
6135,20,6,45,1,2022-03-04,1,1120797.2,1120797.2
6136,23,7,46,6,2022-04-21,2,4081291.43,8162582.86
6137,14,4,5,2,2025-03-08,1,1101526.87,1101526.87
6138,19,14,13,4,2025-07-16,1,1649462.83,1649462.83
6139,14,8,8,4,2023-02-09,3,1601963.97,4805891.91
6140,40,7,53,9,2025-03-26,1,6682554.71,6682554.71
6141,37,15,4,1,2023-11-11,1,5235763.43,5235763.43
6142,3,12,44,6,2023-03-17,1,462056.76,462056.76
6143,17,11,14,1,2023-09-05,2,488116.98,976233.96
6144,34,12,52,6,2024-09-14,1,1419267.34,1419267.34
6145,37,9,31,7,2025-09-12,1,3434844.04,3434844.04
6146,34,1,40,3,2022-03-13,1,3665104.21,3665104.21
6147,34,2,6,8,2022-06-27,1,2763120.52,2763120.52
6148,38,8,37,5,2022-06-14,3,4000177.69,12000533.07
6149,11,12,38,5,2022-06-14,1,1903942.91,1903942.91
6150,26,6,26,5,2024-09-12,1,2201875.78,2201875.78
6151,6,4,35,10,2024-06-06,1,2033417.53,2033417.53
6152,32,13,33,5,2024-07-07,1,2670901.14,2670901.14
6153,19,1,38,6,2023-02-04,3,1966120.67,5898362.01
6154,36,1,48,6,2025-09-25,1,2253184.8,2253184.8
6155,36,1,29,6,2024-05-18,1,2901218.82,2901218.82
6156,32,2,55,3,2023-02-06,1,3902474.99,3902474.99
6157,1,5,49,1,2023-08-11,1,4386607.36,4386607.36
6158,18,3,43,8,2025-01-11,1,3888397.28,3888397.28
6159,18,3,32,7,2025-05-18,1,2869628.96,2869628.96
6160,29,8,25,6,2024-04-04,1,682639.79,682639.79
6161,20,4,48,8,2024-12-24,1,1006700.61,1006700.61
6162,36,12,14,1,2022-12-04,1,1598720.33,1598720.33
6163,11,4,5,2,2024-05-13,1,1423122.7,1423122.7
6164,17,3,37,3,2023-10-08,1,665748.95,665748.95
6165,30,2,43,11,2024-05-14,1,3263500.19,3263500.19
6166,9,4,36,3,2025-10-25,1,2398011.95,2398011.95
6167,4,1,50,9,2024-12-17,1,1757978.53,1757978.53
6168,18,5,54,5,2024-09-06,1,1096974.93,1096974.93
6169,25,10,51,7,2023-02-20,1,3073001.96,3073001.96
6170,12,4,33,3,2024-03-27,1,1576257.96,1576257.96
6171,22,5,14,6,2024-06-07,1,1701112.32,1701112.32
6172,42,3,16,4,2024-10-02,3,975295.06,2925885.18
6173,26,2,32,3,2025-07-17,1,3635478.74,3635478.74
6174,15,1,17,10,2025-05-07,1,1385547.26,1385547.26
6175,17,13,54,8,2024-03-19,2,635405.65,1270811.3
6176,43,4,4,6,2024-06-20,1,1686041.32,1686041.32
6177,19,5,29,7,2023-04-14,1,2487393.35,2487393.35
6178,28,1,23,7,2024-06-15,1,2717418.26,2717418.26
6179,12,5,14,1,2023-03-18,2,2473673.14,4947346.28
6180,28,2,25,2,2025-11-07,1,1933280.54,1933280.54
6181,17,10,35,9,2024-03-16,1,437461.71,437461.71
6182,6,3,31,3,2024-08-14,1,1516375.55,1516375.55
6183,17,4,26,7,2022-01-24,1,471225.59,471225.59
6184,23,2,45,4,2022-01-17,1,3634971.22,3634971.22
6185,2,5,44,11,2025-03-10,1,3432904.72,3432904.72
6186,9,11,45,1,2023-07-02,1,2214252.4,2214252.4
6187,14,3,24,3,2023-08-11,1,1607640.42,1607640.42
6188,41,11,26,1,2022-05-06,3,2387874.26,7163622.78
6189,20,6,10,3,2025-11-29,1,3903651.2,3903651.2
6190,37,9,16,3,2022-03-11,1,3352227.04,3352227.04
6191,1,10,55,9,2024-05-09,1,2638078.97,2638078.97
6192,33,9,45,6,2025-01-05,1,4372802.72,4372802.72
6193,28,3,25,7,2024-06-09,1,4332104.82,4332104.82
6194,37,1,1,1,2024-04-04,2,2090839.05,4181678.1
6195,26,1,34,9,2023-12-11,1,3415563.81,3415563.81
6196,11,12,17,4,2024-06-12,1,3114363.43,3114363.43
6197,15,3,40,4,2022-06-21,1,1797245.16,1797245.16
6198,10,3,29,5,2025-05-13,1,4104951.22,4104951.22
6199,10,1,21,6,2022-03-27,1,4464911.53,4464911.53
6200,20,9,46,1,2024-06-02,1,2353656.12,2353656.12
6201,34,6,9,6,2024-09-19,2,1650676.04,3301352.08
6202,13,1,13,12,2025-11-07,1,757043.0,757043.0
6203,33,1,35,5,2024-11-29,1,1623326.2,1623326.2
6204,31,5,16,1,2025-08-07,1,4570180.59,4570180.59
6205,10,1,21,5,2022-04-17,1,2743071.82,2743071.82
6206,24,1,4,3,2025-01-23,1,1627630.79,1627630.79
6207,15,3,36,1,2023-07-11,1,5098043.41,5098043.41
6208,12,5,28,4,2023-09-23,2,886528.59,1773057.18
6209,19,4,4,7,2024-02-03,1,1873971.78,1873971.78
6210,12,1,10,3,2022-04-07,1,2577585.85,2577585.85
6211,35,6,41,5,2022-08-10,1,2329377.24,2329377.24
6212,16,12,50,8,2024-03-19,1,703548.35,703548.35
6213,36,15,23,7,2024-11-13,1,1808366.81,1808366.81
6214,27,4,14,9,2024-09-02,1,3550437.19,3550437.19
6215,24,13,18,3,2022-11-08,1,4744924.27,4744924.27
6216,35,12,51,8,2025-03-06,1,986848.28,986848.28
6217,29,1,9,6,2023-07-12,1,769812.47,769812.47
6218,20,3,42,3,2022-06-15,1,4684887.89,4684887.89
6219,7,1,49,7,2023-04-26,1,5039081.51,5039081.51
6220,20,5,55,8,2022-01-16,1,1699809.51,1699809.51
6221,26,15,11,3,2024-12-29,1,4151423.87,4151423.87
6222,33,11,12,6,2023-06-26,1,1543450.71,1543450.71
6223,26,3,36,5,2025-09-10,1,3529228.22,3529228.22
6224,39,3,43,4,2025-12-03,1,1045794.51,1045794.51
6225,23,12,6,9,2023-07-07,1,2213439.01,2213439.01
6226,11,11,35,1,2025-07-25,1,2951491.45,2951491.45
6227,3,12,40,11,2022-08-07,1,632718.92,632718.92
6228,33,12,43,8,2025-07-23,3,3994843.44,11984530.32
6229,43,2,39,7,2022-11-12,2,4807074.49,9614148.98
6230,18,4,19,9,2023-10-05,1,1191201.98,1191201.98
6231,11,2,32,5,2024-01-09,1,4234612.12,4234612.12
6232,25,1,18,3,2022-09-29,1,3886418.4,3886418.4
6233,11,4,28,12,2024-11-11,1,3956193.23,3956193.23
6234,26,1,11,6,2023-04-24,1,1121547.05,1121547.05
6235,17,1,14,3,2025-09-10,1,651517.11,651517.11
6236,16,15,8,9,2024-06-28,1,622304.64,622304.64
6237,38,4,30,12,2025-03-29,1,1546888.96,1546888.96
6238,32,2,52,8,2024-09-15,1,2710792.93,2710792.93
6239,31,12,11,4,2025-01-23,1,1209156.82,1209156.82
6240,15,13,13,2,2025-07-23,3,4880624.35,14641873.05
6241,28,4,29,4,2023-07-15,1,2063474.52,2063474.52
6242,2,2,7,8,2023-12-13,1,2735406.1,2735406.1
6243,18,1,16,8,2023-06-22,1,2683935.74,2683935.74
6244,8,6,21,1,2025-09-18,1,566067.94,566067.94
6245,7,5,20,6,2022-01-13,2,1569473.04,3138946.08
6246,5,6,54,7,2024-02-19,1,8127071.11,8127071.11
6247,12,3,32,7,2023-12-17,1,4310187.75,4310187.75
6248,2,1,44,1,2025-11-03,1,4240135.18,4240135.18
6249,43,2,34,3,2025-06-21,1,2580050.07,2580050.07
6250,6,5,1,6,2025-03-21,1,1826840.48,1826840.48
6251,16,3,20,6,2022-07-22,1,626703.6,626703.6
6252,13,3,35,6,2023-03-12,1,820016.02,820016.02
6253,16,2,47,1,2022-11-27,2,411790.78,823581.56
6254,23,8,42,9,2025-05-02,2,3034914.02,6069828.04
6255,25,3,18,3,2022-01-07,1,2361697.04,2361697.04
6256,11,1,47,2,2025-06-03,1,3415744.44,3415744.44
6257,26,4,2,3,2025-07-30,1,2519990.52,2519990.52
6258,34,11,11,3,2024-05-23,3,1769132.72,5307398.16
6259,14,13,3,4,2022-04-09,1,1037286.41,1037286.41
6260,12,11,49,9,2024-01-20,1,1722179.87,1722179.87
6261,12,11,14,11,2025-02-27,2,1615823.73,3231647.46
6262,19,3,43,4,2025-06-12,1,1134616.02,1134616.02
6263,25,6,46,1,2025-02-24,1,1800363.36,1800363.36
6264,26,12,6,3,2022-12-20,1,2335677.83,2335677.83
6265,36,4,42,12,2022-11-17,1,2343901.12,2343901.12
6266,39,1,35,8,2025-03-23,1,4482843.72,4482843.72
6267,27,2,39,10,2023-01-20,1,1492124.86,1492124.86
6268,23,3,36,6,2025-08-05,2,3309405.0,6618810.0
6269,37,6,26,4,2022-07-29,1,3032363.72,3032363.72
6270,9,6,22,12,2023-02-18,1,2461188.69,2461188.69
6271,23,3,14,1,2022-01-07,1,2622602.38,2622602.38
6272,6,2,45,12,2024-10-06,1,1482811.4,1482811.4
6273,11,2,48,6,2023-11-11,1,3858762.09,3858762.09
6274,19,6,34,12,2025-02-24,1,1774265.53,1774265.53
6275,28,2,55,3,2023-12-01,1,2249966.74,2249966.74
6276,40,3,44,12,2024-02-17,2,3280285.3,6560570.6
6277,18,4,37,7,2025-12-30,2,3549957.48,7099914.96
6278,8,14,21,5,2022-08-04,1,849029.79,849029.79
6279,1,1,2,3,2022-07-30,2,971770.23,1943540.46
6280,29,3,53,5,2024-11-04,1,499558.96,499558.96
6281,12,11,27,8,2022-09-19,1,1311730.0,1311730.0
6282,7,4,3,3,2022-09-13,1,2350627.77,2350627.77
6283,35,4,52,1,2022-06-10,1,2330404.8,2330404.8
6284,28,1,35,4,2023-02-05,1,3327219.31,3327219.31
6285,38,3,27,7,2022-03-25,1,3754492.09,3754492.09
6286,11,5,3,9,2023-11-30,1,3626576.14,3626576.14
6287,24,5,22,4,2024-07-18,1,1858380.3,1858380.3
6288,42,4,41,5,2023-01-09,1,2079852.6,2079852.6
6289,37,15,1,7,2025-06-15,1,3075463.78,3075463.78
6290,23,6,31,7,2024-06-13,3,2950935.04,8852805.12
6291,20,5,43,6,2022-08-10,1,3268387.16,3268387.16
6292,43,12,36,12,2025-10-28,1,5526761.39,5526761.39
6293,17,1,1,1,2023-08-16,2,460386.2,920772.4
6294,6,13,26,10,2024-07-16,1,1998773.07,1998773.07
6295,11,4,50,9,2025-05-23,1,1633963.33,1633963.33
6296,17,11,24,8,2023-07-05,1,740331.39,740331.39
6297,11,1,45,5,2022-06-22,1,1185352.72,1185352.72
6298,14,2,26,8,2025-11-02,1,1446194.54,1446194.54
6299,30,4,3,11,2025-09-16,1,1116466.6,1116466.6
6300,19,13,38,8,2025-01-27,1,1790292.52,1790292.52
6301,16,3,14,3,2023-06-21,1,558979.09,558979.09
6302,31,3,36,5,2024-05-18,1,1585210.55,1585210.55
6303,8,6,36,1,2023-07-13,1,948761.35,948761.35
6304,3,8,38,2,2022-09-12,2,669503.23,1339006.46
6305,33,1,36,4,2025-09-24,1,1888578.66,1888578.66
6306,6,6,39,7,2023-03-25,1,1765206.69,1765206.69
6307,32,2,29,2,2023-03-25,2,1928653.76,3857307.52
6308,30,6,1,9,2022-09-17,1,1496224.24,1496224.24
6309,12,2,9,4,2023-05-01,1,2881847.99,2881847.99
6310,40,11,42,4,2025-07-05,1,5402886.87,5402886.87
6311,9,4,2,6,2025-01-27,2,2374003.12,4748006.24
6312,27,10,25,2,2023-06-16,1,1238626.23,1238626.23
6313,37,6,11,1,2024-08-16,1,5608238.23,5608238.23
6314,25,2,7,9,2024-12-07,1,813803.81,813803.81
6315,11,11,16,6,2024-08-28,1,2548863.23,2548863.23
6316,1,6,31,10,2025-02-01,1,2240322.32,2240322.32
6317,19,1,44,2,2023-04-17,1,2124381.84,2124381.84
6318,12,12,25,6,2024-05-01,1,922349.41,922349.41
6319,12,1,16,1,2022-07-25,2,3749080.3,7498160.6
6320,15,6,49,8,2023-09-09,1,3403058.69,3403058.69
6321,8,1,14,1,2025-06-13,1,696529.17,696529.17
6322,2,14,8,3,2023-12-30,2,1730768.93,3461537.86
6323,27,3,14,5,2024-05-07,1,1603919.82,1603919.82
6324,37,9,11,3,2025-08-01,1,5194207.39,5194207.39
6325,8,2,43,4,2023-01-18,1,572811.62,572811.62
6326,34,5,39,9,2023-12-29,1,3153854.21,3153854.21
6327,19,2,43,7,2022-01-01,3,1750125.63,5250376.89
6328,42,4,13,11,2025-08-05,1,1351582.09,1351582.09
6329,6,2,14,1,2024-07-15,1,1860772.65,1860772.65
6330,38,1,13,7,2025-03-15,1,939155.58,939155.58
6331,7,3,39,7,2023-02-16,1,1558381.95,1558381.95
6332,34,4,5,3,2024-04-11,1,2446105.81,2446105.81
6333,41,2,27,6,2024-09-12,1,2121060.85,2121060.85
6334,26,3,12,5,2024-11-18,1,2249494.83,2249494.83
6335,10,2,32,7,2025-02-22,1,4344685.16,4344685.16
6336,30,1,29,1,2025-08-05,1,4400102.04,4400102.04
6337,41,6,19,9,2023-08-03,1,3918321.61,3918321.61
6338,26,3,28,11,2024-05-01,1,3716141.75,3716141.75
6339,30,5,45,3,2022-03-01,1,3839655.84,3839655.84
6340,34,2,37,4,2024-04-07,1,2842465.07,2842465.07
6341,5,5,5,7,2024-01-25,1,9992254.1,9992254.1
6342,26,8,29,6,2022-04-05,1,2897455.3,2897455.3
6343,39,1,13,1,2025-12-11,1,2934050.83,2934050.83
6344,11,9,49,8,2022-06-10,2,3699063.57,7398127.14
6345,9,11,15,9,2025-07-04,1,1284555.07,1284555.07
6346,34,3,7,7,2022-10-13,1,2248849.5,2248849.5
6347,8,2,14,3,2025-02-07,1,941287.42,941287.42
6348,8,6,45,2,2023-05-09,1,611371.88,611371.88
6349,26,9,51,3,2025-09-16,1,4182764.59,4182764.59
6350,19,4,35,9,2023-05-19,1,1079041.17,1079041.17
6351,17,2,25,8,2024-04-15,1,624030.8,624030.8
6352,15,11,30,3,2022-02-18,1,2185198.96,2185198.96
6353,38,5,44,12,2025-02-14,1,1511764.84,1511764.84
6354,26,1,29,2,2022-12-21,1,3551270.98,3551270.98
6355,21,1,42,3,2022-09-03,1,846171.03,846171.03
6356,43,5,5,7,2025-07-20,1,5072748.44,5072748.44
6357,18,1,1,12,2023-07-27,2,2086002.38,4172004.76
6358,24,2,11,5,2025-04-24,2,2228907.7,4457815.4
6359,9,1,18,12,2025-08-23,1,1983762.8,1983762.8
6360,12,3,38,3,2025-11-01,1,4370990.49,4370990.49
6361,33,9,8,11,2025-09-02,1,1782976.5,1782976.5
6362,27,1,48,4,2025-12-29,1,1746561.16,1746561.16
6363,6,2,47,4,2023-07-03,1,1767087.67,1767087.67
6364,7,12,34,4,2024-06-02,1,2655141.24,2655141.24
6365,11,11,51,8,2024-06-07,1,2755571.35,2755571.35
6366,17,1,44,10,2022-05-01,1,576378.18,576378.18
6367,32,2,7,11,2024-12-03,1,1297093.52,1297093.52
6368,39,1,24,6,2022-09-05,1,3623618.79,3623618.79
6369,34,1,48,5,2023-11-23,1,1046603.88,1046603.88
6370,25,6,18,11,2025-01-06,1,2156196.37,2156196.37
6371,7,4,26,6,2024-02-23,1,1746204.28,1746204.28
6372,17,5,34,10,2025-02-10,1,449583.03,449583.03
6373,24,7,6,6,2025-06-14,1,4357881.11,4357881.11
6374,10,4,48,1,2022-07-01,1,4508808.39,4508808.39
6375,1,2,1,12,2025-02-10,1,3826802.85,3826802.85
6376,2,1,6,7,2025-07-12,1,4972738.91,4972738.91
6377,6,1,20,5,2024-08-09,1,2991556.96,2991556.96
6378,22,3,20,6,2022-02-02,1,1460093.16,1460093.16
6379,31,4,39,3,2023-07-21,1,4739711.06,4739711.06
6380,15,3,13,7,2023-03-16,1,1163904.79,1163904.79
6381,2,1,45,11,2024-03-05,2,4064256.38,8128512.76
6382,28,12,45,6,2022-10-05,1,2405299.58,2405299.58
6383,42,1,34,10,2022-05-26,1,2069091.43,2069091.43
6384,21,6,18,3,2023-06-09,1,1416809.65,1416809.65
6385,4,13,30,3,2023-04-01,1,1106871.54,1106871.54
6386,32,14,46,12,2022-06-02,1,2564610.27,2564610.27
6387,17,5,8,6,2022-10-15,2,735914.19,1471828.38
6388,4,11,16,9,2025-01-22,1,1582051.76,1582051.76
6389,32,5,47,10,2025-09-03,1,3244684.32,3244684.32
6390,3,10,45,6,2022-11-22,1,760097.22,760097.22
6391,14,12,44,5,2024-03-20,1,1845432.41,1845432.41
6392,17,10,6,9,2022-12-11,1,561172.4,561172.4
6393,26,3,41,6,2023-01-16,1,3407725.62,3407725.62
6394,33,8,23,6,2022-06-10,1,4010430.06,4010430.06
6395,15,15,23,9,2025-05-28,2,3892179.09,7784358.18
6396,33,1,5,6,2025-10-08,1,2658593.06,2658593.06
6397,28,9,14,3,2025-05-19,2,2851196.66,5702393.32
6398,35,11,45,1,2025-04-08,1,2894543.83,2894543.83
6399,34,1,53,9,2023-12-07,1,877300.99,877300.99
6400,35,6,20,1,2023-11-26,1,4347498.21,4347498.21
6401,30,5,48,9,2025-05-09,1,1381501.76,1381501.76
6402,3,7,39,6,2023-07-10,1,571262.78,571262.78
6403,17,10,8,6,2023-01-31,2,538967.4,1077934.8
6404,31,9,9,5,2024-04-29,1,2631199.18,2631199.18
6405,6,4,57,1,2025-12-23,1,2895460.61,2895460.61
6406,9,5,44,8,2025-11-11,2,1739031.13,3478062.26
6407,6,6,35,6,2022-06-30,1,3275557.5,3275557.5
6408,27,2,51,6,2024-08-25,1,1871614.44,1871614.44
6409,2,15,22,1,2024-05-30,1,1041950.49,1041950.49
6410,9,1,52,9,2025-01-04,1,1546839.85,1546839.85
6411,22,5,24,9,2022-07-27,1,1737145.61,1737145.61
6412,11,2,29,10,2022-06-15,2,3069914.31,6139828.62
6413,13,2,43,8,2023-09-27,1,535013.27,535013.27
6414,11,5,5,11,2023-09-29,1,4666298.14,4666298.14
6415,1,5,13,8,2024-06-20,1,2244522.49,2244522.49
6416,40,2,15,1,2025-09-15,1,2367561.81,2367561.81
6417,24,3,33,3,2023-05-25,1,1836559.03,1836559.03
6418,41,9,56,10,2025-10-16,1,1753157.4,1753157.4
6419,19,10,1,6,2022-06-05,1,2037697.1,2037697.1
6420,28,13,51,9,2024-10-22,1,3647364.54,3647364.54
6421,34,4,39,6,2022-08-30,1,4301308.55,4301308.55
6422,6,3,11,4,2025-11-20,1,1265837.05,1265837.05
6423,5,6,2,4,2025-04-24,1,11053042.21,11053042.21
6424,42,11,20,3,2023-12-07,1,1293328.62,1293328.62
6425,35,1,47,6,2022-11-17,1,3768002.9,3768002.9
6426,18,2,29,4,2025-03-09,2,3390478.41,6780956.82
6427,9,7,30,1,2023-04-10,1,2585795.31,2585795.31
6428,27,1,30,3,2025-10-07,1,3599579.87,3599579.87
6429,8,6,10,3,2024-08-11,1,841330.98,841330.98
6430,38,4,18,11,2024-03-05,1,2840224.2,2840224.2
6431,36,2,19,6,2022-11-16,1,1593746.89,1593746.89
6432,42,8,29,4,2025-07-21,3,1637706.77,4913120.31
6433,40,3,36,5,2023-09-05,1,3856212.18,3856212.18
6434,16,2,16,3,2025-01-07,1,673998.49,673998.49
6435,28,5,26,4,2023-01-11,1,4138879.49,4138879.49
6436,27,3,30,6,2024-03-16,2,2750040.46,5500080.92
6437,12,2,43,6,2023-09-08,1,4630654.58,4630654.58
6438,18,4,2,3,2024-12-08,1,2077268.82,2077268.82
6439,35,2,37,11,2022-04-23,2,4646038.13,9292076.26
6440,37,5,43,8,2023-08-03,1,4977439.24,4977439.24
6441,29,7,53,9,2024-08-21,1,486484.06,486484.06
6442,23,11,17,8,2024-04-08,1,2084836.84,2084836.84
6443,31,1,44,9,2025-12-29,1,2325820.66,2325820.66
6444,26,6,54,8,2025-09-15,1,2485972.84,2485972.84
6445,21,6,27,8,2022-07-29,1,1151060.77,1151060.77
6446,20,5,30,1,2025-11-18,1,4229433.56,4229433.56
6447,9,2,24,4,2025-11-10,1,1568341.17,1568341.17
6448,30,4,13,10,2022-08-23,1,2190210.01,2190210.01
6449,16,11,30,8,2022-06-19,1,483491.43,483491.43
6450,11,1,39,6,2022-03-07,1,1153629.75,1153629.75
6451,29,15,55,4,2024-07-03,1,786201.73,786201.73
6452,28,2,15,9,2022-05-20,1,1800863.78,1800863.78
6453,10,1,41,3,2024-03-10,1,4614343.75,4614343.75
6454,25,5,33,7,2025-05-14,1,3313298.21,3313298.21
6455,31,10,33,3,2023-11-17,1,1747527.82,1747527.82
6456,20,1,20,5,2025-06-03,1,4649205.71,4649205.71
6457,22,6,4,5,2022-02-27,1,1172847.32,1172847.32
6458,25,1,55,5,2024-04-10,1,2402809.03,2402809.03
6459,29,13,32,3,2023-07-03,2,545204.79,1090409.58
6460,12,14,47,6,2023-07-28,2,1977444.8,3954889.6
6461,33,14,38,3,2025-03-07,1,3292981.3,3292981.3
6462,34,1,12,11,2022-06-01,1,3127842.65,3127842.65
6463,15,7,14,5,2023-07-26,1,1311449.41,1311449.41
6464,2,3,15,6,2022-01-03,1,2076095.47,2076095.47
6465,31,4,4,8,2023-02-26,1,4449475.11,4449475.11
6466,9,4,30,6,2023-08-11,1,2657074.01,2657074.01
6467,11,12,18,12,2023-03-25,2,2495613.03,4991226.06
6468,6,2,15,6,2025-09-21,1,1320659.37,1320659.37
6469,33,8,31,3,2023-12-30,1,3743695.55,3743695.55
6470,23,9,39,11,2024-05-09,1,1194032.61,1194032.61
6471,23,12,6,3,2024-01-19,1,1444086.3,1444086.3
6472,40,9,14,1,2025-01-17,1,4237491.27,4237491.27
6473,7,10,43,5,2022-04-30,2,1601761.12,3203522.24
6474,19,8,53,7,2023-09-07,1,2232060.18,2232060.18
6475,12,9,21,7,2024-06-16,1,3555388.07,3555388.07
6476,5,11,27,8,2024-09-23,1,7094074.44,7094074.44
6477,11,2,21,7,2024-05-29,1,3457618.84,3457618.84
6478,37,4,33,3,2022-07-23,1,4439605.87,4439605.87
6479,33,12,23,6,2024-09-02,1,3704752.22,3704752.22
6480,8,11,54,3,2025-07-22,1,596009.7,596009.7
6481,5,1,16,6,2024-06-17,1,6692521.9,6692521.9
6482,34,11,16,5,2024-04-28,1,4450514.74,4450514.74
6483,40,3,3,5,2025-07-03,1,6533353.2,6533353.2
6484,34,8,8,6,2024-04-08,1,3088678.98,3088678.98
6485,27,6,23,5,2023-01-22,1,4021712.82,4021712.82
6486,25,12,33,6,2023-10-05,1,3530549.31,3530549.31
6487,43,2,16,6,2024-01-06,1,2617555.64,2617555.64
6488,16,5,25,1,2024-07-04,1,670668.41,670668.41
6489,7,2,12,3,2024-08-11,2,5214162.29,10428324.58
6490,34,1,32,3,2022-04-01,1,4324564.22,4324564.22
6491,32,3,47,6,2024-08-04,1,2600612.15,2600612.15
6492,29,14,28,1,2024-10-13,1,712607.93,712607.93
6493,34,4,4,11,2025-11-24,1,4538664.33,4538664.33
6494,8,6,39,8,2025-07-25,2,920978.13,1841956.26
6495,30,5,26,8,2025-09-13,1,2455591.37,2455591.37
6496,29,13,46,6,2022-01-18,1,516287.47,516287.47
6497,1,11,49,11,2024-06-27,1,4257830.37,4257830.37
6498,12,8,31,3,2023-01-01,1,2539271.85,2539271.85
6499,10,8,35,7,2023-04-03,1,2461450.09,2461450.09
6500,20,6,14,8,2023-07-05,2,4148388.54,8296777.08
6501,15,4,30,6,2024-05-13,1,1392260.27,1392260.27
6502,43,6,23,7,2022-09-09,1,2973196.53,2973196.53
6503,22,2,16,7,2025-07-05,1,1212799.55,1212799.55
6504,41,5,9,5,2025-04-20,1,5209377.38,5209377.38
6505,27,2,45,4,2023-12-20,2,2354616.21,4709232.42
6506,3,4,22,1,2024-11-08,1,450682.53,450682.53
6507,11,2,48,6,2023-07-17,1,3655035.33,3655035.33
6508,12,1,41,6,2023-05-16,1,2878500.41,2878500.41
6509,20,3,20,3,2023-04-08,2,3875812.32,7751624.64
6510,9,3,31,9,2024-07-08,1,1725582.27,1725582.27
6511,12,1,24,3,2022-04-01,1,4045559.59,4045559.59
6512,15,4,37,3,2025-07-08,1,4221619.52,4221619.52
6513,2,6,21,5,2025-05-09,1,1523717.14,1523717.14
6514,25,7,33,5,2024-03-06,1,2918736.49,2918736.49
6515,1,12,53,8,2025-02-12,1,4387661.26,4387661.26
6516,10,8,21,6,2023-09-16,2,3511065.24,7022130.48
6517,11,5,13,7,2023-02-10,1,3023717.13,3023717.13
6518,7,14,38,5,2025-03-31,2,2339712.68,4679425.36
6519,6,4,35,5,2023-05-28,1,2859877.83,2859877.83
6520,38,14,43,7,2025-03-08,1,3564499.92,3564499.92
6521,25,5,1,3,2023-12-18,1,1298397.45,1298397.45
6522,27,3,16,3,2023-08-17,1,3596095.28,3596095.28
6523,26,5,15,3,2025-02-15,2,3238092.2,6476184.4
6524,39,6,12,5,2022-12-02,1,1856789.51,1856789.51
6525,35,10,32,6,2025-11-05,1,3927497.59,3927497.59
6526,10,13,43,6,2024-10-02,1,4470151.57,4470151.57
6527,6,2,32,9,2024-06-13,1,1184787.66,1184787.66
6528,4,15,41,7,2022-10-25,1,1041993.65,1041993.65
6529,1,1,41,3,2022-08-29,1,3856806.22,3856806.22
6530,13,13,47,9,2023-05-22,1,691935.53,691935.53
6531,35,1,36,9,2022-06-09,1,3777043.56,3777043.56
6532,25,2,42,6,2024-05-11,1,2398239.33,2398239.33
6533,41,8,20,5,2025-03-20,1,2391027.7,2391027.7
6534,38,5,14,10,2023-11-04,1,2399346.25,2399346.25
6535,18,15,7,3,2024-08-02,1,2342998.69,2342998.69
6536,30,7,1,9,2023-04-05,1,3427830.04,3427830.04
6537,11,9,8,6,2024-12-31,1,2868636.64,2868636.64
6538,32,1,44,7,2022-08-31,2,2436308.19,4872616.38
6539,16,12,30,9,2024-10-25,1,698851.96,698851.96
6540,18,13,35,8,2024-01-31,1,3333204.78,3333204.78
6541,35,3,30,6,2024-09-14,1,2549116.58,2549116.58
6542,11,5,30,4,2024-04-22,1,3424987.55,3424987.55
6543,22,10,15,6,2023-07-26,1,987453.89,987453.89
6544,19,6,32,6,2024-04-08,1,1293121.6,1293121.6
6545,34,6,24,3,2024-04-04,1,2583577.95,2583577.95
6546,1,1,14,2,2023-05-25,1,3550685.93,3550685.93
6547,11,4,11,8,2024-11-06,1,3319362.9,3319362.9
6548,1,6,43,9,2023-11-15,1,1408237.28,1408237.28
6549,37,2,35,3,2025-05-10,1,4034202.2,4034202.2
6550,29,10,9,3,2025-09-18,1,732705.44,732705.44
6551,27,10,6,6,2024-12-24,1,2186844.9,2186844.9
6552,17,9,40,6,2023-10-10,1,442911.59,442911.59
6553,16,11,55,1,2025-06-17,1,489737.84,489737.84
6554,12,7,26,12,2023-01-01,1,2425249.7,2425249.7
6555,12,5,6,10,2023-05-21,1,2761608.8,2761608.8
6556,8,3,5,7,2025-06-23,2,555520.02,1111040.04
6557,6,1,46,7,2025-05-10,1,2315014.36,2315014.36
6558,8,1,39,6,2025-09-30,1,913194.51,913194.51
6559,42,1,42,5,2022-11-08,1,1037801.05,1037801.05
6560,13,8,18,5,2023-12-09,1,853576.92,853576.92
6561,15,2,22,4,2022-06-03,1,4291402.5,4291402.5
6562,18,6,27,5,2022-02-18,1,4008923.17,4008923.17
6563,28,4,26,4,2022-04-22,1,2327125.97,2327125.97
6564,18,2,55,7,2022-05-12,1,1700881.48,1700881.48
6565,43,3,52,5,2024-06-10,1,1382812.1,1382812.1
6566,26,7,41,1,2023-03-02,1,3671364.51,3671364.51
6567,12,2,36,11,2023-07-17,1,2009621.26,2009621.26
6568,31,2,37,1,2023-06-28,1,1162359.43,1162359.43
6569,10,11,25,11,2025-05-10,1,2913077.76,2913077.76
6570,8,3,14,2,2024-07-22,1,831946.95,831946.95
6571,6,5,28,8,2023-07-28,1,1253272.62,1253272.62
6572,42,9,47,7,2022-07-20,1,1150892.25,1150892.25
6573,25,1,25,9,2023-05-05,1,1316183.7,1316183.7
6574,24,2,26,2,2025-04-08,1,3811482.04,3811482.04
6575,43,3,8,2,2025-11-23,1,1594268.57,1594268.57
6576,26,9,50,8,2023-03-10,3,3200878.06,9602634.18
6577,1,2,33,3,2025-09-04,1,898399.38,898399.38
6578,26,4,29,5,2025-10-28,1,1677367.47,1677367.47
6579,18,1,10,3,2023-11-07,1,2356541.23,2356541.23
6580,6,2,55,6,2022-10-09,1,2088757.2,2088757.2
6581,43,10,45,1,2023-06-04,1,4160854.43,4160854.43
6582,7,1,36,3,2025-09-26,1,4941034.58,4941034.58
6583,26,1,36,3,2022-07-18,1,1348248.61,1348248.61
6584,17,1,55,7,2025-08-11,1,532039.95,532039.95
6585,36,6,15,2,2022-10-12,2,2861585.38,5723170.76
6586,12,15,14,5,2022-06-10,1,4103374.41,4103374.41
6587,8,15,50,6,2025-01-13,1,623634.97,623634.97
6588,13,2,6,5,2024-11-19,1,609037.12,609037.12
6589,13,3,14,3,2023-05-21,1,768293.7,768293.7
6590,26,6,18,8,2022-09-01,1,1676783.96,1676783.96
6591,25,1,45,7,2024-09-15,1,2824106.4,2824106.4
6592,14,8,48,4,2024-07-11,1,1669515.67,1669515.67
6593,2,10,46,5,2025-11-04,1,2638383.45,2638383.45
6594,12,4,17,6,2022-09-22,1,4140917.72,4140917.72
6595,18,12,44,3,2023-10-23,2,1880486.17,3760972.34
6596,23,5,12,1,2024-08-28,2,3843531.76,7687063.52
6597,27,5,3,6,2022-09-22,1,4163137.63,4163137.63
6598,15,7,50,2,2025-07-24,1,3534254.58,3534254.58
6599,15,2,32,9,2025-04-04,1,1994857.16,1994857.16
6600,7,2,1,8,2025-05-09,1,5197970.46,5197970.46
6601,33,5,54,6,2025-06-08,1,3863737.92,3863737.92
6602,30,4,12,9,2023-09-06,1,1770576.15,1770576.15
6603,3,4,15,6,2022-08-05,1,444999.54,444999.54
6604,3,2,33,10,2025-02-25,1,592887.02,592887.02
6605,33,14,21,2,2024-01-04,1,2133470.83,2133470.83
6606,6,5,3,1,2025-03-18,1,1628715.37,1628715.37
6607,25,2,8,1,2024-06-24,2,3285957.86,6571915.72
6608,7,2,33,8,2023-05-24,2,5915124.16,11830248.32
6609,19,11,49,1,2023-10-10,1,2001687.17,2001687.17
6610,18,2,9,12,2025-11-04,1,1650016.6,1650016.6
6611,23,1,43,9,2025-03-07,1,3567681.02,3567681.02
6612,28,13,21,8,2022-06-17,1,4332937.32,4332937.32
6613,32,6,30,12,2025-05-14,1,2122642.53,2122642.53
6614,33,13,13,3,2023-04-02,1,3491169.77,3491169.77
6615,38,13,18,1,2023-11-25,1,3419971.83,3419971.83
6616,6,13,28,5,2022-08-14,2,1958534.65,3917069.3
6617,43,5,8,1,2023-09-15,1,3937877.04,3937877.04
6618,8,11,49,6,2023-11-24,1,918230.61,918230.61
6619,25,8,43,6,2022-08-29,1,3904024.44,3904024.44
6620,20,4,18,3,2023-03-23,1,1868931.98,1868931.98
6621,32,9,6,6,2022-04-29,1,4577121.94,4577121.94
6622,38,3,12,3,2023-07-10,1,4240910.4,4240910.4
6623,11,14,47,4,2025-09-26,1,2333543.87,2333543.87
6624,21,6,42,7,2024-07-10,1,1526704.37,1526704.37
6625,15,5,42,10,2023-07-07,1,4568094.82,4568094.82
6626,16,6,19,7,2022-04-12,1,652005.04,652005.04
6627,22,14,21,5,2025-01-12,1,1483442.19,1483442.19
6628,6,13,13,1,2024-08-21,1,2489338.45,2489338.45
6629,25,3,54,7,2022-12-14,1,3425499.16,3425499.16
6630,13,4,7,5,2024-02-09,1,678837.15,678837.15
6631,16,3,54,1,2024-02-23,1,405186.72,405186.72
6632,15,2,46,6,2025-05-01,1,3946315.26,3946315.26
6633,10,8,46,4,2025-03-02,2,3373571.57,6747143.14
6634,41,5,50,12,2024-11-25,1,2095586.93,2095586.93
6635,29,11,25,12,2025-12-14,1,423792.0,423792.0
6636,11,1,2,6,2023-11-11,1,1068926.79,1068926.79
6637,39,9,42,2,2024-06-19,1,3095185.58,3095185.58
6638,19,1,33,9,2023-09-30,1,978436.45,978436.45
6639,7,7,4,3,2025-09-10,1,2962148.61,2962148.61
6640,40,4,32,1,2023-12-18,1,6023614.63,6023614.63
6641,33,11,26,1,2025-03-20,1,2393191.01,2393191.01
6642,36,1,46,3,2025-11-19,3,2172481.05,6517443.15
6643,41,3,28,3,2024-02-06,2,2446199.02,4892398.04
6644,8,5,30,9,2023-03-21,1,559363.76,559363.76
6645,33,6,26,5,2024-04-03,1,4345601.07,4345601.07
6646,20,6,54,3,2023-10-19,1,3820284.74,3820284.74
6647,25,3,7,12,2023-07-23,2,791828.22,1583656.44
6648,16,5,21,1,2025-07-01,1,419629.92,419629.92
6649,18,5,30,2,2024-05-06,2,2423547.4,4847094.8
6650,18,6,27,1,2024-08-02,2,1407036.28,2814072.56
6651,43,4,5,9,2023-02-22,1,5344671.92,5344671.92
6652,7,3,9,9,2022-01-12,1,5804802.86,5804802.86
6653,6,5,42,8,2022-09-29,3,3602755.73,10808267.19
6654,27,3,15,1,2024-03-28,1,4370955.64,4370955.64
6655,19,1,46,8,2023-03-27,1,1338165.9,1338165.9
6656,11,3,21,9,2022-12-30,1,3793277.09,3793277.09
6657,40,2,33,3,2023-04-30,1,4554565.36,4554565.36
6658,11,3,38,5,2024-01-16,1,1957671.81,1957671.81
6659,41,3,14,8,2023-03-01,1,3032663.63,3032663.63
6660,43,15,33,1,2022-01-07,1,1716633.14,1716633.14
6661,6,11,54,4,2024-09-29,3,1552653.41,4657960.23
6662,12,12,49,4,2023-01-01,1,3936492.83,3936492.83
6663,7,7,55,7,2024-08-18,2,3731063.57,7462127.14
6664,25,2,22,7,2024-08-27,2,1014440.49,2028880.98
6665,38,9,23,3,2024-07-13,2,3879066.54,7758133.08
6666,34,1,24,7,2024-09-09,1,1237894.02,1237894.02
6667,28,4,52,7,2023-10-10,3,1316584.39,3949753.17
6668,42,4,25,4,2023-03-21,2,1010365.65,2020731.3
6669,27,14,6,8,2025-06-29,1,1590803.65,1590803.65
6670,26,1,9,11,2025-06-10,1,2919037.85,2919037.85
6671,9,10,44,6,2022-04-24,1,2305048.6,2305048.6
6672,18,1,46,7,2022-08-27,1,2288961.8,2288961.8
6673,29,11,16,1,2022-06-09,2,456059.2,912118.4
6674,3,7,3,1,2024-11-14,1,785400.46,785400.46
6675,23,1,39,4,2024-08-25,1,2510051.91,2510051.91
6676,28,8,53,6,2023-01-10,1,1547873.08,1547873.08
6677,30,2,34,6,2022-02-15,1,850948.42,850948.42
6678,20,8,30,6,2024-03-27,1,5051477.76,5051477.76
6679,14,6,37,1,2024-05-17,1,981405.8,981405.8
6680,11,10,16,3,2023-06-20,2,1123308.97,2246617.94
6681,25,1,3,8,2023-06-28,2,3151700.09,6303400.18
6682,28,1,11,3,2023-06-30,1,2652594.88,2652594.88
6683,28,2,43,8,2025-01-02,1,3309658.37,3309658.37
6684,14,10,48,4,2024-11-05,1,1145143.39,1145143.39
6685,26,3,5,3,2025-04-01,1,2778964.72,2778964.72
6686,6,4,43,5,2022-09-28,1,1745899.75,1745899.75
6687,11,3,41,10,2023-11-18,1,3175194.71,3175194.71
6688,32,11,27,8,2024-06-22,1,4309627.31,4309627.31
6689,26,6,36,1,2025-06-06,1,3058652.94,3058652.94
6690,26,3,31,4,2023-03-11,1,1489032.12,1489032.12
6691,24,6,13,6,2022-11-20,1,4141044.0,4141044.0
6692,28,8,47,4,2024-06-25,1,4044242.88,4044242.88
6693,11,13,24,1,2022-07-12,1,2783908.55,2783908.55
6694,12,3,41,5,2022-05-27,2,1336784.25,2673568.5
6695,19,13,46,3,2023-04-17,1,2414595.66,2414595.66
6696,34,3,27,9,2023-07-04,2,4057563.33,8115126.66
6697,19,3,14,3,2023-06-20,1,1158159.2,1158159.2
6698,14,1,9,1,2025-06-17,1,1062925.58,1062925.58
6699,42,5,14,1,2022-04-20,1,1895693.38,1895693.38
6700,41,5,46,3,2025-03-04,1,4849425.04,4849425.04
6701,28,8,20,9,2024-10-20,1,3385024.08,3385024.08
6702,39,11,26,9,2023-02-17,1,3289938.33,3289938.33
6703,28,8,4,7,2022-02-07,1,1459634.2,1459634.2
6704,27,4,45,9,2025-04-03,3,3169510.94,9508532.82
6705,27,6,47,2,2022-07-05,1,1562292.63,1562292.63
6706,11,1,17,7,2023-02-11,1,2131436.55,2131436.55
6707,18,2,31,7,2024-06-09,1,1580646.26,1580646.26
6708,13,2,8,1,2023-06-18,1,474874.02,474874.02
6709,39,7,23,5,2023-04-11,2,2225062.73,4450125.46
6710,9,9,50,8,2025-02-03,2,1715124.22,3430248.44
6711,35,1,39,3,2024-01-23,1,4191959.47,4191959.47
6712,1,8,11,3,2025-02-21,1,4377892.46,4377892.46
6713,20,14,51,8,2024-12-25,1,4153871.64,4153871.64
6714,24,3,1,1,2024-03-30,1,3717442.61,3717442.61
6715,26,12,23,3,2023-10-01,1,1927560.01,1927560.01
6716,2,15,17,9,2022-07-15,1,1601078.68,1601078.68
6717,18,6,41,3,2023-06-18,2,3341962.8,6683925.6
6718,28,15,41,9,2022-04-19,1,4328126.4,4328126.4
6719,9,1,37,7,2023-04-10,1,2086847.11,2086847.11
6720,25,5,17,6,2025-04-14,1,2316595.56,2316595.56
6721,7,9,11,9,2023-08-30,1,2761684.72,2761684.72
6722,24,1,20,6,2022-08-02,1,2659266.97,2659266.97
6723,12,12,32,8,2023-12-17,2,3429126.75,6858253.5
6724,6,6,38,2,2025-08-15,1,2889682.22,2889682.22
6725,10,6,34,3,2022-01-29,1,3655722.06,3655722.06
6726,14,2,40,7,2025-04-06,1,1286729.84,1286729.84
6727,14,3,42,12,2025-03-26,1,1629513.78,1629513.78
6728,9,1,25,6,2024-07-24,1,2641407.12,2641407.12
6729,13,4,48,5,2024-06-21,1,644720.46,644720.46
6730,24,4,16,5,2025-08-30,1,4183466.25,4183466.25
6731,43,11,52,5,2025-11-16,2,1500688.1,3001376.2
6732,23,2,12,4,2022-01-21,1,2160044.26,2160044.26
6733,7,13,34,3,2022-08-29,1,1458940.39,1458940.39
6734,32,2,6,8,2022-04-04,1,3226866.19,3226866.19
6735,33,4,6,12,2025-11-07,1,3145803.2,3145803.2
6736,18,2,50,6,2023-01-17,2,4030160.82,8060321.64
6737,30,7,55,8,2022-01-18,1,1475393.3,1475393.3
6738,21,5,42,8,2024-07-07,1,800341.46,800341.46
6739,12,2,44,4,2024-08-03,1,1566249.82,1566249.82
6740,4,1,51,7,2024-03-27,1,889460.72,889460.72
6741,17,12,45,3,2024-07-29,1,614009.47,614009.47
6742,8,7,34,7,2022-02-22,1,864831.48,864831.48
6743,21,2,49,8,2024-06-19,1,1266395.28,1266395.28
6744,37,12,13,11,2023-10-22,1,1481624.68,1481624.68
6745,36,5,10,6,2023-02-14,2,1945716.7,3891433.4
6746,18,14,18,7,2023-08-30,1,1159155.16,1159155.16
6747,7,11,4,3,2024-07-22,2,5342370.21,10684740.42
6748,14,6,41,1,2024-06-02,2,1134877.57,2269755.14
6749,2,1,10,1,2025-10-28,1,3096839.13,3096839.13
6750,25,4,9,7,2024-05-14,1,2645215.14,2645215.14
6751,14,2,11,2,2024-11-18,1,1097109.97,1097109.97
6752,17,3,14,8,2022-12-24,1,406328.58,406328.58
6753,8,3,5,10,2024-03-13,1,585141.86,585141.86
6754,35,13,17,8,2025-04-11,1,2801036.24,2801036.24
6755,27,2,14,7,2023-01-28,2,1895910.96,3791821.92
6756,7,4,26,2,2025-04-10,1,3515572.3,3515572.3
6757,24,1,13,2,2022-08-16,1,1191856.71,1191856.71
6758,11,7,44,9,2022-06-15,2,1721025.77,3442051.54
6759,32,3,10,6,2022-04-16,1,2297619.26,2297619.26
6760,37,13,32,8,2023-06-05,2,6797908.93,13595817.86
6761,9,7,3,3,2023-06-03,1,1347292.79,1347292.79
6762,21,5,29,9,2023-04-01,1,1745053.07,1745053.07
6763,8,15,43,1,2025-08-20,2,532570.69,1065141.38
6764,32,4,28,8,2024-02-21,1,1895332.03,1895332.03
6765,20,5,32,11,2023-10-12,1,2412773.97,2412773.97
6766,11,5,38,12,2023-01-13,3,1743699.45,5231098.35
6767,12,6,51,7,2023-10-31,3,3595526.52,10786579.56
6768,29,9,11,6,2025-10-17,1,675253.73,675253.73
6769,19,5,52,7,2025-11-14,1,1890693.53,1890693.53
6770,7,15,6,6,2025-11-20,1,3259906.51,3259906.51
6771,2,3,30,6,2023-08-26,1,1345731.45,1345731.45
6772,20,4,20,3,2025-05-23,1,2433353.02,2433353.02
6773,32,1,8,7,2024-09-26,1,4122145.57,4122145.57
6774,26,8,2,8,2023-08-10,1,2546788.34,2546788.34
6775,43,6,1,6,2023-04-05,1,3603583.8,3603583.8
6776,14,15,46,4,2023-02-06,1,1772541.6,1772541.6
6777,10,14,13,8,2023-07-06,1,4040403.74,4040403.74
6778,10,9,46,6,2023-07-09,1,4171591.71,4171591.71
6779,21,5,35,6,2024-01-18,2,1808369.68,3616739.36
6780,24,1,38,2,2024-09-12,1,4831546.43,4831546.43
6781,22,5,45,7,2025-01-09,1,1499704.36,1499704.36
6782,17,1,18,11,2024-07-31,1,708924.7,708924.7
6783,24,10,55,5,2022-05-19,2,4517537.09,9035074.18
6784,39,4,25,7,2025-01-06,1,3951059.3,3951059.3
6785,30,2,5,2,2023-11-25,1,4031243.81,4031243.81
6786,42,2,33,8,2024-12-12,2,1266266.72,2532533.44
6787,15,1,47,6,2023-01-04,2,2171917.19,4343834.38
6788,20,1,11,6,2025-09-27,1,4672579.29,4672579.29
6789,8,2,47,5,2023-04-24,1,541019.89,541019.89
6790,23,3,9,6,2024-08-12,1,2581048.74,2581048.74
6791,7,3,45,10,2024-03-18,1,3856786.89,3856786.89
6792,39,2,4,7,2025-01-07,2,2228642.06,4457284.12
6793,11,4,33,6,2024-05-24,1,3523242.34,3523242.34
6794,28,2,6,8,2024-09-10,1,3785484.25,3785484.25
6795,30,2,1,10,2025-01-18,1,2297516.57,2297516.57
6796,39,1,31,6,2022-08-28,1,1227542.0,1227542.0
6797,43,8,41,3,2025-04-16,3,3343305.29,10029915.87
6798,23,12,4,8,2022-07-01,1,3642972.42,3642972.42
6799,26,2,17,7,2024-01-27,1,1547980.44,1547980.44
6800,12,2,31,11,2024-06-27,1,3481522.58,3481522.58
6801,21,2,29,9,2025-11-06,1,1368089.1,1368089.1
6802,34,13,29,6,2025-03-29,1,2610018.84,2610018.84
6803,30,10,31,5,2024-12-25,1,1296594.32,1296594.32
6804,10,1,39,9,2023-02-23,1,2978352.9,2978352.9
6805,39,10,39,1,2024-10-21,1,3096543.52,3096543.52
6806,9,3,46,8,2022-08-17,1,1193469.02,1193469.02
6807,16,14,11,8,2022-07-29,1,568514.62,568514.62
6808,26,11,19,3,2024-09-24,1,1413339.58,1413339.58
6809,27,13,47,10,2022-12-10,1,3944649.41,3944649.41
6810,28,2,5,6,2024-10-21,1,1068444.47,1068444.47
6811,7,3,52,7,2023-01-30,2,2485451.82,4970903.64
6812,20,6,31,4,2023-03-13,1,3383929.0,3383929.0
6813,20,14,8,4,2025-08-30,1,4590206.14,4590206.14
6814,7,5,7,6,2024-12-24,1,3972430.54,3972430.54
6815,18,1,3,5,2024-04-05,1,1551628.31,1551628.31
6816,23,11,14,7,2022-04-22,1,3947937.29,3947937.29
6817,40,3,29,8,2025-05-30,1,1861612.74,1861612.74
6818,26,12,47,7,2023-12-26,2,1318461.01,2636922.02
6819,7,14,18,9,2025-10-19,1,1824142.47,1824142.47
6820,33,2,37,4,2022-09-29,1,4174707.2,4174707.2
6821,15,4,25,5,2024-09-20,1,4186684.59,4186684.59
6822,22,3,13,6,2024-03-31,2,1430100.74,2860201.48
6823,18,13,45,6,2022-03-20,1,2066454.8,2066454.8
6824,19,6,32,5,2024-11-09,1,1608133.95,1608133.95
6825,2,13,25,4,2025-09-24,1,3825769.77,3825769.77
6826,34,3,18,6,2022-09-17,1,3743873.37,3743873.37
6827,23,1,54,7,2024-01-01,1,4286883.29,4286883.29
6828,38,3,33,7,2023-01-23,1,1213772.17,1213772.17
6829,18,1,26,12,2024-08-29,1,1528042.1,1528042.1
6830,1,2,7,6,2025-05-26,1,4298884.0,4298884.0
6831,10,12,3,6,2023-06-23,1,3141575.37,3141575.37
6832,14,9,44,6,2024-03-24,1,967134.02,967134.02
6833,7,5,39,6,2023-11-18,1,1936909.75,1936909.75
6834,14,6,60,6,2022-06-16,1,1760307.5,1760307.5
6835,18,6,7,6,2024-11-05,1,2116105.6,2116105.6
6836,13,10,41,6,2024-11-08,1,590658.29,590658.29
6837,13,13,26,1,2025-07-30,2,656284.37,1312568.74
6838,33,5,35,8,2024-04-28,1,3476286.69,3476286.69
6839,13,2,24,4,2022-05-26,1,855984.96,855984.96
6840,29,4,6,11,2023-12-07,1,541519.58,541519.58
6841,43,9,6,6,2024-01-23,1,1720604.89,1720604.89
6842,7,1,17,5,2022-07-28,1,5889099.66,5889099.66
6843,18,8,26,12,2024-04-02,1,3256437.59,3256437.59
6844,26,2,22,7,2025-01-08,1,2701763.47,2701763.47
6845,11,2,17,6,2025-08-25,1,2862974.56,2862974.56
6846,8,13,33,8,2025-07-14,1,895298.3,895298.3
6847,9,3,14,3,2025-06-04,2,1069819.04,2139638.08
6848,19,5,55,6,2022-06-18,1,2003333.75,2003333.75
6849,1,9,55,1,2025-02-22,2,872463.48,1744926.96
6850,1,11,40,10,2025-04-03,1,3454856.37,3454856.37
6851,38,14,50,5,2022-01-08,3,2473322.59,7419967.77
6852,8,13,4,8,2023-11-07,1,841536.87,841536.87
6853,19,2,38,6,2024-03-20,3,2497331.78,7491995.34
6854,30,2,51,3,2025-12-02,1,4263773.95,4263773.95
6855,7,2,35,3,2025-02-19,2,3314200.33,6628400.66
6856,39,9,36,8,2023-02-19,1,1959896.98,1959896.98
6857,6,1,44,3,2025-05-10,1,1493682.05,1493682.05
6858,20,2,54,8,2025-07-29,1,1620390.51,1620390.51
6859,11,3,48,5,2024-02-27,1,2193674.55,2193674.55
6860,22,14,30,7,2023-01-30,1,1446976.36,1446976.36
6861,41,1,19,7,2024-04-26,1,1540146.45,1540146.45
6862,11,6,5,2,2025-09-08,2,2237987.78,4475975.56
6863,25,2,46,6,2022-09-22,1,3581095.21,3581095.21
6864,14,3,6,8,2024-03-04,1,1757246.19,1757246.19
6865,16,3,56,3,2023-06-09,1,600789.67,600789.67
6866,16,2,5,1,2022-03-18,1,633860.48,633860.48
6867,26,4,5,3,2025-07-24,1,1457789.48,1457789.48
6868,18,1,7,8,2022-01-13,2,3542702.09,7085404.18
6869,2,4,3,10,2023-11-22,1,2553651.64,2553651.64
6870,40,5,12,3,2022-04-23,2,5451952.23,10903904.46
6871,41,2,6,1,2024-02-23,1,3816496.46,3816496.46
6872,20,2,42,5,2025-03-20,1,3399821.2,3399821.2
6873,35,3,42,6,2023-05-08,1,2609226.96,2609226.96
6874,15,10,36,7,2025-03-25,1,3107729.9,3107729.9
6875,27,4,9,1,2024-08-09,1,3408362.09,3408362.09
6876,20,7,29,5,2024-08-04,1,1065760.47,1065760.47
6877,37,2,54,8,2023-03-19,1,6162081.6,6162081.6
6878,24,9,9,4,2024-05-21,1,1492141.04,1492141.04
6879,37,4,44,8,2023-04-20,1,2391123.49,2391123.49
6880,36,3,24,11,2022-03-03,2,1087262.19,2174524.38
6881,12,3,6,6,2023-03-11,1,1042449.1,1042449.1
6882,7,7,49,3,2023-03-23,2,1271644.94,2543289.88
6883,2,1,52,3,2023-06-05,1,4012835.63,4012835.63
6884,3,1,31,9,2024-04-07,1,671730.36,671730.36
6885,20,3,10,3,2023-01-15,1,3676178.53,3676178.53
6886,35,4,28,9,2023-08-24,1,2510564.8,2510564.8
6887,14,4,39,3,2024-01-07,1,898483.58,898483.58
6888,7,6,12,8,2024-10-07,1,3054084.27,3054084.27
6889,21,5,19,3,2022-02-14,1,893797.09,893797.09
6890,29,4,40,3,2023-08-17,1,683261.74,683261.74
6891,21,1,5,10,2023-11-24,1,1630550.52,1630550.52
6892,10,3,30,7,2023-03-22,1,3918787.33,3918787.33
6893,4,3,33,2,2024-06-01,2,1551383.0,3102766.0
6894,43,11,40,6,2022-05-19,1,2349406.76,2349406.76
6895,15,4,41,3,2024-10-03,1,3578994.49,3578994.49
6896,40,13,44,7,2025-08-08,2,7174344.41,14348688.82
6897,14,5,27,6,2024-04-19,2,1733101.81,3466203.62
6898,7,3,46,4,2023-12-25,1,1161419.1,1161419.1
6899,6,6,36,6,2025-05-25,1,2385632.92,2385632.92
6900,37,5,5,6,2024-10-26,1,6206634.84,6206634.84
6901,7,1,27,6,2025-08-07,1,3291025.24,3291025.24
6902,7,12,25,1,2025-08-01,1,4769518.45,4769518.45
6903,37,6,27,7,2023-11-15,1,1607587.29,1607587.29
6904,36,8,39,9,2023-09-02,1,2693256.26,2693256.26
6905,29,7,12,6,2022-08-04,1,452364.62,452364.62
6906,2,2,29,4,2022-10-28,1,4226819.5,4226819.5
6907,13,6,46,3,2023-02-23,1,719078.88,719078.88
6908,43,10,4,7,2023-07-28,1,4967395.35,4967395.35
6909,35,1,45,5,2024-07-20,1,2339345.94,2339345.94
6910,37,4,14,4,2023-10-18,1,4890592.9,4890592.9
6911,7,2,37,6,2023-01-31,1,5817433.06,5817433.06
6912,12,11,22,3,2022-01-13,1,1222815.45,1222815.45
6913,19,12,36,9,2024-02-27,1,2270713.74,2270713.74
6914,28,3,13,1,2023-11-14,1,3292472.86,3292472.86
6915,40,6,54,2,2022-02-16,1,5723890.95,5723890.95
6916,34,2,43,12,2023-07-22,1,2551895.64,2551895.64
6917,15,2,25,7,2022-09-23,1,2171477.03,2171477.03
6918,6,4,22,3,2025-04-24,1,3593471.25,3593471.25
6919,10,2,8,8,2025-04-20,1,3906481.75,3906481.75
6920,2,1,1,9,2025-02-14,1,2688013.99,2688013.99
6921,10,3,32,1,2025-10-30,1,3084299.24,3084299.24
6922,12,15,12,8,2024-07-31,2,2096660.85,4193321.7
6923,43,5,20,12,2024-05-08,1,2520473.45,2520473.45
6924,22,6,13,3,2023-11-12,1,1909992.53,1909992.53
6925,37,14,29,3,2024-03-21,1,2463782.23,2463782.23
6926,26,2,15,11,2022-01-20,1,773976.78,773976.78
6927,15,8,9,3,2022-06-18,2,4606787.31,9213574.62
6928,35,15,3,8,2022-01-26,1,4226894.87,4226894.87
6929,26,1,4,3,2025-10-20,3,1492284.51,4476853.53
6930,20,13,23,9,2022-04-22,1,1777511.09,1777511.09
6931,7,2,25,5,2023-07-28,1,2594307.09,2594307.09
6932,26,5,20,7,2025-05-25,2,1402015.8,2804031.6
6933,25,11,15,8,2023-09-27,2,2665153.47,5330306.94
6934,13,7,32,6,2024-10-03,1,595808.26,595808.26
6935,25,2,35,6,2024-03-17,1,3823998.17,3823998.17
6936,7,2,51,6,2022-03-13,1,5708979.76,5708979.76
6937,25,1,19,7,2024-08-09,1,1102371.7,1102371.7
6938,19,2,5,10,2022-03-06,1,2103058.14,2103058.14
6939,18,3,12,11,2024-05-18,3,2861183.35,8583550.05
6940,20,2,2,6,2023-04-08,1,3566133.45,3566133.45
6941,15,13,53,6,2023-03-29,1,1747638.45,1747638.45
6942,14,3,35,3,2025-12-14,1,1428689.57,1428689.57
6943,11,3,22,6,2024-07-05,1,1044793.09,1044793.09
6944,17,9,18,6,2025-01-27,1,661175.13,661175.13
6945,28,2,32,8,2024-02-27,2,1736832.85,3473665.7
6946,25,5,11,9,2022-07-26,1,3355207.97,3355207.97
6947,33,4,22,7,2025-09-09,1,3130006.47,3130006.47
6948,8,1,45,5,2025-09-12,2,531347.01,1062694.02
6949,21,11,29,6,2024-06-13,1,1311695.64,1311695.64
6950,35,1,6,12,2024-04-07,1,4335897.99,4335897.99
6951,26,5,49,7,2024-08-14,1,1617689.89,1617689.89
6952,29,5,53,1,2023-07-11,1,549410.27,549410.27
6953,6,9,46,9,2025-05-17,1,1327371.62,1327371.62
6954,23,11,19,3,2022-06-13,1,2175810.98,2175810.98
6955,14,1,11,9,2024-12-08,1,898848.61,898848.61
6956,35,6,42,6,2025-02-20,1,4067279.91,4067279.91
6957,7,7,6,6,2022-08-27,1,4695916.84,4695916.84
6958,2,13,3,9,2022-09-04,2,2161015.69,4322031.38
6959,38,3,37,6,2025-08-03,1,4800835.16,4800835.16
6960,19,2,4,6,2022-01-17,1,1115568.93,1115568.93
6961,24,2,9,8,2024-01-06,1,2620529.14,2620529.14
6962,34,2,3,9,2024-03-04,1,2584187.64,2584187.64
6963,12,2,55,6,2024-12-27,1,3680630.3,3680630.3
6964,20,5,19,12,2024-11-27,1,4846038.42,4846038.42
6965,13,2,3,4,2025-08-10,1,875263.23,875263.23
6966,10,1,22,2,2023-07-08,1,3306177.88,3306177.88
6967,29,1,34,8,2024-12-29,1,717063.71,717063.71
6968,29,4,33,3,2024-02-05,2,596743.14,1193486.28
6969,39,9,28,3,2022-08-30,2,2930352.62,5860705.24
6970,12,2,33,9,2025-07-14,1,3021431.66,3021431.66
6971,15,11,36,10,2024-04-27,1,3938492.92,3938492.92
6972,19,3,20,7,2023-11-20,1,2152503.14,2152503.14
6973,26,13,37,6,2022-09-15,1,891243.3,891243.3
6974,16,13,26,12,2025-07-19,1,406581.44,406581.44
6975,16,15,56,12,2023-01-23,1,554374.56,554374.56
6976,36,5,29,1,2022-05-30,1,2012443.43,2012443.43
6977,23,1,26,8,2023-05-30,2,2190314.42,4380628.84
6978,15,3,48,8,2024-03-11,1,2277445.82,2277445.82
6979,10,1,10,8,2022-10-15,1,3851872.12,3851872.12
6980,11,9,15,6,2025-03-14,1,1065787.27,1065787.27
6981,23,6,46,8,2024-10-17,1,1636951.0,1636951.0
6982,39,3,45,6,2023-03-22,1,1256549.7,1256549.7
6983,30,3,12,7,2025-04-22,1,3208524.42,3208524.42
6984,34,12,14,5,2023-08-09,1,3252625.06,3252625.06
6985,14,1,21,1,2024-08-25,1,1282815.65,1282815.65
6986,28,14,39,3,2024-04-22,1,3183478.62,3183478.62
6987,30,2,15,1,2025-01-28,1,3183513.89,3183513.89
6988,1,13,54,3,2024-06-07,1,871310.8,871310.8
6989,30,2,5,4,2022-05-08,1,3653690.97,3653690.97
6990,13,2,27,1,2025-10-03,1,743924.57,743924.57
6991,23,1,40,7,2025-09-16,1,2935854.15,2935854.15
6992,38,5,16,1,2025-06-24,2,4130905.18,8261810.36
6993,20,12,34,12,2023-03-07,1,3000360.69,3000360.69
6994,27,11,36,7,2024-11-26,1,1414037.36,1414037.36
6995,39,8,55,7,2024-06-19,1,2836767.08,2836767.08
6996,33,3,33,11,2023-02-21,2,1118379.34,2236758.68
6997,14,3,9,3,2023-09-07,1,1821005.94,1821005.94
6998,6,2,3,3,2025-04-10,1,2391058.07,2391058.07
6999,7,1,29,10,2025-05-08,1,4338911.99,4338911.99
7000,36,9,37,8,2022-12-25,1,966149.19,966149.19
7001,11,6,55,4,2025-05-27,1,2045388.69,2045388.69
7002,10,2,19,3,2022-05-16,1,2132213.9,2132213.9
7003,40,10,35,7,2022-06-29,1,4041133.37,4041133.37
7004,28,4,27,2,2022-02-10,1,4445536.71,4445536.71
7005,14,10,6,1,2022-07-11,1,1622494.75,1622494.75
7006,28,8,10,4,2025-04-28,1,4306900.08,4306900.08
7007,26,1,36,3,2023-10-28,1,1481214.83,1481214.83
7008,14,5,3,4,2024-05-03,1,910546.27,910546.27
7009,40,5,3,6,2025-08-10,1,6140050.11,6140050.11
7010,27,1,1,10,2022-09-15,1,3722864.84,3722864.84
7011,33,11,54,5,2025-01-17,1,3556721.2,3556721.2
7012,34,2,48,6,2023-06-05,1,2127734.25,2127734.25
7013,13,3,12,7,2022-06-01,1,561776.22,561776.22
7014,4,1,14,4,2022-02-18,1,1228350.4,1228350.4
7015,19,11,4,10,2024-11-05,1,1954385.72,1954385.72
7016,35,3,18,3,2022-08-18,1,1837146.9,1837146.9
7017,27,3,21,6,2023-08-10,1,2798541.88,2798541.88
7018,27,2,18,9,2023-03-21,1,3277916.24,3277916.24
7019,38,13,50,1,2022-08-31,1,1059471.53,1059471.53
7020,16,3,28,2,2022-11-08,1,581017.32,581017.32
7021,35,6,40,1,2025-03-12,1,3366712.89,3366712.89
7022,27,4,14,1,2025-06-13,1,3822604.46,3822604.46
7023,37,12,26,8,2023-11-30,1,5145409.55,5145409.55
7024,4,6,13,6,2023-09-01,1,871963.77,871963.77
7025,31,5,29,7,2022-05-14,1,4838329.97,4838329.97
7026,11,2,35,3,2024-01-28,1,1555481.78,1555481.78
7027,37,1,8,8,2022-03-25,1,4565129.25,4565129.25
7028,29,2,29,9,2022-06-04,1,641778.04,641778.04
7029,33,1,47,8,2023-03-28,1,3164310.01,3164310.01
7030,32,2,47,6,2023-02-20,1,4385340.33,4385340.33
7031,9,9,51,6,2024-10-09,1,1667692.63,1667692.63
7032,7,3,43,3,2022-02-17,1,5875601.43,5875601.43
7033,38,1,32,9,2023-11-16,1,3489043.45,3489043.45
7034,6,1,31,11,2023-07-02,1,1730269.57,1730269.57
7035,1,3,46,6,2023-06-19,1,3282608.45,3282608.45
7036,37,6,3,8,2022-11-24,1,6373999.76,6373999.76
7037,14,1,33,4,2024-03-04,1,862683.35,862683.35
7038,29,12,42,6,2023-01-18,1,772940.92,772940.92
7039,20,11,13,7,2024-01-26,1,3487236.53,3487236.53
7040,35,4,53,4,2023-01-22,1,3891733.91,3891733.91
7041,30,2,8,4,2025-03-07,1,1696217.45,1696217.45
7042,24,3,19,3,2025-10-10,1,2917438.98,2917438.98
7043,41,13,2,3,2022-02-11,1,1454588.41,1454588.41
7044,3,1,5,2,2023-09-06,1,485120.27,485120.27
7045,1,4,11,1,2024-05-02,3,2074038.54,6222115.62
7046,38,9,4,4,2023-09-09,1,1907065.28,1907065.28
7047,39,4,23,1,2023-04-15,1,4670261.42,4670261.42
7048,22,3,30,7,2025-04-05,1,1394054.28,1394054.28
7049,37,10,51,9,2022-10-21,1,5071883.18,5071883.18
7050,7,3,28,8,2024-04-28,1,2922074.31,2922074.31
7051,11,10,12,1,2023-04-02,1,4382842.29,4382842.29
7052,30,2,9,6,2024-12-11,1,2645918.03,2645918.03
7053,26,1,47,3,2022-03-01,1,1656778.42,1656778.42
7054,21,8,53,4,2025-10-28,1,1380289.97,1380289.97
7055,12,2,41,8,2023-06-30,1,3350726.18,3350726.18
7056,38,6,6,6,2025-08-06,1,1067762.13,1067762.13
7057,32,2,19,8,2024-04-12,1,4765335.6,4765335.6
7058,8,3,23,3,2023-01-23,1,542221.34,542221.34
7059,33,12,23,8,2025-11-13,1,1689090.38,1689090.38
7060,13,1,23,6,2024-07-19,2,692699.0,1385398.0
7061,27,4,9,2,2025-09-17,1,4711229.93,4711229.93
7062,27,11,9,6,2024-01-19,1,4684111.86,4684111.86
7063,28,1,12,8,2024-07-06,1,3327160.68,3327160.68
7064,13,3,38,7,2025-05-22,1,737498.71,737498.71
7065,8,12,31,9,2023-04-18,1,678034.39,678034.39
7066,18,9,8,3,2023-08-22,1,3539997.4,3539997.4
7067,17,12,22,6,2022-02-12,1,417731.88,417731.88
7068,12,13,10,3,2022-04-12,2,3779648.33,7559296.66
7069,9,15,17,7,2025-05-20,1,1652572.63,1652572.63
7070,10,14,2,6,2023-09-03,1,3024981.58,3024981.58
7071,3,4,1,7,2025-11-06,1,802429.76,802429.76
7072,12,7,52,8,2023-02-07,1,4446224.36,4446224.36
7073,16,3,52,1,2025-12-14,1,619094.2,619094.2
7074,8,14,53,7,2022-11-20,1,697173.74,697173.74
7075,30,1,25,5,2023-01-17,1,1053286.16,1053286.16
7076,32,4,29,12,2025-04-22,1,1378507.94,1378507.94
7077,13,4,50,3,2023-04-07,1,493131.17,493131.17
7078,38,10,30,7,2025-11-26,1,4845278.54,4845278.54
7079,19,2,4,8,2023-03-29,1,1067130.42,1067130.42
7080,2,14,46,3,2025-02-11,1,4930184.46,4930184.46
7081,25,9,24,9,2023-03-29,1,1027941.17,1027941.17
7082,26,4,7,8,2022-10-18,1,1005685.73,1005685.73
7083,42,2,8,11,2023-12-25,1,1597145.69,1597145.69
7084,33,3,27,6,2022-01-05,1,3111166.02,3111166.02
7085,2,2,49,9,2022-12-02,1,2090451.21,2090451.21
7086,35,11,55,5,2022-11-12,3,2353021.24,7059063.72
7087,28,4,9,6,2025-01-10,1,3213119.68,3213119.68
7088,43,12,32,6,2024-05-25,1,2728317.03,2728317.03
7089,11,3,26,1,2024-07-16,1,2297514.62,2297514.62
7090,16,5,13,11,2023-04-19,1,402888.55,402888.55
7091,32,4,51,6,2022-09-26,1,3235450.86,3235450.86
7092,1,6,31,9,2025-04-04,1,4446658.94,4446658.94
7093,27,3,12,5,2023-12-21,1,3667542.51,3667542.51
7094,1,1,12,7,2023-08-26,1,4093975.38,4093975.38
7095,35,4,45,9,2025-02-24,3,2484847.26,7454541.78
7096,18,3,53,1,2023-03-24,1,2082756.82,2082756.82
7097,23,5,44,8,2023-06-27,1,3036803.69,3036803.69
7098,2,10,5,6,2023-06-06,1,3252670.71,3252670.71
7099,25,12,14,9,2025-03-09,1,2044196.2,2044196.2
7100,23,7,30,1,2023-11-09,1,1945786.66,1945786.66
7101,35,1,30,8,2023-05-30,1,2313721.26,2313721.26
7102,38,13,27,6,2024-09-30,1,1330849.9,1330849.9
7103,11,1,29,6,2024-08-20,1,3617145.54,3617145.54
7104,17,2,42,10,2025-11-11,1,732760.33,732760.33
7105,14,1,12,2,2025-05-18,1,886004.64,886004.64
7106,14,3,12,7,2022-08-11,1,925798.82,925798.82
7107,8,3,42,9,2025-03-27,1,909551.85,909551.85
7108,12,10,23,3,2024-06-29,1,1132469.93,1132469.93
7109,14,4,21,1,2025-05-12,1,1562477.62,1562477.62
7110,27,13,24,7,2025-09-21,1,1529090.35,1529090.35
7111,29,12,20,3,2022-12-30,1,458266.37,458266.37
7112,41,2,43,6,2022-02-13,1,5138727.33,5138727.33
7113,18,1,15,8,2024-08-25,1,2635762.52,2635762.52
7114,5,4,15,7,2023-06-04,1,7238401.14,7238401.14
7115,18,14,34,6,2023-10-06,1,3904600.95,3904600.95
7116,2,11,31,7,2022-03-18,1,3338199.79,3338199.79
7117,15,4,45,6,2025-06-30,1,4942028.28,4942028.28
7118,15,2,29,7,2022-04-21,1,3970920.85,3970920.85
7119,11,9,15,11,2022-01-07,1,3730238.92,3730238.92
7120,37,6,11,7,2025-11-21,1,2642011.24,2642011.24
7121,28,6,1,9,2022-10-01,2,4500559.42,9001118.84
7122,34,14,36,12,2024-01-17,1,4459930.75,4459930.75
7123,23,2,36,6,2022-05-18,2,1588455.1,3176910.2
7124,26,1,29,7,2024-03-23,1,1781631.93,1781631.93
7125,19,2,46,7,2022-08-12,1,2277435.13,2277435.13
7126,15,2,18,3,2022-08-26,1,2668415.71,2668415.71
7127,29,2,45,7,2022-08-22,2,592586.33,1185172.66
7128,19,8,3,8,2024-02-25,1,892951.78,892951.78
7129,22,2,4,5,2024-10-01,2,1081317.61,2162635.22
7130,12,3,1,10,2025-09-30,1,1696745.31,1696745.31
7131,40,13,36,11,2025-03-31,1,6020587.01,6020587.01
7132,7,6,49,3,2024-08-09,1,4059890.35,4059890.35
7133,2,1,33,5,2022-02-02,1,3620113.84,3620113.84
7134,20,3,13,8,2022-12-15,1,3478326.27,3478326.27
7135,28,3,32,7,2023-05-11,1,4716266.59,4716266.59
7136,7,14,28,3,2023-08-30,1,5483249.85,5483249.85
7137,23,12,48,1,2024-12-21,1,2675476.77,2675476.77
7138,43,12,51,8,2022-09-13,1,5236619.68,5236619.68
7139,7,3,55,1,2024-02-23,1,4467422.1,4467422.1
7140,33,3,7,3,2022-05-29,1,2507984.36,2507984.36
7141,7,2,54,6,2022-01-18,1,5688417.49,5688417.49
7142,12,6,17,6,2024-03-30,1,4084407.16,4084407.16
7143,14,3,21,4,2025-01-12,1,1698326.81,1698326.81
7144,21,11,41,8,2022-03-31,1,1176443.24,1176443.24
7145,17,10,34,6,2025-05-26,1,416761.74,416761.74
7146,25,5,50,3,2022-01-03,1,1774362.8,1774362.8
7147,17,9,41,4,2023-09-22,1,450718.5,450718.5
7148,3,15,40,1,2022-01-02,1,710999.5,710999.5
7149,33,1,33,9,2022-11-30,1,2599481.99,2599481.99
7150,11,12,23,2,2024-10-07,1,1628032.76,1628032.76
7151,15,10,45,6,2025-07-18,1,3176063.06,3176063.06
7152,7,13,23,6,2025-02-22,1,2156203.63,2156203.63
7153,21,15,49,1,2022-12-20,1,1084659.23,1084659.23
7154,9,1,49,9,2024-10-05,1,1217921.45,1217921.45
7155,28,1,25,9,2022-07-11,1,3784852.4,3784852.4
7156,37,4,55,8,2023-04-20,1,4005091.07,4005091.07
7157,1,13,41,11,2024-03-17,1,3093385.78,3093385.78
7158,1,1,41,3,2025-10-14,1,1504106.42,1504106.42
7159,1,2,22,11,2025-12-20,1,1922566.06,1922566.06
7160,37,3,18,4,2022-03-08,1,2374156.08,2374156.08
7161,6,1,28,6,2024-05-20,1,2647915.6,2647915.6
7162,18,3,52,9,2023-10-19,1,2180639.74,2180639.74
7163,13,11,38,10,2025-09-13,1,773230.08,773230.08
7164,25,15,49,4,2022-08-20,1,3177604.3,3177604.3
7165,40,10,31,7,2023-04-13,2,4047443.63,8094887.26
7166,38,4,6,4,2025-11-13,1,1406653.61,1406653.61
7167,13,11,16,2,2023-06-27,1,603526.25,603526.25
7168,26,4,20,12,2025-10-07,1,2909859.82,2909859.82
7169,34,4,38,8,2022-12-04,1,1667379.49,1667379.49
7170,27,14,5,6,2025-11-04,1,1802246.65,1802246.65
7171,13,11,29,3,2024-01-30,1,473724.62,473724.62
7172,2,6,11,5,2024-05-29,1,2386375.06,2386375.06
7173,30,2,44,8,2022-11-16,1,1179406.44,1179406.44
7174,24,3,29,3,2024-06-11,1,1055392.78,1055392.78
7175,3,2,10,7,2024-05-02,1,731910.82,731910.82
7176,14,3,20,3,2022-02-25,1,913993.83,913993.83
7177,18,12,1,11,2024-01-02,2,1737569.35,3475138.7
7178,32,6,34,3,2023-08-05,1,1778102.32,1778102.32
7179,20,10,47,6,2023-01-15,1,2481065.86,2481065.86
7180,14,2,51,7,2022-12-27,2,1595831.41,3191662.82
7181,27,14,49,8,2022-10-24,1,3333313.13,3333313.13
7182,7,6,30,6,2025-03-07,1,2426511.67,2426511.67
7183,25,11,20,7,2022-03-18,3,1767289.74,5301869.22
7184,17,4,6,8,2023-08-26,1,594461.2,594461.2
7185,39,15,51,6,2024-03-15,1,3155242.33,3155242.33
7186,20,3,30,1,2024-03-03,1,2007743.32,2007743.32
7187,15,12,51,6,2024-05-08,1,2550425.19,2550425.19
7188,38,3,51,2,2022-02-23,1,1163122.11,1163122.11
7189,29,3,1,2,2025-04-05,2,608676.09,1217352.18
7190,16,9,13,5,2024-10-03,1,448040.22,448040.22
7191,17,1,35,7,2024-03-03,1,671356.63,671356.63
7192,28,12,5,3,2022-02-09,1,4488176.34,4488176.34
7193,14,4,23,9,2024-01-16,1,1364415.24,1364415.24
7194,8,11,53,4,2022-06-29,1,879915.45,879915.45
7195,30,6,1,5,2023-10-09,1,4417564.83,4417564.83
7196,27,6,34,7,2023-05-20,1,1662897.58,1662897.58
7197,9,1,27,6,2024-03-10,1,2628710.77,2628710.77
7198,17,11,45,3,2022-07-11,1,634504.52,634504.52
7199,12,3,43,6,2022-07-13,1,2763306.65,2763306.65
7200,34,10,24,12,2025-10-15,1,2713453.78,2713453.78
7201,28,9,16,6,2023-04-01,1,4601017.66,4601017.66
7202,41,10,13,3,2023-11-15,1,2685476.95,2685476.95
7203,23,11,5,1,2023-11-05,1,4039828.56,4039828.56
7204,17,13,25,4,2022-04-28,2,627698.12,1255396.24
7205,16,4,47,12,2024-08-22,1,580264.45,580264.45
7206,40,3,55,3,2025-07-10,2,2205942.68,4411885.36
7207,19,5,30,7,2025-12-30,1,839152.62,839152.62
7208,40,1,40,5,2025-04-12,1,6602130.75,6602130.75
7209,14,11,19,9,2025-08-29,1,1705083.35,1705083.35
7210,17,5,52,6,2025-02-25,2,596043.1,1192086.2
7211,13,5,34,3,2023-09-14,1,590898.26,590898.26
7212,16,3,47,8,2024-07-19,1,714814.6,714814.6
7213,10,4,39,12,2025-08-10,1,4271584.54,4271584.54
7214,7,1,9,12,2025-07-08,2,1451738.97,2903477.94
7215,11,14,6,5,2025-07-17,1,1466029.16,1466029.16
7216,32,2,37,6,2024-12-07,1,2049091.33,2049091.33
7217,28,3,7,6,2022-06-14,2,2267325.37,4534650.74
7218,28,2,7,12,2025-03-22,3,2718195.34,8154586.02
7219,38,11,52,6,2024-05-08,1,3393769.23,3393769.23
7220,41,2,10,2,2025-04-19,1,4608573.73,4608573.73
7221,7,2,40,11,2024-09-10,1,2931917.76,2931917.76
7222,9,5,16,3,2022-12-31,1,2344367.08,2344367.08
7223,11,4,20,3,2025-04-06,1,2751923.91,2751923.91
7224,20,1,36,7,2024-07-08,1,1196778.74,1196778.74
7225,8,14,41,4,2024-08-17,3,717558.77,2152676.31
7226,33,11,44,8,2023-06-08,1,842181.37,842181.37
7227,28,3,32,7,2024-06-02,2,1980142.91,3960285.82
7228,28,3,3,3,2024-02-06,1,2192532.33,2192532.33
7229,19,5,40,3,2022-11-07,2,1927626.66,3855253.32
7230,36,3,47,7,2024-09-06,1,2892944.43,2892944.43
7231,27,2,6,6,2022-01-06,1,2031185.45,2031185.45
7232,11,8,60,6,2025-11-17,1,1948117.69,1948117.69
7233,43,6,43,6,2024-09-28,1,3905829.22,3905829.22
7234,26,4,16,1,2024-03-08,1,1239061.43,1239061.43
7235,28,3,39,6,2025-10-13,3,2815833.75,8447501.25
7236,6,11,15,5,2024-04-14,1,2820643.77,2820643.77
7237,28,14,3,6,2022-05-09,2,1491486.03,2982972.06
7238,28,1,2,9,2024-02-20,1,1383639.98,1383639.98
7239,34,5,34,6,2022-01-13,1,3179862.67,3179862.67
7240,43,4,48,6,2025-11-15,1,3525820.14,3525820.14
7241,39,1,53,4,2024-05-29,1,2144758.06,2144758.06
7242,35,3,11,12,2023-04-28,2,1169273.82,2338547.64
7243,25,1,55,6,2024-02-27,1,1394721.14,1394721.14
7244,6,1,52,6,2022-01-10,1,3052202.6,3052202.6
7245,42,4,45,4,2022-06-05,1,1446593.59,1446593.59
7246,29,5,4,7,2023-07-09,1,653151.55,653151.55
7247,15,12,39,9,2025-05-15,1,3049510.77,3049510.77
7248,40,15,36,4,2022-05-06,1,1333901.12,1333901.12
7249,31,1,26,4,2024-04-21,1,1556300.29,1556300.29
7250,20,2,22,8,2022-10-22,1,1672911.5,1672911.5
7251,24,6,11,3,2025-04-13,1,4094323.84,4094323.84
7252,9,12,48,5,2022-06-25,1,2510023.51,2510023.51
7253,35,1,38,6,2024-02-28,1,3022593.78,3022593.78
7254,28,1,36,3,2023-11-23,1,1920890.45,1920890.45
7255,7,11,11,3,2024-02-13,1,2131834.99,2131834.99
7256,30,2,3,6,2022-08-22,1,3777780.36,3777780.36
7257,33,5,13,4,2024-11-27,1,2434886.57,2434886.57
7258,18,2,45,12,2024-08-08,3,1373511.93,4120535.79
7259,4,10,21,6,2024-10-05,1,945602.34,945602.34
7260,32,5,45,3,2024-05-31,1,2849493.55,2849493.55
7261,30,9,5,10,2022-05-23,1,4434719.52,4434719.52
7262,29,15,12,7,2022-05-27,1,474760.41,474760.41
7263,16,4,4,3,2023-08-22,2,431672.89,863345.78
7264,6,1,1,6,2023-01-18,1,3105793.03,3105793.03
7265,1,1,41,2,2025-03-28,2,3704182.27,7408364.54
7266,11,11,52,9,2022-07-05,2,3977755.62,7955511.24
7267,28,2,53,3,2023-04-17,1,3591565.15,3591565.15
7268,25,4,29,11,2022-05-30,1,1261483.88,1261483.88
7269,11,3,33,6,2024-03-28,1,4501316.98,4501316.98
7270,20,1,53,7,2024-07-28,1,993653.8,993653.8
7271,26,12,39,9,2024-12-21,1,1723994.87,1723994.87
7272,8,5,13,10,2023-10-23,2,621136.51,1242273.02
7273,41,4,17,6,2025-08-12,2,1962482.93,3924965.86
7274,15,3,11,7,2023-02-25,1,3838503.81,3838503.81
7275,12,5,24,8,2022-05-11,1,986014.37,986014.37
7276,1,11,1,10,2025-09-22,1,2742443.09,2742443.09
7277,19,3,51,8,2025-05-04,1,1725586.55,1725586.55
7278,18,1,44,2,2024-10-12,1,2965158.96,2965158.96
7279,15,5,51,5,2023-04-06,1,4876303.84,4876303.84
7280,16,1,8,1,2025-09-21,1,444802.95,444802.95
7281,40,15,51,6,2023-08-07,1,5956480.9,5956480.9
7282,18,4,52,12,2024-12-04,1,3278258.37,3278258.37
7283,29,2,8,7,2024-02-11,1,428158.77,428158.77
7284,13,9,28,1,2025-06-17,1,703672.33,703672.33
7285,1,5,19,3,2024-04-17,1,2571529.63,2571529.63
7286,39,3,42,8,2024-09-25,1,1365735.81,1365735.81
7287,39,5,22,6,2025-03-01,1,3678283.19,3678283.19
7288,24,2,47,9,2024-01-10,1,1515793.08,1515793.08
7289,39,2,46,11,2025-05-08,1,4850100.06,4850100.06
7290,16,2,15,4,2022-09-10,1,494101.23,494101.23
7291,18,2,52,9,2024-09-13,1,2372616.56,2372616.56
7292,33,13,55,2,2024-11-16,1,3558130.33,3558130.33
7293,12,3,21,5,2023-12-29,1,2608270.66,2608270.66
7294,11,5,14,11,2024-09-24,3,3167538.76,9502616.28
7295,18,3,54,4,2024-05-05,1,2710612.66,2710612.66
7296,17,3,11,6,2024-03-23,1,737682.65,737682.65
7297,25,5,42,7,2025-01-12,1,779138.21,779138.21
7298,20,5,2,10,2022-03-15,1,1371979.5,1371979.5
7299,28,6,53,3,2023-02-20,2,3994288.83,7988577.66
7300,23,1,28,1,2022-08-10,1,3594784.35,3594784.35
7301,37,8,55,5,2023-07-09,1,2592015.49,2592015.49
7302,42,14,24,8,2022-06-04,1,1751134.99,1751134.99
7303,21,4,23,1,2022-09-05,1,1145605.7,1145605.7
7304,21,11,15,3,2024-04-12,1,1409985.55,1409985.55
7305,39,3,43,1,2023-01-12,1,4223578.79,4223578.79
7306,11,10,37,7,2022-08-05,2,1410351.18,2820702.36
7307,7,5,53,7,2022-06-01,2,3789736.78,7579473.56
7308,2,3,6,3,2025-07-04,1,2742580.09,2742580.09
7309,25,3,14,1,2023-06-08,1,3107100.56,3107100.56
7310,19,4,34,4,2023-06-29,1,2076887.47,2076887.47
7311,10,12,33,3,2023-02-26,1,4076925.88,4076925.88
7312,35,1,1,3,2022-07-22,1,1622450.48,1622450.48
7313,16,2,12,4,2025-08-14,2,542547.0,1085094.0
7314,34,6,52,1,2023-08-14,2,4654215.3,9308430.6
7315,1,5,32,7,2024-10-10,1,814416.6,814416.6
7316,13,11,29,1,2022-03-18,1,590910.53,590910.53
7317,26,6,30,8,2022-06-16,1,3404814.99,3404814.99
7318,12,3,28,8,2022-09-16,1,2257593.65,2257593.65
7319,8,4,25,1,2025-06-05,1,752338.82,752338.82
7320,20,5,6,7,2024-02-19,2,4156243.47,8312486.94
7321,7,3,35,8,2024-01-30,1,2166387.31,2166387.31
7322,26,3,39,8,2023-11-18,1,3928865.41,3928865.41
7323,23,6,21,10,2025-12-06,1,2453594.73,2453594.73
7324,34,4,5,3,2023-08-21,1,4560073.44,4560073.44
7325,1,3,2,9,2022-02-21,1,4439368.65,4439368.65
7326,26,2,18,3,2022-07-21,1,1985722.19,1985722.19
7327,8,2,15,3,2023-01-19,1,559227.92,559227.92
7328,2,12,39,6,2024-01-07,1,4670923.39,4670923.39
7329,19,2,16,11,2025-12-10,1,2053955.63,2053955.63
7330,14,9,30,3,2024-10-15,1,849988.48,849988.48
7331,35,12,11,4,2023-10-15,1,2204359.4,2204359.4
7332,33,5,18,1,2023-08-21,1,1967423.11,1967423.11
7333,12,5,19,3,2025-01-12,1,4384624.17,4384624.17
7334,21,1,42,2,2023-09-04,1,1445664.57,1445664.57
7335,14,12,44,5,2023-01-29,1,913110.33,913110.33
7336,12,5,21,11,2022-02-04,1,2728841.95,2728841.95
7337,22,5,22,3,2022-01-14,1,759640.94,759640.94
7338,26,2,25,4,2024-09-15,1,3854287.03,3854287.03
7339,3,3,4,7,2023-12-27,1,784611.04,784611.04
7340,17,3,16,3,2022-03-03,1,482402.69,482402.69
7341,9,4,18,3,2025-04-22,1,1658254.86,1658254.86
7342,15,5,15,4,2022-11-13,1,1915404.99,1915404.99
7343,7,5,41,9,2025-07-17,1,2373844.3,2373844.3
7344,13,12,14,1,2024-05-16,1,476295.54,476295.54
7345,17,3,25,9,2024-02-05,2,553893.03,1107786.06
7346,30,11,17,4,2025-07-29,2,2689609.5,5379219.0
7347,13,2,41,12,2023-03-10,1,637623.95,637623.95
7348,6,1,44,12,2022-03-25,1,1551632.33,1551632.33
7349,11,8,36,1,2022-03-10,1,2740137.95,2740137.95
7350,41,5,34,1,2025-03-16,1,4248865.84,4248865.84
7351,28,13,27,9,2024-05-30,2,2989138.26,5978276.52
7352,21,11,28,4,2025-05-08,2,1383538.79,2767077.58
7353,23,6,51,3,2022-04-02,1,1796387.11,1796387.11
7354,7,3,15,3,2025-06-27,1,5525237.5,5525237.5
7355,21,2,16,6,2023-03-16,1,1400610.5,1400610.5
7356,36,5,22,8,2025-09-26,1,1299982.52,1299982.52
7357,40,2,14,3,2023-04-06,1,4351895.15,4351895.15
7358,2,6,35,11,2024-03-27,2,930292.06,1860584.12
7359,4,3,24,4,2025-12-13,1,821541.37,821541.37
7360,40,10,20,3,2024-10-09,1,1817080.83,1817080.83
7361,28,7,33,1,2025-07-17,1,4060179.78,4060179.78
7362,38,2,21,7,2024-09-03,1,3502035.08,3502035.08
7363,12,3,9,5,2025-12-03,1,4475797.51,4475797.51
7364,1,15,25,3,2023-03-03,1,3671540.08,3671540.08
7365,20,3,5,7,2022-02-21,1,4876163.23,4876163.23
7366,31,1,2,10,2022-05-28,1,4273738.08,4273738.08
7367,33,1,57,2,2025-10-03,1,2425267.03,2425267.03
7368,42,3,47,6,2022-07-11,1,1461532.64,1461532.64
7369,30,10,10,1,2025-12-24,1,4596631.98,4596631.98
7370,4,12,37,9,2024-06-04,1,1515762.68,1515762.68
7371,18,3,55,6,2025-03-06,1,2819841.88,2819841.88
7372,25,12,45,8,2024-07-13,1,1024843.62,1024843.62
7373,37,6,1,6,2023-05-05,1,2956085.53,2956085.53
7374,37,6,3,3,2023-07-16,2,2406656.65,4813313.3
7375,39,4,29,7,2023-04-19,1,3104798.46,3104798.46
7376,13,3,43,3,2023-06-19,2,841705.22,1683410.44
7377,20,5,6,1,2024-02-02,2,3269599.01,6539198.02
7378,7,12,23,9,2025-04-12,1,1867709.46,1867709.46
7379,15,2,47,6,2024-04-23,1,3175204.98,3175204.98
7380,16,2,24,1,2023-05-20,1,579138.5,579138.5
7381,27,3,44,8,2024-01-11,1,2120239.92,2120239.92
7382,19,5,53,9,2022-06-27,1,1167446.99,1167446.99
7383,43,2,31,3,2023-11-12,1,3958650.08,3958650.08
7384,18,2,24,9,2022-09-08,1,1638088.12,1638088.12
7385,43,9,5,5,2025-11-30,2,2993683.32,5987366.64
7386,35,5,24,8,2022-05-31,1,2570694.21,2570694.21
7387,18,10,44,11,2024-06-17,2,3822538.02,7645076.04
7388,8,1,4,10,2024-09-10,1,762440.04,762440.04
7389,37,11,12,9,2022-09-15,1,2930559.61,2930559.61
7390,26,2,7,6,2025-12-17,1,4158532.47,4158532.47
7391,6,11,1,8,2023-07-04,1,1863631.22,1863631.22
7392,36,2,52,1,2025-09-20,1,1000659.47,1000659.47
7393,25,15,40,5,2022-08-08,1,3464053.52,3464053.52
7394,28,6,51,6,2023-11-06,2,3141740.91,6283481.82
7395,28,12,55,7,2024-12-07,1,1721329.49,1721329.49
7396,30,7,8,5,2024-09-22,2,2084773.61,4169547.22
7397,5,1,28,5,2025-01-24,1,10534562.83,10534562.83
7398,23,2,36,12,2024-01-23,1,1361267.26,1361267.26
7399,8,3,22,11,2023-08-14,1,743484.03,743484.03
7400,40,1,38,6,2022-07-03,1,1768113.0,1768113.0
7401,7,3,55,6,2024-12-31,1,3765158.35,3765158.35
7402,12,3,40,10,2024-04-22,1,4609333.68,4609333.68
7403,19,14,19,1,2023-01-29,1,1593221.61,1593221.61
7404,6,8,44,5,2023-02-07,1,3095949.05,3095949.05
7405,26,6,15,8,2025-07-24,1,3446167.67,3446167.67
7406,26,1,19,4,2025-07-05,1,3584622.52,3584622.52
7407,8,14,34,8,2025-01-02,2,841559.51,1683119.02
7408,26,5,47,6,2022-04-16,1,4058189.03,4058189.03
7409,13,12,28,2,2025-02-27,2,702791.35,1405582.7
7410,41,5,23,3,2024-05-22,1,1628758.66,1628758.66
7411,9,5,12,8,2022-09-23,1,2479939.25,2479939.25
7412,18,4,18,9,2025-08-19,3,1172231.38,3516694.14
7413,1,14,21,7,2024-08-25,1,4271003.11,4271003.11
7414,32,7,33,8,2024-03-31,1,2419473.2,2419473.2
7415,8,4,18,11,2025-11-12,1,627704.38,627704.38
7416,8,6,38,11,2024-05-28,1,645016.67,645016.67
7417,39,7,2,1,2024-07-05,1,4424415.95,4424415.95
7418,8,13,11,12,2025-03-30,1,585224.34,585224.34
7419,18,1,29,6,2022-05-22,1,3780175.29,3780175.29
7420,14,7,19,3,2022-04-01,1,929267.88,929267.88
7421,39,11,14,12,2024-08-24,1,1394168.62,1394168.62
7422,27,6,22,9,2025-09-27,1,1868649.81,1868649.81
7423,30,6,45,9,2022-09-07,1,1377529.9,1377529.9
7424,40,2,7,4,2025-01-13,1,1633872.47,1633872.47
7425,32,13,20,4,2025-01-30,2,3515915.21,7031830.42
7426,7,12,46,5,2024-01-26,1,3476219.0,3476219.0
7427,43,2,45,8,2024-05-02,2,1424610.74,2849221.48
7428,27,2,35,5,2023-06-05,2,1846296.47,3692592.94
7429,9,2,45,12,2025-12-05,1,1612261.52,1612261.52
7430,13,5,20,10,2024-04-14,1,625449.91,625449.91
7431,18,3,28,7,2022-07-25,1,1002608.25,1002608.25
7432,8,15,7,1,2024-04-18,1,798277.05,798277.05
7433,3,1,26,7,2022-11-30,1,599756.43,599756.43
7434,9,2,4,5,2022-05-23,1,1681918.22,1681918.22
7435,32,6,14,3,2024-01-02,1,1163154.92,1163154.92
7436,30,3,34,7,2023-08-08,1,4586637.5,4586637.5
7437,8,1,12,8,2024-07-26,1,769469.31,769469.31
7438,39,2,36,6,2022-03-17,1,1439652.57,1439652.57
7439,18,1,19,11,2023-12-26,1,878447.0,878447.0
7440,25,4,10,9,2022-06-01,1,1027746.41,1027746.41
7441,12,1,50,1,2023-04-19,1,4471306.69,4471306.69
7442,41,6,1,6,2023-01-28,1,3906193.36,3906193.36
7443,21,2,48,3,2023-06-27,1,1038240.52,1038240.52
7444,8,12,37,2,2022-09-19,1,731514.64,731514.64
7445,14,1,19,1,2022-02-27,1,1249086.25,1249086.25
7446,13,5,17,2,2023-03-31,2,672671.88,1345343.76
7447,26,8,20,5,2024-03-19,2,3472373.37,6944746.74
7448,11,1,47,10,2024-02-29,1,2709030.43,2709030.43
7449,11,3,46,6,2023-07-14,2,2214776.37,4429552.74
7450,25,3,43,5,2024-02-12,1,1868789.9,1868789.9
7451,17,5,20,7,2022-07-31,1,555363.66,555363.66
7452,17,8,1,3,2023-09-10,3,606087.35,1818262.05
7453,32,7,13,7,2023-08-11,1,1546705.96,1546705.96
7454,7,1,13,4,2025-06-25,1,2556582.81,2556582.81
7455,3,1,36,3,2024-01-20,1,464044.84,464044.84
7456,6,3,35,10,2024-09-12,1,1890210.86,1890210.86
7457,17,9,30,12,2023-03-20,1,471442.54,471442.54
7458,31,4,38,4,2025-09-09,1,1271588.09,1271588.09
7459,40,12,14,10,2023-07-18,1,2525138.96,2525138.96
7460,2,3,10,7,2022-03-31,1,3856253.51,3856253.51
7461,27,1,51,1,2025-11-30,1,3023990.0,3023990.0
7462,15,6,24,6,2022-12-21,1,4727166.77,4727166.77
7463,5,3,52,3,2022-04-05,1,9547191.85,9547191.85
7464,7,10,36,1,2023-05-25,1,1480351.48,1480351.48
7465,8,3,18,12,2025-11-25,1,670649.35,670649.35
7466,7,6,20,9,2025-01-22,1,3894534.01,3894534.01
7467,7,12,27,6,2022-12-31,2,1367483.88,2734967.76
7468,7,1,54,8,2023-06-12,1,2206064.48,2206064.48
7469,15,6,30,3,2023-02-12,1,4535848.92,4535848.92
7470,27,12,47,10,2023-01-14,1,1432058.13,1432058.13
7471,14,3,54,7,2023-02-17,1,1029694.99,1029694.99
7472,39,1,18,11,2023-06-13,3,4158189.49,12474568.47
7473,1,14,8,7,2022-01-20,1,2220889.66,2220889.66
7474,15,5,29,5,2025-06-21,1,5041708.26,5041708.26
7475,10,3,13,9,2023-01-22,1,4384910.28,4384910.28
7476,16,14,18,1,2024-06-26,1,473785.94,473785.94
7477,15,4,24,6,2023-11-20,1,3011028.9,3011028.9
7478,12,5,59,9,2024-02-09,1,3651325.58,3651325.58
7479,6,3,40,1,2022-11-28,3,1658151.51,4974454.53
7480,7,5,51,3,2024-05-22,1,2282328.81,2282328.81
7481,17,2,26,8,2025-11-13,2,467637.93,935275.86
7482,12,3,43,1,2022-06-21,1,2912280.16,2912280.16
7483,13,11,40,3,2023-06-16,1,816106.54,816106.54
7484,9,11,51,6,2023-12-21,1,1795295.36,1795295.36
7485,16,1,36,7,2023-07-31,1,620522.1,620522.1
7486,14,2,16,4,2024-12-06,1,1271828.58,1271828.58
7487,8,2,9,3,2023-10-28,1,893355.77,893355.77
7488,17,6,15,7,2025-06-27,1,582267.52,582267.52
7489,17,4,10,3,2022-08-13,1,537936.41,537936.41
7490,25,7,43,6,2023-12-28,1,2817230.56,2817230.56
7491,33,11,43,2,2025-07-25,1,2317335.79,2317335.79
7492,35,11,12,6,2025-05-07,1,2903352.95,2903352.95
7493,37,6,27,3,2023-08-06,1,6435122.29,6435122.29
7494,21,4,47,4,2022-06-15,1,1965637.67,1965637.67
7495,41,2,15,5,2023-09-28,1,1500115.12,1500115.12
7496,28,1,19,9,2022-03-30,1,2672962.64,2672962.64
7497,30,10,12,12,2022-06-30,1,1260889.06,1260889.06
7498,28,6,55,6,2025-10-30,1,3899075.57,3899075.57
7499,12,14,41,8,2022-03-01,1,1831427.72,1831427.72
7500,12,15,39,6,2022-08-26,2,2074795.26,4149590.52
7501,9,4,41,10,2024-06-27,1,2112507.92,2112507.92
7502,40,9,8,9,2023-03-22,1,6929011.84,6929011.84
7503,32,1,30,8,2025-09-05,1,2807802.77,2807802.77
7504,28,5,9,1,2023-03-25,1,2252909.81,2252909.81
7505,42,10,60,7,2025-09-10,1,2138831.58,2138831.58
7506,18,1,44,11,2025-07-22,1,4004282.85,4004282.85
7507,9,1,37,6,2023-04-23,1,1494820.0,1494820.0
7508,34,13,40,6,2024-11-25,1,2251260.06,2251260.06
7509,32,6,31,8,2023-01-08,1,2352262.84,2352262.84
7510,16,3,21,9,2025-10-27,1,606467.49,606467.49
7511,32,6,44,6,2024-07-06,1,4148136.64,4148136.64
7512,11,7,55,7,2023-03-18,1,3372819.05,3372819.05
7513,8,4,48,4,2023-12-31,1,532918.65,532918.65
7514,20,12,8,5,2024-04-27,1,2690587.87,2690587.87
7515,7,6,18,8,2024-02-10,1,5343478.15,5343478.15
7516,10,2,27,5,2024-11-23,1,2731873.16,2731873.16
7517,28,4,30,4,2022-12-21,1,1337334.13,1337334.13
7518,23,2,31,5,2022-09-10,1,2231241.91,2231241.91
7519,18,1,19,1,2024-02-05,2,2258928.77,4517857.54
7520,36,11,54,3,2022-07-01,1,2824892.93,2824892.93
7521,20,9,17,4,2022-02-11,1,3351177.39,3351177.39
7522,25,6,52,12,2024-08-26,1,934799.98,934799.98
7523,27,3,27,1,2023-10-28,1,1120664.66,1120664.66
7524,15,2,9,11,2025-02-21,1,2310208.65,2310208.65
7525,33,3,15,10,2024-11-18,1,3438407.54,3438407.54
7526,38,1,40,4,2025-11-08,1,3299668.28,3299668.28
7527,7,9,17,4,2022-04-23,1,4992167.74,4992167.74
7528,34,7,51,1,2023-03-21,1,2978734.42,2978734.42
7529,20,11,36,9,2024-02-26,1,4864219.94,4864219.94
7530,31,8,27,3,2024-10-27,2,2664355.4,5328710.8
7531,28,2,2,3,2024-11-23,1,1219752.22,1219752.22
7532,38,1,10,9,2024-06-06,1,4206527.45,4206527.45
7533,7,2,6,1,2023-06-18,1,5473839.17,5473839.17
7534,6,1,36,6,2024-02-27,1,3334434.75,3334434.75
7535,16,6,35,3,2025-08-24,1,645596.48,645596.48
7536,41,3,27,12,2025-06-04,1,2780304.14,2780304.14
7537,12,11,39,9,2022-06-15,1,3718140.79,3718140.79
7538,26,4,12,12,2023-05-15,1,2450814.36,2450814.36
7539,25,11,39,3,2023-03-22,1,1648925.99,1648925.99
7540,1,3,33,3,2025-05-05,1,3213047.75,3213047.75
7541,27,11,31,9,2024-08-29,1,1082400.15,1082400.15
7542,7,3,44,1,2025-10-14,1,5933366.65,5933366.65
7543,24,1,27,9,2022-05-18,1,919290.86,919290.86
7544,2,5,7,7,2023-03-25,2,1183403.48,2366806.96
7545,19,2,42,7,2023-07-22,1,904092.44,904092.44
7546,28,12,54,7,2023-12-16,1,1825841.81,1825841.81
7547,8,1,22,1,2022-06-27,2,950710.39,1901420.78
7548,1,7,23,10,2024-12-11,1,1808373.54,1808373.54
7549,7,3,44,9,2022-01-23,1,3048121.86,3048121.86
7550,35,5,31,7,2023-09-04,3,853726.72,2561180.16
7551,30,12,12,6,2023-10-30,1,1225081.38,1225081.38
7552,18,2,18,6,2022-12-16,1,2649593.79,2649593.79
7553,10,14,38,7,2025-05-29,2,3210106.22,6420212.44
7554,29,4,1,8,2023-10-16,2,509738.39,1019476.78
7555,10,12,14,4,2025-01-18,1,3186711.24,3186711.24
7556,14,1,18,1,2022-02-10,1,1537293.78,1537293.78
7557,20,11,38,6,2025-06-29,1,4740997.03,4740997.03
7558,33,15,33,2,2022-04-07,1,4200303.95,4200303.95
7559,18,1,50,6,2024-01-15,1,3568010.98,3568010.98
7560,38,7,3,3,2024-01-25,1,3059075.27,3059075.27
7561,11,6,31,8,2022-09-26,1,2541594.77,2541594.77
7562,35,3,32,8,2022-12-27,1,4225948.77,4225948.77
7563,19,11,2,4,2022-08-28,1,2439397.31,2439397.31
7564,42,9,53,5,2025-05-19,2,992946.39,1985892.78
7565,16,10,15,3,2024-12-08,1,716973.64,716973.64
7566,4,5,19,3,2022-01-07,1,1588819.16,1588819.16
7567,26,3,37,4,2024-11-03,2,2929730.25,5859460.5
7568,26,1,53,8,2023-04-15,3,3772584.69,11317754.07
7569,10,1,21,12,2023-09-06,1,2067592.01,2067592.01
7570,41,2,1,3,2024-04-29,1,3322043.63,3322043.63
7571,9,7,42,3,2022-07-17,1,1097727.97,1097727.97
7572,17,6,25,8,2023-08-13,1,475422.35,475422.35
7573,35,2,2,3,2024-06-21,1,2690673.01,2690673.01
7574,12,12,44,5,2024-02-07,1,1305819.83,1305819.83
7575,37,11,27,7,2022-01-14,1,5483029.55,5483029.55
7576,30,1,33,9,2022-11-11,1,3567353.36,3567353.36
7577,11,7,10,3,2025-05-10,1,4575731.52,4575731.52
7578,18,4,21,10,2024-12-05,1,4027438.48,4027438.48
7579,32,3,34,5,2025-02-11,1,4874147.76,4874147.76
7580,14,2,5,5,2024-10-13,1,1048043.52,1048043.52
7581,25,1,55,4,2024-04-11,1,4131352.15,4131352.15
7582,6,1,33,3,2025-12-01,1,1470403.99,1470403.99
7583,33,1,35,7,2023-10-08,1,1299388.02,1299388.02
7584,19,3,38,8,2023-03-04,1,1231427.54,1231427.54
7585,12,11,16,9,2022-10-22,1,4200029.15,4200029.15
7586,27,3,42,8,2023-12-05,1,2362574.02,2362574.02
7587,41,3,1,3,2024-05-27,1,5114168.34,5114168.34
7588,16,4,45,1,2023-12-13,1,408754.08,408754.08
7589,36,6,37,7,2024-06-01,1,2526964.31,2526964.31
7590,14,10,2,7,2025-02-07,3,1887060.07,5661180.21
7591,5,1,30,4,2024-10-10,1,8410784.16,8410784.16
7592,9,3,34,12,2023-10-05,1,2153417.32,2153417.32
7593,6,2,35,6,2022-02-05,1,2777059.8,2777059.8
7594,3,6,52,6,2024-06-28,1,595455.36,595455.36
7595,25,4,30,4,2025-11-14,1,4149510.43,4149510.43
7596,39,6,9,1,2022-09-16,1,3498812.69,3498812.69
7597,42,9,25,3,2023-09-05,3,1285508.71,3856526.13
7598,28,1,17,8,2024-01-10,1,1593571.69,1593571.69
7599,8,3,40,8,2022-09-14,1,925405.94,925405.94
7600,9,1,16,8,2023-02-20,2,1622933.85,3245867.7
7601,8,4,14,8,2025-08-29,1,908910.98,908910.98
7602,11,12,7,1,2025-10-06,1,2191151.55,2191151.55
7603,12,15,31,8,2025-06-24,1,1361914.37,1361914.37
7604,4,14,24,8,2022-12-27,2,898450.57,1796901.14
7605,8,5,37,6,2025-09-19,1,878381.58,878381.58
7606,29,2,3,7,2022-05-10,1,610996.83,610996.83
7607,10,6,52,5,2022-02-13,1,4114819.41,4114819.41
7608,9,5,27,7,2025-09-21,1,2481807.45,2481807.45
7609,29,2,21,10,2025-08-12,1,659080.48,659080.48
7610,33,15,24,6,2025-02-23,1,4092410.25,4092410.25
7611,1,10,53,7,2024-04-15,1,4421104.46,4421104.46
7612,24,2,13,7,2025-03-23,1,1581955.15,1581955.15
7613,22,2,45,8,2025-04-10,1,1932446.66,1932446.66
7614,9,1,32,10,2023-06-08,1,2339155.48,2339155.48
7615,43,13,36,6,2022-03-17,2,4606898.47,9213796.94
7616,6,5,14,9,2023-01-25,1,2311424.01,2311424.01
7617,27,12,49,6,2024-05-03,1,3202440.93,3202440.93
7618,28,1,18,6,2023-06-01,1,3644553.58,3644553.58
7619,38,4,54,3,2022-12-19,1,4800176.78,4800176.78
7620,10,1,5,10,2024-01-06,1,2673442.16,2673442.16
7621,43,11,19,4,2024-05-18,1,5002809.68,5002809.68
7622,17,5,39,8,2025-12-29,1,583113.37,583113.37
7623,7,1,12,3,2023-03-15,1,3423965.38,3423965.38
7624,34,6,23,6,2025-04-17,1,2158552.62,2158552.62
7625,42,2,52,8,2024-12-29,1,870213.59,870213.59
7626,43,7,5,6,2024-06-19,1,3413413.16,3413413.16
7627,18,6,39,7,2022-01-25,1,2462461.69,2462461.69
7628,26,4,15,7,2022-04-07,1,3903842.12,3903842.12
7629,11,12,30,3,2024-06-15,1,2219873.88,2219873.88
7630,33,13,44,6,2023-10-07,1,1702010.87,1702010.87
7631,34,12,6,12,2024-08-20,1,4508803.15,4508803.15
7632,29,2,45,3,2024-10-23,1,786074.26,786074.26
7633,15,1,53,7,2022-09-08,1,4033034.01,4033034.01
7634,15,12,11,3,2022-06-21,1,3092043.81,3092043.81
7635,3,11,22,6,2024-11-19,1,720114.07,720114.07
7636,13,11,48,7,2022-07-04,1,523758.65,523758.65
7637,21,4,48,4,2022-06-12,1,1244994.06,1244994.06
7638,32,4,47,3,2025-01-30,1,3120816.52,3120816.52
7639,39,1,23,11,2022-07-31,1,4224009.19,4224009.19
7640,32,5,36,8,2024-08-14,1,3957821.54,3957821.54
7641,18,6,24,6,2022-08-02,1,1449017.65,1449017.65
7642,22,6,21,12,2024-08-25,1,1583750.36,1583750.36
7643,41,4,45,12,2024-07-04,1,4679880.33,4679880.33
7644,9,4,8,9,2025-08-25,1,1495093.5,1495093.5
7645,34,1,29,6,2024-10-27,1,2937623.05,2937623.05
7646,11,4,2,3,2022-07-30,1,1792523.49,1792523.49
7647,12,5,6,3,2023-07-07,2,3508970.8,7017941.6
7648,10,12,26,3,2024-11-01,1,2628388.93,2628388.93
7649,14,15,54,1,2022-01-08,1,1126880.02,1126880.02
7650,32,7,30,5,2022-01-10,1,3330472.03,3330472.03
7651,5,13,44,5,2023-02-24,1,8895853.71,8895853.71
7652,34,13,13,5,2022-03-07,1,3039717.31,3039717.31
7653,37,5,46,9,2024-09-24,2,5184318.09,10368636.18
7654,30,6,32,7,2025-03-26,2,4368873.79,8737747.58
7655,21,2,1,1,2023-01-23,3,1053776.23,3161328.69
7656,17,9,22,8,2022-11-03,1,445131.31,445131.31
7657,29,2,21,5,2023-01-31,1,518686.33,518686.33
7658,29,6,2,4,2025-08-21,1,735372.56,735372.56
7659,16,11,36,9,2022-01-24,2,660119.22,1320238.44
7660,30,2,1,1,2024-12-27,1,4212629.84,4212629.84
7661,30,2,7,12,2022-12-26,1,1671270.23,1671270.23
7662,13,1,47,6,2022-12-31,1,745155.29,745155.29
7663,26,11,51,6,2025-05-27,2,2602440.38,5204880.76
7664,31,7,41,6,2022-08-12,1,2203309.35,2203309.35
7665,9,1,51,6,2025-01-18,1,1307304.31,1307304.31
7666,26,2,18,6,2022-03-14,1,913708.95,913708.95
7667,11,1,47,9,2024-08-08,3,3329850.83,9989552.49
7668,23,5,44,5,2022-10-31,1,4493843.28,4493843.28
7669,11,3,38,3,2022-01-16,1,4549828.89,4549828.89
7670,2,6,20,3,2025-04-28,1,3783838.99,3783838.99
7671,7,1,21,7,2024-09-22,1,1251574.4,1251574.4
7672,4,2,25,3,2022-07-21,1,833314.12,833314.12
7673,16,5,19,2,2025-10-05,2,437609.41,875218.82
7674,9,1,12,3,2022-11-20,1,2274010.73,2274010.73
7675,31,6,46,6,2024-11-04,1,1394981.6,1394981.6
7676,13,1,46,3,2025-06-18,1,542617.65,542617.65
7677,6,9,55,6,2023-04-04,1,3259609.72,3259609.72
7678,28,6,20,12,2023-01-02,1,4592009.89,4592009.89
7679,33,1,42,9,2025-07-26,1,3907603.2,3907603.2
7680,14,6,8,7,2025-03-15,1,874294.18,874294.18
7681,19,1,2,7,2025-05-02,1,1846931.84,1846931.84
7682,34,1,52,10,2022-08-22,1,3743243.12,3743243.12
7683,34,1,1,11,2023-09-10,3,3523991.85,10571975.55
7684,28,1,17,7,2024-02-19,1,4351185.08,4351185.08
7685,41,1,41,3,2023-12-15,1,3835569.84,3835569.84
7686,7,1,41,4,2023-12-20,1,5884626.16,5884626.16
7687,29,9,54,1,2022-10-19,1,652725.45,652725.45
7688,33,2,15,1,2025-03-26,1,4032671.94,4032671.94
7689,19,6,50,7,2024-07-20,1,1359210.14,1359210.14
7690,33,3,36,6,2025-02-02,1,2457799.59,2457799.59
7691,35,14,46,7,2022-10-07,1,3993859.01,3993859.01
7692,8,2,49,1,2024-03-10,1,827638.57,827638.57
7693,32,7,51,5,2025-08-29,1,3014949.49,3014949.49
7694,7,5,2,5,2023-08-18,1,2734183.65,2734183.65
7695,15,2,5,3,2024-08-28,1,3613001.77,3613001.77
7696,42,3,44,1,2024-09-17,1,1290782.65,1290782.65
7697,8,5,16,3,2024-01-06,1,565855.62,565855.62
7698,11,1,27,7,2024-10-31,1,2955114.53,2955114.53
7699,10,2,4,6,2024-11-20,3,2295945.08,6887835.24
7700,22,1,23,5,2025-06-15,1,1929056.14,1929056.14
7701,34,9,50,7,2023-12-09,1,1146814.71,1146814.71
7702,12,15,20,9,2025-12-13,1,4178094.8,4178094.8
7703,24,7,18,4,2023-07-08,1,4425844.82,4425844.82
7704,40,2,52,6,2025-11-28,1,1788625.54,1788625.54
7705,13,2,54,6,2022-10-16,1,834027.48,834027.48
7706,24,15,29,11,2025-05-13,2,3541568.85,7083137.7
7707,34,11,21,9,2023-09-15,1,2434147.32,2434147.32
7708,22,1,35,6,2022-12-12,1,1561728.96,1561728.96
7709,39,3,49,3,2022-07-29,1,934517.58,934517.58
7710,9,6,25,3,2022-08-04,2,1256174.88,2512349.76
7711,41,3,24,5,2025-07-12,2,2887253.29,5774506.58
7712,18,7,53,3,2023-10-17,1,1461214.95,1461214.95
7713,37,3,41,4,2023-11-06,1,1662123.11,1662123.11
7714,24,3,29,12,2023-11-28,1,4271704.75,4271704.75
7715,42,7,52,3,2024-08-29,1,1750981.37,1750981.37
7716,37,3,28,10,2024-01-16,1,2694189.89,2694189.89
7717,18,4,26,3,2024-02-24,1,2029637.65,2029637.65
7718,15,1,37,9,2024-07-30,1,3041827.51,3041827.51
7719,24,14,38,7,2023-12-11,1,3268859.27,3268859.27
7720,6,2,50,3,2024-07-05,1,2192873.64,2192873.64
7721,26,2,48,11,2022-08-26,1,988208.02,988208.02
7722,3,4,44,1,2023-03-16,1,628342.07,628342.07
7723,13,3,45,8,2022-07-24,1,878331.5,878331.5
7724,18,3,47,9,2025-07-09,1,3182783.1,3182783.1
7725,39,1,25,4,2024-10-08,1,1105398.45,1105398.45
7726,41,4,28,8,2022-02-22,1,3928122.46,3928122.46
7727,10,6,9,6,2024-06-01,2,2978342.51,5956685.02
7728,17,6,6,6,2024-04-19,1,449861.49,449861.49
7729,17,4,39,1,2025-10-25,3,735025.23,2205075.69
7730,3,7,51,7,2024-04-26,1,635750.86,635750.86
7731,16,2,27,4,2024-08-19,1,557177.43,557177.43
7732,26,2,46,7,2022-09-18,1,2191240.61,2191240.61
7733,34,7,22,8,2023-06-22,2,1832224.55,3664449.1
7734,6,12,20,8,2025-07-27,1,2229667.67,2229667.67
7735,5,3,33,8,2025-02-24,2,8932688.59,17865377.18
7736,12,4,41,3,2022-08-26,1,2814910.15,2814910.15
7737,15,1,16,7,2023-12-22,2,4113684.46,8227368.92
7738,16,2,36,11,2024-01-16,1,539813.37,539813.37
7739,18,11,35,9,2025-04-19,1,2624764.73,2624764.73
7740,18,5,2,11,2022-04-23,1,1913728.41,1913728.41
7741,33,3,41,7,2024-11-17,1,3593515.5,3593515.5
7742,15,6,54,11,2023-08-19,1,3313118.32,3313118.32
7743,32,13,42,6,2023-06-21,1,4106701.66,4106701.66
7744,43,8,46,12,2022-04-20,1,4078422.39,4078422.39
7745,9,4,35,7,2022-10-19,1,2323699.7,2323699.7
7746,28,12,18,4,2025-01-13,1,2157780.65,2157780.65
7747,38,3,52,3,2022-05-08,1,4456782.15,4456782.15
7748,41,1,18,7,2025-10-23,1,3586034.51,3586034.51
7749,21,6,28,3,2024-01-05,1,1774296.4,1774296.4
7750,7,2,38,5,2022-07-02,1,3587792.55,3587792.55
7751,42,2,54,4,2025-02-02,1,1159902.21,1159902.21
7752,26,3,47,7,2022-05-03,1,2114365.75,2114365.75
7753,32,7,8,12,2024-05-27,1,2234179.43,2234179.43
7754,8,3,16,3,2023-02-03,1,590029.43,590029.43
7755,11,11,21,6,2025-06-17,1,4564329.79,4564329.79
7756,7,4,12,6,2024-07-12,1,1395195.9,1395195.9
7757,31,4,17,4,2023-09-27,1,4153239.29,4153239.29
7758,33,12,4,6,2025-08-02,1,1980988.51,1980988.51
7759,25,10,25,1,2025-03-21,1,955611.58,955611.58
7760,18,12,38,8,2023-07-23,1,1739049.13,1739049.13
7761,16,1,8,11,2024-01-13,1,631269.69,631269.69
7762,37,2,44,11,2022-02-05,1,4840867.52,4840867.52
7763,30,7,12,3,2023-04-12,1,3370899.14,3370899.14
7764,38,2,3,6,2024-04-21,1,2902799.32,2902799.32
7765,25,2,9,1,2022-10-26,1,908481.83,908481.83
7766,26,2,36,4,2022-07-24,1,3277369.97,3277369.97
7767,26,5,11,1,2022-05-14,1,3030989.31,3030989.31
7768,37,4,29,3,2025-10-27,1,5666401.52,5666401.52
7769,17,4,34,2,2023-03-02,3,731057.38,2193172.14
7770,4,4,33,11,2024-06-04,1,728964.5,728964.5
7771,12,5,24,7,2022-03-04,1,2769744.39,2769744.39
7772,13,10,36,3,2025-07-21,1,837617.66,837617.66
7773,21,2,18,3,2025-01-18,1,1919808.03,1919808.03
7774,3,4,42,8,2024-11-12,1,749051.35,749051.35
7775,11,11,35,1,2024-08-17,1,4247803.88,4247803.88
7776,16,5,47,6,2024-01-09,1,652395.55,652395.55
7777,31,4,2,9,2023-12-14,1,2761315.09,2761315.09
7778,30,12,38,10,2023-09-07,1,2092499.25,2092499.25
7779,26,9,1,10,2024-01-22,1,3109499.17,3109499.17
7780,11,4,6,11,2025-11-11,1,4328370.72,4328370.72
7781,20,13,43,8,2025-02-08,1,1972595.87,1972595.87
7782,4,3,9,6,2024-01-30,1,1393210.99,1393210.99
7783,21,2,29,3,2025-03-17,1,1912665.55,1912665.55
7784,9,1,23,6,2024-09-11,1,2137131.48,2137131.48
7785,17,8,5,6,2023-07-27,1,583512.97,583512.97
7786,35,1,32,10,2025-10-15,1,2297520.18,2297520.18
7787,14,1,27,3,2022-09-23,1,1821463.2,1821463.2
7788,17,2,12,11,2023-11-28,1,462131.31,462131.31
7789,30,9,15,4,2025-02-03,1,3240048.41,3240048.41
7790,16,4,15,10,2022-07-17,2,537605.25,1075210.5
7791,7,3,23,9,2024-09-15,1,4368257.19,4368257.19
7792,26,3,46,1,2025-05-09,2,4060708.79,8121417.58
7793,21,4,54,10,2024-12-27,1,1605537.24,1605537.24
7794,4,1,27,1,2025-11-14,1,858178.6,858178.6
7795,2,2,12,2,2023-01-25,3,2711157.38,8133472.14
7796,28,14,46,1,2024-05-22,2,3782058.08,7564116.16
7797,8,6,29,11,2024-10-28,2,769519.0,1539038.0
7798,7,4,25,3,2023-02-11,3,4336172.69,13008518.07
7799,25,12,26,9,2022-08-16,1,2171466.65,2171466.65
7800,6,2,46,3,2025-12-29,1,3010520.78,3010520.78
7801,2,11,15,4,2025-02-11,1,1420537.88,1420537.88
7802,38,2,24,7,2022-05-05,1,3086678.79,3086678.79
7803,35,3,19,3,2022-01-03,1,4383526.36,4383526.36
7804,13,13,32,5,2024-08-15,1,780377.35,780377.35
7805,27,9,36,6,2023-10-01,1,2528033.55,2528033.55
7806,43,1,6,12,2023-02-14,1,1951251.5,1951251.5
7807,30,11,43,4,2022-04-17,1,1589059.61,1589059.61
7808,22,2,4,8,2025-10-12,1,1474403.65,1474403.65
7809,26,1,43,6,2023-06-11,2,1126504.13,2253008.26
7810,28,2,6,8,2022-01-26,1,3609937.46,3609937.46
7811,32,5,8,6,2024-02-11,1,2168151.03,2168151.03
7812,8,3,5,7,2022-09-16,3,639310.51,1917931.53
7813,37,2,52,3,2025-06-02,1,3205131.41,3205131.41
7814,41,4,17,4,2024-04-29,2,4170856.0,8341712.0
7815,37,4,29,12,2024-06-19,1,6456616.89,6456616.89
7816,3,13,24,12,2024-01-18,1,768367.22,768367.22
7817,20,5,47,2,2023-12-03,1,4942386.97,4942386.97
7818,19,1,42,8,2025-10-17,1,1245890.21,1245890.21
7819,41,6,45,1,2024-08-25,2,2515983.28,5031966.56
7820,35,4,51,6,2022-07-01,1,2918652.83,2918652.83
7821,15,6,16,7,2024-08-13,1,3380987.39,3380987.39
7822,21,1,6,4,2024-04-03,1,839006.86,839006.86
7823,43,1,2,3,2024-09-24,1,4978706.62,4978706.62
7824,29,2,22,10,2022-10-15,1,447278.99,447278.99
7825,39,15,20,5,2023-02-25,2,4497259.56,8994519.12
7826,25,4,14,6,2025-08-21,1,950072.33,950072.33
7827,38,2,6,12,2024-03-17,2,1330397.63,2660795.26
7828,28,12,11,12,2022-09-21,2,3750254.95,7500509.9
7829,17,3,7,12,2023-04-21,2,607427.44,1214854.88
7830,13,5,15,1,2025-12-14,1,824759.06,824759.06
7831,17,1,8,6,2025-11-09,1,445379.28,445379.28
7832,15,9,12,7,2023-05-27,1,2437478.76,2437478.76
7833,20,5,45,6,2025-11-04,1,4590771.44,4590771.44
7834,7,8,8,8,2022-09-24,1,3606633.31,3606633.31
7835,8,7,21,4,2023-02-21,1,855128.51,855128.51
7836,37,3,2,8,2023-11-19,1,3878434.06,3878434.06
7837,20,15,27,12,2025-06-22,1,2364720.63,2364720.63
7838,3,2,38,7,2022-08-29,1,631113.95,631113.95
7839,13,12,36,6,2025-03-03,1,508912.52,508912.52
7840,18,7,1,3,2023-10-04,1,3220356.06,3220356.06
7841,14,4,30,3,2023-03-02,1,1310312.9,1310312.9
7842,9,5,29,2,2024-09-02,2,1714862.1,3429724.2
7843,7,6,19,7,2025-07-28,1,5548139.95,5548139.95
7844,38,12,7,8,2023-12-10,1,2574500.27,2574500.27
7845,21,13,32,10,2024-11-06,1,1055235.45,1055235.45
7846,15,6,28,7,2022-03-13,1,3036935.6,3036935.6
7847,6,5,32,6,2022-09-24,1,3609526.36,3609526.36
7848,18,6,5,1,2025-03-16,1,1461344.41,1461344.41
7849,26,12,20,8,2025-06-01,1,2986732.47,2986732.47
7850,13,9,51,1,2025-04-13,1,476024.61,476024.61
7851,12,2,41,8,2022-11-27,1,876237.4,876237.4
7852,1,3,50,7,2024-09-21,1,2225406.35,2225406.35
7853,33,3,36,9,2024-08-02,1,4335283.09,4335283.09
7854,20,6,31,6,2024-01-15,1,4005659.37,4005659.37
7855,27,1,19,4,2022-05-12,1,1132787.16,1132787.16
7856,18,6,34,6,2024-03-01,1,1434484.18,1434484.18
7857,35,1,55,1,2025-02-04,2,4022859.2,8045718.4
7858,23,5,32,8,2024-09-29,1,3124358.07,3124358.07
7859,40,5,41,8,2023-02-01,3,4743699.89,14231099.67
7860,3,3,36,5,2025-08-24,1,616273.33,616273.33
7861,6,1,54,1,2025-06-23,1,1948941.03,1948941.03
7862,10,2,27,7,2024-09-26,1,2409995.57,2409995.57
7863,9,10,20,8,2022-03-01,1,2671506.48,2671506.48
7864,9,13,13,8,2024-11-12,1,1891926.05,1891926.05
7865,9,6,50,6,2023-04-18,1,1574609.6,1574609.6
7866,6,2,42,8,2022-06-24,2,1432703.81,2865407.62
7867,28,14,23,6,2023-02-08,1,2559870.44,2559870.44
7868,18,1,45,3,2022-12-21,1,3980355.96,3980355.96
7869,7,13,34,6,2025-02-23,2,1964263.52,3928527.04
7870,27,1,17,7,2025-10-29,1,4477014.42,4477014.42
7871,18,1,29,8,2023-07-13,2,3864264.24,7728528.48
7872,15,3,38,10,2022-06-13,1,4716617.92,4716617.92
7873,5,3,52,5,2022-09-10,1,9198912.81,9198912.81
7874,6,11,2,7,2023-09-13,1,2878847.17,2878847.17
7875,7,3,8,12,2024-10-28,1,5102086.11,5102086.11
7876,31,2,3,3,2022-04-23,3,2265287.33,6795861.99
7877,25,6,39,11,2024-10-06,1,1625689.61,1625689.61
7878,42,3,17,5,2025-01-06,1,1632419.62,1632419.62
7879,20,3,3,6,2025-02-11,1,5060653.46,5060653.46
7880,11,2,5,9,2024-08-15,1,4605786.61,4605786.61
7881,15,2,31,7,2025-06-18,1,1863157.5,1863157.5
7882,30,7,43,8,2024-09-02,1,2162403.65,2162403.65
7883,15,5,31,6,2023-12-31,1,4285158.89,4285158.89
7884,10,2,41,11,2025-10-03,2,3694870.59,7389741.18
7885,40,5,31,1,2022-02-17,1,4262125.68,4262125.68
7886,18,15,9,12,2024-08-03,1,2222864.87,2222864.87
7887,5,1,12,8,2022-03-09,1,10374145.49,10374145.49
7888,12,8,25,6,2025-06-29,2,2636560.52,5273121.04
7889,19,13,36,5,2022-08-27,1,846179.14,846179.14
7890,39,11,17,8,2022-11-10,1,2625524.66,2625524.66
7891,39,2,11,5,2022-12-24,1,1844498.82,1844498.82
7892,11,14,46,9,2024-12-30,1,4312510.69,4312510.69
7893,11,6,6,4,2023-11-22,1,1925075.85,1925075.85
7894,25,4,44,6,2023-01-25,1,3727660.71,3727660.71
7895,16,6,52,5,2022-04-30,2,617872.91,1235745.82
7896,6,14,44,7,2024-10-24,1,1425565.68,1425565.68
7897,33,10,34,7,2025-03-31,1,2759513.25,2759513.25
7898,9,1,31,2,2023-10-17,1,2474261.26,2474261.26
7899,3,1,12,7,2022-02-23,1,755041.58,755041.58
7900,25,3,22,9,2022-01-04,1,3468160.58,3468160.58
7901,18,12,48,4,2022-11-17,2,2608290.53,5216581.06
7902,22,4,2,5,2022-01-23,1,1652971.89,1652971.89
7903,12,15,27,12,2022-08-02,1,1267635.91,1267635.91
7904,20,4,49,3,2025-03-09,1,5057319.18,5057319.18
7905,35,11,8,7,2024-12-15,1,2085031.92,2085031.92
7906,13,9,11,3,2023-05-24,1,473503.69,473503.69
7907,32,8,54,6,2023-12-07,1,4859604.63,4859604.63
7908,15,3,2,1,2023-06-10,1,1822914.58,1822914.58
7909,24,4,4,1,2022-03-12,1,1755190.71,1755190.71
7910,8,12,26,11,2025-09-12,2,953665.9,1907331.8
7911,32,8,44,6,2024-11-01,1,3692320.7,3692320.7
7912,25,1,55,7,2023-05-17,1,4235415.47,4235415.47
7913,18,11,38,3,2024-10-04,1,3844110.56,3844110.56
7914,1,1,13,1,2023-04-13,1,4219467.93,4219467.93
7915,15,1,45,8,2024-05-20,2,2831194.28,5662388.56
7916,29,5,34,8,2023-05-07,1,602229.3,602229.3
7917,33,4,29,1,2022-04-24,3,3827705.25,11483115.75
7918,15,1,35,3,2024-05-08,1,2021684.2,2021684.2
7919,12,2,18,4,2023-07-17,1,1050500.38,1050500.38
7920,4,7,38,7,2022-06-23,1,1675096.11,1675096.11
7921,4,3,47,7,2023-10-04,1,1202378.69,1202378.69
7922,1,1,34,3,2022-05-05,1,1520293.63,1520293.63
7923,1,8,19,3,2022-01-07,1,4358087.95,4358087.95
7924,7,6,39,6,2025-03-17,1,1705137.64,1705137.64
7925,17,2,32,6,2025-10-26,1,736924.74,736924.74
7926,6,5,17,4,2022-06-12,1,1419286.94,1419286.94
7927,39,1,50,5,2022-11-17,1,4599875.9,4599875.9
7928,12,4,24,6,2022-03-08,2,2446721.57,4893443.14
7929,13,5,14,9,2023-07-01,1,728664.94,728664.94
7930,25,3,5,3,2022-06-11,1,2346093.4,2346093.4
7931,28,11,20,1,2023-12-22,1,2006305.12,2006305.12
7932,37,1,5,7,2025-06-26,1,5399461.93,5399461.93
7933,6,13,45,9,2022-12-12,1,2604920.76,2604920.76
7934,20,8,2,6,2022-06-22,1,3300757.32,3300757.32
7935,31,3,46,3,2024-04-13,1,3554063.74,3554063.74
7936,17,11,10,6,2023-02-26,1,665356.95,665356.95
7937,18,2,22,6,2025-03-18,1,2322708.53,2322708.53
7938,39,5,35,3,2022-11-19,1,4755579.37,4755579.37
7939,28,8,6,6,2022-08-15,1,1006609.42,1006609.42
7940,20,15,18,4,2025-08-16,1,2503459.33,2503459.33
7941,40,13,32,1,2022-01-23,1,2386414.63,2386414.63
7942,14,3,47,8,2024-08-19,1,1410587.94,1410587.94
7943,41,2,25,6,2025-01-04,1,1693586.92,1693586.92
7944,3,1,39,6,2024-06-15,1,755244.18,755244.18
7945,17,1,37,6,2025-03-28,1,569797.7,569797.7
7946,7,6,33,6,2022-08-28,3,3409408.18,10228224.54
7947,25,5,53,3,2022-08-25,1,3036852.44,3036852.44
7948,5,2,29,1,2022-02-06,1,8672042.41,8672042.41
7949,18,5,16,6,2022-03-02,1,3221296.4,3221296.4
7950,31,1,11,1,2024-02-02,1,2533361.86,2533361.86
7951,2,3,22,3,2023-08-09,1,1408709.67,1408709.67
7952,26,6,31,4,2022-12-16,3,4117913.88,12353741.64
7953,4,3,38,7,2023-10-29,1,1781919.3,1781919.3
7954,7,14,54,8,2024-01-09,2,1516366.8,3032733.6
7955,11,6,35,3,2025-04-15,1,4566497.22,4566497.22
7956,9,2,47,10,2025-09-05,1,1262993.46,1262993.46
7957,24,11,32,3,2022-10-21,2,2832463.49,5664926.98
7958,23,2,32,5,2025-07-16,1,3838879.06,3838879.06
7959,35,1,10,3,2024-09-12,1,2049885.85,2049885.85
7960,9,2,33,9,2025-08-07,2,1286363.56,2572727.12
7961,12,6,44,7,2023-01-05,1,1993357.35,1993357.35
7962,8,1,23,6,2023-09-18,1,808113.57,808113.57
7963,28,4,53,8,2024-11-21,1,3454042.76,3454042.76
7964,29,1,43,2,2022-08-13,3,636050.35,1908151.05
7965,33,2,32,5,2022-10-09,1,1409612.22,1409612.22
7966,21,2,17,7,2022-03-15,1,950233.98,950233.98
7967,34,6,29,6,2022-06-19,1,4030777.41,4030777.41
7968,13,8,18,8,2022-10-16,1,610014.15,610014.15
7969,25,4,13,3,2023-04-19,2,3030629.98,6061259.96
7970,10,2,24,12,2024-07-05,1,4103200.88,4103200.88
7971,26,4,15,12,2023-02-06,2,3689992.42,7379984.84
7972,42,15,8,2,2024-05-10,2,940775.3,1881550.6
7973,12,6,23,9,2022-03-13,1,4416964.58,4416964.58
7974,15,1,6,7,2023-04-02,2,1356459.99,2712919.98
7975,39,3,41,7,2024-02-01,1,4092308.06,4092308.06
7976,15,5,50,1,2023-05-13,1,1420739.61,1420739.61
7977,29,4,9,1,2025-09-17,2,452215.85,904431.7
7978,26,15,53,6,2022-12-25,1,1192032.31,1192032.31
7979,26,11,41,12,2025-02-13,1,3430683.99,3430683.99
7980,28,1,40,7,2024-04-26,1,3341883.79,3341883.79
7981,33,11,48,7,2024-07-16,1,2770376.68,2770376.68
7982,14,5,49,4,2022-06-15,2,1230730.5,2461461.0
7983,6,5,14,6,2023-01-25,1,1212498.41,1212498.41
7984,14,13,9,7,2024-03-06,1,1676936.8,1676936.8
7985,25,2,9,1,2022-06-17,1,3741263.0,3741263.0
7986,35,11,50,3,2025-11-16,1,3604585.45,3604585.45
7987,39,1,25,4,2025-10-29,1,4812579.55,4812579.55
7988,43,3,50,7,2023-06-01,3,2526582.95,7579748.85
7989,39,2,50,5,2025-05-03,1,4123737.36,4123737.36
7990,19,1,19,6,2023-02-12,1,1068789.39,1068789.39
7991,10,11,35,4,2025-09-13,1,3085134.58,3085134.58
7992,10,15,16,2,2022-02-13,1,3474032.43,3474032.43
7993,42,6,7,8,2025-06-30,1,1120720.14,1120720.14
7994,28,2,54,9,2023-05-03,2,2051567.66,4103135.32
7995,30,1,40,10,2022-10-31,1,1292351.25,1292351.25
7996,35,8,9,9,2025-08-03,2,3214470.85,6428941.7
7997,6,1,4,9,2025-05-12,1,1408216.73,1408216.73
7998,20,6,44,7,2024-06-15,1,3042616.07,3042616.07
7999,41,12,16,1,2022-03-09,1,4660617.88,4660617.88
8000,3,1,51,10,2025-07-18,1,819516.88,819516.88
8001,13,3,11,6,2023-06-14,1,521039.98,521039.98
8002,38,6,31,11,2022-09-18,1,2840092.65,2840092.65
8003,19,6,53,9,2023-06-16,1,2460860.48,2460860.48
8004,21,10,19,8,2023-03-15,2,870636.69,1741273.38
8005,43,3,33,6,2025-12-28,3,1025340.03,3076020.09
8006,30,2,43,4,2024-02-02,1,4333754.43,4333754.43
8007,23,6,3,1,2023-03-10,1,3039704.01,3039704.01
8008,32,1,53,5,2023-12-28,1,3402995.01,3402995.01
8009,37,4,10,7,2023-04-12,1,6401266.2,6401266.2
8010,34,4,8,3,2023-07-17,1,4369807.15,4369807.15
8011,41,3,51,4,2024-06-15,2,1586571.49,3173142.98
8012,19,1,23,12,2024-09-22,1,831483.75,831483.75
8013,12,5,40,6,2024-11-14,1,1982280.91,1982280.91
8014,37,2,39,5,2024-03-09,1,5150447.13,5150447.13
8015,18,2,43,9,2025-02-10,1,2441885.49,2441885.49
8016,20,6,53,9,2025-09-20,1,3992184.03,3992184.03
8017,41,2,52,8,2024-02-09,1,4127783.69,4127783.69
8018,39,7,28,4,2024-05-26,1,4888905.92,4888905.92
8019,24,7,3,3,2022-11-24,1,4553361.33,4553361.33
8020,40,15,46,6,2023-11-12,1,5396943.62,5396943.62
8021,33,3,36,12,2022-03-25,1,2492943.76,2492943.76
8022,3,5,11,12,2025-10-12,1,518729.34,518729.34
8023,11,12,19,5,2024-01-21,1,1341459.57,1341459.57
8024,11,6,22,8,2024-08-31,1,4241834.97,4241834.97
8025,8,5,52,9,2022-10-25,1,870070.39,870070.39
8026,3,1,30,6,2022-02-06,1,458422.0,458422.0
8027,29,1,13,3,2024-10-26,1,659419.87,659419.87
8028,4,3,28,9,2024-09-21,1,1327024.87,1327024.87
8029,7,1,19,3,2025-01-17,1,1662277.69,1662277.69
8030,4,3,28,2,2025-06-07,2,1127891.27,2255782.54
8031,33,15,21,1,2024-11-27,1,4298701.33,4298701.33
8032,10,6,8,4,2023-04-28,1,2082566.4,2082566.4
8033,24,5,50,1,2025-03-08,1,2624749.79,2624749.79
8034,22,3,52,4,2024-08-30,1,1081547.04,1081547.04
8035,17,6,21,9,2025-08-14,1,635899.78,635899.78
8036,41,4,10,1,2024-10-07,1,5264703.48,5264703.48
8037,4,4,31,3,2024-03-21,1,1401750.79,1401750.79
8038,18,4,29,5,2024-07-08,1,2508474.71,2508474.71
8039,29,6,22,4,2023-04-30,2,426369.51,852739.02
8040,30,15,18,7,2025-05-29,1,3034518.01,3034518.01
8041,5,6,36,5,2025-12-02,1,9316454.87,9316454.87
8042,8,3,29,9,2022-08-08,1,806963.78,806963.78
8043,26,6,34,7,2025-06-08,1,1651825.79,1651825.79
8044,2,2,42,1,2024-02-19,1,2457750.98,2457750.98
8045,37,2,13,3,2023-02-16,1,1658287.28,1658287.28
8046,13,1,13,3,2024-03-02,1,793821.19,793821.19
8047,12,5,38,12,2024-05-01,1,1848644.91,1848644.91
8048,39,6,8,4,2025-06-07,2,4097998.65,8195997.3
8049,7,9,45,9,2023-06-01,1,3077889.42,3077889.42
8050,24,6,28,1,2025-01-16,1,2626208.02,2626208.02
8051,42,12,10,7,2024-12-23,1,970898.87,970898.87
8052,41,12,20,6,2024-04-19,1,2139008.83,2139008.83
8053,20,1,2,8,2025-09-10,1,3433768.84,3433768.84
8054,1,9,50,8,2024-05-13,1,3915244.25,3915244.25
8055,14,3,43,1,2024-04-06,1,1480192.41,1480192.41
8056,15,3,38,4,2022-10-16,1,1198154.74,1198154.74
8057,4,5,12,5,2022-08-12,2,1571267.35,3142534.7
8058,32,13,43,3,2023-08-11,1,4225350.85,4225350.85
8059,16,1,34,1,2023-07-16,1,571502.52,571502.52
8060,38,2,22,7,2022-03-21,1,3076261.94,3076261.94
8061,34,13,53,2,2022-07-11,1,3734908.4,3734908.4
8062,18,1,3,12,2023-12-11,1,1607840.3,1607840.3
8063,40,15,41,7,2022-12-11,1,4246550.23,4246550.23
8064,36,2,38,3,2022-02-26,1,2334142.88,2334142.88
8065,19,6,9,1,2025-04-22,1,927916.05,927916.05
8066,27,1,14,2,2022-05-15,1,2958500.41,2958500.41
8067,14,1,20,6,2025-04-06,1,948916.2,948916.2
8068,28,1,47,7,2025-03-16,2,3292368.81,6584737.62
8069,31,15,46,11,2022-02-05,2,3633798.43,7267596.86
8070,16,5,20,3,2022-10-27,1,411560.2,411560.2
8071,25,4,33,3,2022-06-07,1,3425888.37,3425888.37
8072,1,2,29,5,2023-07-30,2,1882651.41,3765302.82
8073,9,5,49,1,2025-02-23,2,1416682.02,2833364.04
8074,37,6,41,6,2022-10-30,1,1560688.75,1560688.75
8075,8,3,2,1,2024-04-30,1,632829.52,632829.52
8076,23,2,34,1,2025-03-22,2,1020160.9,2040321.8
8077,19,8,10,1,2025-02-13,1,1437217.83,1437217.83
8078,26,12,43,4,2024-01-11,1,812647.51,812647.51
8079,37,13,10,5,2022-05-21,3,2532457.71,7597373.13
8080,33,6,22,3,2023-03-07,1,2409757.3,2409757.3
8081,28,4,35,5,2023-07-26,1,3559645.77,3559645.77
8082,38,3,16,1,2022-02-21,1,3533683.67,3533683.67
8083,37,1,18,5,2025-02-03,1,5026271.74,5026271.74
8084,26,11,8,6,2024-08-06,1,2137033.4,2137033.4
8085,2,11,54,8,2023-04-18,1,1088151.33,1088151.33
8086,18,3,52,6,2022-08-25,1,3764150.83,3764150.83
8087,26,2,17,1,2023-04-16,1,4159622.43,4159622.43
8088,23,3,44,10,2025-09-11,1,4184858.81,4184858.81
8089,40,2,52,6,2023-12-07,1,6807331.43,6807331.43
8090,33,3,8,3,2022-08-29,2,891574.59,1783149.18
8091,28,1,39,1,2025-07-03,2,1130389.89,2260779.78
8092,36,11,28,1,2024-12-01,3,1996469.11,5989407.33
8093,19,12,4,11,2023-06-04,1,2293895.35,2293895.35
8094,29,5,39,10,2024-02-11,1,736017.02,736017.02
8095,11,3,26,6,2022-08-21,1,3394001.78,3394001.78
8096,26,12,4,1,2024-06-27,1,2079028.34,2079028.34
8097,11,7,31,11,2022-03-15,1,1603978.22,1603978.22
8098,21,11,47,8,2024-10-10,1,1170778.23,1170778.23
8099,23,2,45,9,2023-09-13,1,1751895.72,1751895.72
8100,17,14,15,1,2022-03-31,1,718611.51,718611.51
8101,40,14,29,4,2023-01-10,2,7127015.13,14254030.26
8102,20,5,12,12,2022-07-20,1,2750133.83,2750133.83
8103,15,5,17,1,2025-09-27,1,4187528.99,4187528.99
8104,39,4,34,9,2023-08-02,1,4469951.43,4469951.43
8105,39,2,55,8,2023-10-02,1,4202192.71,4202192.71
8106,42,8,48,6,2023-02-03,2,1809687.27,3619374.54
8107,26,3,4,3,2023-12-23,1,1112763.46,1112763.46
8108,25,1,31,9,2023-06-17,1,976965.51,976965.51
8109,26,13,19,6,2022-07-18,1,3890209.69,3890209.69
8110,7,7,2,7,2022-12-29,1,3948508.0,3948508.0
8111,26,12,20,8,2025-08-11,1,1002266.18,1002266.18
8112,24,6,48,10,2024-06-22,1,2682861.36,2682861.36
8113,26,4,50,8,2024-09-21,1,3912742.67,3912742.67
8114,35,7,31,7,2022-02-27,1,1499372.43,1499372.43
8115,29,6,26,3,2024-12-27,1,441884.26,441884.26
8116,12,3,24,6,2024-07-29,1,2227025.91,2227025.91
8117,10,3,12,4,2024-02-23,2,2215012.74,4430025.48
8118,19,13,15,2,2022-12-02,1,1356724.86,1356724.86
8119,7,1,12,3,2023-04-28,2,4706939.15,9413878.3
8120,42,1,28,1,2024-11-25,1,1796823.28,1796823.28
8121,16,3,19,8,2024-12-18,1,726298.86,726298.86
8122,34,4,31,1,2024-09-26,1,3784961.47,3784961.47
8123,40,2,45,12,2024-09-30,1,6698712.59,6698712.59
8124,19,12,45,1,2025-07-22,1,991197.23,991197.23
8125,29,1,16,3,2023-09-15,1,497615.21,497615.21
8126,4,2,11,3,2022-12-19,1,1657571.96,1657571.96
8127,43,13,30,6,2022-06-12,1,3906627.58,3906627.58
8128,33,4,25,1,2025-05-12,1,3664641.96,3664641.96
8129,28,4,28,8,2025-05-01,1,2621750.88,2621750.88
8130,18,3,18,1,2025-01-22,1,943910.65,943910.65
8131,9,4,14,11,2022-08-16,1,2159057.47,2159057.47
8132,43,8,52,4,2025-06-25,1,1612251.35,1612251.35
8133,33,6,10,6,2022-08-12,2,4030163.08,8060326.16
8134,33,14,36,9,2022-10-23,1,2518606.6,2518606.6
8135,21,5,21,4,2023-12-15,1,1659285.64,1659285.64
8136,27,1,53,6,2023-05-25,1,1339571.53,1339571.53
8137,19,7,33,6,2022-07-27,1,991925.69,991925.69
8138,39,12,54,2,2024-10-05,1,3690372.12,3690372.12
8139,6,6,46,12,2025-11-03,1,2966421.65,2966421.65
8140,25,2,53,3,2022-08-29,1,3879377.14,3879377.14
8141,14,8,1,6,2022-05-16,1,828195.0,828195.0
8142,29,4,23,3,2025-03-06,1,618515.11,618515.11
8143,33,4,30,3,2022-11-18,3,3349522.79,10048568.37
8144,35,4,29,5,2022-02-26,3,2002663.11,6007989.33
8145,6,3,44,7,2023-07-03,1,3447707.18,3447707.18
8146,11,1,48,5,2024-09-20,2,985353.85,1970707.7
8147,17,12,28,1,2023-10-08,1,490912.42,490912.42
8148,43,1,50,1,2022-11-11,1,1519687.24,1519687.24
8149,36,1,23,9,2022-01-14,1,1231350.87,1231350.87
8150,25,11,36,1,2024-05-28,1,943149.5,943149.5
8151,26,3,14,7,2023-03-22,1,3745148.35,3745148.35
8152,28,2,22,12,2025-07-17,1,1413893.8,1413893.8
8153,13,4,31,6,2024-03-07,1,529134.89,529134.89
8154,40,1,34,3,2024-07-14,1,6716129.57,6716129.57
8155,34,8,55,7,2022-02-07,3,3151660.35,9454981.05
8156,32,3,27,6,2023-09-18,1,1062034.86,1062034.86
8157,7,3,47,1,2025-01-04,1,3626371.95,3626371.95
8158,20,9,54,7,2022-02-04,1,2037237.16,2037237.16
8159,19,3,16,9,2025-03-18,1,1651101.04,1651101.04
8160,9,5,55,3,2022-05-07,1,1561596.59,1561596.59
8161,36,2,38,12,2025-12-29,1,2473874.48,2473874.48
8162,18,1,22,10,2024-05-14,1,887974.61,887974.61
8163,20,3,55,3,2022-07-19,1,3382216.4,3382216.4
8164,38,1,44,8,2025-01-05,3,4085964.96,12257894.88
8165,26,8,25,1,2024-04-14,1,4026253.46,4026253.46
8166,26,13,55,6,2025-10-24,2,3023175.16,6046350.32
8167,19,1,46,6,2024-05-27,1,1429669.97,1429669.97
8168,20,13,35,5,2023-08-31,1,3723402.49,3723402.49
8169,27,2,33,10,2022-10-15,1,1726424.68,1726424.68
8170,22,8,31,1,2023-01-12,1,1715284.69,1715284.69
8171,19,6,46,1,2023-11-19,2,1813233.67,3626467.34
8172,25,2,19,2,2024-05-18,2,1937486.33,3874972.66
8173,18,1,21,5,2022-03-30,2,3040528.99,6081057.98
8174,35,2,51,4,2022-05-24,1,3706800.44,3706800.44
8175,35,1,10,8,2022-07-04,1,3564026.56,3564026.56
8176,36,2,45,6,2022-07-06,2,1613885.21,3227770.42
8177,27,13,34,6,2024-04-12,1,1092758.72,1092758.72
8178,13,1,40,1,2025-07-02,2,644043.43,1288086.86
8179,8,1,33,11,2023-08-24,1,522278.83,522278.83
8180,30,12,53,8,2022-08-08,3,2278177.22,6834531.66
8181,7,2,15,5,2024-12-11,1,1877832.69,1877832.69
8182,31,9,39,6,2023-01-13,1,4874995.43,4874995.43
8183,36,4,23,5,2024-12-08,1,1636615.72,1636615.72
8184,13,11,3,8,2025-01-13,2,861896.0,1723792.0
8185,6,11,12,7,2023-05-20,1,1397862.81,1397862.81
8186,24,9,13,5,2023-10-27,1,2175835.01,2175835.01
8187,1,2,37,7,2022-09-12,1,3643273.05,3643273.05
8188,33,13,50,5,2022-04-11,1,4414548.0,4414548.0
8189,28,3,24,4,2023-11-08,1,2771816.71,2771816.71
8190,43,4,27,9,2025-12-12,1,1841482.75,1841482.75
8191,30,11,45,9,2025-09-21,1,3985764.42,3985764.42
8192,29,8,2,6,2025-05-06,1,638015.06,638015.06
8193,26,1,9,5,2024-04-11,1,4173551.83,4173551.83
8194,31,8,7,4,2023-05-24,1,1448497.08,1448497.08
8195,2,2,11,3,2024-09-18,1,2803022.36,2803022.36
8196,39,4,55,6,2022-01-11,1,2584973.32,2584973.32
8197,18,1,43,11,2022-01-16,1,1698049.59,1698049.59
8198,19,8,12,3,2025-10-07,1,1076866.85,1076866.85
8199,12,1,5,7,2022-04-19,1,4609173.8,4609173.8
8200,11,4,22,9,2023-04-10,1,3274718.35,3274718.35
8201,27,3,18,3,2024-09-25,1,4591894.39,4591894.39
8202,13,3,22,3,2025-06-30,1,620498.68,620498.68
8203,36,3,38,7,2023-04-22,1,2319222.87,2319222.87
8204,12,11,27,3,2022-07-27,3,3407434.56,10222303.68
8205,27,14,46,3,2022-02-22,1,2217795.4,2217795.4
8206,15,5,18,6,2024-02-28,1,1163072.04,1163072.04
8207,36,3,54,3,2025-07-03,1,2058257.24,2058257.24
8208,12,2,18,9,2022-05-29,1,1066377.16,1066377.16
8209,6,7,32,3,2025-12-20,1,2336231.44,2336231.44
8210,13,3,45,8,2025-04-03,1,530261.91,530261.91
8211,39,6,1,6,2023-01-25,1,1527091.76,1527091.76
8212,26,1,55,6,2024-05-27,1,2008714.13,2008714.13
8213,31,2,7,2,2022-01-20,1,3046444.15,3046444.15
8214,27,9,16,6,2024-09-29,1,2679307.16,2679307.16
8215,2,1,33,8,2022-05-20,3,2505096.69,7515290.07
8216,18,1,6,4,2022-09-29,1,3895208.78,3895208.78
8217,30,3,16,2,2023-07-11,1,2872030.15,2872030.15
8218,7,2,9,9,2022-11-10,1,2305570.11,2305570.11
8219,13,5,53,7,2024-09-24,1,742923.13,742923.13
8220,21,5,13,6,2022-12-05,1,998868.78,998868.78
8221,30,11,45,1,2025-11-10,1,4255716.67,4255716.67
8222,33,5,28,6,2024-07-08,1,887807.22,887807.22
8223,3,3,17,7,2024-08-12,1,628457.69,628457.69
8224,41,1,44,12,2025-08-08,1,2216643.17,2216643.17
8225,6,2,20,6,2023-01-16,1,3524707.71,3524707.71
8226,11,3,43,4,2022-03-12,1,2558163.1,2558163.1
8227,37,2,42,3,2025-06-27,1,2467206.32,2467206.32
8228,25,2,47,6,2025-08-15,2,1404301.42,2808602.84
8229,13,9,19,6,2023-05-10,1,540139.19,540139.19
8230,31,2,9,5,2024-10-27,1,1398107.59,1398107.59
8231,38,15,47,10,2025-07-26,1,2303691.5,2303691.5
8232,22,13,44,11,2023-07-15,1,1662273.28,1662273.28
8233,30,14,46,7,2022-08-03,1,3009203.81,3009203.81
8234,7,2,35,9,2022-10-24,1,5285039.09,5285039.09
8235,39,11,49,8,2025-08-20,1,4540217.48,4540217.48
8236,38,1,30,3,2023-10-04,1,2587687.56,2587687.56
8237,8,6,4,10,2023-08-04,1,657380.81,657380.81
8238,33,5,31,1,2022-01-20,1,3551915.57,3551915.57
8239,15,10,52,6,2022-04-19,1,3101116.65,3101116.65
8240,4,3,5,4,2023-03-04,1,1725650.28,1725650.28
8241,26,1,50,3,2025-06-12,1,4043436.73,4043436.73
8242,42,5,44,4,2024-01-07,1,1348165.44,1348165.44
8243,28,1,34,6,2024-01-12,2,4351058.15,8702116.3
8244,3,4,12,7,2025-06-22,1,798539.0,798539.0
8245,28,2,24,3,2022-09-22,2,4221988.89,8443977.78
8246,2,1,57,2,2022-03-10,1,3396622.3,3396622.3
8247,20,1,3,6,2024-11-28,1,1188717.65,1188717.65
8248,7,5,15,9,2024-10-10,1,3402346.3,3402346.3
8249,15,13,4,12,2023-04-22,1,2882224.8,2882224.8
8250,23,3,1,7,2024-09-11,3,4585360.23,13756080.69
8251,38,11,53,2,2022-03-22,1,4209099.88,4209099.88
8252,10,13,37,3,2024-04-07,1,3156979.09,3156979.09
8253,30,2,34,2,2025-10-18,1,3952392.7,3952392.7
8254,11,1,15,5,2023-09-25,1,1029301.48,1029301.48
8255,5,4,19,4,2025-03-05,1,8723880.02,8723880.02
8256,13,5,35,6,2024-12-12,1,672774.77,672774.77
8257,22,9,29,7,2023-08-07,1,1597148.28,1597148.28
8258,13,4,53,4,2022-09-23,2,683341.26,1366682.52
8259,34,14,49,12,2022-10-02,1,4083691.88,4083691.88
8260,23,2,27,1,2022-12-24,1,3683948.27,3683948.27
8261,21,12,51,2,2025-08-11,1,837886.9,837886.9
8262,15,6,13,8,2025-07-01,1,4765958.19,4765958.19
8263,7,12,18,3,2025-07-12,1,5092423.69,5092423.69
8264,16,5,26,2,2025-01-28,1,502463.22,502463.22
8265,28,8,28,11,2022-03-23,3,1285531.04,3856593.12
8266,28,15,52,6,2022-01-27,3,1983494.17,5950482.51
8267,28,7,15,1,2022-09-07,1,2358103.0,2358103.0
8268,37,4,1,6,2024-03-11,1,2770001.47,2770001.47
8269,33,2,19,5,2022-06-06,1,2786233.66,2786233.66
8270,4,7,29,6,2025-05-16,1,1767206.91,1767206.91
8271,12,11,33,10,2025-02-05,1,1295825.28,1295825.28
8272,21,3,3,3,2022-07-26,1,1036461.42,1036461.42
8273,13,9,55,2,2023-05-01,1,730569.96,730569.96
8274,38,2,12,6,2022-03-13,2,3044774.94,6089549.88
8275,11,3,4,8,2025-04-12,1,1385937.71,1385937.71
8276,27,3,4,6,2023-11-02,1,1304759.8,1304759.8
8277,40,3,41,1,2024-01-21,1,1479989.78,1479989.78
8278,39,12,44,2,2025-09-10,2,3511619.97,7023239.94
8279,8,13,32,6,2023-04-25,1,619441.71,619441.71
8280,26,10,39,3,2024-04-04,1,978071.15,978071.15
8281,7,11,35,7,2022-09-09,1,4145084.79,4145084.79
8282,35,11,2,9,2022-04-16,1,1462324.79,1462324.79
8283,23,9,16,10,2022-06-13,1,3371396.02,3371396.02
8284,43,2,14,12,2024-11-08,1,2312469.25,2312469.25
8285,33,4,32,6,2022-07-27,1,989569.65,989569.65
8286,9,2,18,11,2023-06-10,1,2203710.91,2203710.91
8287,8,6,31,7,2022-12-09,1,575866.83,575866.83
8288,41,4,2,6,2023-06-06,1,3069536.52,3069536.52
8289,17,1,6,10,2024-02-12,1,705660.51,705660.51
8290,27,1,25,11,2022-12-19,1,1316081.4,1316081.4
8291,12,2,25,1,2025-05-06,1,1073539.75,1073539.75
8292,14,4,14,8,2025-10-01,1,1205721.97,1205721.97
8293,33,2,49,8,2023-05-15,1,3783810.06,3783810.06
8294,29,1,53,5,2023-09-03,1,785950.85,785950.85
8295,43,4,52,8,2024-10-22,1,2595406.98,2595406.98
8296,6,13,9,3,2025-03-26,1,1555433.98,1555433.98
8297,26,5,1,8,2024-04-07,2,3729666.06,7459332.12
8298,6,3,54,1,2025-12-10,2,2538579.18,5077158.36
8299,38,1,45,7,2024-05-20,1,1146571.07,1146571.07
8300,28,8,25,6,2024-05-06,1,1030142.78,1030142.78
8301,36,1,51,3,2024-06-11,1,2130406.03,2130406.03
8302,33,7,16,4,2024-06-23,3,3418577.77,10255733.31
8303,14,3,6,6,2022-08-08,1,769100.47,769100.47
8304,14,7,10,3,2023-06-21,1,1208490.86,1208490.86
8305,32,11,7,4,2024-12-27,1,3290877.01,3290877.01
8306,18,15,25,3,2023-02-06,1,2672822.88,2672822.88
8307,3,11,17,1,2024-07-11,1,502239.35,502239.35
8308,23,11,16,8,2025-11-23,1,1086456.32,1086456.32
8309,13,2,38,7,2025-05-28,1,662847.41,662847.41
8310,28,11,13,1,2024-03-05,1,2392075.03,2392075.03
8311,24,1,50,6,2025-08-12,1,3984238.88,3984238.88
8312,36,10,6,6,2025-10-27,1,1444511.98,1444511.98
8313,26,6,60,9,2025-12-22,1,3173645.16,3173645.16
8314,19,4,22,8,2023-08-11,1,1980993.29,1980993.29
8315,39,6,40,11,2024-01-24,1,4500197.97,4500197.97
8316,16,11,55,9,2023-10-20,1,560357.41,560357.41
8317,18,10,37,5,2023-03-28,1,2547701.76,2547701.76
8318,14,11,7,6,2024-09-28,2,1560323.99,3120647.98
8319,17,10,42,12,2022-06-07,1,645743.88,645743.88
8320,38,14,45,6,2022-04-26,1,2386871.57,2386871.57
8321,33,2,27,7,2022-11-06,1,1492702.5,1492702.5
8322,12,1,49,11,2024-08-21,1,4231403.3,4231403.3
8323,12,1,23,2,2025-11-15,1,879134.07,879134.07
8324,17,2,1,1,2024-01-03,1,634590.28,634590.28
8325,18,13,43,3,2024-09-14,1,1787726.87,1787726.87
8326,33,6,11,9,2024-07-09,1,1801706.41,1801706.41
8327,36,6,23,7,2023-02-04,2,1893441.68,3786883.36
8328,12,7,1,1,2024-08-23,1,4278621.24,4278621.24
8329,4,13,8,6,2024-12-05,1,1136182.91,1136182.91
8330,33,7,22,8,2023-01-27,1,2769013.98,2769013.98
8331,13,7,54,6,2022-04-24,1,603257.28,603257.28
8332,33,1,34,6,2022-01-14,1,3550213.05,3550213.05
8333,12,1,8,6,2024-08-02,2,3174405.09,6348810.18
8334,11,1,4,7,2022-12-12,1,1745766.05,1745766.05
8335,42,9,16,11,2025-02-06,1,1827633.01,1827633.01
8336,29,2,34,6,2025-10-01,1,624711.15,624711.15
8337,14,12,41,9,2025-04-14,1,1340631.59,1340631.59
8338,40,9,34,6,2023-10-25,1,4830438.72,4830438.72
8339,15,2,55,12,2023-01-10,1,2375697.07,2375697.07
8340,19,3,18,8,2024-09-07,1,899458.01,899458.01
8341,4,6,60,7,2025-06-02,1,1618180.33,1618180.33
8342,7,6,14,3,2025-09-10,1,1747779.08,1747779.08
8343,19,2,17,8,2022-03-25,1,2130285.7,2130285.7
8344,7,4,18,6,2025-04-15,1,5169501.06,5169501.06
8345,38,4,30,6,2025-10-13,1,3881072.56,3881072.56
8346,6,4,15,11,2022-12-07,1,2411385.38,2411385.38
8347,9,2,1,3,2022-09-20,1,1583864.29,1583864.29
8348,8,5,42,10,2022-05-20,1,562695.32,562695.32
8349,24,4,20,1,2025-04-06,1,2604169.89,2604169.89
8350,14,2,36,4,2024-11-05,1,1874176.99,1874176.99
8351,26,8,33,12,2022-06-01,1,1961575.23,1961575.23
8352,26,8,24,3,2024-10-14,1,4113090.62,4113090.62
8353,24,11,44,6,2022-04-13,1,4464233.0,4464233.0
8354,19,11,26,4,2023-04-05,2,1873957.75,3747915.5
8355,25,6,54,4,2025-09-21,1,852753.94,852753.94
8356,35,6,47,6,2025-03-03,1,4063242.32,4063242.32
8357,6,6,31,1,2023-01-16,1,3316457.79,3316457.79
8358,37,12,9,10,2023-02-13,1,3767441.34,3767441.34
8359,38,1,8,5,2022-05-10,2,4717400.34,9434800.68
8360,10,3,32,6,2022-03-01,1,4587589.17,4587589.17
8361,32,3,30,11,2025-01-01,1,1513826.0,1513826.0
8362,11,1,13,9,2025-08-27,1,2046971.61,2046971.61
8363,32,3,17,4,2022-05-04,1,2270395.58,2270395.58
8364,15,5,22,3,2024-09-20,1,3358818.73,3358818.73
8365,29,7,23,4,2022-03-24,1,653864.64,653864.64
8366,17,2,1,1,2025-01-05,1,669594.61,669594.61
8367,30,2,9,9,2025-08-07,1,3818792.81,3818792.81
8368,13,12,11,6,2023-08-30,1,526686.99,526686.99
8369,20,2,19,4,2025-02-22,3,2216210.02,6648630.06
8370,26,1,48,7,2025-10-24,1,1236046.11,1236046.11
8371,18,2,20,3,2024-02-08,2,1202268.85,2404537.7
8372,14,1,9,1,2024-09-29,1,849367.49,849367.49
8373,18,6,42,7,2024-08-20,1,1857336.94,1857336.94
8374,38,5,30,6,2024-10-10,1,3985767.21,3985767.21
8375,12,5,10,5,2025-07-03,1,1642775.0,1642775.0
8376,1,4,29,9,2022-03-08,1,2455284.64,2455284.64
8377,11,6,49,6,2024-01-03,1,1135902.64,1135902.64
8378,19,1,48,5,2022-01-14,1,1540865.38,1540865.38
8379,7,1,42,11,2025-12-08,1,1185150.26,1185150.26
8380,29,3,19,9,2023-08-15,1,672242.21,672242.21
8381,38,3,52,6,2022-05-19,1,3153671.65,3153671.65
8382,39,12,2,6,2023-09-04,1,3213458.56,3213458.56
8383,24,8,11,1,2025-02-01,1,3216681.09,3216681.09
8384,20,1,49,5,2023-08-31,1,4447429.43,4447429.43
8385,38,4,10,7,2022-09-20,2,4877252.95,9754505.9
8386,34,2,14,8,2025-08-13,1,2809724.73,2809724.73
8387,26,4,51,9,2023-04-15,1,1982200.68,1982200.68
8388,16,13,51,6,2022-03-03,1,553381.82,553381.82
8389,43,12,37,6,2022-09-28,1,3129569.21,3129569.21
8390,28,15,8,8,2023-04-27,2,851570.96,1703141.92
8391,28,6,53,7,2022-10-10,1,2603291.42,2603291.42
8392,42,1,44,8,2022-03-04,1,1642102.52,1642102.52
8393,4,11,49,9,2023-08-12,1,1087325.34,1087325.34
8394,7,9,45,6,2025-11-07,1,1176508.05,1176508.05
8395,15,3,31,6,2024-04-05,1,4657243.54,4657243.54
8396,29,3,55,7,2022-11-25,1,475507.03,475507.03
8397,21,8,15,5,2022-07-03,1,1574427.84,1574427.84
8398,18,2,4,8,2025-08-22,2,3188762.13,6377524.26
8399,23,15,37,9,2022-08-01,1,3332713.18,3332713.18
8400,39,1,21,7,2024-10-12,1,2098597.2,2098597.2
8401,38,1,15,9,2022-11-24,1,1903029.95,1903029.95
8402,13,6,42,1,2025-02-04,1,497990.27,497990.27
8403,25,2,28,7,2025-04-06,1,3142538.51,3142538.51
8404,2,4,34,7,2022-10-30,1,1884558.99,1884558.99
8405,11,13,23,3,2024-02-07,1,3174136.63,3174136.63
8406,31,4,15,10,2022-06-25,1,4011127.4,4011127.4
8407,28,2,2,8,2024-08-29,1,2775348.99,2775348.99
8408,26,2,16,5,2023-02-12,1,1592420.9,1592420.9
8409,2,2,45,1,2024-08-04,1,2240510.82,2240510.82
8410,9,6,35,8,2024-10-22,1,2575557.15,2575557.15
8411,9,5,15,7,2024-03-09,1,2224226.21,2224226.21
8412,11,4,17,3,2023-08-22,1,1865060.88,1865060.88
8413,25,2,25,8,2025-04-12,2,2834068.16,5668136.32
8414,32,3,14,1,2022-08-17,2,2561866.85,5123733.7
8415,39,3,34,7,2022-01-23,3,4327111.6,12981334.8
8416,5,10,25,12,2023-10-12,1,7067065.65,7067065.65
8417,18,10,22,7,2024-07-29,3,3182604.76,9547814.28
8418,34,5,23,4,2022-03-18,1,930566.85,930566.85
8419,9,2,27,7,2022-01-27,1,1560227.95,1560227.95
8420,17,14,23,6,2023-04-13,1,749801.11,749801.11
8421,28,11,11,3,2025-12-17,2,2645015.17,5290030.34
8422,16,12,12,12,2022-01-11,1,637628.34,637628.34
8423,35,4,31,9,2025-08-07,3,4496343.18,13489029.54
8424,42,3,26,8,2025-08-09,1,1173413.45,1173413.45
8425,25,14,8,1,2025-09-14,1,1986580.17,1986580.17
8426,16,14,10,6,2025-02-10,1,520685.39,520685.39
8427,7,7,46,3,2024-09-12,1,1985949.24,1985949.24
8428,19,5,51,8,2022-11-06,2,1850694.67,3701389.34
8429,19,2,13,9,2022-08-10,1,1470762.65,1470762.65
8430,12,14,54,7,2024-12-08,1,1170967.72,1170967.72
8431,14,1,5,8,2022-02-19,1,1081233.76,1081233.76
8432,16,4,44,3,2025-08-07,1,735483.15,735483.15
8433,41,1,35,8,2025-04-11,1,5077878.17,5077878.17
8434,41,5,1,6,2022-06-03,1,4338859.24,4338859.24
8435,34,2,31,5,2024-04-24,1,2224901.19,2224901.19
8436,20,6,25,3,2023-02-17,1,2474166.23,2474166.23
8437,12,1,53,7,2023-09-10,1,1590559.23,1590559.23
8438,18,1,13,7,2023-05-20,1,803682.61,803682.61
8439,11,12,31,8,2024-01-27,1,2430728.64,2430728.64
8440,20,1,9,1,2025-06-01,1,4364912.82,4364912.82
8441,35,3,40,6,2024-01-04,1,1582248.92,1582248.92
8442,15,12,19,6,2025-10-31,1,4822867.39,4822867.39
8443,3,10,36,6,2023-01-28,3,824861.22,2474583.66
8444,13,3,5,1,2022-01-19,2,849141.89,1698283.78
8445,22,3,41,2,2024-07-08,1,822390.35,822390.35
8446,42,3,33,6,2023-01-30,1,868919.01,868919.01
8447,32,1,9,9,2023-10-01,1,4787173.1,4787173.1
8448,33,3,24,6,2025-09-19,1,1741274.74,1741274.74
8449,31,4,23,3,2025-05-26,1,1712156.75,1712156.75
8450,11,2,6,6,2025-02-10,1,2111222.36,2111222.36
8451,17,13,25,7,2025-02-19,1,434090.51,434090.51
8452,27,12,45,6,2023-02-19,1,2445965.65,2445965.65
8453,19,3,52,1,2025-11-10,1,1830135.58,1830135.58
8454,43,13,14,12,2025-08-03,1,2970374.69,2970374.69
8455,26,11,34,1,2022-04-16,1,2568740.72,2568740.72
8456,15,2,43,8,2024-02-08,1,1395263.66,1395263.66
8457,39,1,24,6,2023-10-22,1,1383326.99,1383326.99
8458,43,5,15,4,2024-02-10,1,3877932.83,3877932.83
8459,36,14,35,3,2024-03-22,1,2394006.76,2394006.76
8460,42,4,24,12,2025-06-21,1,861425.45,861425.45
8461,6,6,7,1,2025-12-19,1,2820690.2,2820690.2
8462,40,4,25,7,2025-06-02,1,4870260.8,4870260.8
8463,11,2,16,5,2023-11-28,1,1542005.89,1542005.89
8464,29,5,14,2,2022-07-03,1,781566.34,781566.34
8465,31,12,8,5,2022-05-18,1,987645.33,987645.33
8466,20,6,36,6,2025-09-14,1,3684360.37,3684360.37
8467,19,11,22,6,2023-05-16,1,1192919.79,1192919.79
8468,14,10,52,9,2025-04-05,1,1239209.94,1239209.94
8469,43,15,38,1,2024-07-07,3,4362798.65,13088395.95
8470,13,2,40,1,2022-10-31,1,739265.06,739265.06
8471,43,6,50,9,2025-10-21,1,1026305.09,1026305.09
8472,17,12,5,3,2024-07-27,3,620241.86,1860725.58
8473,27,1,14,3,2022-07-06,1,3527600.97,3527600.97
8474,23,2,38,11,2023-12-21,3,1925672.3,5777016.9
8475,28,2,22,6,2024-06-18,1,3493535.74,3493535.74
8476,8,12,5,3,2022-09-30,1,519277.68,519277.68
8477,37,13,2,6,2023-05-03,1,5497844.08,5497844.08
8478,7,2,1,7,2023-11-05,1,2570685.75,2570685.75
8479,11,2,13,7,2025-09-22,1,3085887.74,3085887.74
8480,18,1,5,6,2025-08-28,1,850326.03,850326.03
8481,32,3,52,1,2022-12-07,1,3394476.31,3394476.31
8482,13,6,23,5,2024-10-06,1,696646.62,696646.62
8483,19,2,28,6,2024-06-19,1,2516453.91,2516453.91
8484,20,13,36,5,2025-01-30,2,2903845.6,5807691.2
8485,25,4,20,7,2022-09-14,1,2469047.32,2469047.32
8486,7,9,14,1,2025-05-24,1,5474249.73,5474249.73
8487,20,2,50,6,2024-02-01,2,4578988.84,9157977.68
8488,12,6,27,5,2022-02-17,1,3562390.13,3562390.13
8489,41,11,21,11,2023-12-24,1,1955474.24,1955474.24
8490,26,7,24,3,2022-03-20,1,4008096.39,4008096.39
8491,33,1,28,11,2022-02-11,1,2235809.55,2235809.55
8492,34,1,46,7,2022-01-07,1,2130961.42,2130961.42
8493,3,4,27,2,2022-07-28,1,759997.81,759997.81
8494,18,11,16,10,2023-11-14,1,2237053.68,2237053.68
8495,6,2,12,3,2024-08-06,1,3245942.19,3245942.19
8496,43,5,38,8,2025-06-12,1,1662871.62,1662871.62
8497,38,15,35,4,2025-10-27,1,2881301.45,2881301.45
8498,16,3,12,7,2025-09-17,1,722431.89,722431.89
8499,24,5,36,9,2025-06-06,1,3228726.55,3228726.55
8500,14,1,45,8,2022-10-01,2,1536545.31,3073090.62
8501,8,7,14,1,2023-01-30,1,921769.82,921769.82
8502,43,14,3,1,2022-09-17,1,4954720.88,4954720.88
8503,32,5,11,7,2025-03-21,1,3241224.61,3241224.61
8504,28,2,17,5,2025-09-07,1,1017903.88,1017903.88
8505,1,6,42,1,2024-06-10,1,2967042.66,2967042.66
8506,5,2,34,6,2024-12-31,1,6231231.71,6231231.71
8507,28,2,26,7,2024-09-02,1,3280281.35,3280281.35
8508,12,2,15,10,2024-12-21,1,4224331.09,4224331.09
8509,42,1,47,8,2024-01-24,1,1241978.49,1241978.49
8510,19,1,19,7,2023-06-09,2,925128.98,1850257.96
8511,27,3,8,3,2022-05-28,1,2045350.16,2045350.16
8512,28,5,5,10,2023-04-15,2,3338099.9,6676199.8
8513,8,7,52,1,2025-04-09,1,889428.34,889428.34
8514,7,1,32,2,2022-05-07,1,2817756.66,2817756.66
8515,19,3,19,12,2022-04-27,1,1461053.42,1461053.42
8516,27,12,49,10,2023-08-13,1,2494375.18,2494375.18
8517,41,1,31,8,2022-10-14,1,2500929.44,2500929.44
8518,32,1,28,8,2023-08-05,1,4545640.57,4545640.57
8519,33,2,51,3,2025-05-15,1,2964887.29,2964887.29
8520,14,6,15,3,2024-10-19,1,1081562.65,1081562.65
8521,25,10,14,6,2022-07-01,1,1456932.81,1456932.81
8522,20,3,23,5,2025-06-09,1,1365313.43,1365313.43
8523,27,11,52,6,2025-11-27,1,1370433.5,1370433.5
8524,26,2,32,7,2025-11-05,1,1405573.75,1405573.75
8525,1,8,18,6,2023-01-11,1,1345925.49,1345925.49
8526,32,6,38,6,2022-08-03,1,1439214.03,1439214.03
8527,22,8,14,7,2024-06-02,1,1782434.47,1782434.47
8528,43,2,44,8,2025-03-20,1,5456423.57,5456423.57
8529,28,5,18,4,2024-01-16,1,2770189.28,2770189.28
8530,43,1,55,6,2023-09-25,1,3792395.94,3792395.94
8531,6,12,17,9,2023-10-29,1,2421464.7,2421464.7
8532,12,2,30,5,2025-12-04,3,2212742.07,6638226.21
8533,28,2,18,4,2025-09-08,1,1070871.9,1070871.9
8534,34,11,15,7,2025-06-03,1,3240986.42,3240986.42
8535,13,8,7,6,2022-01-23,1,731266.93,731266.93
8536,15,1,27,11,2025-02-18,2,4205271.18,8410542.36
8537,22,1,37,5,2022-09-22,1,1905210.85,1905210.85
8538,2,2,55,3,2025-03-31,1,2299988.53,2299988.53
8539,19,2,43,3,2025-02-16,1,1060730.17,1060730.17
8540,23,3,47,6,2025-01-23,1,4647141.26,4647141.26
8541,19,3,50,8,2025-01-08,2,1104829.1,2209658.2
8542,40,11,58,9,2023-12-03,1,7074148.16,7074148.16
8543,8,9,19,7,2022-12-11,1,718936.41,718936.41
8544,23,2,36,6,2023-07-07,1,4854482.91,4854482.91
8545,8,2,21,9,2023-11-10,1,668021.34,668021.34
8546,34,2,20,5,2024-02-05,1,4450835.94,4450835.94
8547,26,5,22,3,2023-07-08,1,2941196.72,2941196.72
8548,2,2,19,4,2025-01-17,1,3527883.47,3527883.47
8549,21,11,41,10,2022-06-28,1,1464478.93,1464478.93
8550,35,1,35,2,2023-07-03,1,4474454.31,4474454.31
8551,4,4,41,7,2023-05-23,1,923183.04,923183.04
8552,11,3,19,4,2025-04-05,1,2559917.83,2559917.83
8553,2,12,33,7,2022-10-16,1,3113959.52,3113959.52
8554,28,1,46,6,2025-12-27,1,1248334.0,1248334.0
8555,13,12,16,4,2024-02-16,1,595899.9,595899.9
8556,12,10,11,3,2022-01-19,2,2800704.18,5601408.36
8557,43,5,30,6,2022-03-09,2,5225978.16,10451956.32
8558,22,10,4,6,2024-06-15,1,1130616.38,1130616.38
8559,2,1,43,3,2024-05-15,1,1458831.4,1458831.4
8560,32,9,23,8,2024-02-09,1,2471547.29,2471547.29
8561,5,11,47,3,2023-01-08,1,6259576.61,6259576.61
8562,23,4,38,3,2022-09-05,1,3537568.06,3537568.06
8563,35,11,42,5,2024-12-17,2,3333180.59,6666361.18
8564,4,2,50,7,2022-07-27,1,894778.6,894778.6
8565,27,5,10,4,2025-06-06,1,3728965.57,3728965.57
8566,8,11,15,4,2025-05-02,1,941447.37,941447.37
8567,20,5,31,2,2023-01-22,1,1834920.55,1834920.55
8568,21,5,27,3,2022-12-12,1,895120.84,895120.84
8569,11,5,17,7,2025-05-16,1,842946.95,842946.95
8570,22,1,12,7,2025-03-05,1,1685056.72,1685056.72
8571,18,2,48,8,2024-09-11,1,3812534.26,3812534.26
8572,7,6,29,4,2022-02-21,1,2530556.19,2530556.19
8573,27,6,55,7,2025-07-15,1,2375831.32,2375831.32
8574,1,8,30,8,2025-08-18,1,847651.17,847651.17
8575,18,9,37,5,2024-06-27,1,2004263.99,2004263.99
8576,41,12,17,7,2024-02-23,2,1607168.98,3214337.96
8577,15,6,12,7,2024-07-18,1,1555661.64,1555661.64
8578,7,15,53,1,2025-07-11,3,1348037.32,4044111.96
8579,35,1,46,9,2025-08-09,1,3244981.74,3244981.74
8580,22,9,2,8,2025-11-17,1,1211166.31,1211166.31
8581,19,2,33,1,2024-04-18,2,2139404.9,4278809.8
8582,20,1,13,1,2025-07-06,2,4345073.52,8690147.04
8583,5,10,33,11,2023-07-11,1,6947576.45,6947576.45
8584,7,12,14,5,2025-01-25,1,5187846.19,5187846.19
8585,36,3,49,8,2024-01-16,1,1133845.03,1133845.03
8586,19,11,47,6,2023-06-08,1,1605783.11,1605783.11
8587,28,3,44,3,2022-03-17,2,3657597.34,7315194.68
8588,8,10,27,1,2024-05-22,1,878332.8,878332.8
8589,19,3,5,6,2023-06-23,2,1637442.32,3274884.64
8590,39,6,10,6,2023-04-01,2,1091432.57,2182865.14
8591,18,5,43,3,2024-07-06,1,1386266.69,1386266.69
8592,25,11,20,6,2022-03-28,1,2554858.05,2554858.05
8593,40,5,25,6,2022-05-19,2,3837181.46,7674362.92
8594,26,3,2,3,2025-07-02,1,2044784.59,2044784.59
8595,37,6,20,3,2025-01-20,1,6407310.41,6407310.41
8596,11,11,15,1,2025-07-04,1,4547140.94,4547140.94
8597,10,12,7,3,2024-09-30,1,4169127.9,4169127.9
8598,39,6,34,6,2023-12-27,1,2306335.6,2306335.6
8599,9,2,13,6,2023-12-07,1,2255356.73,2255356.73
8600,27,8,20,1,2022-06-24,3,2538993.14,7616979.42
8601,24,5,46,6,2022-11-18,1,1389059.33,1389059.33
8602,16,6,30,7,2022-04-17,1,506488.97,506488.97
8603,6,3,21,6,2025-06-15,1,2625274.59,2625274.59
8604,26,15,5,7,2025-10-14,1,1460274.73,1460274.73
8605,14,4,44,12,2024-03-20,3,1345176.64,4035529.92
8606,5,5,38,9,2025-12-08,1,7604807.73,7604807.73
8607,12,6,9,3,2025-08-02,1,2141020.33,2141020.33
8608,36,6,29,7,2025-04-08,1,1634872.89,1634872.89
8609,28,2,10,12,2025-06-07,1,1358554.33,1358554.33
8610,9,11,44,6,2025-10-13,1,2658782.52,2658782.52
8611,23,3,55,10,2024-04-03,1,4833298.63,4833298.63
8612,15,3,2,3,2024-01-16,2,3114572.72,6229145.44
8613,16,7,44,7,2022-04-15,2,435419.93,870839.86
8614,18,11,31,6,2023-01-16,1,2899027.4,2899027.4
8615,26,1,47,8,2023-03-14,1,1398815.39,1398815.39
8616,23,4,39,7,2023-04-25,2,4612551.53,9225103.06
8617,20,2,8,1,2025-10-23,2,1474175.04,2948350.08
8618,38,11,7,8,2023-02-10,1,3576406.19,3576406.19
8619,27,12,6,5,2022-03-27,1,3518875.77,3518875.77
8620,2,3,43,1,2025-06-09,1,4265849.67,4265849.67
8621,11,4,12,1,2025-09-14,2,2815902.75,5631805.5
8622,29,3,7,8,2024-07-12,2,772394.97,1544789.94
8623,40,1,12,6,2023-06-24,2,4692495.54,9384991.08
8624,8,2,42,3,2025-06-01,1,569130.12,569130.12
8625,9,10,44,4,2022-01-15,1,2341396.24,2341396.24
8626,8,2,14,5,2022-05-30,1,743245.59,743245.59
8627,11,4,17,9,2025-10-11,1,1382572.79,1382572.79
8628,41,6,39,7,2022-03-04,1,2130583.48,2130583.48
8629,18,11,32,5,2024-02-19,1,2851894.89,2851894.89
8630,20,13,42,3,2023-05-12,1,2169315.21,2169315.21
8631,15,2,5,7,2024-11-05,1,4164196.66,4164196.66
8632,28,3,26,3,2025-12-15,1,1616450.32,1616450.32
8633,2,2,24,1,2022-08-19,1,975544.1,975544.1
8634,17,10,54,3,2023-12-26,1,682453.34,682453.34
8635,19,12,55,3,2023-05-17,1,2443045.58,2443045.58
8636,12,10,29,9,2023-01-18,1,3315531.53,3315531.53
8637,39,1,9,7,2024-08-08,1,2513922.79,2513922.79
8638,2,1,32,4,2022-05-23,1,1641028.54,1641028.54
8639,1,6,1,6,2025-03-24,1,1489744.01,1489744.01
8640,17,5,41,5,2023-12-28,2,547144.89,1094289.78
8641,28,11,3,3,2025-04-29,1,2880007.24,2880007.24
8642,8,8,35,3,2023-02-22,1,763839.15,763839.15
8643,11,11,4,7,2023-08-16,1,1202656.41,1202656.41
8644,29,1,9,7,2023-11-24,1,483080.61,483080.61
8645,20,10,4,1,2023-10-17,1,1660146.25,1660146.25
8646,43,2,8,3,2024-12-14,1,1016113.35,1016113.35
8647,14,3,40,5,2024-09-26,1,1304928.82,1304928.82
8648,18,15,49,3,2025-07-23,1,767687.44,767687.44
8649,9,6,32,12,2023-06-14,1,1284316.78,1284316.78
8650,23,1,1,3,2024-10-18,2,1240911.74,2481823.48
8651,17,3,20,1,2023-04-26,1,734172.1,734172.1
8652,25,3,24,3,2023-02-18,1,2731631.56,2731631.56
8653,29,5,49,3,2023-08-01,1,593996.78,593996.78
8654,1,9,33,4,2024-10-03,1,2786396.23,2786396.23
8655,8,6,36,10,2025-12-04,1,532880.22,532880.22
8656,6,12,31,9,2023-01-21,1,3398371.03,3398371.03
8657,37,4,24,8,2025-09-27,1,1980894.3,1980894.3
8658,23,2,43,9,2025-06-19,1,4410291.17,4410291.17
8659,12,4,3,10,2025-02-04,1,1344770.08,1344770.08
8660,5,7,56,2,2023-07-08,1,7685996.4,7685996.4
8661,28,4,8,4,2024-10-02,1,2525124.25,2525124.25
8662,7,6,31,2,2023-07-29,1,5027910.77,5027910.77
8663,41,6,3,9,2025-03-31,1,3399614.49,3399614.49
8664,25,3,21,3,2022-04-25,2,4008669.97,8017339.94
8665,18,4,28,8,2024-09-29,2,2386221.03,4772442.06
8666,14,2,41,6,2025-07-30,1,1438048.86,1438048.86
8667,4,9,28,11,2022-10-24,2,1498346.15,2996692.3
8668,8,3,41,10,2022-02-02,1,671437.5,671437.5
8669,4,14,20,6,2025-05-22,2,1296613.99,2593227.98
8670,14,2,12,3,2022-12-24,1,1528007.97,1528007.97
8671,25,10,51,6,2022-09-03,1,4244307.55,4244307.55
8672,20,3,5,6,2024-05-31,1,1559740.24,1559740.24
8673,18,12,31,4,2024-07-19,1,3550643.46,3550643.46
8674,17,12,29,6,2025-08-06,1,530433.09,530433.09
8675,27,4,53,10,2024-12-04,1,2201671.98,2201671.98
8676,20,12,29,1,2024-06-06,1,1445029.03,1445029.03
8677,10,4,10,8,2024-06-25,1,3249436.01,3249436.01
8678,29,5,5,4,2025-09-08,1,482506.64,482506.64
8679,29,4,3,7,2025-07-14,1,504255.83,504255.83
8680,34,14,31,4,2025-04-17,1,4520972.96,4520972.96
8681,43,2,6,7,2025-05-13,1,2449009.9,2449009.9
8682,7,1,6,3,2022-06-17,1,1689514.25,1689514.25
8683,33,12,22,8,2025-11-04,1,2685362.76,2685362.76
8684,12,2,34,10,2024-02-22,1,1998172.95,1998172.95
8685,41,1,5,1,2023-05-30,1,3642429.95,3642429.95
8686,28,9,51,7,2022-10-08,1,1132667.99,1132667.99
8687,23,5,9,5,2024-05-08,1,2030498.57,2030498.57
8688,1,1,31,5,2022-10-25,1,2584829.24,2584829.24
8689,37,2,42,6,2022-11-08,1,2978285.58,2978285.58
8690,30,1,19,4,2025-06-27,1,4454971.02,4454971.02
8691,17,9,31,3,2022-03-19,1,619216.84,619216.84
8692,24,2,42,10,2023-07-10,2,3023726.71,6047453.42
8693,10,1,53,8,2024-09-30,1,2224560.77,2224560.77
8694,7,8,42,12,2025-11-24,1,5875859.54,5875859.54
8695,16,14,43,5,2025-09-22,1,484296.77,484296.77
8696,15,3,50,8,2022-11-24,1,981947.0,981947.0
8697,11,6,20,7,2025-02-18,1,4702159.41,4702159.41
8698,26,14,52,8,2025-12-20,3,981063.24,2943189.72
8699,15,2,6,7,2025-11-07,3,2119443.45,6358330.35
8700,30,3,34,8,2023-02-24,1,2476528.03,2476528.03
8701,38,11,38,6,2022-07-03,1,3204663.24,3204663.24
8702,1,11,8,5,2025-11-15,1,947859.92,947859.92
8703,3,1,2,7,2023-10-18,1,612160.25,612160.25
8704,18,14,48,3,2022-02-15,1,3102642.3,3102642.3
8705,3,2,18,1,2025-02-15,1,555228.92,555228.92
8706,20,3,5,3,2024-12-15,1,3651568.93,3651568.93
8707,35,8,23,4,2024-03-14,1,2036608.82,2036608.82
8708,11,1,49,1,2024-09-07,1,1638845.25,1638845.25
8709,26,11,45,1,2022-04-19,1,2522919.28,2522919.28
8710,1,14,53,8,2022-02-27,1,1598183.9,1598183.9
8711,19,6,33,6,2025-09-13,1,1498935.09,1498935.09
8712,18,2,36,2,2022-08-07,2,917750.78,1835501.56
8713,4,1,47,6,2024-02-22,1,899906.83,899906.83
8714,37,15,18,6,2023-01-31,2,4451286.44,8902572.88
8715,26,3,58,5,2022-01-23,1,3646841.73,3646841.73
8716,26,6,15,6,2022-11-14,1,2207941.39,2207941.39
8717,31,6,16,5,2024-07-27,1,3720978.68,3720978.68
8718,14,4,40,2,2025-07-30,3,1519398.05,4558194.15
8719,14,12,35,5,2022-04-05,2,1486539.17,2973078.34
8720,17,11,26,6,2024-08-10,2,541272.54,1082545.08
8721,23,2,41,3,2022-11-23,1,4060847.19,4060847.19
8722,18,5,25,4,2023-09-28,1,1153102.18,1153102.18
8723,20,15,55,8,2022-02-07,1,4116875.78,4116875.78
8724,18,9,1,1,2023-09-04,1,938500.86,938500.86
8725,12,1,5,4,2022-01-13,1,4175813.73,4175813.73
8726,1,3,45,6,2025-08-29,1,2133476.29,2133476.29
8727,38,3,5,12,2024-06-23,1,2073856.36,2073856.36
8728,40,12,2,1,2024-12-04,2,3055992.23,6111984.46
8729,10,5,45,5,2023-12-29,1,4044975.26,4044975.26
8730,31,2,49,9,2023-01-25,1,3560601.94,3560601.94
8731,31,8,38,1,2025-10-26,1,2662558.85,2662558.85
8732,1,5,52,6,2024-11-08,1,3073210.39,3073210.39
8733,11,3,32,8,2023-04-25,1,1564186.6,1564186.6
8734,14,6,10,6,2025-04-08,1,946375.79,946375.79
8735,15,12,41,6,2022-07-31,1,3358692.47,3358692.47
8736,42,5,7,7,2022-03-23,1,1414512.03,1414512.03
8737,28,1,53,7,2024-08-03,1,1713134.73,1713134.73
8738,2,12,33,2,2023-07-26,1,4013789.93,4013789.93
8739,31,12,33,6,2024-01-17,1,4182966.53,4182966.53
8740,37,2,39,6,2022-12-11,2,5875116.42,11750232.84
8741,17,1,11,8,2024-02-07,1,591672.16,591672.16
8742,32,9,54,3,2025-03-16,1,3289502.54,3289502.54
8743,41,11,11,11,2024-08-23,1,4524397.47,4524397.47
8744,4,5,39,8,2024-08-29,1,1178915.15,1178915.15
8745,10,1,12,6,2024-09-16,1,2566363.94,2566363.94
8746,42,10,35,4,2025-01-23,1,1457933.34,1457933.34
8747,20,2,55,3,2022-04-13,1,3313523.29,3313523.29
8748,24,3,34,6,2022-10-01,2,1111497.28,2222994.56
8749,9,2,16,11,2024-01-19,1,2493034.01,2493034.01
8750,10,1,27,3,2025-11-03,1,3785493.28,3785493.28
8751,30,4,47,3,2024-10-01,1,3339389.97,3339389.97
8752,7,9,19,5,2023-06-17,3,5381497.02,16144491.06
8753,23,6,52,3,2022-02-15,1,1309125.22,1309125.22
8754,32,3,2,1,2022-06-11,2,2488801.46,4977602.92
8755,18,4,55,12,2024-08-12,1,2724472.62,2724472.62
8756,26,3,53,9,2022-04-01,2,858412.26,1716824.52
8757,6,6,19,8,2025-08-13,1,2281803.22,2281803.22
8758,25,2,53,3,2022-02-05,2,4197468.91,8394937.82
8759,28,4,41,1,2024-06-06,1,3336522.54,3336522.54
8760,3,12,14,6,2025-02-15,1,584623.58,584623.58
8761,12,8,33,9,2022-10-13,1,1097559.92,1097559.92
8762,6,10,10,7,2025-10-07,1,2909882.61,2909882.61
8763,20,5,31,6,2023-04-06,1,1914262.5,1914262.5
8764,7,1,30,7,2023-05-11,1,4551365.31,4551365.31
8765,24,1,44,8,2022-11-05,1,4626771.28,4626771.28
8766,4,9,22,6,2025-07-22,1,1438652.31,1438652.31
8767,34,1,39,3,2025-07-27,1,1070967.0,1070967.0
8768,43,1,27,8,2023-01-16,1,4225488.42,4225488.42
8769,33,11,22,8,2025-02-12,1,836644.37,836644.37
8770,7,3,21,9,2023-04-03,1,2283010.12,2283010.12
8771,8,2,8,6,2023-10-17,3,680349.48,2041048.44
8772,3,3,37,8,2025-04-16,1,493762.36,493762.36
8773,26,2,27,3,2025-06-08,1,3590757.95,3590757.95
8774,20,2,12,1,2024-01-06,1,2945621.91,2945621.91
8775,15,14,37,10,2025-04-11,1,2942175.34,2942175.34
8776,37,5,8,7,2022-02-01,1,5492289.44,5492289.44
8777,12,4,32,6,2022-10-28,1,1838458.75,1838458.75
8778,14,3,5,11,2025-09-13,1,1491959.48,1491959.48
8779,7,12,29,3,2025-02-09,2,3642674.39,7285348.78
8780,26,5,3,10,2022-08-24,1,792513.26,792513.26
8781,16,12,8,12,2024-04-21,1,552094.95,552094.95
8782,10,6,20,12,2023-12-29,2,3622709.86,7245419.72
8783,2,4,33,6,2023-10-11,1,2665119.45,2665119.45
8784,26,4,44,10,2022-08-29,1,2904711.54,2904711.54
8785,36,5,19,2,2022-08-22,2,1211042.78,2422085.56
8786,9,10,52,5,2022-01-23,3,2353274.52,7059823.56
8787,7,2,40,1,2023-08-14,2,2634324.12,5268648.24
8788,8,1,46,6,2023-03-26,1,919910.09,919910.09
8789,21,1,27,5,2025-05-27,2,1002568.16,2005136.32
8790,2,2,14,3,2023-04-22,1,3816973.2,3816973.2
8791,43,3,52,4,2024-08-27,1,2108649.69,2108649.69
8792,8,2,54,7,2024-04-25,1,854219.64,854219.64
8793,20,13,28,4,2022-09-29,1,4928909.47,4928909.47
8794,17,8,33,1,2022-03-12,1,734715.19,734715.19
8795,42,11,18,3,2023-03-09,1,1726285.38,1726285.38
8796,28,3,24,1,2025-09-18,1,1941029.83,1941029.83
8797,17,2,38,1,2025-01-26,3,583360.48,1750081.44
8798,38,1,52,10,2022-06-23,2,1543073.92,3086147.84
8799,19,11,54,6,2025-08-16,1,2003024.74,2003024.74
8800,41,3,41,6,2024-03-23,1,1473476.48,1473476.48
8801,18,4,19,12,2023-06-13,1,1234750.13,1234750.13
8802,14,4,55,8,2024-09-12,1,1134096.48,1134096.48
8803,38,6,35,1,2022-10-25,2,2247113.82,4494227.64
8804,32,10,40,7,2023-12-22,2,1362557.58,2725115.16
8805,27,3,3,8,2022-08-10,2,2074269.62,4148539.24
8806,28,13,7,1,2024-06-02,2,4563458.58,9126917.16
8807,39,1,23,5,2023-12-02,1,2392523.82,2392523.82
8808,11,1,17,6,2025-03-19,1,4001084.34,4001084.34
8809,25,4,3,7,2022-09-06,1,2184929.17,2184929.17
8810,5,11,44,8,2024-10-12,1,10246410.84,10246410.84
8811,28,9,19,11,2023-10-23,2,1180137.34,2360274.68
8812,31,4,2,7,2022-08-29,1,1602803.22,1602803.22
8813,29,11,15,11,2022-10-25,1,743821.16,743821.16
8814,18,14,30,3,2024-09-07,1,2893648.38,2893648.38
8815,29,6,11,9,2024-03-10,1,748410.87,748410.87
8816,7,7,23,7,2024-03-27,1,1807307.84,1807307.84
8817,34,2,4,9,2022-04-19,1,1417522.74,1417522.74
8818,11,1,7,10,2022-07-27,1,4144603.39,4144603.39
8819,20,12,43,12,2024-08-19,1,2148871.53,2148871.53
8820,11,1,30,8,2022-09-20,1,2002587.33,2002587.33
8821,3,4,41,1,2022-09-13,1,804528.0,804528.0
8822,25,1,31,2,2024-03-21,1,2568298.47,2568298.47
8823,27,9,44,5,2022-04-15,1,2770411.66,2770411.66
8824,17,15,49,6,2025-08-30,2,593300.1,1186600.2
8825,13,6,4,10,2025-06-16,1,726690.28,726690.28
8826,30,3,36,12,2023-08-23,1,2758492.43,2758492.43
8827,14,2,27,11,2024-06-29,1,933819.68,933819.68
8828,40,3,18,1,2024-08-12,1,2677114.34,2677114.34
8829,34,1,35,11,2025-02-06,2,4695563.5,9391127.0
8830,17,3,34,7,2024-05-03,1,530203.21,530203.21
8831,30,1,42,12,2024-10-30,2,3057009.51,6114019.02
8832,30,7,53,4,2023-02-26,1,2923236.56,2923236.56
8833,15,6,2,4,2025-10-11,2,1682629.27,3365258.54
8834,23,2,17,1,2025-01-28,1,4428601.29,4428601.29
8835,12,2,23,7,2023-10-01,1,4438336.19,4438336.19
8836,33,13,30,7,2023-05-09,1,1037968.16,1037968.16
8837,38,4,42,7,2023-04-03,1,1629162.74,1629162.74
8838,18,6,31,8,2025-01-10,2,2750430.43,5500860.86
8839,1,6,16,4,2024-11-23,1,4000013.16,4000013.16
8840,28,5,42,6,2024-03-12,1,3166163.22,3166163.22
8841,4,3,34,9,2025-12-02,3,1017249.92,3051749.76
8842,33,12,41,1,2023-01-14,1,1920873.78,1920873.78
8843,12,2,38,6,2023-02-14,2,1352082.11,2704164.22
8844,12,4,51,8,2023-01-29,1,3886129.27,3886129.27
8845,21,6,34,8,2023-07-08,1,1831732.62,1831732.62
8846,30,6,33,1,2022-10-12,1,2582073.59,2582073.59
8847,19,15,44,3,2024-02-11,1,2466014.29,2466014.29
8848,39,5,16,5,2024-11-08,1,1093830.92,1093830.92
8849,22,2,8,5,2022-12-04,1,1294806.51,1294806.51
8850,28,5,50,7,2025-09-02,1,4607198.3,4607198.3
8851,25,6,47,11,2022-06-17,1,1645758.4,1645758.4
8852,27,3,51,5,2023-01-21,1,1279071.94,1279071.94
8853,12,4,35,3,2024-06-15,2,1237962.79,2475925.58
8854,42,1,25,7,2022-04-17,2,2038213.15,4076426.3
8855,28,2,8,7,2023-04-29,1,2124144.46,2124144.46
8856,16,5,27,8,2022-05-09,1,612831.25,612831.25
8857,38,2,12,6,2025-12-31,2,3486643.72,6973287.44
8858,4,1,38,3,2024-08-29,1,1043253.74,1043253.74
8859,7,11,19,8,2024-04-29,1,5777163.08,5777163.08
8860,33,11,16,4,2023-07-26,1,2636927.64,2636927.64
8861,18,4,41,9,2024-08-23,1,771240.21,771240.21
8862,32,3,49,7,2023-11-27,1,2675732.95,2675732.95
8863,11,3,27,6,2022-01-11,2,1824368.81,3648737.62
8864,7,4,24,3,2025-12-21,1,5713458.27,5713458.27
8865,38,3,44,7,2024-08-27,2,2401440.99,4802881.98
8866,12,14,54,3,2023-05-03,1,3982513.48,3982513.48
8867,19,3,27,6,2024-09-05,1,1222387.17,1222387.17
8868,15,6,40,3,2025-02-02,1,4850048.86,4850048.86
8869,32,3,6,5,2023-03-22,1,1830362.8,1830362.8
8870,26,1,50,3,2022-08-29,1,1721721.33,1721721.33
8871,9,1,14,3,2024-06-05,1,1596126.68,1596126.68
8872,26,6,34,1,2023-11-09,2,2953885.7,5907771.4
8873,9,6,40,8,2024-03-19,1,2341584.16,2341584.16
8874,3,9,49,3,2022-01-14,1,721178.51,721178.51
8875,17,13,9,1,2025-11-15,1,712746.62,712746.62
8876,25,1,9,3,2022-01-07,1,3243199.35,3243199.35
8877,6,1,41,10,2025-11-09,1,1716427.27,1716427.27
8878,1,1,29,6,2023-08-07,1,815773.73,815773.73
8879,5,8,27,10,2024-04-24,1,8962041.99,8962041.99
8880,28,3,6,9,2022-03-16,1,4661533.36,4661533.36
8881,3,3,37,2,2022-09-10,1,625610.1,625610.1
8882,7,5,48,10,2025-02-01,1,5890014.52,5890014.52
8883,4,5,19,9,2025-08-23,1,1214571.23,1214571.23
8884,29,12,21,5,2025-07-22,1,503276.5,503276.5
8885,14,11,26,11,2024-12-15,1,1669155.59,1669155.59
8886,20,1,48,1,2024-08-14,2,3263030.5,6526061.0
8887,4,9,55,7,2025-01-15,1,1473019.75,1473019.75
8888,43,5,7,6,2024-05-06,1,5118722.12,5118722.12
8889,43,2,14,5,2023-03-27,1,3128865.36,3128865.36
8890,24,5,32,3,2022-09-26,2,3826332.7,7652665.4
8891,3,1,7,2,2023-06-16,1,795650.62,795650.62
8892,40,12,51,11,2023-04-11,1,4397258.03,4397258.03
8893,12,7,19,6,2023-03-17,1,1637337.45,1637337.45
8894,32,1,13,6,2022-08-17,1,3733438.97,3733438.97
8895,3,2,22,9,2022-08-04,1,553093.89,553093.89
8896,37,10,27,3,2022-03-27,1,2626222.08,2626222.08
8897,30,7,43,5,2022-08-25,3,916398.92,2749196.76
8898,7,6,54,10,2025-04-19,1,5507112.14,5507112.14
8899,6,1,52,2,2022-01-01,1,1917865.51,1917865.51
8900,16,2,49,1,2025-09-30,1,687068.98,687068.98
8901,38,15,53,12,2025-05-24,1,4054724.28,4054724.28
8902,26,12,53,1,2025-08-18,1,4013600.96,4013600.96
8903,11,11,54,1,2025-04-12,1,1702942.52,1702942.52
8904,11,6,14,4,2025-06-02,1,1361312.03,1361312.03
8905,35,4,50,9,2022-12-07,2,1754245.01,3508490.02
8906,35,9,27,4,2022-12-07,1,1225974.09,1225974.09
8907,38,13,31,7,2024-12-25,2,4856086.43,9712172.86
8908,38,6,43,3,2024-06-02,1,930463.54,930463.54
8909,29,6,43,10,2024-05-15,1,758743.31,758743.31
8910,16,9,21,8,2022-11-18,1,421830.48,421830.48
8911,43,9,17,1,2025-04-16,1,1908652.23,1908652.23
8912,10,3,36,3,2022-01-26,1,2066634.06,2066634.06
8913,11,6,20,3,2023-07-11,1,3109921.95,3109921.95
8914,41,1,42,1,2024-05-23,1,2600597.33,2600597.33
8915,24,2,2,10,2024-04-12,2,3069272.1,6138544.2
8916,35,3,7,6,2025-03-28,1,1980754.05,1980754.05
8917,8,15,13,11,2023-07-23,1,614786.16,614786.16
8918,25,2,21,8,2022-03-26,2,3073239.19,6146478.38
8919,20,11,10,9,2022-02-11,1,4401661.35,4401661.35
8920,10,2,4,1,2022-01-08,1,3274737.62,3274737.62
8921,37,12,31,7,2023-04-05,1,3071189.62,3071189.62
8922,40,12,20,4,2022-08-24,1,5544259.11,5544259.11
8923,25,11,28,6,2025-04-09,1,3678741.38,3678741.38
8924,33,11,21,7,2023-01-20,1,4287064.96,4287064.96
8925,35,12,6,4,2025-10-08,1,2640119.04,2640119.04
8926,16,5,21,6,2022-02-18,1,751170.11,751170.11
8927,2,4,17,12,2025-10-21,1,3946583.87,3946583.87
8928,23,1,52,7,2022-12-11,1,2959822.06,2959822.06
8929,21,4,37,9,2022-05-19,1,1800496.86,1800496.86
8930,20,11,53,2,2025-09-24,1,3914055.09,3914055.09
8931,4,8,15,3,2022-10-15,1,1475121.38,1475121.38
8932,38,14,34,8,2023-02-27,1,2044634.27,2044634.27
8933,9,11,18,3,2023-09-29,1,2573676.37,2573676.37
8934,23,11,6,7,2023-07-09,1,3542157.91,3542157.91
8935,31,1,31,3,2022-10-02,1,2571371.81,2571371.81
8936,29,2,45,5,2023-07-05,1,668564.99,668564.99
8937,17,8,10,2,2024-06-25,1,481799.75,481799.75
8938,2,4,52,3,2022-08-28,1,3023803.57,3023803.57
8939,18,4,17,1,2024-01-09,2,1682402.51,3364805.02
8940,19,12,6,5,2022-05-05,1,1543259.11,1543259.11
8941,8,13,9,1,2023-09-13,2,741553.49,1483106.98
8942,7,14,6,6,2025-06-03,1,1471459.01,1471459.01
8943,2,6,4,3,2024-01-05,2,2319419.28,4638838.56
8944,11,8,29,3,2025-12-17,1,2093501.69,2093501.69
8945,14,4,19,9,2022-01-05,1,1213071.21,1213071.21
8946,25,5,40,9,2024-08-07,1,3756054.87,3756054.87
8947,33,12,46,8,2022-07-24,2,2412515.31,4825030.62
8948,30,11,11,3,2025-09-26,1,1143923.8,1143923.8
8949,8,2,17,4,2024-05-30,1,670502.01,670502.01
8950,28,1,20,9,2023-11-11,1,2144729.82,2144729.82
8951,25,14,40,7,2025-01-05,1,2105370.77,2105370.77
8952,11,8,38,5,2022-04-22,1,2501408.39,2501408.39
8953,33,1,7,4,2022-03-05,1,2910477.88,2910477.88
8954,30,13,5,5,2024-01-29,2,1084466.58,2168933.16
8955,10,6,43,1,2024-01-18,1,4257969.32,4257969.32
8956,27,1,36,3,2024-02-02,2,1624009.73,3248019.46
8957,11,6,6,4,2022-12-15,1,1425925.02,1425925.02
8958,28,11,34,10,2022-09-08,1,4582420.28,4582420.28
8959,41,10,55,7,2023-07-04,1,2352878.19,2352878.19
8960,17,2,34,10,2024-06-06,1,619426.4,619426.4
8961,10,5,7,3,2024-05-12,1,3381275.39,3381275.39
8962,16,1,29,5,2022-12-12,1,654910.92,654910.92
8963,26,2,33,10,2022-06-18,1,1811310.45,1811310.45
8964,16,6,35,3,2024-06-17,1,679401.45,679401.45
8965,8,2,2,6,2024-05-26,1,717518.91,717518.91
8966,1,2,55,1,2022-12-22,1,4452841.19,4452841.19
8967,11,4,44,7,2022-08-22,1,4651301.24,4651301.24
8968,10,6,20,1,2024-08-11,1,3306750.07,3306750.07
8969,34,1,55,5,2024-04-07,2,1895615.32,3791230.64
8970,29,2,44,3,2022-01-29,1,605848.35,605848.35
8971,28,3,21,3,2025-10-21,1,1136847.9,1136847.9
8972,41,5,10,1,2024-04-12,1,2499276.92,2499276.92
8973,36,12,12,3,2025-12-17,2,2388096.79,4776193.58
8974,34,6,32,3,2023-02-12,2,2862303.59,5724607.18
8975,22,1,49,2,2025-08-17,1,1074278.44,1074278.44
8976,31,13,37,2,2023-02-07,1,3002977.98,3002977.98
8977,11,1,12,8,2025-02-26,1,1429929.16,1429929.16
8978,7,3,25,3,2023-03-13,1,5920067.4,5920067.4
8979,38,9,38,6,2024-04-06,1,2963611.04,2963611.04
8980,28,1,16,8,2022-01-18,1,4167419.14,4167419.14
8981,26,6,13,9,2022-02-17,1,2101193.71,2101193.71
8982,20,5,40,3,2024-08-16,1,1868261.06,1868261.06
8983,19,6,3,6,2023-10-08,1,1220313.83,1220313.83
8984,27,11,42,3,2025-07-08,3,3386105.05,10158315.15
8985,30,8,26,6,2024-12-13,1,4556536.85,4556536.85
8986,36,6,18,6,2022-07-03,1,1430262.06,1430262.06
8987,27,1,25,3,2023-09-26,3,1526274.98,4578824.94
8988,23,11,45,10,2024-11-21,2,4908966.71,9817933.42
8989,17,3,50,9,2022-07-15,1,734648.6,734648.6
8990,7,3,15,8,2025-12-02,1,4560856.4,4560856.4
8991,29,8,18,7,2023-07-24,1,547155.99,547155.99
8992,9,4,21,1,2023-09-17,2,1422892.62,2845785.24
8993,7,2,33,1,2022-12-04,1,4180450.81,4180450.81
8994,25,8,43,6,2024-05-09,1,1970238.81,1970238.81
8995,14,15,34,1,2025-07-20,1,1101424.0,1101424.0
8996,30,3,51,2,2023-01-25,2,3475756.23,6951512.46
8997,13,3,19,6,2025-02-15,1,578247.46,578247.46
8998,8,5,38,6,2022-11-01,1,835483.44,835483.44
8999,2,6,30,9,2024-06-05,1,1458881.37,1458881.37
9000,30,5,16,5,2024-01-10,1,3035166.31,3035166.31
9001,18,1,13,9,2024-02-22,1,3569430.77,3569430.77
9002,18,11,12,2,2025-05-27,1,1026892.16,1026892.16
9003,34,2,42,1,2024-09-02,1,4617178.85,4617178.85
9004,26,6,22,7,2023-05-27,1,1444285.56,1444285.56
9005,43,3,5,8,2023-11-01,1,3050381.52,3050381.52
9006,16,15,37,10,2024-09-01,1,704896.31,704896.31
9007,27,3,29,6,2022-10-07,1,4632768.28,4632768.28
9008,37,2,21,1,2025-03-20,1,2906693.31,2906693.31
9009,17,1,55,3,2023-09-22,1,643283.8,643283.8
9010,1,2,8,10,2024-04-18,1,2059888.51,2059888.51
9011,1,2,55,6,2022-05-10,1,2148314.8,2148314.8
9012,39,9,46,3,2024-09-28,1,1419618.34,1419618.34
9013,17,2,23,3,2025-06-20,1,707097.21,707097.21
9014,36,3,32,7,2023-06-04,1,2251265.05,2251265.05
9015,37,4,34,6,2024-03-18,1,1760044.9,1760044.9
9016,7,1,1,1,2022-01-25,1,5608175.63,5608175.63
9017,12,5,47,12,2022-08-06,1,4456662.74,4456662.74
9018,1,1,29,7,2022-02-20,1,2342214.02,2342214.02
9019,12,14,3,7,2025-12-01,1,3576104.97,3576104.97
9020,10,2,48,1,2022-10-17,1,2215966.09,2215966.09
9021,12,3,34,1,2025-01-28,1,4489431.03,4489431.03
9022,36,8,30,12,2022-08-07,1,2022638.02,2022638.02
9023,37,1,28,7,2024-06-18,1,2198296.47,2198296.47
9024,12,1,41,7,2023-06-12,1,3443532.42,3443532.42
9025,7,11,30,6,2025-09-29,1,1202172.71,1202172.71
9026,40,1,50,8,2023-12-14,1,6229320.4,6229320.4
9027,8,5,4,3,2022-12-23,1,519598.73,519598.73
9028,7,11,39,4,2023-09-02,1,3339108.56,3339108.56
9029,17,9,20,1,2024-01-22,1,452609.56,452609.56
9030,28,1,13,9,2023-06-17,1,2569808.57,2569808.57
9031,16,5,47,8,2023-10-24,1,752766.58,752766.58
9032,31,1,53,3,2025-08-18,1,3901933.34,3901933.34
9033,39,13,2,10,2023-01-14,2,4053281.24,8106562.48
9034,7,1,13,2,2024-05-12,1,3978866.44,3978866.44
9035,14,11,24,2,2023-12-17,1,1794893.02,1794893.02
9036,39,2,1,7,2022-01-21,1,2215747.82,2215747.82
9037,40,12,3,1,2022-07-29,1,1606835.16,1606835.16
9038,25,5,49,6,2023-09-18,1,865933.28,865933.28
9039,1,7,31,9,2022-05-15,1,1585917.06,1585917.06
9040,38,11,4,3,2024-02-02,1,4692182.02,4692182.02
9041,35,6,17,10,2025-10-04,1,3237233.35,3237233.35
9042,13,6,31,3,2024-10-04,1,808425.93,808425.93
9043,29,6,21,3,2022-11-25,1,503888.54,503888.54
9044,10,12,38,3,2024-02-26,1,2429958.31,2429958.31
9045,38,1,12,3,2024-05-10,1,3470614.33,3470614.33
9046,7,3,53,4,2022-10-10,1,3981130.68,3981130.68
9047,24,14,5,10,2025-08-05,1,1467194.43,1467194.43
9048,29,8,3,4,2024-11-04,2,517314.38,1034628.76
9049,34,1,31,6,2022-04-29,1,2513008.47,2513008.47
9050,41,3,26,4,2022-02-24,3,4232869.1,12698607.3
9051,3,3,49,1,2024-07-17,1,520995.51,520995.51
9052,7,8,20,3,2022-06-25,1,2292686.88,2292686.88
9053,10,2,38,7,2025-12-05,1,2249465.59,2249465.59
9054,8,8,3,5,2025-01-14,1,579262.44,579262.44
9055,37,10,52,11,2025-05-11,1,6231110.66,6231110.66
9056,6,6,50,9,2024-06-07,1,2689073.0,2689073.0
9057,43,11,15,12,2023-04-28,1,5528842.6,5528842.6
9058,12,2,51,1,2024-03-22,1,4524753.9,4524753.9
9059,7,5,1,3,2022-03-12,1,4248357.78,4248357.78
9060,37,1,35,8,2022-05-21,1,6152170.13,6152170.13
9061,41,2,28,6,2023-04-19,2,1388365.75,2776731.5
9062,14,5,13,6,2023-09-07,1,1493201.64,1493201.64
9063,27,1,3,7,2023-06-18,1,3917887.13,3917887.13
9064,19,11,48,6,2023-03-20,1,1097020.8,1097020.8
9065,30,1,17,6,2022-05-06,1,2030593.46,2030593.46
9066,18,4,30,1,2023-08-29,1,2684658.52,2684658.52
9067,36,2,21,9,2024-04-08,1,994967.43,994967.43
9068,18,1,30,5,2022-01-05,1,3735360.95,3735360.95
9069,39,7,5,4,2022-03-17,1,1621911.5,1621911.5
9070,41,3,6,1,2025-04-23,2,3238780.25,6477560.5
9071,37,1,41,4,2025-03-21,1,2898207.81,2898207.81
9072,10,1,24,12,2024-01-10,1,3664235.48,3664235.48
9073,32,9,25,9,2024-06-27,1,4065274.26,4065274.26
9074,27,2,29,7,2025-01-12,1,2873411.79,2873411.79
9075,4,3,17,6,2024-10-05,1,1677464.68,1677464.68
9076,26,1,44,4,2024-11-20,1,4043087.56,4043087.56
9077,15,2,47,2,2025-01-23,1,3167804.33,3167804.33
9078,29,2,23,4,2024-08-16,1,622400.67,622400.67
9079,3,2,12,1,2023-10-19,2,703667.96,1407335.92
9080,15,1,19,8,2025-06-02,1,4311187.27,4311187.27
9081,9,15,53,1,2022-03-02,1,1155523.6,1155523.6
9082,35,6,48,1,2025-01-12,1,3061012.59,3061012.59
9083,28,4,49,12,2024-04-03,1,1162819.55,1162819.55
9084,25,1,24,1,2023-03-24,1,2068301.01,2068301.01
9085,13,12,5,4,2022-11-09,1,553279.71,553279.71
9086,16,5,34,6,2022-07-19,1,544277.22,544277.22
9087,29,1,19,1,2024-05-06,1,454628.01,454628.01
9088,33,13,11,5,2022-11-01,2,1139877.49,2279754.98
9089,32,5,29,7,2024-06-25,1,4014466.51,4014466.51
9090,17,4,21,1,2025-02-27,1,500782.17,500782.17
9091,28,4,13,8,2022-01-20,2,3335327.72,6670655.44
9092,32,3,7,3,2022-12-09,1,4306975.43,4306975.43
9093,34,7,40,3,2022-08-06,1,3899766.24,3899766.24
9094,26,13,6,9,2022-06-21,1,1976462.56,1976462.56
9095,30,5,1,7,2025-01-15,1,2226107.48,2226107.48
9096,24,11,46,9,2023-12-02,1,4578650.83,4578650.83
9097,6,5,44,4,2025-08-08,1,1834736.58,1834736.58
9098,38,3,52,1,2023-09-21,1,4183453.48,4183453.48
9099,12,2,22,3,2023-08-31,2,3594821.38,7189642.76
9100,26,6,26,10,2025-03-11,1,2890957.85,2890957.85
9101,7,5,27,4,2025-02-16,1,1203952.61,1203952.61
9102,19,1,4,8,2024-05-05,1,2089843.86,2089843.86
9103,12,6,53,8,2024-06-06,1,4129620.85,4129620.85
9104,18,1,25,6,2023-12-08,1,4002122.06,4002122.06
9105,21,1,53,5,2022-10-06,1,1878329.3,1878329.3
9106,31,1,42,12,2022-07-03,1,1759254.11,1759254.11
9107,37,12,46,1,2022-10-20,1,1933856.04,1933856.04
9108,32,13,43,5,2023-11-15,1,3057042.11,3057042.11
9109,24,12,37,6,2023-07-12,1,3800317.42,3800317.42
9110,17,6,27,7,2022-11-19,1,745374.96,745374.96
9111,18,6,27,8,2022-07-11,1,2030512.28,2030512.28
9112,11,10,42,1,2024-10-19,2,3029787.94,6059575.88
9113,2,2,42,8,2022-03-28,1,4783161.44,4783161.44
9114,30,1,21,6,2025-02-12,3,4363052.24,13089156.72
9115,8,2,41,5,2022-09-16,2,747059.96,1494119.92
9116,33,5,12,4,2024-04-13,1,2442856.45,2442856.45
9117,38,1,43,7,2025-04-20,1,2813551.94,2813551.94
9118,3,4,33,5,2024-10-05,1,682802.76,682802.76
9119,25,2,34,4,2023-01-05,1,2431927.27,2431927.27
9120,22,1,51,9,2022-01-14,1,861266.07,861266.07
9121,16,10,39,8,2024-08-21,1,568469.93,568469.93
9122,8,1,47,7,2025-07-02,2,590461.71,1180923.42
9123,19,13,34,6,2024-11-12,1,2056284.7,2056284.7
9124,9,12,45,4,2025-05-25,1,2391798.55,2391798.55
9125,15,4,11,5,2024-02-19,1,4801999.31,4801999.31
9126,19,5,28,8,2023-11-20,1,1110476.55,1110476.55
9127,12,5,13,12,2025-05-02,1,4318039.41,4318039.41
9128,39,1,54,3,2025-08-17,1,4818046.21,4818046.21
9129,43,3,25,8,2024-01-25,1,5528734.58,5528734.58
9130,12,5,32,1,2022-08-01,1,1626097.55,1626097.55
9131,20,5,40,6,2023-11-04,2,1621924.67,3243849.34
9132,16,11,42,4,2022-09-14,1,723198.94,723198.94
9133,14,4,25,1,2023-05-20,1,1677244.17,1677244.17
9134,27,2,17,7,2025-04-04,2,3879066.9,7758133.8
9135,16,3,35,9,2025-07-18,3,714539.87,2143619.61
9136,4,2,50,7,2025-05-04,1,1513073.75,1513073.75
9137,21,11,6,4,2024-05-27,1,1058554.54,1058554.54
9138,14,15,53,1,2025-07-11,1,1324894.87,1324894.87
9139,12,2,5,3,2024-08-30,2,2333376.34,4666752.68
9140,1,12,4,8,2022-06-29,1,2730207.95,2730207.95
9141,13,3,45,1,2024-03-06,1,511805.17,511805.17
9142,22,4,27,3,2025-08-11,1,1865504.44,1865504.44
9143,17,12,11,1,2022-03-09,2,406101.32,812202.64
9144,27,14,42,3,2022-01-09,2,2915559.48,5831118.96
9145,28,1,51,5,2025-01-02,2,1561491.8,3122983.6
9146,24,6,52,4,2023-05-19,1,4406347.62,4406347.62
9147,8,4,23,5,2022-12-16,1,694968.79,694968.79
9148,25,3,9,1,2022-05-09,1,1791840.13,1791840.13
9149,41,10,53,5,2023-06-21,1,3734346.71,3734346.71
9150,41,2,8,10,2024-11-09,1,4832605.87,4832605.87
9151,34,1,54,8,2023-09-19,1,3515283.95,3515283.95
9152,14,4,45,4,2025-02-28,2,1472964.21,2945928.42
9153,21,7,18,6,2022-06-12,1,1591880.87,1591880.87
9154,18,2,7,6,2023-10-22,1,3227897.92,3227897.92
9155,43,5,50,3,2022-08-28,1,4041836.41,4041836.41
9156,40,1,30,1,2023-08-01,1,3214072.86,3214072.86
9157,28,2,22,6,2022-07-05,1,4189189.17,4189189.17
9158,7,7,49,9,2022-10-14,1,1892026.71,1892026.71
9159,2,6,24,9,2023-09-01,1,2635135.35,2635135.35
9160,40,9,16,6,2025-06-09,1,3326795.0,3326795.0
9161,14,3,38,10,2025-08-27,1,768244.73,768244.73
9162,27,15,38,4,2025-05-26,1,4575126.3,4575126.3
9163,8,1,20,9,2025-04-01,1,810166.74,810166.74
9164,31,2,16,7,2025-11-24,1,3557459.77,3557459.77
9165,20,15,15,3,2025-07-18,1,3635300.62,3635300.62
9166,25,15,12,8,2023-04-06,1,1617158.42,1617158.42
9167,25,2,38,7,2024-09-21,1,3353020.12,3353020.12
9168,1,3,11,3,2025-08-18,1,2054814.05,2054814.05
9169,29,1,45,6,2024-09-20,1,432387.01,432387.01
9170,43,5,34,3,2022-11-22,1,2373252.51,2373252.51
9171,25,5,37,6,2022-05-21,1,2585725.78,2585725.78
9172,3,1,53,3,2025-07-03,1,583513.34,583513.34
9173,11,9,23,6,2023-05-24,1,4638402.07,4638402.07
9174,8,2,38,6,2022-08-05,1,659760.4,659760.4
9175,34,3,15,10,2024-04-16,1,1842299.98,1842299.98
9176,40,7,7,2,2022-06-02,1,4379848.15,4379848.15
9177,30,1,49,3,2022-04-18,1,3655768.21,3655768.21
9178,12,4,30,7,2024-12-21,2,3351832.32,6703664.64
9179,7,5,45,6,2023-05-06,1,4114069.09,4114069.09
9180,18,6,39,6,2025-08-11,1,3243160.93,3243160.93
9181,28,2,19,8,2025-07-12,1,3352586.86,3352586.86
9182,7,11,6,6,2022-08-28,1,5335449.19,5335449.19
9183,11,1,9,7,2023-05-18,1,3006443.81,3006443.81
9184,17,11,49,8,2023-05-30,1,552690.94,552690.94
9185,23,1,9,2,2024-04-15,1,3264451.57,3264451.57
9186,35,1,57,6,2023-03-21,1,1894086.2,1894086.2
9187,15,5,50,2,2024-09-28,1,3046975.05,3046975.05
9188,30,2,19,2,2022-04-17,2,4509407.79,9018815.58
9189,41,1,1,4,2025-02-19,1,2428303.94,2428303.94
9190,26,2,55,9,2023-04-23,2,3209475.07,6418950.14
9191,16,6,37,3,2025-11-29,2,614555.53,1229111.06
9192,29,4,55,3,2024-12-07,1,663030.49,663030.49
9193,27,7,4,2,2023-03-22,1,4285607.37,4285607.37
9194,18,5,14,3,2023-03-20,1,2888624.78,2888624.78
9195,25,8,44,7,2025-12-22,1,2534628.95,2534628.95
9196,27,11,1,11,2025-11-30,1,4595990.78,4595990.78
9197,13,13,32,1,2025-08-15,1,742349.59,742349.59
9198,16,2,12,6,2025-04-09,1,602000.44,602000.44
9199,20,4,1,4,2022-09-18,1,1386685.12,1386685.12
9200,10,2,23,8,2023-07-09,1,2183077.36,2183077.36
9201,41,2,32,4,2024-01-14,2,5266208.83,10532417.66
9202,27,1,10,7,2025-09-24,1,3054626.26,3054626.26
9203,1,15,20,8,2023-06-28,1,2782174.15,2782174.15
9204,19,9,19,5,2024-01-30,1,2229526.5,2229526.5
9205,11,6,49,6,2022-02-17,1,4116662.99,4116662.99
9206,27,2,48,7,2023-08-16,1,3588110.01,3588110.01
9207,32,6,41,6,2025-10-02,1,985307.67,985307.67
9208,40,1,30,5,2022-07-04,1,5752928.5,5752928.5
9209,6,11,3,3,2024-11-27,1,2855666.29,2855666.29
9210,18,6,23,3,2025-12-10,1,3621166.4,3621166.4
9211,6,5,30,7,2022-08-07,1,3219686.94,3219686.94
9212,27,3,41,3,2025-12-20,1,1457037.49,1457037.49
9213,15,10,16,10,2024-04-07,1,3716006.29,3716006.29
9214,18,5,35,7,2024-09-19,1,1506053.23,1506053.23
9215,7,1,8,1,2024-06-10,1,3469498.56,3469498.56
9216,39,6,52,1,2023-12-22,1,4305481.07,4305481.07
9217,32,5,17,1,2023-08-09,1,4473351.16,4473351.16
9218,20,2,6,9,2025-06-13,3,2507308.53,7521925.59
9219,7,13,42,8,2024-07-22,1,1616239.19,1616239.19
9220,27,6,50,9,2023-01-24,1,3717331.9,3717331.9
9221,20,12,41,1,2024-04-21,1,2753411.38,2753411.38
9222,29,2,43,10,2025-06-17,3,756312.78,2268938.34
9223,20,2,25,12,2022-05-01,1,4567802.58,4567802.58
9224,38,2,13,11,2024-01-07,1,1201252.55,1201252.55
9225,12,5,2,6,2025-05-07,1,3169182.5,3169182.5
9226,31,5,28,1,2024-12-31,1,1698891.12,1698891.12
9227,34,3,36,11,2022-12-13,1,1620869.15,1620869.15
9228,30,8,45,6,2022-05-19,2,1726219.47,3452438.94
9229,30,1,13,7,2024-10-18,1,3789060.42,3789060.42
9230,14,4,44,1,2024-12-13,1,961770.58,961770.58
9231,24,12,32,8,2023-06-29,1,3356336.48,3356336.48
9232,19,7,21,6,2022-06-15,2,1001757.34,2003514.68
9233,13,10,13,2,2023-06-23,1,572507.62,572507.62
9234,26,5,17,9,2024-09-27,2,4207766.84,8415533.68
9235,12,5,39,5,2023-09-06,1,4271866.38,4271866.38
9236,15,4,45,3,2023-06-13,1,3757278.55,3757278.55
9237,7,6,18,2,2023-10-18,1,3542377.09,3542377.09
9238,13,3,1,9,2025-12-19,1,708219.76,708219.76
9239,17,15,54,3,2022-04-18,1,443686.86,443686.86
9240,2,2,36,10,2022-12-31,1,3252991.27,3252991.27
9241,20,3,5,6,2023-12-24,1,4337828.52,4337828.52
9242,35,2,31,4,2024-04-11,1,3890052.35,3890052.35
9243,11,6,26,2,2024-12-14,1,2568001.86,2568001.86
9244,11,2,42,3,2023-03-02,1,3649606.17,3649606.17
9245,17,1,14,1,2024-11-03,1,425130.26,425130.26
9246,14,13,20,6,2025-09-06,1,1421633.95,1421633.95
9247,34,5,44,7,2022-07-19,2,2601510.39,5203020.78
9248,43,6,48,2,2022-06-27,1,5019731.41,5019731.41
9249,14,13,1,6,2023-03-05,1,1303352.78,1303352.78
9250,28,3,33,6,2023-08-15,2,4410999.16,8821998.32
9251,19,12,53,2,2023-08-27,3,2480964.58,7442893.74
9252,22,2,12,6,2025-11-06,1,891697.97,891697.97
9253,34,1,39,12,2024-04-14,1,2698995.16,2698995.16
9254,19,6,55,8,2022-12-06,1,1783395.48,1783395.48
9255,17,1,42,7,2023-03-05,1,752607.6,752607.6
9256,24,3,37,1,2022-05-20,1,3803081.8,3803081.8
9257,10,2,47,6,2025-11-07,1,4463967.54,4463967.54
9258,30,2,1,9,2023-07-16,1,2105257.99,2105257.99
9259,20,1,17,6,2022-02-26,1,3711112.28,3711112.28
9260,35,5,36,12,2025-08-05,1,1897547.11,1897547.11
9261,34,1,44,1,2025-08-14,1,2209634.5,2209634.5
9262,25,2,9,6,2025-03-14,1,1144447.79,1144447.79
9263,23,1,5,6,2023-08-04,1,921853.65,921853.65
9264,27,3,27,6,2024-05-09,1,4569648.46,4569648.46
9265,20,6,5,8,2025-04-20,1,2607068.07,2607068.07
9266,41,1,55,6,2022-03-27,3,5322117.33,15966351.99
9267,5,3,5,6,2024-10-04,1,7959106.66,7959106.66
9268,43,2,28,5,2024-05-07,1,4426933.15,4426933.15
9269,13,6,22,8,2022-01-16,1,722622.18,722622.18
9270,11,5,45,12,2022-07-29,1,2231455.7,2231455.7
9271,14,3,52,5,2023-05-20,1,890177.33,890177.33
9272,2,7,39,7,2023-02-18,1,4266842.24,4266842.24
9273,34,4,9,9,2022-12-21,1,3757677.03,3757677.03
9274,41,6,25,3,2023-06-07,3,3659827.97,10979483.91
9275,11,4,27,3,2022-03-18,1,1802590.45,1802590.45
9276,18,4,47,6,2022-05-07,2,2741184.54,5482369.08
9277,17,12,42,1,2024-08-11,1,616564.6,616564.6
9278,33,6,13,3,2022-06-29,2,1028949.17,2057898.34
9279,4,4,17,2,2024-07-11,1,1637721.99,1637721.99
9280,33,6,49,6,2023-08-29,2,1268040.83,2536081.66
9281,9,13,29,9,2024-03-29,1,1824097.99,1824097.99
9282,33,4,17,9,2024-04-25,1,2818456.24,2818456.24
9283,13,11,30,4,2025-05-09,2,685634.62,1371269.24
9284,40,15,1,1,2022-11-15,1,6485791.75,6485791.75
9285,39,1,3,3,2023-10-30,1,3142243.3,3142243.3
9286,11,15,1,3,2022-03-10,2,1972116.07,3944232.14
9287,6,1,9,3,2024-12-16,1,2555925.16,2555925.16
9288,26,13,32,11,2024-05-07,1,1402867.25,1402867.25
9289,12,15,4,10,2022-01-25,1,1395730.25,1395730.25
9290,8,3,18,1,2024-03-08,1,602058.56,602058.56
9291,35,14,26,1,2024-04-01,1,1326674.02,1326674.02
9292,12,5,30,7,2025-06-01,1,4098549.7,4098549.7
9293,2,1,30,5,2025-12-19,1,4424102.05,4424102.05
9294,2,3,36,3,2025-07-26,1,4118271.53,4118271.53
9295,39,8,9,6,2022-12-05,1,4029169.02,4029169.02
9296,26,3,13,7,2024-09-30,1,1306784.95,1306784.95
9297,13,1,35,3,2025-06-09,1,558763.81,558763.81
9298,2,3,10,7,2024-04-22,2,4690671.59,9381343.18
9299,32,14,17,6,2024-12-25,1,2244499.59,2244499.59
9300,9,6,50,9,2023-09-16,1,1802441.58,1802441.58
9301,15,9,14,9,2024-02-20,1,1905275.18,1905275.18
9302,5,2,50,9,2025-02-04,1,6844378.72,6844378.72
9303,5,9,41,3,2023-09-05,1,9412349.1,9412349.1
9304,15,10,42,12,2025-10-30,1,4147961.67,4147961.67
9305,21,1,25,8,2023-05-25,1,1704132.16,1704132.16
9306,7,7,51,7,2025-06-02,1,4450245.23,4450245.23
9307,15,15,9,1,2022-11-21,1,3917611.67,3917611.67
9308,37,5,24,1,2024-09-04,1,5555552.59,5555552.59
9309,30,4,31,3,2022-02-12,1,4120248.59,4120248.59
9310,31,2,4,1,2022-03-19,1,4986585.23,4986585.23
9311,11,1,37,11,2025-02-19,1,886042.57,886042.57
9312,37,1,35,9,2024-12-21,2,1850939.16,3701878.32
9313,7,4,11,5,2023-08-08,1,1618781.51,1618781.51
9314,42,12,19,9,2025-05-02,2,1894395.76,3788791.52
9315,15,13,4,6,2025-04-05,1,3743154.05,3743154.05
9316,6,14,48,9,2024-01-07,1,2802790.38,2802790.38
9317,23,5,45,5,2024-12-21,1,1691066.27,1691066.27
9318,15,2,10,12,2024-03-13,1,1974953.89,1974953.89
9319,17,2,12,10,2025-06-13,1,509582.69,509582.69
9320,2,10,3,12,2024-06-07,1,1321893.36,1321893.36
9321,27,9,3,3,2023-05-16,1,3189601.91,3189601.91
9322,1,12,23,1,2025-12-15,2,1810256.4,3620512.8
9323,16,10,5,4,2025-01-31,1,697014.89,697014.89
9324,31,2,12,7,2025-08-01,1,4926372.37,4926372.37
9325,21,4,37,8,2025-03-24,1,1208380.02,1208380.02
9326,1,6,37,1,2023-12-09,1,1627430.78,1627430.78
9327,15,4,42,9,2024-12-04,1,2981947.75,2981947.75
9328,18,1,55,5,2023-06-18,1,3131058.28,3131058.28
9329,11,1,43,7,2025-12-09,1,1974287.03,1974287.03
9330,14,12,48,1,2023-10-18,1,999513.26,999513.26
9331,9,12,53,12,2022-10-12,2,1090924.75,2181849.5
9332,35,13,20,9,2024-05-07,1,1189999.67,1189999.67
9333,41,6,34,6,2025-11-02,2,3799676.52,7599353.04
9334,22,2,40,7,2025-02-05,1,1352375.16,1352375.16
9335,30,3,10,4,2025-02-12,1,4231295.93,4231295.93
9336,21,7,23,12,2023-10-21,1,1141276.05,1141276.05
9337,2,3,22,8,2022-05-13,1,1898894.5,1898894.5
9338,42,11,47,6,2025-09-17,1,1096808.42,1096808.42
9339,20,2,5,7,2023-01-15,1,2309937.42,2309937.42
9340,40,12,50,7,2023-05-20,1,4995086.92,4995086.92
9341,7,6,21,10,2025-09-09,1,2836630.08,2836630.08
9342,18,5,47,3,2024-04-01,1,2027842.82,2027842.82
9343,38,5,32,4,2023-11-21,1,1298493.42,1298493.42
9344,15,13,55,8,2022-10-02,1,3589708.87,3589708.87
9345,36,1,1,5,2022-08-26,1,2443645.06,2443645.06
9346,15,3,4,3,2024-08-03,1,2914601.49,2914601.49
9347,7,9,9,10,2025-11-20,1,4743581.49,4743581.49
9348,3,15,1,5,2022-11-08,1,521181.61,521181.61
9349,30,9,46,10,2023-11-21,1,3169153.3,3169153.3
9350,41,12,42,12,2025-04-27,1,1232694.4,1232694.4
9351,24,12,45,4,2022-05-01,1,1297940.76,1297940.76
9352,26,1,41,7,2024-03-12,1,1100835.16,1100835.16
9353,12,3,2,9,2022-01-14,1,3788132.49,3788132.49
9354,2,2,34,8,2023-02-20,1,3647470.94,3647470.94
9355,14,5,33,7,2025-01-27,1,1733795.2,1733795.2
9356,29,2,45,6,2024-10-11,1,741431.17,741431.17
9357,12,6,8,9,2022-05-17,1,3992123.39,3992123.39
9358,20,1,35,12,2023-09-23,1,1113141.51,1113141.51
9359,7,2,49,8,2023-03-10,1,4804638.72,4804638.72
9360,27,1,23,7,2023-05-23,1,925159.55,925159.55
9361,28,1,1,10,2022-06-25,1,1236900.11,1236900.11
9362,9,2,26,1,2023-12-06,1,1489884.7,1489884.7
9363,25,8,39,12,2023-10-25,1,2347201.37,2347201.37
9364,37,2,33,7,2025-01-11,1,1228241.87,1228241.87
9365,43,1,51,5,2024-03-23,1,3591073.94,3591073.94
9366,28,8,16,6,2024-09-12,1,1615652.74,1615652.74
9367,14,15,6,3,2023-01-08,1,1117669.2,1117669.2
9368,24,11,53,1,2023-05-30,2,1793118.5,3586237.0
9369,20,8,6,8,2023-01-31,1,2181817.46,2181817.46
9370,25,2,49,5,2022-08-29,1,2013315.11,2013315.11
9371,27,2,55,8,2025-08-07,1,1187361.2,1187361.2
9372,6,12,41,5,2024-12-27,1,2641091.39,2641091.39
9373,16,1,43,7,2023-12-29,1,696431.62,696431.62
9374,25,5,14,9,2023-09-27,1,3815020.69,3815020.69
9375,17,4,33,9,2025-05-25,1,493471.53,493471.53
9376,20,1,33,6,2025-12-26,1,4867189.93,4867189.93
9377,43,2,40,6,2022-06-30,1,5047370.97,5047370.97
9378,40,4,20,4,2022-02-23,1,4863594.54,4863594.54
9379,16,1,32,10,2022-07-29,1,716970.8,716970.8
9380,32,2,57,3,2022-02-10,1,3178609.68,3178609.68
9381,27,1,52,1,2023-09-24,1,3852205.43,3852205.43
9382,34,10,9,2,2025-11-19,1,1984749.55,1984749.55
9383,23,5,21,6,2024-03-18,1,2726376.14,2726376.14
9384,25,3,20,8,2025-07-29,1,1355856.29,1355856.29
9385,42,4,39,11,2025-10-15,1,1475031.2,1475031.2
9386,28,2,51,3,2022-06-27,1,2256190.45,2256190.45
9387,27,1,51,7,2025-06-23,1,3215336.03,3215336.03
9388,16,1,29,11,2022-05-07,1,746326.22,746326.22
9389,19,4,8,8,2025-04-02,1,1228005.0,1228005.0
9390,1,2,27,7,2023-05-08,1,3916182.1,3916182.1
9391,27,1,25,7,2024-03-15,1,2878638.49,2878638.49
9392,16,5,37,1,2025-04-08,1,654339.6,654339.6
9393,7,2,7,6,2025-07-04,2,4482309.41,8964618.82
9394,15,6,18,10,2024-12-12,2,2048363.77,4096727.54
9395,19,8,24,8,2022-02-07,1,2317566.2,2317566.2
9396,20,8,28,6,2023-08-27,1,3933669.91,3933669.91
9397,32,12,46,1,2025-07-14,1,2918322.77,2918322.77
9398,10,5,30,11,2025-03-30,1,4076206.47,4076206.47
9399,37,2,32,1,2023-10-29,1,6251695.39,6251695.39
9400,13,15,43,6,2024-07-23,1,621129.58,621129.58
9401,27,1,34,1,2025-09-27,1,1614664.69,1614664.69
9402,12,6,53,3,2022-04-29,1,2258205.73,2258205.73
9403,26,3,9,9,2023-08-08,1,850177.56,850177.56
9404,29,7,27,4,2025-02-17,1,691764.89,691764.89
9405,38,13,13,5,2023-06-19,1,4467836.95,4467836.95
9406,3,4,54,9,2025-07-31,1,671203.75,671203.75
9407,11,1,55,6,2024-11-06,1,1564902.69,1564902.69
9408,20,3,12,1,2024-12-19,1,3254524.21,3254524.21
9409,17,1,41,6,2025-12-25,2,449155.49,898310.98
9410,40,2,20,3,2023-11-13,1,4116158.78,4116158.78
9411,28,1,31,7,2025-05-03,1,4131994.25,4131994.25
9412,24,7,51,7,2022-09-04,1,3413413.41,3413413.41
9413,29,11,12,10,2025-03-25,1,652458.68,652458.68
9414,11,3,33,7,2024-01-24,3,3775989.98,11327969.94
9415,17,2,38,4,2025-12-12,1,658915.09,658915.09
9416,20,14,24,3,2022-08-29,1,1829121.9,1829121.9
9417,20,7,31,7,2023-05-13,1,1146358.07,1146358.07
9418,38,1,12,1,2025-12-01,1,3837732.03,3837732.03
9419,40,1,49,8,2023-02-06,1,4179508.11,4179508.11
9420,26,13,3,1,2025-02-07,1,1503028.16,1503028.16
9421,2,2,10,8,2024-06-27,1,1615720.53,1615720.53
9422,12,6,23,5,2022-06-11,1,1044460.92,1044460.92
9423,30,3,4,6,2024-03-03,1,3208325.44,3208325.44
9424,19,12,46,11,2022-01-19,2,1687069.06,3374138.12
9425,18,10,9,12,2024-09-16,2,3379066.35,6758132.7
9426,21,7,29,3,2023-11-24,1,1515929.76,1515929.76
9427,24,12,39,8,2022-12-14,1,3023688.71,3023688.71
9428,6,2,51,6,2024-07-15,1,2906040.39,2906040.39
9429,35,2,45,5,2024-04-14,1,1856946.79,1856946.79
9430,10,9,40,12,2024-06-24,1,3340875.97,3340875.97
9431,28,4,40,6,2022-06-09,1,3653390.54,3653390.54
9432,7,5,53,7,2022-01-19,1,4760253.01,4760253.01
9433,29,12,39,12,2022-08-29,1,625321.56,625321.56
9434,8,1,44,4,2022-03-08,2,560201.09,1120402.18
9435,7,6,44,10,2023-02-18,1,5858225.22,5858225.22
9436,10,11,30,1,2025-06-24,2,2884045.54,5768091.08
9437,8,5,27,6,2023-02-12,3,732503.37,2197510.11
9438,4,3,17,8,2022-10-26,1,1188936.95,1188936.95
9439,39,4,42,5,2024-05-03,1,3639550.48,3639550.48
9440,23,1,10,6,2022-02-08,2,2492258.26,4984516.52
9441,14,5,14,1,2023-04-05,1,1254382.78,1254382.78
9442,15,3,12,9,2023-03-04,1,1021589.38,1021589.38
9443,43,1,34,7,2025-06-25,1,4071828.14,4071828.14
9444,41,4,54,11,2022-12-01,1,1818858.0,1818858.0
9445,26,5,7,3,2022-08-12,1,3952409.28,3952409.28
9446,9,11,13,12,2022-02-13,1,2454993.39,2454993.39
9447,2,14,22,7,2024-07-24,1,4046446.24,4046446.24
9448,41,6,20,8,2024-03-03,1,1725713.7,1725713.7
9449,7,12,52,6,2023-09-03,1,1852365.09,1852365.09
9450,8,12,29,5,2022-12-12,1,747511.88,747511.88
9451,11,3,16,12,2023-11-26,1,1503699.0,1503699.0
9452,8,14,21,8,2024-03-11,1,751383.08,751383.08
9453,18,5,45,9,2023-12-18,1,3022603.62,3022603.62
9454,40,5,36,2,2023-05-06,1,5905902.34,5905902.34
9455,36,2,29,1,2023-08-04,3,2631852.44,7895557.32
9456,11,13,4,1,2024-04-20,1,3279441.66,3279441.66
9457,22,11,11,7,2022-05-10,1,847200.81,847200.81
9458,9,3,51,4,2024-10-02,1,2499568.34,2499568.34
9459,11,12,37,10,2023-04-11,1,2630410.44,2630410.44
9460,31,1,22,12,2025-02-26,2,2585030.73,5170061.46
9461,7,4,50,1,2024-08-20,2,2886464.85,5772929.7
9462,28,3,49,6,2025-03-08,1,1548082.24,1548082.24
9463,25,9,1,4,2025-01-03,1,1225328.98,1225328.98
9464,25,1,19,8,2024-09-22,1,1336324.19,1336324.19
9465,30,11,19,6,2023-06-29,1,2384458.52,2384458.52
9466,10,2,27,11,2022-07-26,1,2018745.38,2018745.38
9467,34,13,52,4,2023-06-12,1,2028376.69,2028376.69
9468,28,3,30,2,2023-10-09,1,2251298.41,2251298.41
9469,15,1,32,7,2022-06-29,1,2437673.94,2437673.94
9470,14,5,44,7,2023-08-16,1,747031.52,747031.52
9471,17,3,36,3,2023-07-17,1,458463.82,458463.82
9472,33,4,20,6,2024-02-07,1,3397924.08,3397924.08
9473,33,1,51,1,2025-08-28,1,3803952.36,3803952.36
9474,19,7,11,6,2024-02-15,2,1081124.88,2162249.76
9475,6,3,3,5,2022-04-19,2,2418674.36,4837348.72
9476,24,11,10,9,2022-02-05,2,2093816.28,4187632.56
9477,7,1,9,5,2023-05-11,1,4303122.16,4303122.16
9478,12,3,27,6,2024-09-15,1,2887757.32,2887757.32
9479,10,1,16,10,2022-06-26,1,4610101.12,4610101.12
9480,9,1,50,7,2024-03-31,1,2543420.93,2543420.93
9481,2,2,51,10,2023-09-13,1,2182815.69,2182815.69
9482,28,12,49,7,2023-09-12,1,1831758.56,1831758.56
9483,8,3,40,7,2024-01-08,1,539696.2,539696.2
9484,11,3,41,1,2025-02-11,1,4196509.31,4196509.31
9485,2,2,49,8,2024-03-31,1,966530.51,966530.51
9486,11,1,5,11,2023-06-10,1,3081279.4,3081279.4
9487,30,5,43,4,2024-10-08,3,3156596.43,9469789.29
9488,11,14,28,3,2024-11-13,1,2807640.22,2807640.22
9489,8,1,43,7,2023-01-24,2,890383.55,1780767.1
9490,2,13,46,6,2025-12-20,2,4617393.63,9234787.26
9491,31,9,53,6,2025-01-05,1,4724635.28,4724635.28
9492,29,2,16,9,2023-04-27,1,441682.96,441682.96
9493,20,8,14,7,2022-12-19,1,4137126.06,4137126.06
9494,28,4,14,3,2022-05-06,1,1943779.26,1943779.26
9495,9,12,54,8,2025-10-15,1,2045954.96,2045954.96
9496,42,15,46,6,2022-09-09,1,1990317.59,1990317.59
9497,35,4,11,5,2025-09-01,1,2644509.24,2644509.24
9498,15,5,4,8,2022-09-21,1,4902328.82,4902328.82
9499,20,6,28,8,2022-05-31,1,2108562.73,2108562.73
9500,43,1,30,5,2024-09-19,1,5357020.4,5357020.4
9501,23,3,8,10,2024-05-17,2,3363874.61,6727749.22
9502,27,1,14,3,2025-07-31,1,4719937.14,4719937.14
9503,42,1,39,8,2024-04-22,1,1258003.53,1258003.53
9504,27,14,34,5,2025-03-14,1,3121001.32,3121001.32
9505,34,2,8,5,2022-01-25,1,1037583.47,1037583.47
9506,12,12,18,7,2023-08-18,1,3748970.56,3748970.56
9507,39,1,20,1,2023-05-04,1,4804699.72,4804699.72
9508,5,4,31,1,2025-01-08,1,6408187.54,6408187.54
9509,11,5,2,6,2023-05-29,1,4456679.58,4456679.58
9510,43,7,15,10,2022-02-20,1,2699808.97,2699808.97
9511,7,10,9,3,2025-08-01,1,2021295.24,2021295.24
9512,12,3,55,3,2025-02-20,1,2157219.15,2157219.15
9513,12,6,9,8,2025-05-05,1,4300114.96,4300114.96
9514,17,15,45,6,2024-01-28,1,629261.26,629261.26
9515,39,15,44,5,2022-05-07,2,2190795.03,4381590.06
9516,19,4,14,3,2024-04-09,1,2505189.53,2505189.53
9517,27,5,30,4,2024-09-29,1,4020597.9,4020597.9
9518,35,2,38,6,2023-05-03,1,922503.75,922503.75
9519,17,14,5,5,2025-05-28,2,552868.24,1105736.48
9520,21,9,40,3,2025-02-08,1,957431.0,957431.0
9521,41,2,40,8,2024-02-08,1,4899282.34,4899282.34
9522,34,1,45,1,2022-04-24,1,1732367.71,1732367.71
9523,43,6,10,11,2022-11-11,1,2731254.75,2731254.75
9524,10,2,40,10,2024-03-02,1,4003316.29,4003316.29
9525,35,8,35,2,2025-10-20,3,2095927.61,6287782.83
9526,25,5,33,5,2023-08-07,1,3351146.02,3351146.02
9527,37,12,5,6,2022-10-09,1,4670954.94,4670954.94
9528,6,10,27,1,2024-01-13,1,2319371.39,2319371.39
9529,12,15,28,1,2024-12-01,1,3519987.07,3519987.07
9530,2,3,1,1,2023-02-19,1,1215177.19,1215177.19
9531,16,3,12,9,2023-11-11,1,538592.71,538592.71
9532,34,11,9,6,2025-05-17,1,2323696.44,2323696.44
9533,22,2,16,1,2025-07-31,1,1006421.31,1006421.31
9534,39,12,15,5,2022-10-23,1,3224449.84,3224449.84
9535,12,2,3,8,2024-11-23,1,1684627.88,1684627.88
9536,32,1,37,4,2025-08-08,1,2672361.17,2672361.17
9537,41,11,31,3,2023-09-09,3,5267296.31,15801888.93
9538,19,6,32,3,2023-09-15,1,956179.72,956179.72
9539,6,5,16,3,2022-04-24,1,3204027.38,3204027.38
9540,18,13,50,5,2023-05-11,1,1870619.5,1870619.5
9541,15,7,9,10,2024-06-27,1,1456815.24,1456815.24
9542,26,14,6,8,2023-12-07,1,1092417.82,1092417.82
9543,34,2,35,6,2025-05-06,1,2169833.08,2169833.08
9544,23,1,28,6,2024-01-13,1,1782195.96,1782195.96
9545,14,6,2,8,2024-03-02,1,1160435.04,1160435.04
9546,2,2,39,1,2024-11-12,1,2284614.71,2284614.71
9547,15,3,32,11,2022-01-07,1,950141.71,950141.71
9548,31,6,39,6,2022-12-28,1,2675712.65,2675712.65
9549,9,3,6,2,2023-10-10,1,1076761.76,1076761.76
9550,21,5,18,3,2024-06-02,3,1091315.74,3273947.22
9551,29,2,20,4,2024-10-20,1,479663.6,479663.6
9552,25,1,43,9,2022-11-29,1,1416358.44,1416358.44
9553,6,15,50,11,2022-11-24,1,2753526.63,2753526.63
9554,11,2,22,8,2025-08-14,1,4186295.01,4186295.01
9555,19,13,43,5,2022-09-08,1,1104289.3,1104289.3
9556,41,6,16,8,2024-06-17,1,2369140.05,2369140.05
9557,16,10,47,6,2025-12-08,3,416116.22,1248348.66
9558,18,6,10,3,2022-02-25,1,1818147.29,1818147.29
9559,16,1,9,7,2022-07-14,2,567904.7,1135809.4
9560,25,3,43,12,2023-03-24,1,1923383.71,1923383.71
9561,17,10,4,7,2023-07-27,1,583823.24,583823.24
9562,39,6,42,9,2022-10-30,2,4645034.91,9290069.82
9563,19,13,19,12,2023-01-24,1,1247205.83,1247205.83
9564,9,2,53,1,2023-02-07,1,1275151.55,1275151.55
9565,1,1,20,6,2022-01-20,1,3288769.49,3288769.49
9566,27,3,53,11,2022-12-13,1,888223.72,888223.72
9567,29,5,31,3,2023-05-12,1,720940.02,720940.02
9568,10,1,35,8,2023-06-24,1,3221278.74,3221278.74
9569,13,3,41,6,2024-01-23,1,859734.77,859734.77
9570,14,9,23,6,2024-01-17,1,1378811.31,1378811.31
9571,16,12,49,7,2025-03-29,1,594413.69,594413.69
9572,12,1,49,7,2024-06-17,1,1234413.33,1234413.33
9573,6,10,26,6,2022-08-10,1,2208505.28,2208505.28
9574,20,11,54,8,2024-03-02,1,3694984.67,3694984.67
9575,28,3,43,7,2023-11-15,1,3100412.63,3100412.63
9576,18,4,52,8,2022-06-12,1,1332854.99,1332854.99
9577,43,3,10,6,2023-04-08,1,2065934.77,2065934.77
9578,13,4,43,4,2025-07-03,1,681256.88,681256.88
9579,13,3,44,3,2025-07-28,1,783254.76,783254.76
9580,14,4,18,7,2022-06-18,1,1243170.63,1243170.63
9581,15,1,12,2,2025-05-06,1,2843848.8,2843848.8
9582,15,6,29,11,2024-02-18,1,4013274.26,4013274.26
9583,15,6,4,9,2024-06-22,1,4386732.18,4386732.18
9584,18,4,2,1,2024-10-30,1,2598977.88,2598977.88
9585,18,5,46,3,2024-10-16,1,3289663.53,3289663.53
9586,8,11,16,4,2025-05-18,1,625259.79,625259.79
9587,20,5,22,1,2024-04-11,1,2803374.0,2803374.0
9588,9,2,38,7,2025-11-13,1,2114703.41,2114703.41
9589,28,1,9,9,2023-04-17,1,975631.39,975631.39
9590,30,6,45,8,2025-03-16,1,2694759.55,2694759.55
9591,40,12,22,6,2022-03-03,1,3081728.31,3081728.31
9592,16,3,49,10,2024-08-23,2,632331.44,1264662.88
9593,16,2,6,6,2025-07-04,1,468707.83,468707.83
9594,40,1,54,3,2024-01-04,1,5197075.39,5197075.39
9595,39,11,13,4,2022-04-16,1,3242459.06,3242459.06
9596,16,3,44,9,2023-11-09,1,717718.53,717718.53
9597,7,2,19,7,2022-11-12,1,1648584.95,1648584.95
9598,12,5,20,6,2022-03-11,1,3556631.54,3556631.54
9599,18,3,15,4,2023-10-12,2,941861.43,1883722.86
9600,13,3,8,11,2025-09-14,1,875187.53,875187.53
9601,43,6,8,7,2022-04-15,1,1571816.83,1571816.83
9602,12,14,27,7,2023-08-21,1,1378913.74,1378913.74
9603,25,2,11,11,2022-03-05,1,2139987.09,2139987.09
9604,7,3,32,2,2025-10-05,1,4072533.8,4072533.8
9605,16,4,1,3,2023-01-09,1,444004.45,444004.45
9606,19,2,8,1,2024-11-21,1,1721286.78,1721286.78
9607,12,3,1,8,2023-03-09,1,3059096.78,3059096.78
9608,16,1,36,6,2025-06-15,2,715201.26,1430402.52
9609,11,14,20,5,2025-09-16,1,3742970.15,3742970.15
9610,25,7,38,7,2022-06-20,1,2355728.48,2355728.48
9611,17,3,25,5,2025-10-05,1,674568.28,674568.28
9612,9,9,9,7,2024-06-20,1,1771052.46,1771052.46
9613,20,3,10,3,2024-11-30,1,3570076.76,3570076.76
9614,20,12,28,3,2024-06-19,1,2226547.82,2226547.82
9615,32,2,2,9,2023-06-29,1,2099554.73,2099554.73
9616,32,10,17,3,2025-10-03,1,2577408.91,2577408.91
9617,14,5,11,6,2025-11-03,1,940795.52,940795.52
9618,38,2,53,8,2024-12-18,1,3991356.59,3991356.59
9619,8,11,42,3,2025-10-17,1,835451.43,835451.43
9620,28,4,41,10,2024-01-12,1,1793389.27,1793389.27
9621,7,1,56,6,2023-03-02,1,3691371.09,3691371.09
9622,28,1,11,8,2025-05-23,1,1212729.65,1212729.65
9623,17,11,11,1,2022-06-29,1,518882.74,518882.74
9624,20,11,33,2,2022-04-23,1,2940415.56,2940415.56
9625,14,6,4,5,2022-09-09,3,1385758.19,4157274.57
9626,16,9,12,8,2025-07-06,1,635278.45,635278.45
9627,31,12,7,1,2024-07-29,1,1120726.84,1120726.84
9628,27,1,35,11,2025-04-10,1,2205569.77,2205569.77
9629,11,12,33,7,2025-06-24,1,3302223.43,3302223.43
9630,6,6,55,1,2025-08-22,1,2090380.01,2090380.01
9631,38,4,12,12,2025-05-25,2,2967806.61,5935613.22
9632,10,4,28,12,2022-08-25,1,4092831.97,4092831.97
9633,7,6,24,10,2025-05-02,1,3956032.91,3956032.91
9634,28,1,22,10,2024-10-08,1,3699101.06,3699101.06
9635,12,3,28,3,2025-08-19,1,3694431.52,3694431.52
9636,9,2,47,3,2025-11-20,1,1405123.78,1405123.78
9637,38,13,2,8,2024-09-10,1,1274880.94,1274880.94
9638,31,3,6,6,2022-02-18,1,4430851.36,4430851.36
9639,41,15,53,7,2025-10-28,2,3150589.23,6301178.46
9640,21,8,30,6,2022-11-13,1,1562631.53,1562631.53
9641,15,1,14,5,2023-08-04,1,1106597.15,1106597.15
9642,21,4,40,5,2022-08-19,1,1674105.12,1674105.12
9643,23,2,1,2,2023-12-28,1,1736379.4,1736379.4
9644,26,6,44,1,2022-03-13,1,1558867.76,1558867.76
9645,15,3,51,6,2022-09-14,1,1298691.88,1298691.88
9646,9,5,45,6,2022-01-17,1,2622597.38,2622597.38
9647,38,1,34,6,2025-07-14,1,3322480.72,3322480.72
9648,26,1,26,1,2024-03-20,3,1099641.51,3298924.53
9649,2,14,11,5,2022-01-04,1,1814261.0,1814261.0
9650,19,13,45,3,2023-08-22,1,2163025.11,2163025.11
9651,32,1,4,3,2022-06-12,1,2645500.75,2645500.75
9652,25,11,44,6,2022-05-08,1,1607845.38,1607845.38
9653,12,4,6,9,2023-06-02,1,4107567.68,4107567.68
9654,25,8,12,6,2023-03-07,1,1518141.88,1518141.88
9655,41,3,49,6,2024-12-20,1,4474713.51,4474713.51
9656,15,13,1,1,2022-05-18,1,4133133.57,4133133.57
9657,26,3,44,1,2024-08-29,1,2235394.84,2235394.84
9658,14,9,44,9,2023-05-20,1,1826488.35,1826488.35
9659,18,4,17,7,2022-09-14,2,2949193.23,5898386.46
9660,26,3,6,3,2024-11-11,1,1369355.1,1369355.1
9661,27,4,40,12,2025-03-09,1,2915192.06,2915192.06
9662,12,1,31,11,2022-10-27,2,885605.61,1771211.22
9663,14,4,9,11,2022-10-24,1,1711085.71,1711085.71
9664,7,3,21,3,2022-03-08,1,3439387.93,3439387.93
9665,6,3,3,9,2023-07-18,1,1943890.81,1943890.81
9666,12,10,26,6,2025-06-24,1,3348712.97,3348712.97
9667,27,1,18,1,2022-10-17,1,3061975.82,3061975.82
9668,11,1,6,1,2024-11-06,3,1824447.56,5473342.68
9669,13,6,26,3,2024-04-21,1,789988.84,789988.84
9670,12,1,27,9,2022-06-24,1,1702347.55,1702347.55
9671,37,12,20,1,2023-11-12,1,4778045.54,4778045.54
9672,18,6,51,3,2022-05-21,1,2946993.63,2946993.63
9673,17,4,18,6,2024-05-05,2,637540.21,1275080.42
9674,6,5,54,6,2022-04-26,1,3332193.67,3332193.67
9675,19,8,4,6,2024-08-25,2,1937602.89,3875205.78
9676,1,3,13,9,2025-10-05,1,3704419.18,3704419.18
9677,6,2,44,2,2023-07-24,1,1952383.22,1952383.22
9678,33,3,7,8,2023-11-19,1,1169357.93,1169357.93
9679,35,6,13,7,2024-09-08,3,2566944.39,7700833.17
9680,33,1,42,12,2024-08-02,1,1859304.08,1859304.08
9681,38,11,7,4,2025-11-12,1,2257423.78,2257423.78
9682,43,1,10,6,2023-01-11,1,2683322.07,2683322.07
9683,11,1,33,5,2022-09-14,1,1374279.03,1374279.03
9684,43,2,12,3,2023-04-02,1,2116038.76,2116038.76
9685,38,13,38,7,2023-11-03,1,1514464.21,1514464.21
9686,24,6,16,9,2025-05-09,1,3226175.2,3226175.2
9687,13,5,20,3,2022-11-08,1,613019.13,613019.13
9688,3,2,19,4,2024-06-18,1,791173.64,791173.64
9689,19,1,53,6,2023-06-21,1,849428.18,849428.18
9690,24,2,25,2,2023-05-05,1,3799373.7,3799373.7
9691,18,5,15,6,2024-10-25,1,765979.5,765979.5
9692,36,3,5,4,2024-09-18,1,2082175.19,2082175.19
9693,37,3,18,5,2023-03-16,1,2843323.74,2843323.74
9694,25,5,14,1,2024-06-22,3,2552322.19,7656966.57
9695,39,3,54,10,2025-11-21,1,4430151.28,4430151.28
9696,9,1,9,8,2024-09-20,1,2218574.74,2218574.74
9697,7,2,46,1,2025-02-27,1,5364854.76,5364854.76
9698,43,9,1,5,2025-02-26,1,3804595.49,3804595.49
9699,11,1,11,8,2022-06-28,1,1993013.19,1993013.19
9700,35,6,51,6,2024-04-01,1,1842198.52,1842198.52
9701,20,6,30,1,2023-08-22,1,1707876.08,1707876.08
9702,26,11,31,6,2023-03-15,1,2540102.86,2540102.86
9703,17,2,53,7,2025-12-27,1,681913.23,681913.23
9704,19,2,39,7,2025-12-24,1,2402591.31,2402591.31
9705,25,3,30,1,2025-05-21,1,3340171.66,3340171.66
9706,35,2,45,4,2025-02-14,1,4195265.74,4195265.74
9707,39,13,45,6,2025-08-30,1,4358003.65,4358003.65
9708,43,1,30,4,2025-08-09,2,4697385.62,9394771.24
9709,42,6,41,4,2022-09-02,1,1912672.51,1912672.51
9710,31,1,40,8,2024-08-08,1,3832632.47,3832632.47
9711,34,1,51,4,2022-07-18,1,1491452.28,1491452.28
9712,10,3,28,12,2024-02-05,1,2493179.62,2493179.62
9713,31,5,13,8,2022-01-09,1,3729793.86,3729793.86
9714,10,8,12,8,2025-07-05,1,2692609.76,2692609.76
9715,15,1,19,6,2024-10-09,3,2081014.7,6243044.1
9716,14,3,7,5,2022-03-03,1,801241.02,801241.02
9717,39,13,3,9,2024-09-02,1,1853363.64,1853363.64
9718,22,3,12,9,2025-07-11,1,925919.72,925919.72
9719,40,11,51,7,2022-09-29,1,5751067.91,5751067.91
9720,18,1,52,9,2024-12-26,2,3255328.45,6510656.9
9721,2,6,31,7,2022-02-05,1,4915854.88,4915854.88
9722,33,6,17,10,2022-10-20,2,2534668.78,5069337.56
9723,15,10,18,7,2024-03-08,1,1034530.3,1034530.3
9724,15,12,51,9,2023-10-28,1,2703942.33,2703942.33
9725,18,6,20,5,2025-04-12,1,2107216.19,2107216.19
9726,28,2,22,2,2025-12-09,1,3095818.01,3095818.01
9727,25,4,33,6,2023-07-03,1,2153335.05,2153335.05
9728,23,1,52,7,2025-07-15,1,3774267.48,3774267.48
9729,33,1,20,6,2023-09-03,1,4153812.05,4153812.05
9730,18,3,47,3,2022-01-09,1,1432795.59,1432795.59
9731,25,1,19,3,2024-06-11,1,3354612.07,3354612.07
9732,36,12,20,7,2022-07-19,1,1783278.4,1783278.4
9733,33,2,44,7,2022-04-05,1,2900766.85,2900766.85
9734,18,4,48,6,2022-11-13,1,1920881.65,1920881.65
9735,21,7,20,11,2024-05-02,1,1412596.01,1412596.01
9736,24,8,30,2,2022-09-05,1,1635089.59,1635089.59
9737,24,2,29,2,2024-02-08,1,1378327.77,1378327.77
9738,29,6,54,1,2022-04-04,2,497517.09,995034.18
9739,31,14,34,7,2024-08-28,1,3375919.86,3375919.86
9740,12,2,24,6,2024-07-08,1,2184497.07,2184497.07
9741,10,2,12,5,2023-12-15,1,3756583.19,3756583.19
9742,41,15,46,7,2022-06-13,1,4264811.22,4264811.22
9743,31,5,37,6,2023-08-22,1,3199701.77,3199701.77
9744,10,1,41,10,2022-05-24,1,3225927.76,3225927.76
9745,24,7,16,1,2025-06-26,2,3646798.85,7293597.7
9746,27,1,53,5,2025-01-07,3,1485522.03,4456566.09
9747,6,12,49,7,2024-04-30,1,1534180.16,1534180.16
9748,25,1,17,7,2025-09-15,1,3026841.96,3026841.96
9749,35,10,6,4,2025-02-10,1,4513292.65,4513292.65
9750,35,9,52,1,2022-09-05,1,4643143.23,4643143.23
9751,18,2,6,6,2022-10-04,1,2114865.93,2114865.93
9752,34,6,35,9,2025-05-13,1,1813198.14,1813198.14
9753,26,4,36,11,2025-06-21,1,2477876.92,2477876.92
9754,9,1,1,2,2023-12-19,1,2712774.65,2712774.65
9755,10,12,46,12,2025-03-05,1,3798658.24,3798658.24
9756,11,4,29,7,2024-11-20,1,4263729.25,4263729.25
9757,17,7,2,3,2022-01-26,3,437684.96,1313054.88
9758,37,2,34,6,2023-02-21,1,6298745.86,6298745.86
9759,19,2,31,7,2024-04-12,1,2235909.84,2235909.84
9760,27,2,8,7,2025-06-02,1,4568343.7,4568343.7
9761,26,8,48,6,2025-09-25,1,3480691.52,3480691.52
9762,23,3,28,5,2024-01-10,1,4232633.58,4232633.58
9763,34,5,34,6,2022-05-07,1,3397679.36,3397679.36
9764,32,12,39,6,2023-02-25,1,1030590.22,1030590.22
9765,12,15,24,6,2022-09-19,1,3411304.06,3411304.06
9766,30,3,23,8,2024-06-25,1,3223573.43,3223573.43
9767,8,1,18,4,2025-09-21,1,897182.24,897182.24
9768,27,11,6,11,2024-05-27,3,2848753.46,8546260.38
9769,1,6,40,1,2023-02-23,1,3016152.75,3016152.75
9770,1,12,39,2,2024-07-24,1,4077168.06,4077168.06
9771,15,11,44,2,2025-11-22,1,4793426.32,4793426.32
9772,34,11,4,2,2023-11-01,1,2014674.9,2014674.9
9773,26,5,31,3,2022-07-29,1,3151501.77,3151501.77
9774,31,3,35,7,2025-01-28,1,3110375.81,3110375.81
9775,14,5,42,4,2025-05-09,1,1161616.94,1161616.94
9776,34,3,34,8,2024-04-21,1,1929065.51,1929065.51
9777,6,8,46,6,2025-03-10,1,2930728.59,2930728.59
9778,30,14,18,1,2024-04-27,1,1886529.19,1886529.19
9779,9,9,8,7,2024-04-24,1,2077224.24,2077224.24
9780,14,3,23,5,2022-09-08,1,1055107.15,1055107.15
9781,26,3,5,6,2024-03-20,1,1417264.73,1417264.73
9782,27,14,39,3,2022-07-17,1,3691911.32,3691911.32
9783,9,12,25,3,2022-03-05,1,1139312.97,1139312.97
9784,9,5,5,12,2022-11-05,1,1740771.83,1740771.83
9785,28,13,36,2,2023-02-25,1,2465876.99,2465876.99
9786,19,15,52,3,2024-09-14,1,1649191.05,1649191.05
9787,5,14,28,6,2022-07-09,1,7744433.14,7744433.14
9788,23,4,54,3,2023-09-04,1,4631750.29,4631750.29
9789,9,1,8,10,2022-06-08,1,1952703.55,1952703.55
9790,13,6,34,6,2023-06-09,1,577565.14,577565.14
9791,23,1,17,9,2024-10-30,1,1860371.04,1860371.04
9792,12,10,20,6,2023-09-25,1,2261704.28,2261704.28
9793,28,11,31,4,2023-05-18,1,4622050.03,4622050.03
9794,21,6,33,8,2023-08-06,1,1661469.13,1661469.13
9795,13,12,23,4,2024-05-18,1,718562.15,718562.15
9796,14,3,55,4,2025-04-17,2,1564721.8,3129443.6
9797,31,5,7,5,2025-04-11,1,1677954.34,1677954.34
9798,7,13,15,1,2025-07-18,1,2171807.79,2171807.79
9799,9,1,6,3,2023-11-04,1,1289319.77,1289319.77
9800,20,1,11,9,2025-12-11,1,1088234.83,1088234.83
9801,23,4,3,1,2024-08-18,1,2445278.3,2445278.3
9802,39,2,6,1,2022-08-13,1,2943648.11,2943648.11
9803,34,2,30,7,2023-09-15,2,3861886.63,7723773.26
9804,4,4,24,7,2024-12-07,1,1411860.25,1411860.25
9805,29,9,38,10,2022-12-31,3,626509.44,1879528.32
9806,23,9,22,10,2022-01-30,1,3013532.38,3013532.38
9807,39,2,47,9,2023-03-02,1,3429196.99,3429196.99
9808,15,4,23,1,2022-12-28,1,4031012.12,4031012.12
9809,15,5,34,2,2025-01-31,1,1756689.43,1756689.43
9810,8,1,9,1,2024-07-04,1,627868.93,627868.93
9811,6,9,15,3,2022-07-22,1,2761946.49,2761946.49
9812,22,3,25,7,2023-08-13,1,807589.4,807589.4
9813,26,5,3,7,2024-10-20,1,3044185.8,3044185.8
9814,9,2,3,4,2025-02-23,1,1373726.09,1373726.09
9815,23,1,57,6,2022-06-08,1,2586650.98,2586650.98
9816,38,8,8,8,2025-05-25,1,1739942.83,1739942.83
9817,9,6,11,4,2024-02-12,1,1990216.09,1990216.09
9818,25,1,24,7,2022-07-03,1,1094674.63,1094674.63
9819,12,6,15,1,2022-06-14,1,949599.69,949599.69
9820,3,5,8,1,2023-06-04,1,735926.26,735926.26
9821,33,10,9,3,2025-09-19,1,3666085.09,3666085.09
9822,12,1,20,9,2024-02-11,1,4421197.39,4421197.39
9823,10,5,21,7,2022-09-05,1,2026995.08,2026995.08
9824,35,1,39,3,2025-07-16,1,4141083.89,4141083.89
9825,29,1,20,7,2025-06-10,1,422947.29,422947.29
9826,41,3,36,9,2024-07-26,1,4812516.95,4812516.95
9827,10,3,45,4,2023-01-05,1,3448786.9,3448786.9
9828,41,4,49,12,2024-12-15,1,2544576.47,2544576.47
9829,19,2,28,7,2023-02-15,1,1158393.71,1158393.71
9830,19,3,50,4,2025-06-06,1,2286116.31,2286116.31
9831,4,5,29,3,2025-11-16,2,776253.15,1552506.3
9832,38,3,9,1,2025-05-02,1,2260177.13,2260177.13
9833,22,2,9,3,2022-09-28,1,1471656.67,1471656.67
9834,21,9,44,1,2024-06-18,1,1007870.63,1007870.63
9835,7,2,22,3,2022-01-25,2,5856459.82,11712919.64
9836,40,2,19,9,2025-08-03,1,6005961.19,6005961.19
9837,43,1,13,7,2024-07-06,1,2208703.88,2208703.88
9838,37,1,51,10,2022-01-25,1,4781642.42,4781642.42
9839,3,3,37,7,2023-06-04,1,627729.43,627729.43
9840,14,7,11,8,2023-02-08,2,1000420.55,2000841.1
9841,35,1,43,3,2023-01-10,1,3862728.13,3862728.13
9842,32,1,46,1,2024-02-08,1,1769694.6,1769694.6
9843,9,3,3,6,2024-06-22,1,2117145.96,2117145.96
9844,7,6,20,6,2022-05-06,1,1491462.39,1491462.39
9845,14,4,13,1,2022-04-19,1,945236.77,945236.77
9846,35,2,47,9,2024-01-24,1,3461387.79,3461387.79
9847,11,14,30,7,2023-04-28,1,3368142.55,3368142.55
9848,19,8,29,2,2024-05-02,1,884050.01,884050.01
9849,1,3,28,3,2025-03-29,1,1555384.47,1555384.47
9850,24,3,1,2,2022-07-27,1,3242893.44,3242893.44
9851,37,5,16,4,2022-08-01,1,5545490.21,5545490.21
9852,18,14,9,12,2022-08-01,1,3919536.92,3919536.92
9853,32,4,31,1,2023-04-13,1,4788852.26,4788852.26
9854,13,1,25,8,2024-04-02,1,680329.31,680329.31
9855,38,11,51,8,2023-02-27,1,4934459.4,4934459.4
9856,27,2,52,9,2024-10-19,1,1214159.57,1214159.57
9857,19,12,16,11,2025-08-30,2,937254.69,1874509.38
9858,30,4,12,4,2024-09-13,2,1433224.83,2866449.66
9859,11,13,21,6,2024-04-11,1,2339698.68,2339698.68
9860,5,1,1,3,2024-05-27,1,8749706.28,8749706.28
9861,18,1,31,3,2024-09-29,2,3366316.66,6732633.32
9862,19,10,40,8,2023-02-23,1,1854077.12,1854077.12
9863,5,6,21,6,2025-08-07,1,7708034.02,7708034.02
9864,21,5,15,7,2024-01-19,1,1390361.27,1390361.27
9865,20,5,10,11,2023-01-24,1,4551347.37,4551347.37
9866,12,6,37,7,2022-08-12,1,1220859.81,1220859.81
9867,6,12,46,5,2022-08-20,1,2929739.61,2929739.61
9868,6,6,35,6,2024-10-13,1,3397374.19,3397374.19
9869,19,2,33,3,2025-11-03,1,1096781.79,1096781.79
9870,16,1,2,10,2023-04-07,2,501396.87,1002793.74
9871,39,1,9,10,2025-07-18,1,4542980.8,4542980.8
9872,40,1,15,9,2025-04-04,1,3656876.17,3656876.17
9873,15,11,3,10,2023-04-11,1,3323478.91,3323478.91
9874,33,2,39,9,2022-03-28,1,1367691.78,1367691.78
9875,17,2,4,8,2022-07-07,2,662618.62,1325237.24
9876,15,1,1,3,2025-05-20,1,1766209.83,1766209.83
9877,14,7,50,3,2022-04-13,1,1393047.31,1393047.31
9878,10,5,45,11,2025-02-07,1,4484664.07,4484664.07
9879,27,1,25,4,2025-12-25,1,1477025.26,1477025.26
9880,28,2,49,4,2024-05-12,1,1985230.08,1985230.08
9881,25,2,18,4,2022-09-13,1,3269144.69,3269144.69
9882,26,4,27,3,2023-05-19,1,2403633.39,2403633.39
9883,8,5,25,1,2023-05-08,1,601892.95,601892.95
9884,9,1,51,6,2022-01-19,1,2131997.46,2131997.46
9885,12,9,36,3,2023-01-23,1,1643309.94,1643309.94
9886,31,1,20,6,2025-06-10,1,4767175.65,4767175.65
9887,35,4,31,7,2022-08-17,1,2516317.02,2516317.02
9888,27,8,17,12,2024-08-17,1,1958598.72,1958598.72
9889,14,11,20,11,2022-09-29,1,818964.02,818964.02
9890,16,4,35,6,2024-06-29,1,414594.93,414594.93
9891,6,11,32,9,2024-07-18,2,2576778.59,5153557.18
9892,15,2,30,7,2022-03-29,1,1816347.53,1816347.53
9893,18,6,6,4,2023-08-09,1,1984435.87,1984435.87
9894,4,6,10,3,2024-04-12,1,1570954.49,1570954.49
9895,33,2,20,5,2024-10-28,2,2829968.7,5659937.4
9896,7,3,33,3,2025-03-18,1,4649326.42,4649326.42
9897,27,3,24,7,2023-09-20,1,2894127.55,2894127.55
9898,16,15,14,12,2023-07-19,1,447914.31,447914.31
9899,13,3,15,6,2024-09-18,1,769119.1,769119.1
9900,25,4,46,5,2025-01-27,1,3196719.58,3196719.58
9901,32,14,54,6,2024-05-28,2,2988878.35,5977756.7
9902,25,7,45,9,2025-02-23,1,1184466.26,1184466.26
9903,43,9,22,8,2024-12-11,1,2359982.52,2359982.52
9904,29,4,36,1,2023-02-25,1,714823.83,714823.83
9905,29,3,30,3,2025-07-12,1,744981.43,744981.43
9906,26,12,39,1,2022-04-12,1,1324852.6,1324852.6
9907,2,2,53,8,2023-09-01,1,1258283.55,1258283.55
9908,14,1,9,4,2024-11-19,1,1874026.44,1874026.44
9909,18,3,36,2,2023-02-18,1,3002913.81,3002913.81
9910,40,6,19,5,2025-04-01,1,1447380.03,1447380.03
9911,38,2,26,1,2025-10-01,1,4661286.87,4661286.87
9912,40,6,8,9,2022-07-08,1,3916233.94,3916233.94
9913,41,12,30,7,2023-09-05,1,978263.77,978263.77
9914,25,15,34,10,2024-02-03,1,3016443.55,3016443.55
9915,37,9,43,7,2024-08-14,1,1606096.53,1606096.53
9916,9,1,7,5,2025-03-05,1,2395940.44,2395940.44
9917,15,12,56,1,2022-12-22,1,4125814.62,4125814.62
9918,6,2,26,5,2024-08-16,1,2092349.99,2092349.99
9919,7,2,46,5,2022-11-02,1,4011688.15,4011688.15
9920,28,5,53,6,2022-02-21,1,2905051.95,2905051.95
9921,20,12,9,7,2024-10-09,1,3325346.25,3325346.25
9922,27,6,46,5,2025-07-31,1,2939396.35,2939396.35
9923,24,1,3,7,2025-01-16,1,4057734.48,4057734.48
9924,43,6,16,5,2024-12-21,1,4887080.35,4887080.35
9925,14,5,28,3,2023-04-13,1,757460.47,757460.47
9926,5,2,8,7,2024-06-11,2,10289892.14,20579784.28
9927,12,1,43,6,2024-07-04,1,1998817.14,1998817.14
9928,14,4,27,11,2025-01-16,1,1389137.31,1389137.31
9929,33,4,44,10,2022-11-10,1,1394794.9,1394794.9
9930,23,14,16,6,2022-12-21,1,3690432.39,3690432.39
9931,13,12,38,7,2024-07-12,1,825294.15,825294.15
9932,11,4,9,3,2023-04-21,1,843521.82,843521.82
9933,13,1,2,12,2023-09-27,1,544878.88,544878.88
9934,14,12,21,5,2022-11-08,1,981041.83,981041.83
9935,1,12,54,11,2024-06-06,2,1634181.04,3268362.08
9936,39,12,51,1,2024-11-05,1,4132511.69,4132511.69
9937,15,2,20,6,2023-08-24,2,3695531.02,7391062.04
9938,26,4,42,7,2025-08-11,1,3830537.71,3830537.71
9939,9,3,49,3,2022-03-07,1,2046355.24,2046355.24
9940,16,2,1,8,2022-01-10,2,656115.52,1312231.04
9941,17,13,40,1,2025-09-21,1,610776.98,610776.98
9942,5,12,54,6,2025-11-04,1,6445459.28,6445459.28
9943,37,6,38,12,2025-10-16,1,5204667.2,5204667.2
9944,1,9,3,11,2025-06-06,1,3556444.5,3556444.5
9945,8,13,5,7,2022-07-25,2,552463.25,1104926.5
9946,25,7,24,9,2024-09-19,1,2993598.46,2993598.46
9947,27,3,38,8,2023-08-17,1,2555368.49,2555368.49
9948,12,13,8,9,2022-02-11,1,1316033.74,1316033.74
9949,23,7,38,6,2024-09-07,1,2535325.27,2535325.27
9950,2,3,20,6,2024-03-31,1,3410813.38,3410813.38
9951,11,1,25,8,2023-09-22,1,1917916.11,1917916.11
9952,10,14,55,6,2024-07-27,1,4437685.58,4437685.58
9953,1,1,44,9,2022-01-19,1,4249060.66,4249060.66
9954,7,7,36,12,2024-07-30,2,3029521.99,6059043.98
9955,25,5,4,9,2022-10-07,1,3534524.63,3534524.63
9956,43,4,13,2,2023-04-17,2,2912785.84,5825571.68
9957,23,3,44,3,2022-04-07,1,3133182.19,3133182.19
9958,6,3,16,9,2025-02-21,1,2324553.36,2324553.36
9959,6,1,12,3,2023-02-03,1,1287896.62,1287896.62
9960,11,5,27,6,2025-03-12,1,2586660.21,2586660.21
9961,18,2,31,1,2022-10-13,1,2405053.71,2405053.71
9962,13,6,34,6,2024-12-15,1,540908.3,540908.3
9963,7,3,9,6,2023-04-18,1,1347454.82,1347454.82
9964,17,14,14,7,2025-05-02,3,584218.45,1752655.35
9965,43,15,42,7,2024-09-10,1,4711513.36,4711513.36
9966,29,1,36,8,2025-04-13,2,713242.02,1426484.04
9967,31,2,13,1,2025-10-14,1,1613067.21,1613067.21
9968,39,10,4,5,2023-12-19,1,4445059.79,4445059.79
9969,36,12,25,7,2024-03-08,1,1339105.12,1339105.12
9970,23,9,7,4,2023-04-10,1,3440361.64,3440361.64
9971,27,1,27,2,2024-09-29,1,4654086.44,4654086.44
9972,9,5,10,7,2022-05-09,1,2337193.92,2337193.92
9973,11,3,14,3,2023-10-13,1,4520144.69,4520144.69
9974,14,1,22,3,2024-02-03,1,1586302.39,1586302.39
9975,29,14,5,5,2023-09-14,1,779175.24,779175.24
9976,36,6,22,9,2022-06-06,1,1716136.46,1716136.46
9977,31,6,11,5,2024-01-21,1,1471045.07,1471045.07
9978,12,11,48,9,2023-05-24,1,3800512.29,3800512.29
9979,17,2,43,8,2025-12-07,1,459354.93,459354.93
9980,15,9,39,1,2023-08-21,1,1270306.54,1270306.54
9981,25,3,7,6,2023-03-18,1,1224342.46,1224342.46
9982,9,11,7,1,2023-10-18,2,2507579.89,5015159.78
9983,41,1,45,5,2022-06-22,1,1026424.69,1026424.69
9984,10,12,34,6,2023-06-06,1,2462517.53,2462517.53
9985,18,3,6,2,2023-01-25,1,1982088.38,1982088.38
9986,13,1,14,3,2023-01-29,1,833944.04,833944.04
9987,2,6,42,2,2025-02-23,1,1044226.5,1044226.5
9988,11,11,20,10,2022-06-17,1,3904438.13,3904438.13
9989,24,5,6,10,2025-10-21,1,4651826.51,4651826.51
9990,23,8,45,6,2025-05-09,1,3283565.07,3283565.07
9991,26,2,48,7,2025-02-09,1,4003126.36,4003126.36
9992,28,14,13,7,2024-02-21,1,3507755.92,3507755.92
9993,15,5,17,3,2025-04-28,1,2884947.65,2884947.65
9994,40,2,21,1,2025-08-11,1,3206372.11,3206372.11
9995,14,9,3,2,2024-05-05,1,1221995.49,1221995.49
9996,32,12,36,6,2025-12-29,1,3632143.16,3632143.16
9997,38,1,23,6,2023-09-02,2,2118637.58,4237275.16
9998,25,3,25,1,2023-01-07,1,3878269.94,3878269.94
9999,15,2,33,11,2022-03-25,1,2757796.39,2757796.39
10000,20,8,53,8,2022-01-18,1,1488443.85,1488443.85
10001,25,8,6,12,2023-09-11,1,990127.0,990127.0
10002,10,2,1,6,2024-10-24,2,4594936.98,9189873.96
10003,35,10,1,2,2025-10-01,1,3864665.69,3864665.69
10004,27,1,32,3,2025-09-13,1,3056665.32,3056665.32
10005,16,11,26,5,2023-08-27,1,561127.75,561127.75
10006,18,1,20,8,2025-06-09,2,1702090.23,3404180.46
10007,43,6,5,7,2025-06-16,1,3183313.28,3183313.28
10008,19,6,60,9,2023-11-11,1,1078203.7,1078203.7
10009,24,4,10,3,2025-02-25,3,2933793.52,8801380.56
10010,43,2,28,9,2024-07-09,1,5435633.27,5435633.27
10011,10,13,40,5,2024-02-08,2,2653978.4,5307956.8
10012,15,4,12,5,2024-10-04,1,3618736.12,3618736.12
10013,43,14,18,1,2022-09-18,1,5313146.97,5313146.97
10014,16,12,55,5,2022-02-17,1,629321.65,629321.65
10015,29,15,32,6,2024-09-26,1,612607.91,612607.91
10016,10,10,53,3,2023-07-08,2,2972277.24,5944554.48
10017,9,3,50,5,2022-04-09,2,2166193.42,4332386.84
10018,42,4,39,7,2023-10-25,1,2019006.52,2019006.52
10019,22,15,46,5,2024-03-10,1,1365741.77,1365741.77
10020,40,4,21,5,2025-07-14,1,3598872.13,3598872.13
10021,10,12,9,4,2024-07-10,1,2033245.23,2033245.23
10022,39,3,4,8,2022-02-09,1,2747289.13,2747289.13
10023,9,1,49,5,2023-11-11,1,1401566.08,1401566.08
10024,42,3,9,9,2022-09-25,1,2118991.02,2118991.02
10025,12,11,39,7,2022-05-04,1,4470835.96,4470835.96
10026,17,6,30,8,2023-08-07,1,473536.6,473536.6
10027,12,2,43,8,2022-03-31,3,2568654.09,7705962.27
10028,37,9,16,5,2025-09-16,1,1435304.52,1435304.52
10029,27,9,47,8,2025-12-31,1,4353339.79,4353339.79
10030,19,3,18,6,2023-05-22,1,2157351.05,2157351.05
10031,39,5,30,11,2025-01-18,1,3769950.53,3769950.53
10032,7,3,49,6,2025-03-24,1,3360699.63,3360699.63
10033,1,3,38,9,2024-06-23,1,1524138.07,1524138.07
10034,33,12,30,1,2022-06-03,1,3247662.35,3247662.35
10035,12,5,55,2,2022-02-17,1,4410258.13,4410258.13
10036,28,12,33,3,2024-06-26,1,1625494.08,1625494.08
10037,4,2,35,3,2025-06-12,1,1107333.56,1107333.56
10038,28,5,48,3,2023-12-12,1,2576960.96,2576960.96
10039,17,7,28,6,2024-08-11,1,609117.76,609117.76
10040,17,5,49,8,2023-02-08,1,519415.3,519415.3
10041,14,7,7,9,2024-09-03,1,1181130.78,1181130.78
10042,6,1,28,3,2022-09-12,1,3282963.34,3282963.34
10043,23,4,37,3,2024-12-22,1,3666784.31,3666784.31
10044,12,9,18,5,2025-01-24,1,2689343.75,2689343.75
10045,18,10,15,1,2024-09-19,1,2816240.82,2816240.82
10046,26,11,54,6,2024-01-04,1,2372514.49,2372514.49
10047,26,15,48,11,2025-04-30,1,751414.5,751414.5
10048,34,1,39,12,2022-06-25,1,1247955.08,1247955.08
10049,33,15,1,6,2025-05-11,1,2021866.33,2021866.33
10050,21,15,51,2,2025-09-24,1,870228.6,870228.6
10051,8,2,4,9,2025-07-11,1,629202.62,629202.62
10052,17,13,16,7,2025-01-28,1,705003.5,705003.5
10053,26,6,32,7,2024-12-23,1,4046179.88,4046179.88
10054,21,10,32,2,2025-11-21,1,1503258.96,1503258.96
10055,28,13,47,8,2024-04-30,1,1665061.64,1665061.64
10056,12,6,44,6,2024-06-26,1,2613795.71,2613795.71
10057,10,14,41,10,2022-01-19,1,4160472.5,4160472.5
10058,22,5,23,12,2022-04-02,1,926184.24,926184.24
10059,42,4,55,2,2024-08-13,1,2112470.06,2112470.06
10060,7,12,51,6,2023-04-18,1,4301610.65,4301610.65
10061,33,2,52,8,2023-01-23,1,3523740.07,3523740.07
10062,28,2,37,6,2024-11-14,1,1853430.66,1853430.66
10063,11,1,8,10,2022-07-08,2,3869489.47,7738978.94
10064,3,11,6,3,2024-07-08,1,531732.54,531732.54
10065,38,2,53,12,2024-05-26,1,2784359.18,2784359.18
10066,27,2,10,6,2023-02-19,1,2446977.01,2446977.01
10067,20,5,15,1,2024-05-28,1,2574627.26,2574627.26
10068,18,7,36,6,2023-04-05,1,1061778.01,1061778.01
10069,10,9,17,9,2023-12-31,1,2490828.23,2490828.23
10070,28,6,36,9,2025-08-25,1,2956181.34,2956181.34
10071,6,5,45,1,2024-11-20,1,2148562.27,2148562.27
10072,32,8,41,3,2022-09-18,2,4491367.25,8982734.5
10073,14,5,7,10,2023-12-06,1,1832289.88,1832289.88
10074,8,2,46,7,2024-11-18,1,875329.06,875329.06
10075,41,1,10,9,2022-02-15,1,1537629.73,1537629.73
10076,33,9,30,3,2023-04-11,1,4078617.19,4078617.19
10077,10,15,27,8,2025-12-10,1,3738834.51,3738834.51
10078,25,5,22,6,2023-08-22,1,1605028.65,1605028.65
10079,16,4,46,8,2024-08-03,1,647546.56,647546.56
10080,9,15,34,8,2024-08-11,1,1902774.11,1902774.11
10081,12,4,28,3,2023-05-30,1,3829683.75,3829683.75
10082,25,1,50,1,2022-06-16,1,2637895.07,2637895.07
10083,27,2,6,1,2025-03-09,2,3111221.83,6222443.66
10084,18,3,9,1,2022-07-14,2,3766067.22,7532134.44
10085,1,2,52,3,2022-12-29,1,4399313.98,4399313.98
10086,8,12,9,8,2023-12-21,1,667368.69,667368.69
10087,12,8,46,8,2025-08-22,1,2812931.72,2812931.72
10088,43,6,47,1,2023-04-17,1,3539997.97,3539997.97
10089,35,5,1,1,2022-01-11,1,2182363.41,2182363.41
10090,1,2,46,4,2022-07-14,2,3259207.03,6518414.06
10091,27,2,52,8,2023-03-12,1,1054567.31,1054567.31
10092,30,1,21,1,2022-10-08,1,2020283.12,2020283.12
10093,37,3,23,2,2022-03-08,1,1522347.19,1522347.19
10094,6,1,39,11,2024-05-19,1,1543357.02,1543357.02
10095,27,2,46,8,2023-09-08,2,2659991.02,5319982.04
10096,38,2,53,4,2025-01-12,1,2560464.93,2560464.93
10097,31,6,23,6,2022-02-21,1,1518786.82,1518786.82
10098,35,5,31,1,2025-09-23,1,2375835.76,2375835.76
10099,16,3,10,8,2022-06-21,1,747796.0,747796.0
10100,7,14,10,6,2022-07-04,1,1728149.94,1728149.94
10101,12,2,33,3,2023-11-20,1,4019978.59,4019978.59
10102,19,1,19,1,2023-05-20,1,1587361.73,1587361.73
10103,22,14,33,3,2023-12-16,2,981201.6,1962403.2
10104,27,6,48,1,2023-06-07,1,1144147.2,1144147.2
10105,26,2,53,3,2023-08-16,2,3182394.06,6364788.12
10106,13,2,5,7,2023-06-04,1,797124.31,797124.31
10107,20,4,16,10,2024-02-22,1,1181029.91,1181029.91
10108,11,12,44,7,2025-11-23,1,3318492.12,3318492.12
10109,26,2,24,4,2024-08-02,1,2334695.25,2334695.25
10110,7,1,20,11,2023-04-07,2,2121669.75,4243339.5
10111,43,1,28,5,2022-12-15,1,1681579.78,1681579.78
10112,19,14,19,6,2022-11-12,1,1209627.41,1209627.41
10113,16,1,16,1,2025-04-23,1,643817.3,643817.3
10114,17,12,15,3,2024-09-10,1,627235.99,627235.99
10115,19,3,16,3,2025-12-10,1,2288810.26,2288810.26
10116,17,3,22,6,2025-06-28,1,429713.19,429713.19
10117,14,3,25,5,2022-04-20,1,1310816.38,1310816.38
10118,25,8,2,6,2024-03-07,2,2128978.49,4257956.98
10119,40,8,35,6,2022-06-05,1,3749918.63,3749918.63
10120,31,1,23,6,2022-01-11,1,4942731.79,4942731.79
10121,40,3,4,3,2024-05-23,2,2890738.96,5781477.92
10122,28,1,21,5,2025-02-04,1,4302170.4,4302170.4
10123,6,2,23,2,2023-07-26,2,2627003.85,5254007.7
10124,27,1,14,6,2024-04-03,1,2617935.1,2617935.1
10125,37,1,18,3,2025-08-21,1,6413698.48,6413698.48
10126,34,3,28,9,2025-08-25,3,1330633.98,3991901.94
10127,20,11,51,8,2023-04-17,1,3299000.15,3299000.15
10128,24,5,48,12,2022-05-16,1,1041963.43,1041963.43
10129,23,3,7,9,2024-06-16,1,1376358.98,1376358.98
10130,25,12,2,5,2022-03-18,1,2257986.64,2257986.64
10131,30,2,38,8,2022-09-28,1,3934292.77,3934292.77
10132,27,5,2,7,2025-03-31,2,1480830.04,2961660.08
10133,41,2,40,9,2023-02-18,2,1329973.86,2659947.72
10134,29,5,51,11,2022-05-08,1,702670.7,702670.7
10135,30,3,31,6,2024-08-13,1,2762083.35,2762083.35
10136,20,1,14,10,2022-07-06,1,2384719.36,2384719.36
10137,39,15,20,10,2024-08-26,1,1186960.57,1186960.57
10138,18,1,55,3,2025-05-04,1,2990264.25,2990264.25
10139,27,2,7,7,2024-01-01,1,2224880.8,2224880.8
10140,24,2,27,2,2022-12-25,1,1874832.43,1874832.43
10141,19,6,7,9,2025-08-18,1,977693.49,977693.49
10142,16,4,32,1,2022-10-24,1,466246.03,466246.03
10143,19,1,9,6,2024-01-06,2,1115773.62,2231547.24
10144,38,9,6,3,2023-07-05,1,3654614.86,3654614.86
10145,14,1,32,3,2022-04-14,1,978854.9,978854.9
10146,24,15,38,3,2024-02-24,1,2444677.75,2444677.75
10147,15,9,16,3,2023-11-14,1,4137350.49,4137350.49
10148,15,12,13,6,2024-04-13,1,1967338.03,1967338.03
10149,28,2,42,3,2023-10-07,1,3907949.01,3907949.01
10150,13,3,35,1,2024-11-03,1,664001.26,664001.26
10151,37,7,18,6,2025-07-11,1,5551812.09,5551812.09
10152,16,4,35,5,2023-10-17,1,456262.21,456262.21
10153,25,3,15,3,2024-01-07,1,1398033.06,1398033.06
10154,27,3,14,3,2024-03-13,2,3326151.23,6652302.46
10155,41,4,35,9,2022-04-22,1,4269782.92,4269782.92
10156,28,6,11,9,2025-04-07,2,3188801.08,6377602.16
10157,14,2,53,7,2022-06-29,1,1066260.87,1066260.87
10158,9,6,36,8,2022-07-02,1,2208556.1,2208556.1
10159,32,6,26,6,2025-03-19,1,3421983.46,3421983.46
10160,7,5,30,3,2022-03-05,1,1533288.89,1533288.89
10161,4,4,9,11,2025-06-20,1,714864.91,714864.91
10162,41,3,2,11,2024-01-21,1,3536137.69,3536137.69
10163,2,3,9,11,2022-09-14,2,4399725.81,8799451.62
10164,12,3,40,7,2025-11-13,1,1243399.0,1243399.0
10165,14,4,26,8,2022-08-14,1,785581.2,785581.2
10166,43,13,38,3,2022-06-15,1,3052813.28,3052813.28
10167,7,7,35,3,2025-07-08,1,4046739.17,4046739.17
10168,26,5,14,8,2024-09-11,1,2319784.6,2319784.6
10169,14,10,17,6,2023-07-18,1,954886.3,954886.3
10170,8,5,51,9,2025-04-11,1,904774.93,904774.93
10171,1,4,14,5,2023-10-12,1,3493280.49,3493280.49
10172,28,13,7,6,2023-11-12,2,1286745.93,2573491.86
10173,12,7,8,1,2025-08-21,2,4568862.87,9137725.74
10174,25,2,39,4,2022-09-01,1,3076809.65,3076809.65
10175,3,6,55,1,2024-10-07,1,508393.77,508393.77
10176,25,14,25,2,2024-11-26,1,3176906.45,3176906.45
10177,22,2,13,10,2025-08-15,1,1924808.75,1924808.75
10178,33,14,28,11,2024-06-27,1,4427409.77,4427409.77
10179,15,12,14,6,2025-07-07,1,4786863.07,4786863.07
10180,32,5,21,6,2025-08-31,2,2720430.5,5440861.0
10181,28,5,30,10,2022-11-04,1,1375814.46,1375814.46
10182,7,1,33,8,2023-09-29,1,5662554.71,5662554.71
10183,18,5,1,4,2024-09-05,1,3792203.8,3792203.8
10184,25,6,41,10,2022-12-04,1,2290709.82,2290709.82
10185,6,8,45,10,2022-07-15,1,2468547.06,2468547.06
10186,6,8,43,5,2022-04-04,1,2415011.91,2415011.91
10187,10,13,22,7,2025-02-09,1,2079113.12,2079113.12
10188,28,6,40,1,2024-04-04,1,1356967.14,1356967.14
10189,17,8,35,1,2024-06-12,2,545487.77,1090975.54
10190,1,2,32,6,2025-04-06,2,4247310.65,8494621.3
10191,12,11,54,10,2025-11-20,2,4534245.64,9068491.28
10192,27,7,37,10,2024-10-03,1,1463749.66,1463749.66
10193,33,2,43,3,2024-09-20,1,4011578.32,4011578.32
10194,41,4,37,8,2025-12-29,1,1634752.62,1634752.62
10195,4,11,8,3,2024-03-26,1,900186.6,900186.6
10196,30,3,26,7,2024-05-28,2,3757357.76,7514715.52
10197,40,6,52,8,2025-04-20,1,3785375.14,3785375.14
10198,7,14,31,7,2022-09-04,1,4825552.56,4825552.56
10199,32,12,44,3,2023-04-25,1,4804646.54,4804646.54
10200,14,6,14,3,2022-05-20,1,1224545.04,1224545.04
10201,31,2,26,4,2023-10-12,1,3933012.65,3933012.65
10202,20,4,53,6,2023-07-28,1,4241013.7,4241013.7
10203,3,1,31,6,2022-08-25,2,738025.44,1476050.88
10204,26,6,10,9,2025-09-09,1,948200.67,948200.67
10205,23,10,9,10,2023-12-24,1,4761475.11,4761475.11
10206,19,2,48,9,2024-09-29,1,2156959.18,2156959.18
10207,18,1,37,3,2022-01-01,3,1512285.37,4536856.11
10208,23,9,6,1,2022-03-01,1,4698593.24,4698593.24
10209,42,12,8,5,2025-06-02,1,1816807.64,1816807.64
10210,13,1,5,6,2023-03-29,2,538316.73,1076633.46
10211,10,12,14,12,2024-10-20,1,2447925.63,2447925.63
10212,18,1,45,4,2024-09-26,2,1159159.41,2318318.82
10213,43,13,17,6,2023-09-21,2,1383717.2,2767434.4
10214,35,6,49,8,2025-04-15,1,1263394.99,1263394.99
10215,16,7,21,3,2023-06-04,1,588571.77,588571.77
10216,24,7,32,8,2024-04-24,1,4194936.27,4194936.27
10217,25,5,8,9,2023-01-18,3,2056455.43,6169366.29
10218,40,2,17,8,2024-12-23,1,1361014.93,1361014.93
10219,3,4,10,11,2025-09-06,1,649590.28,649590.28
10220,10,11,47,6,2022-02-19,1,3514381.69,3514381.69
10221,1,1,32,7,2023-11-07,1,3924115.44,3924115.44
10222,29,14,3,5,2024-04-23,1,715852.77,715852.77
10223,1,2,16,4,2024-05-18,1,3564511.05,3564511.05
10224,14,3,47,3,2023-08-27,1,1598736.94,1598736.94
10225,38,1,33,8,2024-09-13,1,3232634.87,3232634.87
10226,24,7,36,1,2022-05-16,3,2992630.06,8977890.18
10227,27,4,24,9,2023-09-08,1,2861885.08,2861885.08
10228,42,8,43,2,2023-05-11,1,2110107.86,2110107.86
10229,26,14,8,9,2025-12-30,1,4052191.13,4052191.13
10230,33,11,46,2,2023-08-09,1,1500433.47,1500433.47
10231,41,11,38,11,2025-03-12,1,4115014.59,4115014.59
10232,13,12,5,4,2023-05-07,1,801137.66,801137.66
10233,20,6,36,2,2024-06-19,1,2611821.03,2611821.03
10234,27,7,34,7,2023-12-30,1,1622036.19,1622036.19
10235,37,3,14,3,2023-01-04,2,5245561.43,10491122.86
10236,33,7,26,6,2024-11-15,1,3359129.06,3359129.06
10237,7,2,53,5,2024-09-03,1,4136787.02,4136787.02
10238,6,4,48,9,2024-10-10,1,1364140.69,1364140.69
10239,19,5,51,4,2024-02-16,1,1334800.19,1334800.19
10240,32,11,8,1,2023-06-10,1,1026333.05,1026333.05
10241,9,1,49,8,2024-07-11,1,1151737.03,1151737.03
10242,8,3,15,8,2024-03-29,1,911883.17,911883.17
10243,33,11,40,1,2023-05-23,2,4203455.96,8406911.92
10244,17,11,15,5,2025-04-01,1,572934.59,572934.59
10245,18,4,7,9,2023-06-30,1,1126776.95,1126776.95
10246,15,1,40,6,2023-09-25,1,3163885.23,3163885.23
10247,1,1,16,1,2023-12-22,1,2683434.35,2683434.35
10248,24,1,8,7,2023-12-03,1,1179301.26,1179301.26
10249,9,2,29,8,2025-05-18,1,2210348.3,2210348.3
10250,15,2,43,5,2023-06-17,1,4374085.22,4374085.22
10251,37,10,44,8,2022-01-19,1,3036452.73,3036452.73
10252,23,3,34,5,2023-09-03,2,4476391.39,8952782.78
10253,23,6,3,5,2022-02-22,1,1136596.94,1136596.94
10254,39,15,38,6,2025-11-26,2,3740867.96,7481735.92
10255,6,8,12,3,2022-11-14,2,2994228.39,5988456.78
10256,12,12,18,3,2023-10-27,1,1876423.21,1876423.21
10257,32,10,50,8,2025-01-19,2,2982567.15,5965134.3
10258,15,5,24,6,2023-07-27,1,3422918.31,3422918.31
10259,26,13,21,8,2024-07-09,1,1581480.84,1581480.84
10260,18,3,25,1,2025-04-18,1,778950.82,778950.82
10261,36,6,22,6,2025-05-24,1,2021955.65,2021955.65
10262,19,6,10,2,2024-10-20,1,1087646.84,1087646.84
10263,40,5,21,11,2024-01-13,1,4302125.09,4302125.09
10264,11,2,3,11,2025-06-01,1,4057813.99,4057813.99
10265,9,12,43,7,2022-11-16,1,2192900.25,2192900.25
10266,20,11,34,1,2025-12-21,1,1055641.76,1055641.76
10267,9,2,22,4,2022-07-11,1,2654464.36,2654464.36
10268,18,6,30,11,2025-06-08,1,3989822.3,3989822.3
10269,34,2,43,1,2022-11-05,1,2746533.45,2746533.45
10270,6,1,55,11,2024-11-14,1,1215964.69,1215964.69
10271,3,2,43,10,2023-05-22,1,696296.31,696296.31
10272,13,15,12,10,2024-07-10,2,478420.01,956840.02
10273,35,2,9,9,2022-10-14,1,2531293.66,2531293.66
10274,27,4,15,8,2024-07-02,1,1805635.56,1805635.56
10275,14,7,41,8,2025-09-05,1,1403751.67,1403751.67
10276,40,10,21,7,2025-05-28,1,4286663.06,4286663.06
10277,10,4,51,8,2022-08-04,1,3476418.62,3476418.62
10278,26,13,5,8,2024-12-18,2,3480209.07,6960418.14
10279,28,10,8,1,2023-08-27,1,4253488.64,4253488.64
10280,30,4,54,3,2024-07-06,1,2711814.19,2711814.19
10281,30,4,52,1,2025-12-04,1,1172311.4,1172311.4
10282,18,12,52,1,2025-07-12,1,3419211.23,3419211.23
10283,32,3,6,6,2023-02-16,1,2882811.35,2882811.35
10284,12,11,19,5,2024-09-30,1,1630946.27,1630946.27
10285,34,3,39,6,2024-02-13,2,2314860.65,4629721.3
10286,17,1,13,2,2024-11-17,2,500007.28,1000014.56
10287,14,1,38,8,2025-07-15,1,1567727.03,1567727.03
10288,6,3,6,7,2023-10-23,1,2335172.9,2335172.9
10289,7,5,42,3,2024-12-01,1,1121323.73,1121323.73
10290,28,11,12,7,2024-06-19,1,2141593.19,2141593.19
10291,43,4,4,2,2023-02-19,1,1169740.2,1169740.2
10292,23,4,38,6,2024-07-13,1,4083735.65,4083735.65
10293,25,6,9,9,2022-01-19,1,3740092.82,3740092.82
10294,24,11,41,4,2024-08-24,1,2448008.63,2448008.63
10295,28,3,11,4,2023-09-03,1,3260025.08,3260025.08
10296,18,12,38,4,2023-03-31,1,1830805.27,1830805.27
10297,29,4,12,3,2025-06-10,1,461625.17,461625.17
10298,31,13,35,4,2024-05-16,1,1507970.07,1507970.07
10299,28,1,24,8,2025-05-22,1,3989030.34,3989030.34
10300,40,7,41,9,2024-09-06,1,4680160.69,4680160.69
10301,4,11,28,3,2022-07-19,1,1576290.77,1576290.77
10302,16,9,17,12,2023-12-14,2,619680.36,1239360.72
10303,4,1,9,1,2025-10-23,1,1165560.03,1165560.03
10304,39,1,12,4,2023-02-02,1,1008562.57,1008562.57
10305,17,1,48,10,2022-05-08,2,689932.2,1379864.4
10306,43,2,48,8,2024-02-23,1,1778994.51,1778994.51
10307,32,2,49,9,2024-11-26,1,4701528.71,4701528.71
10308,34,1,40,9,2023-04-11,2,3660993.62,7321987.24
10309,22,5,39,6,2024-04-20,1,1284991.5,1284991.5
10310,14,2,44,5,2022-02-06,1,974122.15,974122.15
10311,23,7,12,3,2023-09-22,1,964377.71,964377.71
10312,39,1,10,4,2024-10-07,1,1174770.32,1174770.32
10313,32,15,21,1,2023-01-09,1,1655983.7,1655983.7
10314,31,7,43,6,2022-09-27,1,2679808.76,2679808.76
10315,39,6,25,6,2023-09-04,1,3032612.35,3032612.35
10316,24,15,51,6,2025-11-12,1,1849206.56,1849206.56
10317,41,9,33,1,2022-11-16,1,3980765.39,3980765.39
10318,16,4,42,8,2023-07-14,1,750461.91,750461.91
10319,25,3,11,4,2025-09-16,2,4124839.03,8249678.06
10320,16,3,32,3,2025-04-16,1,588563.82,588563.82
10321,4,8,12,11,2024-09-18,1,1353062.55,1353062.55
10322,28,2,52,5,2025-08-21,1,2821939.68,2821939.68
10323,41,3,45,6,2022-05-07,2,2908670.25,5817340.5
10324,41,3,6,7,2024-10-10,1,4353180.04,4353180.04
10325,35,5,46,6,2023-02-04,1,4641539.94,4641539.94
10326,35,12,31,12,2022-04-09,2,1536728.3,3073456.6
10327,15,4,38,3,2022-11-22,1,3972915.53,3972915.53
10328,12,5,48,11,2022-10-21,1,2958450.41,2958450.41
10329,21,6,34,11,2024-03-02,1,1817363.42,1817363.42
10330,28,4,9,2,2022-06-27,1,2956967.49,2956967.49
10331,12,1,37,4,2024-04-17,1,4219992.01,4219992.01
10332,32,3,29,8,2025-06-22,1,2310930.04,2310930.04
10333,37,4,28,6,2022-10-08,1,3037282.29,3037282.29
10334,35,11,8,9,2025-02-25,1,1820743.14,1820743.14
10335,31,5,32,1,2022-05-11,1,3586599.27,3586599.27
10336,33,4,34,7,2023-04-04,1,1783809.65,1783809.65
10337,16,1,4,4,2023-11-07,1,554168.84,554168.84
10338,43,15,29,8,2022-09-07,2,2764670.3,5529340.6
10339,12,10,12,1,2024-03-31,1,1696482.72,1696482.72
10340,21,1,40,7,2022-07-23,1,1439723.51,1439723.51
10341,27,5,10,3,2022-04-04,1,3811123.28,3811123.28
10342,31,3,17,1,2023-06-29,1,4144917.89,4144917.89
10343,6,12,42,6,2023-04-21,1,3118277.86,3118277.86
10344,43,7,10,11,2025-07-08,3,5337054.48,16011163.44
10345,33,2,27,11,2022-10-01,1,1038290.58,1038290.58
10346,37,1,13,3,2022-03-25,1,1575091.8,1575091.8
10347,19,4,26,3,2023-01-20,2,917993.19,1835986.38
10348,12,2,22,10,2024-10-12,1,2640636.27,2640636.27
10349,19,4,16,6,2024-06-14,1,1995438.17,1995438.17
10350,18,4,41,3,2022-07-03,1,1721295.13,1721295.13
10351,29,15,48,7,2024-05-19,1,785350.8,785350.8
10352,36,14,8,8,2022-10-18,1,1875664.37,1875664.37
10353,20,1,45,6,2024-01-27,1,4009630.69,4009630.69
10354,35,7,31,1,2022-05-20,1,3228184.49,3228184.49
10355,12,3,3,10,2025-08-22,1,4301225.84,4301225.84
10356,12,2,29,8,2025-03-01,1,2943205.8,2943205.8
10357,11,6,19,3,2024-07-06,2,2912977.69,5825955.38
10358,4,2,55,11,2022-02-04,1,1172344.59,1172344.59
10359,28,15,37,7,2022-09-15,1,3066462.79,3066462.79
10360,32,5,54,10,2023-03-30,1,2449945.82,2449945.82
10361,27,3,25,9,2025-08-24,1,3926213.18,3926213.18
10362,18,2,11,9,2023-06-02,1,3785456.3,3785456.3
10363,3,12,28,8,2022-02-11,1,803704.48,803704.48
10364,32,2,17,5,2024-08-12,1,4246022.72,4246022.72
10365,22,3,1,3,2022-08-01,1,1765171.82,1765171.82
10366,10,5,4,6,2024-03-04,1,4022094.06,4022094.06
10367,18,15,44,7,2022-10-23,1,2933613.25,2933613.25
10368,21,4,43,7,2023-03-22,1,1923411.22,1923411.22
10369,25,6,8,9,2022-08-22,1,2535250.39,2535250.39
10370,41,2,18,9,2024-12-18,1,3575242.12,3575242.12
10371,4,1,54,7,2024-03-31,2,1594915.78,3189831.56
10372,25,9,30,8,2024-06-03,1,2436937.93,2436937.93
10373,2,6,14,4,2023-04-28,1,1317253.79,1317253.79
10374,40,1,4,1,2025-03-06,1,4897555.82,4897555.82
10375,18,9,47,7,2023-05-13,1,1004460.24,1004460.24
10376,10,11,15,12,2023-03-23,1,2188751.03,2188751.03
10377,33,12,1,5,2025-11-15,1,1944754.07,1944754.07
10378,20,1,20,7,2022-09-09,1,3735647.87,3735647.87
10379,41,2,12,12,2024-08-03,1,3439618.31,3439618.31
10380,6,1,41,3,2024-11-16,1,2781637.82,2781637.82
10381,13,6,6,1,2024-04-18,3,780788.69,2342366.07
10382,26,1,34,5,2024-03-22,1,2855969.13,2855969.13
10383,33,1,45,6,2025-03-02,2,1042771.2,2085542.4
10384,14,1,44,1,2025-04-04,1,1455647.01,1455647.01
10385,28,2,54,3,2023-08-07,1,4684101.45,4684101.45
10386,16,11,14,7,2023-02-18,1,615604.02,615604.02
10387,2,3,47,8,2023-04-09,1,1090772.02,1090772.02
10388,26,12,4,5,2023-03-21,1,1646495.35,1646495.35
10389,7,2,40,1,2023-08-19,1,3340715.78,3340715.78
10390,40,15,36,7,2023-03-10,1,1716088.92,1716088.92
10391,38,15,26,3,2025-03-24,1,2993319.49,2993319.49
10392,13,7,9,12,2025-05-29,1,784455.89,784455.89
10393,1,3,15,6,2023-06-04,1,4286159.99,4286159.99
10394,7,2,27,3,2024-09-06,1,4224497.25,4224497.25
10395,26,2,37,5,2022-12-01,1,3406579.67,3406579.67
10396,18,8,14,4,2022-09-14,2,3697237.45,7394474.9
10397,28,7,34,9,2024-09-19,1,3425755.7,3425755.7
10398,18,14,50,9,2024-04-14,1,2094802.21,2094802.21
10399,43,8,37,3,2025-07-05,1,4972009.71,4972009.71
10400,14,12,28,4,2023-09-02,1,1063175.82,1063175.82
10401,30,5,35,8,2024-05-08,1,1732234.19,1732234.19
10402,6,3,35,9,2024-08-27,1,3297790.71,3297790.71
10403,40,1,42,2,2023-03-11,1,5785040.3,5785040.3
10404,6,14,4,3,2022-01-02,1,2683229.14,2683229.14
10405,21,6,25,11,2022-09-23,1,827118.66,827118.66
10406,22,3,35,5,2022-07-03,1,1376493.08,1376493.08
10407,15,2,40,8,2024-12-27,1,4073748.91,4073748.91
10408,28,4,31,4,2022-01-11,3,1165675.41,3497026.23
10409,13,7,32,6,2022-04-07,1,639772.57,639772.57
10410,40,9,11,7,2023-04-06,1,5184716.17,5184716.17
10411,24,12,48,6,2025-10-03,1,1050693.54,1050693.54
10412,15,8,14,1,2024-12-23,1,2918717.62,2918717.62
10413,11,14,3,1,2024-02-07,1,2978391.89,2978391.89
10414,37,5,34,7,2025-10-29,1,2904096.07,2904096.07
10415,1,2,53,4,2025-09-14,1,2541708.23,2541708.23
10416,2,12,35,1,2025-06-09,2,3900075.22,7800150.44
10417,29,6,3,9,2022-12-13,1,709874.19,709874.19
10418,15,5,57,4,2025-06-09,2,4608497.98,9216995.96
10419,19,7,32,12,2022-08-14,1,818190.94,818190.94
10420,3,1,18,1,2022-01-20,1,735961.16,735961.16
10421,10,15,5,10,2023-02-23,1,3076296.61,3076296.61
10422,25,3,9,7,2023-03-11,2,1451766.34,2903532.68
10423,8,2,34,7,2023-09-21,2,634372.2,1268744.4
10424,42,2,24,3,2023-09-05,1,1401843.17,1401843.17
10425,19,13,7,7,2023-02-19,1,2455723.85,2455723.85
10426,15,11,34,5,2023-04-26,1,2777792.27,2777792.27
10427,34,11,23,2,2022-07-21,1,1625202.29,1625202.29
10428,42,13,29,6,2025-05-28,1,1275145.21,1275145.21
10429,20,11,17,1,2025-06-23,1,3083326.37,3083326.37
10430,1,2,25,7,2023-05-23,3,2205794.0,6617382.0
10431,35,2,5,1,2023-01-18,1,4609021.8,4609021.8
10432,37,5,41,1,2022-06-10,1,2880776.6,2880776.6
10433,17,14,23,6,2025-11-16,1,526231.14,526231.14
10434,12,5,32,5,2022-06-09,2,2145637.83,4291275.66
10435,16,3,32,6,2025-02-08,1,683144.78,683144.78
10436,19,1,23,12,2024-01-26,1,1151392.97,1151392.97
10437,12,11,54,1,2025-10-06,1,4450344.93,4450344.93
10438,6,12,27,6,2024-04-20,3,1355226.64,4065679.92
10439,6,10,43,10,2025-07-22,1,2797940.83,2797940.83
10440,25,4,17,5,2024-08-13,1,3364708.04,3364708.04
10441,29,3,8,3,2022-09-12,1,713323.41,713323.41
10442,20,6,47,7,2025-11-08,1,4620804.08,4620804.08
10443,25,1,31,10,2022-11-09,2,3433838.37,6867676.74
10444,12,12,20,8,2023-02-07,1,4129462.35,4129462.35
10445,26,12,46,11,2024-11-19,1,3368815.03,3368815.03
10446,28,2,23,12,2024-12-27,1,4688368.14,4688368.14
10447,29,13,42,8,2025-11-04,1,630961.64,630961.64
10448,21,5,41,5,2024-02-15,1,1615550.51,1615550.51
10449,9,1,16,8,2025-10-07,1,2079607.83,2079607.83
10450,26,3,52,9,2023-07-05,1,2248108.6,2248108.6
10451,7,5,46,5,2025-02-05,1,3944632.44,3944632.44
10452,20,6,51,5,2022-07-28,1,4221876.76,4221876.76
10453,19,3,45,12,2024-01-13,1,1166048.72,1166048.72
10454,8,4,18,8,2023-11-05,1,718167.89,718167.89
10455,26,6,41,10,2022-05-18,2,1527289.38,3054578.76
10456,16,4,15,1,2022-01-10,1,559757.21,559757.21
10457,34,8,40,3,2025-05-08,2,2933928.12,5867856.24
10458,37,2,49,7,2023-04-20,1,4065658.48,4065658.48
10459,9,4,34,10,2022-01-31,1,2698917.29,2698917.29
10460,38,12,52,3,2024-04-24,1,1439887.56,1439887.56
10461,35,1,8,7,2024-02-21,2,3794764.09,7589528.18
10462,26,3,47,1,2023-07-17,1,3040911.8,3040911.8
10463,6,7,17,7,2022-09-23,1,2607695.32,2607695.32
10464,8,2,26,10,2025-04-26,1,740756.28,740756.28
10465,18,6,47,3,2024-03-11,2,959112.34,1918224.68
10466,3,6,28,8,2025-12-21,2,661426.04,1322852.08
10467,40,11,5,12,2024-02-20,1,5499881.75,5499881.75
10468,16,5,28,6,2022-01-25,1,720563.45,720563.45
10469,14,2,22,5,2024-05-24,2,811764.18,1623528.36
10470,25,5,16,1,2023-09-19,1,1277959.19,1277959.19
10471,36,11,47,8,2024-06-16,3,2398466.91,7195400.73
10472,25,1,33,4,2025-08-15,3,2648555.69,7945667.07
10473,11,1,25,7,2025-02-03,1,4374803.65,4374803.65
10474,38,6,37,4,2023-02-04,1,1735353.08,1735353.08
10475,40,2,27,1,2023-07-25,1,2253978.89,2253978.89
10476,11,1,33,7,2025-10-01,1,2872285.97,2872285.97
10477,19,2,54,3,2025-12-03,1,1693200.08,1693200.08
10478,18,11,16,6,2025-12-09,2,907698.9,1815397.8
10479,11,5,45,1,2022-11-21,1,2444161.73,2444161.73
10480,6,2,11,8,2022-03-20,1,2261850.8,2261850.8
10481,37,1,25,7,2025-01-18,1,3112980.29,3112980.29
10482,25,2,31,7,2022-11-07,1,3573542.44,3573542.44
10483,16,4,25,7,2022-10-27,2,586189.43,1172378.86
10484,24,5,37,10,2022-10-16,1,4338354.0,4338354.0
10485,1,6,10,9,2023-12-17,1,2463637.75,2463637.75
10486,35,1,28,3,2024-08-26,1,2785114.53,2785114.53
10487,37,1,15,5,2022-06-13,1,6413720.17,6413720.17
10488,28,11,34,3,2024-09-01,1,2571841.02,2571841.02
10489,41,10,47,9,2024-09-13,2,3450114.21,6900228.42
10490,4,3,36,10,2023-08-05,1,985668.21,985668.21
10491,17,4,24,4,2023-01-02,1,599398.39,599398.39
10492,16,7,23,6,2025-05-02,1,553906.61,553906.61
10493,26,4,49,3,2025-07-26,1,2886095.31,2886095.31
10494,6,2,46,1,2024-12-12,1,1823316.07,1823316.07
10495,12,3,44,8,2025-07-08,1,997147.72,997147.72
10496,24,2,52,1,2024-10-07,1,4099116.57,4099116.57
10497,22,6,55,1,2024-09-27,1,1773004.47,1773004.47
10498,35,2,43,3,2023-07-17,1,2217317.81,2217317.81
10499,10,8,41,7,2024-10-05,2,3721887.11,7443774.22
10500,3,11,30,7,2024-06-22,2,681561.12,1363122.24
10501,28,8,55,3,2023-08-11,1,2297217.92,2297217.92
10502,18,6,23,4,2022-03-22,2,933094.59,1866189.18
10503,23,4,9,11,2024-07-02,1,1606059.48,1606059.48
10504,2,5,37,10,2024-08-03,1,3632115.25,3632115.25
10505,28,5,33,9,2025-09-05,1,3997204.57,3997204.57
10506,2,2,11,1,2024-04-18,1,1332164.71,1332164.71
10507,7,8,17,9,2022-01-08,1,3744741.62,3744741.62
10508,29,6,54,6,2024-07-12,1,742529.15,742529.15
10509,37,12,25,6,2025-07-07,1,1569180.3,1569180.3
10510,33,15,33,8,2025-09-13,1,1427686.75,1427686.75
10511,33,14,36,3,2024-03-06,1,2720614.21,2720614.21
10512,30,4,47,5,2022-03-15,3,1358657.5,4075972.5
10513,18,9,55,9,2023-06-09,1,2961574.35,2961574.35
10514,11,12,30,7,2024-12-08,1,885380.48,885380.48
10515,19,12,19,3,2024-01-26,2,2061921.71,4123843.42
10516,9,3,4,7,2022-09-27,1,2423840.06,2423840.06
10517,42,1,48,9,2022-12-10,1,1619059.91,1619059.91
10518,36,2,40,11,2024-03-27,1,1853237.05,1853237.05
10519,32,11,9,6,2025-06-20,1,2013441.94,2013441.94
10520,4,1,14,7,2022-02-11,1,1235106.05,1235106.05
10521,41,3,32,7,2025-03-26,2,3327012.32,6654024.64
10522,28,12,10,6,2023-09-28,1,2086044.3,2086044.3
10523,15,7,32,9,2024-06-11,1,4772137.88,4772137.88
10524,23,15,14,2,2023-03-27,1,2792796.56,2792796.56
10525,40,5,2,1,2024-01-22,1,4379061.15,4379061.15
10526,28,6,23,3,2025-04-16,1,3054080.2,3054080.2
10527,20,12,37,7,2024-05-23,2,1773833.42,3547666.84
10528,31,2,27,8,2023-02-13,1,3339776.35,3339776.35
10529,19,1,30,7,2025-01-01,1,2006468.76,2006468.76
10530,25,2,9,9,2022-10-02,1,1570307.86,1570307.86
10531,19,13,48,1,2023-07-06,1,1699681.79,1699681.79
10532,14,7,39,4,2024-03-10,2,1805306.94,3610613.88
10533,25,3,25,1,2023-08-06,1,3997432.61,3997432.61
10534,32,3,42,2,2022-03-25,1,4281917.87,4281917.87
10535,11,5,1,3,2025-08-14,1,3721570.52,3721570.52
10536,11,3,19,5,2025-11-18,1,2266585.15,2266585.15
10537,20,5,55,4,2022-01-30,1,4215126.78,4215126.78
10538,40,2,19,3,2023-09-11,1,5339122.93,5339122.93
10539,8,2,40,3,2022-03-27,1,699414.9,699414.9
10540,41,8,51,6,2023-08-26,1,4985602.78,4985602.78
10541,43,2,41,3,2025-08-22,1,4577752.34,4577752.34
10542,24,11,50,9,2025-08-15,1,4014244.24,4014244.24
10543,40,6,44,8,2023-11-15,1,6402484.16,6402484.16
10544,17,10,19,1,2022-06-06,2,540432.12,1080864.24
10545,7,9,18,6,2022-01-10,1,4783298.22,4783298.22
10546,40,14,36,6,2024-06-16,1,6548747.82,6548747.82
10547,24,11,26,6,2022-10-10,1,2058003.37,2058003.37
10548,39,15,35,4,2023-01-19,2,4710743.23,9421486.46
10549,24,3,45,6,2025-03-06,1,2372654.84,2372654.84
10550,9,11,2,7,2022-07-06,1,1866875.92,1866875.92
10551,19,3,33,6,2025-04-25,1,1657995.48,1657995.48
10552,42,2,29,3,2022-08-03,1,1067739.48,1067739.48
10553,9,12,26,6,2024-06-24,1,1236966.91,1236966.91
10554,12,4,55,7,2024-10-08,1,3377147.14,3377147.14
10555,22,2,22,6,2023-02-26,3,1482703.59,4448110.77
10556,19,6,2,5,2022-09-17,1,815709.12,815709.12
10557,30,2,24,6,2023-11-23,1,900777.0,900777.0
10558,27,2,44,7,2022-08-12,2,2238304.21,4476608.42
10559,28,4,3,6,2025-04-13,1,1469156.17,1469156.17
10560,38,2,24,5,2025-01-08,1,2510414.24,2510414.24
10561,23,1,9,6,2025-04-25,1,4154359.15,4154359.15
10562,19,4,5,8,2022-07-01,2,2195568.45,4391136.9
10563,19,6,15,6,2025-03-09,1,1043063.09,1043063.09
10564,2,1,6,6,2023-04-19,1,1846829.58,1846829.58
10565,18,8,10,1,2025-03-17,1,1414867.69,1414867.69
10566,3,7,8,6,2022-06-14,1,721175.88,721175.88
10567,21,8,35,9,2025-07-01,1,1240836.15,1240836.15
10568,29,7,45,1,2025-12-04,2,446086.66,892173.32
10569,11,3,49,1,2022-02-19,1,4058795.85,4058795.85
10570,18,11,8,5,2025-04-25,1,3660346.84,3660346.84
10571,13,2,51,8,2025-01-11,3,569593.44,1708780.32
10572,28,6,8,6,2022-01-19,1,4545921.68,4545921.68
10573,38,1,25,5,2025-08-06,1,3337455.2,3337455.2
10574,4,1,22,4,2024-11-25,1,1313418.47,1313418.47
10575,43,2,33,4,2023-10-09,1,4087473.22,4087473.22
10576,6,14,52,3,2023-10-26,1,1770375.7,1770375.7
10577,33,2,10,3,2023-08-11,1,2699543.36,2699543.36
10578,15,12,50,8,2025-09-24,1,4422055.01,4422055.01
10579,36,3,35,4,2024-07-03,1,1788119.69,1788119.69
10580,1,6,14,9,2022-01-18,1,2666624.35,2666624.35
10581,8,5,18,12,2024-01-27,1,686708.32,686708.32
10582,27,1,50,11,2023-11-16,1,2921326.59,2921326.59
10583,33,1,34,6,2022-08-23,1,3822124.62,3822124.62
10584,26,5,42,3,2024-06-13,1,3902925.0,3902925.0
10585,1,12,44,1,2023-12-27,1,2906264.94,2906264.94
10586,13,1,8,4,2022-03-26,1,654363.35,654363.35
10587,7,5,50,2,2025-04-23,1,5855991.85,5855991.85
10588,39,8,50,9,2025-05-11,1,3924002.1,3924002.1
10589,19,2,26,11,2023-10-17,1,1952384.06,1952384.06
10590,38,1,13,9,2024-06-19,1,4799235.12,4799235.12
10591,10,1,1,6,2025-01-01,1,4238698.46,4238698.46
10592,18,5,44,7,2023-11-07,1,1322348.54,1322348.54
10593,16,1,43,5,2024-02-17,1,638476.35,638476.35
10594,30,1,36,7,2022-07-07,1,2094887.31,2094887.31
10595,17,7,27,4,2025-08-27,1,699893.2,699893.2
10596,38,15,40,8,2023-02-17,2,1215314.07,2430628.14
10597,7,2,46,7,2024-04-03,2,3328448.33,6656896.66
10598,21,4,53,3,2025-09-01,1,1062227.89,1062227.89
10599,7,1,39,10,2024-05-12,1,3936038.28,3936038.28
10600,26,3,8,4,2022-08-05,1,3164439.65,3164439.65
10601,22,11,33,4,2023-08-05,1,1018715.66,1018715.66
10602,39,1,7,3,2025-02-14,1,2067530.58,2067530.58
10603,8,2,12,6,2023-01-11,1,588067.09,588067.09
10604,23,2,8,1,2023-04-27,1,2781965.08,2781965.08
10605,31,3,55,4,2024-02-25,1,4348919.42,4348919.42
10606,27,4,14,1,2022-08-15,1,4139283.37,4139283.37
10607,18,14,13,8,2022-02-13,1,2213358.23,2213358.23
10608,34,12,38,8,2024-12-29,1,2739467.07,2739467.07
10609,26,10,7,4,2025-03-08,1,2365888.93,2365888.93
10610,41,12,31,1,2024-04-11,1,3507305.08,3507305.08
10611,7,2,25,6,2022-08-23,1,3671845.11,3671845.11
10612,7,9,18,1,2024-03-03,2,4595208.91,9190417.82
10613,21,3,32,7,2023-05-05,1,868513.23,868513.23
10614,33,4,47,11,2022-09-03,1,4283985.99,4283985.99
10615,20,3,30,4,2023-05-10,1,4941383.99,4941383.99
10616,15,5,34,4,2025-01-01,1,3101177.79,3101177.79
10617,13,10,29,6,2022-04-01,1,653791.21,653791.21
10618,11,5,42,4,2023-02-04,2,4459713.87,8919427.74
10619,9,14,49,6,2025-09-28,1,1610526.06,1610526.06
10620,34,4,12,3,2022-03-23,1,2726118.43,2726118.43
10621,9,5,46,3,2024-10-02,1,1522385.96,1522385.96
10622,29,1,42,12,2024-11-06,2,469804.95,939609.9
10623,23,11,34,12,2025-11-06,1,2935541.52,2935541.52
10624,38,2,28,6,2025-02-14,1,2888295.68,2888295.68
10625,41,6,36,4,2022-01-07,1,4734920.84,4734920.84
10626,42,9,10,4,2023-01-14,1,1678473.99,1678473.99
10627,18,4,37,2,2025-06-03,1,784833.39,784833.39
10628,7,2,26,3,2022-04-16,1,3380783.79,3380783.79
10629,26,9,51,11,2024-09-02,2,3646214.21,7292428.42
10630,17,7,9,1,2022-12-09,1,711474.11,711474.11
10631,8,12,54,6,2022-11-12,1,865289.25,865289.25
10632,8,1,31,6,2024-02-01,1,654727.66,654727.66
10633,3,1,35,6,2025-05-30,1,563460.64,563460.64
10634,7,12,31,11,2024-07-15,1,1588127.35,1588127.35
10635,34,4,51,10,2022-03-08,1,2550097.53,2550097.53
10636,35,4,40,9,2023-09-19,1,933875.2,933875.2
10637,12,12,50,11,2023-03-26,1,4180287.62,4180287.62
10638,4,4,16,8,2022-06-05,1,1129580.23,1129580.23
10639,7,12,15,10,2023-05-15,1,3774356.55,3774356.55
10640,13,2,32,3,2025-04-10,2,694146.39,1388292.78
10641,38,3,15,6,2023-07-09,1,4235888.56,4235888.56
10642,1,5,20,3,2025-11-08,2,890730.0,1781460.0
10643,19,2,46,12,2025-06-05,1,2019511.37,2019511.37
10644,37,1,5,4,2023-01-08,1,6614368.16,6614368.16
10645,41,12,44,9,2025-04-10,2,5132487.94,10264975.88
10646,6,10,2,5,2024-12-05,3,1631337.9,4894013.7
10647,18,8,20,5,2025-03-24,1,3159920.95,3159920.95
10648,15,13,2,9,2023-01-22,1,3055940.14,3055940.14
10649,31,11,56,1,2023-11-21,1,2020070.58,2020070.58
10650,9,15,31,9,2025-01-03,2,1982215.26,3964430.52
10651,33,2,40,10,2024-12-19,1,4335353.68,4335353.68
10652,16,4,14,7,2022-06-23,1,559483.28,559483.28
10653,9,6,31,9,2022-01-15,1,2104375.21,2104375.21
10654,19,3,10,7,2024-03-10,2,988677.05,1977354.1
10655,15,2,13,11,2022-05-29,1,3721516.72,3721516.72
10656,33,9,23,1,2024-02-18,1,3505622.24,3505622.24
10657,16,11,10,8,2022-07-30,1,592657.82,592657.82
10658,10,1,12,5,2023-05-18,1,2342770.92,2342770.92
10659,18,5,24,1,2024-06-18,1,4018481.3,4018481.3
10660,38,3,42,3,2025-06-03,1,1615040.14,1615040.14
10661,27,8,39,3,2025-07-31,1,1003014.05,1003014.05
10662,31,4,8,8,2023-03-28,1,2150328.55,2150328.55
10663,8,2,28,7,2023-12-20,3,700665.14,2101995.42
10664,12,10,33,4,2022-07-26,1,1341696.31,1341696.31
10665,10,12,15,11,2025-12-22,2,4180294.83,8360589.66
10666,16,3,46,8,2025-07-15,1,705235.42,705235.42
10667,23,4,2,11,2025-07-13,1,1992891.15,1992891.15
10668,25,11,49,9,2022-01-16,1,3663689.31,3663689.31
10669,32,5,55,1,2022-12-17,1,1137930.85,1137930.85
10670,40,11,7,1,2025-03-25,1,6768545.09,6768545.09
10671,5,15,54,6,2022-03-29,2,6087085.42,12174170.84
10672,24,2,41,9,2024-06-30,1,2871090.99,2871090.99
10673,9,1,3,5,2023-04-17,1,2656977.88,2656977.88
10674,24,1,29,8,2025-09-26,1,4510045.51,4510045.51
10675,8,12,45,6,2022-05-30,1,873117.37,873117.37
10676,35,11,43,6,2023-04-18,1,3736330.1,3736330.1
10677,9,1,35,3,2022-04-08,1,2229826.14,2229826.14
10678,21,2,10,3,2023-05-30,2,1042117.96,2084235.92
10679,8,7,18,8,2024-01-12,1,514580.69,514580.69
10680,26,4,50,3,2023-03-12,1,1723408.13,1723408.13
10681,17,2,34,1,2025-05-02,1,715226.59,715226.59
10682,28,3,20,12,2025-12-04,1,2189673.18,2189673.18
10683,1,4,27,10,2024-09-13,1,1330769.23,1330769.23
10684,28,1,4,2,2023-09-18,3,2962490.25,8887470.75
10685,33,13,25,4,2025-08-12,1,2762542.45,2762542.45
10686,17,15,4,6,2025-01-15,2,630790.06,1261580.12
10687,19,11,7,8,2025-02-14,1,1606043.65,1606043.65
10688,36,12,51,3,2025-02-17,1,2291755.12,2291755.12
10689,16,11,26,12,2024-11-13,1,420090.54,420090.54
10690,38,3,49,11,2025-06-16,1,3526316.0,3526316.0
10691,28,6,37,5,2023-02-06,1,2316940.08,2316940.08
10692,1,3,36,3,2023-07-08,3,3779445.95,11338337.85
10693,25,5,20,6,2024-04-03,1,2371011.68,2371011.68
10694,20,2,41,5,2025-08-23,1,4011960.2,4011960.2
10695,42,1,33,7,2022-04-21,3,1169954.18,3509862.54
10696,23,3,53,3,2025-09-14,1,2207669.04,2207669.04
10697,29,2,50,3,2025-08-09,1,553833.93,553833.93
10698,3,3,6,4,2025-05-14,2,582207.69,1164415.38
10699,16,2,3,8,2023-10-27,1,447928.34,447928.34
10700,18,1,30,6,2022-05-25,1,1800217.1,1800217.1
10701,25,7,20,6,2024-09-28,1,2130977.24,2130977.24
10702,34,1,2,7,2022-04-05,1,2289102.09,2289102.09
10703,17,12,12,3,2025-06-28,1,518198.02,518198.02
10704,15,6,36,4,2024-05-31,1,2491823.43,2491823.43
10705,25,2,26,4,2024-12-04,1,2034073.66,2034073.66
10706,25,10,4,8,2024-08-27,1,4005784.83,4005784.83
10707,22,1,18,3,2025-11-23,1,908032.65,908032.65
10708,18,2,24,1,2025-08-25,1,2038871.49,2038871.49
10709,5,2,35,6,2023-05-12,1,9137160.4,9137160.4
10710,8,5,10,7,2025-04-03,3,873537.7,2620613.1
10711,2,1,10,7,2023-09-05,1,2404240.09,2404240.09
10712,27,2,5,6,2023-01-25,1,993758.35,993758.35
10713,37,3,31,6,2025-03-28,1,5690761.43,5690761.43
10714,20,3,9,7,2023-06-27,1,1119650.84,1119650.84
10715,42,8,27,10,2025-01-04,1,1035059.95,1035059.95
10716,8,1,31,3,2025-06-21,1,592517.43,592517.43
10717,34,15,36,4,2024-05-06,2,4295763.26,8591526.52
10718,20,6,41,1,2025-10-05,3,3129441.67,9388325.01
10719,12,4,32,9,2025-12-30,1,3089014.97,3089014.97
10720,16,10,19,10,2023-09-03,1,660233.29,660233.29
10721,35,8,8,7,2024-06-30,1,2891509.14,2891509.14
10722,33,1,33,12,2025-03-18,1,1112817.92,1112817.92
10723,35,1,12,1,2024-01-02,1,3872890.17,3872890.17
10724,9,3,8,4,2022-12-21,1,1734417.64,1734417.64
10725,24,1,35,8,2022-07-17,3,1016814.57,3050443.71
10726,36,12,40,7,2022-10-14,1,1641760.43,1641760.43
10727,13,12,7,4,2024-03-29,1,691987.44,691987.44
10728,11,1,14,6,2025-04-28,1,1878687.82,1878687.82
10729,8,3,35,4,2022-07-06,1,516274.07,516274.07
10730,32,4,46,6,2025-11-24,1,1253243.55,1253243.55
10731,41,2,42,4,2024-01-18,1,5390690.22,5390690.22
10732,19,3,10,8,2024-11-16,1,2244750.08,2244750.08
10733,23,14,45,6,2025-07-23,1,4167834.93,4167834.93
10734,11,8,38,9,2024-09-07,1,2784526.12,2784526.12
10735,3,10,1,6,2023-05-10,1,831117.44,831117.44
10736,10,6,39,6,2024-01-02,1,4489372.18,4489372.18
10737,4,5,23,10,2025-02-21,1,1317041.84,1317041.84
10738,26,11,46,5,2023-12-06,1,3368466.41,3368466.41
10739,8,12,40,8,2024-04-07,2,766878.43,1533756.86
10740,24,15,22,5,2025-08-25,1,2567575.2,2567575.2
10741,36,9,48,11,2025-05-30,1,1994706.76,1994706.76
10742,35,5,40,5,2025-07-20,1,3791171.82,3791171.82
10743,10,3,2,9,2024-01-26,1,2327846.55,2327846.55
10744,15,6,36,3,2023-03-02,1,1074736.17,1074736.17
10745,17,3,17,6,2022-09-14,1,443948.92,443948.92
10746,22,2,26,6,2024-12-19,1,1471624.3,1471624.3
10747,8,3,22,3,2023-02-26,1,550666.07,550666.07
10748,25,10,24,5,2025-01-13,2,3994565.63,7989131.26
10749,41,11,39,4,2025-08-16,1,2676602.06,2676602.06
10750,7,1,4,10,2022-03-17,2,5460018.47,10920036.94
10751,11,10,8,3,2025-08-28,1,2964626.02,2964626.02
10752,30,1,34,1,2025-09-29,1,854328.27,854328.27
10753,26,7,42,8,2024-07-13,1,2806343.97,2806343.97
10754,12,2,40,5,2022-03-14,1,4463501.51,4463501.51
10755,20,2,26,9,2023-06-07,1,1908908.27,1908908.27
10756,15,10,3,7,2022-10-19,1,2435264.31,2435264.31
10757,39,4,6,6,2024-05-23,1,3397654.12,3397654.12
10758,8,5,18,4,2022-03-24,2,917546.47,1835092.94
10759,27,3,24,3,2022-10-22,1,1742369.98,1742369.98
10760,20,6,6,8,2022-04-17,1,4329434.4,4329434.4
10761,41,1,33,3,2022-04-21,1,4235443.14,4235443.14
10762,32,12,46,3,2024-10-18,1,4218773.56,4218773.56
10763,39,3,36,9,2025-04-19,1,3437255.79,3437255.79
10764,40,11,26,9,2023-12-06,1,6681870.79,6681870.79
10765,25,5,18,6,2025-11-18,1,2839904.69,2839904.69
10766,25,15,2,2,2024-02-06,1,3042711.28,3042711.28
10767,25,4,20,8,2023-04-04,1,4034184.13,4034184.13
10768,41,4,55,2,2024-08-13,1,3924890.19,3924890.19
10769,28,1,1,4,2025-08-05,1,1682589.74,1682589.74
10770,29,6,18,3,2023-09-16,1,661143.64,661143.64
10771,39,3,10,8,2022-12-05,1,1508569.27,1508569.27
10772,28,15,51,7,2025-03-04,1,1566821.68,1566821.68
10773,1,5,19,3,2025-07-28,1,1366911.97,1366911.97
10774,25,15,3,6,2024-11-08,1,1076561.68,1076561.68
10775,10,11,51,3,2025-07-02,1,4599769.47,4599769.47
10776,11,6,24,6,2023-12-15,1,2110768.97,2110768.97
10777,9,3,31,5,2022-02-10,1,2358690.13,2358690.13
10778,31,5,40,1,2024-04-17,1,1072948.31,1072948.31
10779,13,11,6,8,2025-08-20,1,740621.07,740621.07
10780,13,1,23,8,2022-08-15,2,605122.19,1210244.38
10781,43,13,25,1,2024-02-02,1,3202962.41,3202962.41
10782,27,3,40,1,2025-04-12,1,2788939.18,2788939.18
10783,6,2,25,8,2022-11-21,2,3327308.88,6654617.76
10784,18,4,41,3,2025-10-02,1,2166263.16,2166263.16
10785,7,9,39,6,2022-04-14,1,4749526.4,4749526.4
10786,38,1,20,6,2023-11-20,1,1892079.63,1892079.63
10787,12,14,21,6,2022-01-31,1,3810984.64,3810984.64
10788,11,1,27,1,2022-03-16,1,4439441.82,4439441.82
10789,26,2,6,7,2023-05-12,1,1951889.84,1951889.84
10790,41,13,14,9,2022-06-08,1,3102335.16,3102335.16
10791,33,5,6,8,2024-05-29,1,2135024.05,2135024.05
10792,31,1,25,3,2022-10-30,2,4910189.57,9820379.14
10793,11,12,10,3,2023-07-20,1,1941521.28,1941521.28
10794,36,14,35,4,2022-03-27,1,2090183.38,2090183.38
10795,32,4,47,5,2025-11-13,1,1608656.7,1608656.7
10796,42,2,15,7,2022-01-05,1,1752466.81,1752466.81
10797,26,3,41,9,2022-06-18,1,3941891.38,3941891.38
10798,26,5,3,4,2023-02-16,2,1663128.81,3326257.62
10799,11,12,21,1,2023-07-06,1,872287.11,872287.11
10800,38,4,23,6,2023-02-16,2,3087652.16,6175304.32
10801,30,1,48,7,2023-10-02,1,1894678.18,1894678.18
10802,23,8,39,2,2024-06-24,1,1866773.77,1866773.77
10803,39,1,39,3,2024-07-27,1,2779580.02,2779580.02
10804,20,2,54,8,2023-03-07,1,2091036.09,2091036.09
10805,26,5,51,4,2025-05-08,2,3912148.31,7824296.62
10806,25,3,19,8,2024-05-21,1,778185.59,778185.59
10807,38,5,45,7,2023-10-11,2,2751141.95,5502283.9
10808,21,9,40,8,2024-02-22,2,1578865.64,3157731.28
10809,16,12,7,11,2025-06-07,1,646227.63,646227.63
10810,10,6,30,7,2024-08-26,1,4032854.21,4032854.21
10811,11,4,34,12,2022-02-11,1,3761249.88,3761249.88
10812,40,2,17,2,2022-07-30,1,4732868.78,4732868.78
10813,6,12,18,9,2023-07-15,2,2800949.78,5601899.56
10814,37,11,49,1,2022-05-30,1,2743574.29,2743574.29
10815,35,3,51,5,2024-07-15,2,3640223.64,7280447.28
10816,36,1,13,8,2023-05-07,1,2496208.48,2496208.48
10817,3,13,38,4,2024-09-24,1,672601.69,672601.69
10818,40,6,44,6,2024-03-02,1,3423573.36,3423573.36
10819,7,4,50,3,2025-05-04,2,3200243.92,6400487.84
10820,8,1,37,5,2022-03-14,1,840132.21,840132.21
10821,1,1,27,5,2024-03-01,1,1806689.21,1806689.21
10822,6,1,18,4,2025-10-11,1,3254942.74,3254942.74
10823,20,5,30,3,2022-04-29,1,3111137.39,3111137.39
10824,7,1,34,4,2024-08-27,1,4625031.39,4625031.39
10825,11,11,23,2,2024-01-22,1,1010384.14,1010384.14
10826,39,9,9,5,2025-12-27,1,1784321.15,1784321.15
10827,29,3,48,3,2022-03-17,1,441111.98,441111.98
10828,13,5,17,7,2024-12-27,1,648399.39,648399.39
10829,7,3,22,5,2024-11-03,1,3547131.27,3547131.27
10830,29,4,17,8,2022-03-02,1,706260.21,706260.21
10831,8,1,20,4,2024-06-13,2,741961.2,1483922.4
10832,7,1,18,6,2023-10-02,1,3594617.43,3594617.43
10833,29,5,22,4,2023-04-03,2,580198.02,1160396.04
10834,31,2,28,1,2024-09-05,1,4712772.66,4712772.66
10835,20,5,14,11,2024-01-25,1,4421798.75,4421798.75
10836,18,4,1,4,2024-10-20,2,2543559.75,5087119.5
10837,12,1,33,8,2024-09-09,1,1848368.91,1848368.91
10838,22,7,42,6,2022-10-30,1,996173.53,996173.53
10839,34,6,5,8,2024-01-12,1,3412037.34,3412037.34
10840,20,1,8,3,2022-08-13,1,3616129.85,3616129.85
10841,14,1,16,7,2022-01-11,1,753494.89,753494.89
10842,40,3,23,3,2023-08-26,1,3686259.27,3686259.27
10843,7,2,10,9,2022-04-15,1,2143645.25,2143645.25
10844,21,4,54,10,2022-08-05,1,1281842.01,1281842.01
10845,18,1,6,8,2022-09-19,1,2893536.11,2893536.11
10846,13,2,27,1,2022-10-16,1,864755.27,864755.27
10847,7,3,38,6,2024-01-02,1,4949185.25,4949185.25
10848,29,2,52,1,2025-12-27,1,716835.09,716835.09
10849,7,5,24,3,2022-07-11,1,4012366.89,4012366.89
10850,11,8,33,9,2022-02-08,1,4207844.98,4207844.98
10851,11,1,18,8,2025-02-10,1,2930154.16,2930154.16
10852,16,3,40,1,2022-04-09,1,416262.65,416262.65
10853,14,5,37,3,2025-05-01,1,1619488.82,1619488.82
10854,17,2,27,7,2024-03-13,1,662563.98,662563.98
10855,5,3,50,1,2023-07-04,1,7273401.33,7273401.33
10856,25,5,42,3,2022-09-15,1,3092864.24,3092864.24
10857,7,6,10,3,2023-01-11,1,3482750.71,3482750.71
10858,23,11,53,9,2024-07-30,1,4243587.26,4243587.26
10859,20,3,12,11,2024-01-07,1,2464838.95,2464838.95
10860,12,2,53,3,2024-06-29,3,1419749.22,4259247.66
10861,15,3,39,8,2025-01-18,1,2264128.6,2264128.6
10862,26,4,36,7,2023-01-04,1,3028720.42,3028720.42
10863,21,4,35,4,2022-11-03,1,1308706.77,1308706.77
10864,34,4,15,8,2024-11-22,1,1719667.29,1719667.29
10865,13,6,11,9,2024-04-12,1,737278.98,737278.98
10866,33,6,48,5,2024-06-13,1,3828601.92,3828601.92
10867,26,1,25,7,2025-04-01,1,1639384.41,1639384.41
10868,19,14,8,6,2024-06-10,1,1386516.29,1386516.29
10869,9,9,41,2,2024-02-03,1,2579850.04,2579850.04
10870,26,5,49,5,2025-09-03,2,3279419.98,6558839.96
10871,19,2,25,12,2025-03-12,1,2223862.76,2223862.76
10872,34,14,45,3,2024-09-07,1,2758694.46,2758694.46
10873,16,9,33,8,2024-01-20,1,710564.33,710564.33
10874,30,13,4,10,2025-02-13,1,829118.43,829118.43
10875,19,2,1,12,2024-08-17,1,1087495.26,1087495.26
10876,29,6,3,4,2022-04-01,2,567812.44,1135624.88
10877,40,8,34,5,2022-11-10,1,2245686.28,2245686.28
10878,34,5,55,8,2022-04-24,1,3738400.27,3738400.27
10879,15,1,18,5,2022-02-28,1,4334047.35,4334047.35
10880,41,8,14,1,2022-01-21,1,4985236.71,4985236.71
10881,28,7,48,7,2023-04-23,1,1010204.83,1010204.83
10882,41,5,49,6,2025-08-06,1,5052304.59,5052304.59
10883,32,6,4,6,2024-10-01,1,3999338.46,3999338.46
10884,10,2,17,5,2022-05-02,1,3733671.34,3733671.34
10885,6,2,46,11,2022-04-20,1,1375863.83,1375863.83
10886,35,6,32,4,2023-06-09,1,2444543.39,2444543.39
10887,17,3,40,8,2024-01-10,3,735559.37,2206678.11
10888,35,1,18,4,2025-06-22,1,3257667.78,3257667.78
10889,25,8,17,1,2024-07-13,1,999645.03,999645.03
10890,19,2,17,7,2023-04-03,1,2441562.53,2441562.53
10891,14,15,21,4,2023-01-04,2,1335464.97,2670929.94
10892,37,1,47,3,2025-09-07,1,3550970.77,3550970.77
10893,42,10,26,11,2022-05-05,1,1303378.51,1303378.51
10894,17,2,13,6,2024-09-03,1,542857.06,542857.06
10895,23,3,7,6,2024-07-27,1,3490324.73,3490324.73
10896,12,12,51,6,2022-06-18,1,2043152.58,2043152.58
10897,18,2,19,3,2022-05-31,1,1069019.17,1069019.17
10898,25,3,44,6,2022-04-05,1,1007076.19,1007076.19
10899,41,1,49,3,2023-03-21,1,3097793.18,3097793.18
10900,13,14,36,12,2022-02-06,1,539246.23,539246.23
10901,11,5,55,9,2025-06-12,1,2820838.84,2820838.84
10902,29,5,3,9,2024-08-06,1,647281.3,647281.3
10903,21,6,5,7,2022-12-16,2,937879.13,1875758.26
10904,42,10,4,7,2023-12-08,2,1875311.8,3750623.6
10905,6,14,48,11,2023-01-11,1,1721876.14,1721876.14
10906,27,7,56,1,2025-06-05,1,915226.02,915226.02
10907,22,12,48,7,2022-11-02,2,904270.73,1808541.46
10908,2,5,50,1,2023-09-08,1,1919536.07,1919536.07
10909,11,15,18,11,2022-03-15,1,3574093.67,3574093.67
10910,15,6,21,6,2023-09-16,1,3550517.46,3550517.46
10911,12,3,49,8,2022-07-06,1,1377720.01,1377720.01
10912,33,6,10,12,2025-11-08,1,1697894.04,1697894.04
10913,28,11,34,1,2022-11-24,1,4715733.59,4715733.59
10914,7,1,6,7,2023-05-14,1,5651714.97,5651714.97
10915,39,6,19,6,2025-05-22,1,916467.48,916467.48
10916,30,9,44,1,2024-08-30,1,3525646.62,3525646.62
10917,12,1,47,3,2022-02-18,1,1098101.95,1098101.95
10918,43,15,26,5,2025-06-24,1,4250261.47,4250261.47
10919,21,5,33,7,2023-07-17,1,1480655.3,1480655.3
10920,10,4,16,5,2022-12-06,2,3660764.27,7321528.54
10921,25,2,34,1,2025-04-13,1,834895.39,834895.39
10922,31,12,52,11,2023-10-12,3,3024783.7,9074351.1
10923,14,4,18,3,2023-09-20,1,1691725.94,1691725.94
10924,3,8,24,5,2022-06-25,1,787952.14,787952.14
10925,1,13,24,3,2024-07-17,1,2164422.99,2164422.99
10926,26,5,21,12,2022-01-13,1,3188832.44,3188832.44
10927,7,5,7,11,2024-04-20,1,5924524.05,5924524.05
10928,38,1,51,8,2023-05-30,1,1968759.82,1968759.82
10929,7,5,44,7,2025-07-08,1,2224941.81,2224941.81
10930,18,6,6,6,2023-03-22,1,1429396.48,1429396.48
10931,1,1,40,11,2025-10-07,1,1927582.75,1927582.75
10932,20,4,48,10,2023-11-19,1,3467356.23,3467356.23
10933,17,4,35,4,2022-04-18,1,698102.47,698102.47
10934,12,4,18,7,2022-09-09,1,3303254.55,3303254.55
10935,18,2,50,6,2024-04-03,2,1546180.81,3092361.62
10936,6,2,39,11,2023-02-20,1,3565067.25,3565067.25
10937,16,2,8,9,2023-07-03,1,719703.33,719703.33
10938,31,6,52,9,2024-05-05,1,2951992.07,2951992.07
10939,13,12,40,9,2024-08-06,1,780534.16,780534.16
10940,26,3,53,1,2023-07-19,1,1730202.54,1730202.54
10941,38,4,18,6,2022-12-06,1,3280049.31,3280049.31
10942,8,1,50,5,2023-12-23,1,902547.79,902547.79
10943,43,6,25,3,2025-05-11,1,4632340.06,4632340.06
10944,11,11,44,3,2024-02-01,1,903984.73,903984.73
10945,37,4,20,7,2023-08-17,2,4407854.1,8815708.2
10946,27,3,37,1,2022-04-14,1,4215624.8,4215624.8
10947,32,11,20,9,2022-10-30,1,1552425.14,1552425.14
10948,34,1,54,7,2023-08-05,3,2356509.67,7069529.01
10949,11,13,39,5,2025-08-28,1,1841033.51,1841033.51
10950,26,11,21,5,2022-04-04,1,3964267.67,3964267.67
10951,17,9,12,12,2025-01-30,1,679095.04,679095.04
10952,2,14,6,11,2022-02-01,1,1472941.63,1472941.63
10953,26,3,14,3,2023-03-27,1,4100873.99,4100873.99
10954,17,8,12,6,2025-08-09,2,723495.71,1446991.42
10955,17,11,28,6,2025-07-02,1,634706.4,634706.4
10956,24,6,44,8,2024-11-15,1,2784582.57,2784582.57
10957,29,15,34,6,2025-08-02,1,589236.05,589236.05
10958,8,5,15,9,2025-07-06,1,850309.34,850309.34
10959,29,5,55,6,2023-01-28,1,595269.96,595269.96
10960,16,4,33,8,2024-10-27,1,589952.5,589952.5
10961,15,2,31,4,2025-01-09,2,3352745.2,6705490.4
10962,27,8,3,4,2023-03-07,1,1796108.89,1796108.89
10963,20,5,14,4,2022-01-02,1,2996899.32,2996899.32
10964,12,4,32,6,2023-12-02,1,4586231.24,4586231.24
10965,17,10,18,7,2022-04-15,1,484806.19,484806.19
10966,31,6,13,6,2024-12-03,1,1650233.92,1650233.92
10967,43,3,40,3,2025-06-09,1,5318739.08,5318739.08
10968,10,4,17,10,2024-01-28,1,4239456.24,4239456.24
10969,34,4,15,6,2024-07-13,1,1466306.3,1466306.3
10970,9,2,14,1,2025-06-13,1,1489119.5,1489119.5
10971,26,13,30,7,2023-05-08,1,1100935.67,1100935.67
10972,26,12,24,3,2023-02-06,1,3982142.39,3982142.39
10973,18,15,40,8,2022-12-17,1,1899773.49,1899773.49
10974,1,6,28,3,2025-10-23,1,2241701.66,2241701.66
10975,23,2,22,6,2022-01-16,1,2264897.63,2264897.63
10976,23,1,30,3,2025-09-01,1,1078769.45,1078769.45
10977,28,5,47,3,2024-10-19,2,4041448.4,8082896.8
10978,7,4,42,6,2024-02-15,1,1160288.17,1160288.17
10979,39,5,51,7,2022-12-09,1,4593124.31,4593124.31
10980,15,5,43,8,2025-06-01,2,3717031.58,7434063.16
10981,38,11,40,9,2022-09-05,1,1737022.27,1737022.27
10982,38,13,43,1,2022-06-21,1,3881496.85,3881496.85
10983,18,11,52,3,2025-03-13,1,2086443.64,2086443.64
10984,13,2,54,8,2022-05-19,2,605927.5,1211855.0
10985,18,11,12,3,2023-03-26,1,1689570.99,1689570.99
10986,28,3,17,1,2023-07-16,2,1302997.14,2605994.28
10987,18,11,49,3,2022-11-01,2,1893920.24,3787840.48
10988,2,6,44,8,2023-03-11,1,4836873.45,4836873.45
10989,13,3,34,1,2023-07-17,1,490700.46,490700.46
10990,7,3,38,4,2022-05-13,1,2540869.24,2540869.24
10991,15,1,30,9,2022-02-22,1,2816385.57,2816385.57
10992,35,4,23,3,2022-01-07,1,1557338.28,1557338.28
10993,20,2,24,4,2024-07-02,1,4183368.88,4183368.88
10994,39,5,41,4,2024-01-20,1,1828725.09,1828725.09
10995,24,2,9,11,2024-12-14,2,2896241.49,5792482.98
10996,19,6,36,8,2023-10-05,1,1468423.46,1468423.46
10997,29,1,35,11,2023-02-02,2,646569.07,1293138.14
10998,15,11,22,5,2024-06-04,1,4118609.88,4118609.88
10999,19,11,8,6,2023-07-16,1,1918312.95,1918312.95
11000,33,5,47,8,2022-01-16,1,3026403.09,3026403.09
11001,19,14,55,8,2025-12-14,1,2026566.18,2026566.18
11002,2,2,27,3,2022-09-09,2,2822442.88,5644885.76
11003,33,5,38,3,2025-09-06,2,2124776.51,4249553.02
11004,20,6,6,7,2025-05-28,1,925108.66,925108.66
11005,4,1,19,6,2023-07-09,1,1750887.1,1750887.1
11006,12,5,38,7,2024-07-25,1,3759750.25,3759750.25
11007,12,4,11,1,2023-03-28,1,1025269.13,1025269.13
11008,38,2,33,5,2023-06-27,1,2984326.11,2984326.11
11009,40,2,48,5,2025-07-29,2,3434350.63,6868701.26
11010,14,2,48,7,2024-08-10,2,1476931.37,2953862.74
11011,4,11,24,6,2022-07-01,1,1797034.18,1797034.18
11012,18,11,15,8,2025-02-02,2,3595653.86,7191307.72
11013,21,2,46,9,2023-05-30,1,1521777.49,1521777.49
11014,13,8,52,4,2025-11-08,1,773018.07,773018.07
11015,40,1,1,7,2025-03-19,1,4002310.54,4002310.54
11016,2,7,25,3,2023-01-01,1,1739071.42,1739071.42
11017,33,6,43,8,2024-06-15,1,3224194.98,3224194.98
11018,18,12,16,6,2025-02-06,1,2488149.33,2488149.33
11019,24,3,3,2,2022-10-30,1,4297419.86,4297419.86
11020,9,2,23,6,2024-08-14,1,1375723.0,1375723.0
11021,3,1,17,3,2024-01-21,1,570691.38,570691.38
11022,8,3,24,3,2022-04-11,1,947309.14,947309.14
11023,27,8,22,1,2024-06-02,1,3510534.5,3510534.5
11024,20,12,17,2,2024-07-17,1,963581.99,963581.99
11025,38,1,9,3,2024-07-04,1,1790025.42,1790025.42
11026,12,2,3,5,2025-09-03,1,4411795.24,4411795.24
11027,33,5,19,1,2022-02-16,1,3845886.41,3845886.41
11028,9,4,9,8,2024-05-29,2,2599319.3,5198638.6
11029,3,9,34,9,2022-08-27,3,641419.64,1924258.92
11030,13,12,41,6,2023-08-22,2,721737.66,1443475.32
11031,30,5,5,2,2024-12-18,1,2911125.54,2911125.54
11032,25,1,20,6,2022-12-22,2,3765368.92,7530737.84
11033,37,1,42,9,2023-07-21,1,1350676.55,1350676.55
11034,22,15,20,6,2024-10-13,1,924971.9,924971.9
11035,34,1,3,2,2022-02-21,1,939713.9,939713.9
11036,9,7,16,9,2024-09-03,1,2267293.38,2267293.38
11037,22,5,20,6,2023-01-22,1,1483718.87,1483718.87
11038,19,12,28,10,2025-12-01,1,2236861.6,2236861.6
11039,26,3,36,3,2022-01-02,1,1769286.55,1769286.55
11040,17,12,35,6,2024-01-14,1,417417.16,417417.16
11041,16,15,49,9,2025-06-08,1,452949.06,452949.06
11042,15,4,48,6,2024-08-27,1,1825863.45,1825863.45
11043,13,2,53,11,2022-01-11,1,778726.56,778726.56
11044,33,7,45,9,2022-09-18,1,2826662.5,2826662.5
11045,34,1,22,11,2022-01-16,1,3973754.26,3973754.26
11046,12,11,8,2,2024-01-12,2,3376569.1,6753138.2
11047,16,9,34,6,2023-06-14,1,538757.81,538757.81
11048,6,3,50,6,2024-04-10,2,2473542.26,4947084.52
11049,29,2,27,4,2024-10-01,1,486291.85,486291.85
11050,31,2,33,1,2024-06-30,2,4555301.99,9110603.98
11051,34,6,3,12,2025-10-10,1,1853807.37,1853807.37
11052,12,13,43,9,2023-07-31,1,4294941.85,4294941.85
11053,14,7,44,4,2022-10-23,1,848566.6,848566.6
11054,37,2,36,6,2022-07-09,1,6813273.65,6813273.65
11055,18,2,17,7,2024-09-16,1,3013775.53,3013775.53
11056,25,4,5,1,2023-02-11,1,2224069.79,2224069.79
11057,22,14,51,1,2022-09-30,1,1131457.42,1131457.42
11058,25,2,49,7,2025-09-29,1,2928768.56,2928768.56
11059,20,4,52,1,2023-12-21,1,1009111.14,1009111.14
11060,16,4,9,11,2022-05-09,1,449187.21,449187.21
11061,3,3,29,9,2022-03-13,1,704314.78,704314.78
11062,39,1,19,2,2023-01-11,1,2787400.84,2787400.84
11063,15,1,36,3,2024-02-10,1,3165653.04,3165653.04
11064,29,5,41,3,2022-08-23,1,631958.68,631958.68
11065,24,1,45,8,2022-01-09,1,2806014.37,2806014.37
11066,11,6,42,7,2023-06-03,1,2350082.5,2350082.5
11067,29,13,52,7,2024-07-30,1,750556.5,750556.5
11068,20,4,41,3,2022-07-12,2,1981339.31,3962678.62
11069,7,11,47,8,2023-11-13,1,4942282.39,4942282.39
11070,24,5,55,6,2024-08-25,1,1839136.75,1839136.75
11071,27,11,13,7,2022-08-25,1,2060173.31,2060173.31
11072,8,7,39,6,2023-01-19,1,885458.98,885458.98
11073,40,10,12,11,2022-11-03,1,4376054.73,4376054.73
11074,36,12,47,4,2022-09-09,1,1639571.56,1639571.56
11075,24,7,1,5,2023-12-31,1,2853425.12,2853425.12
11076,21,2,21,7,2022-04-15,1,1679619.77,1679619.77
11077,13,1,33,10,2022-01-03,2,706851.71,1413703.42
11078,9,5,24,1,2025-07-08,1,1891133.36,1891133.36
11079,12,1,6,8,2023-08-15,1,1954449.32,1954449.32
11080,36,1,20,8,2025-04-18,1,2071583.74,2071583.74
11081,16,1,26,1,2023-11-26,1,504297.32,504297.32
11082,8,15,9,3,2024-10-06,1,933087.54,933087.54
11083,15,15,17,5,2025-01-29,1,4234008.43,4234008.43
11084,42,3,35,7,2022-02-06,1,2024865.4,2024865.4
11085,25,5,25,3,2024-12-06,1,3701476.63,3701476.63
11086,41,4,13,4,2023-05-24,1,4430086.66,4430086.66
11087,22,2,11,7,2022-01-12,1,1333335.52,1333335.52
11088,7,6,29,3,2025-09-07,1,1548679.55,1548679.55
11089,29,12,44,1,2025-06-01,1,721558.43,721558.43
11090,9,13,48,6,2025-08-16,2,1845464.54,3690929.08
11091,29,3,32,2,2025-04-27,1,426062.76,426062.76
11092,2,2,30,9,2024-11-24,2,2172508.67,4345017.34
11093,25,9,26,5,2023-08-09,1,1623251.43,1623251.43
11094,30,2,34,6,2023-04-10,1,3240054.67,3240054.67
11095,2,2,24,11,2023-08-05,1,2296509.58,2296509.58
11096,33,3,49,8,2022-06-09,1,2811790.51,2811790.51
11097,1,1,44,12,2022-07-18,1,2402249.76,2402249.76
11098,24,3,22,9,2023-04-12,1,1550712.33,1550712.33
11099,23,1,36,5,2023-08-10,1,1349518.08,1349518.08
11100,43,11,53,3,2023-08-21,1,3794327.54,3794327.54
11101,25,5,40,6,2024-01-31,1,4199028.96,4199028.96
11102,21,4,48,7,2025-09-05,2,1337763.75,2675527.5
11103,25,11,4,7,2025-06-23,1,4260661.39,4260661.39
11104,30,4,9,7,2022-06-20,1,2210791.56,2210791.56
11105,19,4,51,11,2025-09-14,1,2322549.61,2322549.61
11106,2,11,19,1,2023-01-16,1,4966238.15,4966238.15
11107,2,1,13,1,2023-01-21,2,1345449.35,2690898.7
11108,2,1,24,7,2023-05-21,1,3370484.2,3370484.2
11109,15,2,26,1,2025-10-03,1,4110668.39,4110668.39
11110,1,1,35,8,2022-10-25,1,1200992.42,1200992.42
11111,24,3,20,3,2023-10-15,1,3398619.92,3398619.92
11112,37,12,7,8,2023-08-19,1,1605743.29,1605743.29
11113,9,2,29,3,2024-03-23,1,2347002.49,2347002.49
11114,31,10,17,4,2023-08-27,1,1074976.73,1074976.73
11115,26,2,5,3,2023-02-22,1,807075.04,807075.04
11116,19,11,15,7,2023-09-04,1,1419832.93,1419832.93
11117,29,6,41,1,2023-10-22,3,547250.59,1641751.77
11118,41,15,16,5,2024-01-20,1,4570450.59,4570450.59
11119,10,3,1,3,2023-07-13,1,3497687.1,3497687.1
11120,17,6,37,8,2023-02-26,1,449210.42,449210.42
11121,37,3,51,11,2022-04-11,1,1976620.78,1976620.78
11122,7,3,16,5,2023-07-17,1,1609696.21,1609696.21
11123,36,12,9,3,2025-03-11,1,1866017.96,1866017.96
11124,27,1,40,11,2024-10-30,1,2437055.54,2437055.54
11125,41,6,10,8,2024-06-16,1,2709953.81,2709953.81
11126,1,1,3,2,2022-05-30,1,3503476.24,3503476.24
11127,13,2,51,3,2023-06-25,1,722039.8,722039.8
11128,6,1,51,4,2022-04-22,1,2248010.55,2248010.55
11129,9,5,17,3,2023-09-28,1,1309888.18,1309888.18
11130,36,4,11,1,2022-05-08,1,2844023.92,2844023.92
11131,29,4,30,3,2023-07-05,1,583746.98,583746.98
11132,24,1,55,10,2022-06-28,1,1635830.33,1635830.33
11133,40,7,48,9,2023-09-28,1,1778956.96,1778956.96
11134,18,3,27,1,2022-04-20,1,1902038.75,1902038.75
11135,20,10,17,6,2023-08-20,1,2546679.28,2546679.28
11136,2,15,3,5,2023-07-20,1,1868829.15,1868829.15
11137,29,6,18,5,2022-03-08,1,791401.56,791401.56
11138,34,13,26,9,2022-01-15,3,2834178.79,8502536.37
11139,10,1,29,6,2023-01-03,1,2327604.89,2327604.89
11140,17,11,15,7,2022-08-16,1,660887.5,660887.5
11141,27,8,15,11,2025-01-17,1,4398437.98,4398437.98
11142,23,4,14,7,2022-05-28,2,2065002.73,4130005.46
11143,22,11,44,9,2022-11-12,1,1416695.38,1416695.38
11144,11,3,15,9,2022-03-19,2,1430304.48,2860608.96
11145,40,14,12,7,2023-02-12,1,3479653.06,3479653.06
11146,25,15,44,3,2023-08-13,2,794337.3,1588674.6
11147,38,2,6,7,2023-03-02,2,1621722.81,3243445.62
11148,10,1,28,8,2025-03-30,1,4353304.23,4353304.23
11149,19,12,56,7,2025-10-04,1,1775740.63,1775740.63
11150,12,1,31,8,2024-12-16,2,1461105.95,2922211.9
11151,22,3,45,6,2023-03-26,1,1089052.0,1089052.0
11152,1,2,52,1,2022-06-04,1,2714168.47,2714168.47
11153,26,5,21,6,2024-06-03,1,3541334.62,3541334.62
11154,19,5,37,6,2024-08-09,3,1543231.53,4629694.59
11155,17,8,37,8,2022-10-10,1,411511.27,411511.27
11156,8,4,43,4,2025-05-26,1,869963.99,869963.99
11157,11,3,21,9,2024-03-06,1,1118373.56,1118373.56
11158,23,14,11,5,2025-01-18,1,1350329.56,1350329.56
11159,29,3,38,5,2024-06-17,1,651702.45,651702.45
11160,27,6,10,9,2023-02-03,1,3014609.84,3014609.84
11161,7,3,34,1,2024-08-20,1,4485610.27,4485610.27
11162,3,10,38,8,2023-01-02,1,612102.26,612102.26
11163,4,3,40,3,2023-12-08,3,1614156.72,4842470.16
11164,37,1,38,7,2023-12-04,1,2824106.29,2824106.29
11165,3,3,49,6,2023-06-08,1,630818.87,630818.87
11166,18,5,10,6,2023-11-11,1,2236012.98,2236012.98
11167,26,1,23,1,2024-05-09,1,3800091.01,3800091.01
11168,35,4,34,9,2023-09-05,1,3131585.18,3131585.18
11169,30,13,46,7,2023-11-16,1,928575.88,928575.88
11170,12,5,2,3,2022-10-14,1,4410988.35,4410988.35
11171,19,5,49,6,2023-07-19,1,1547869.46,1547869.46
11172,43,6,29,5,2022-09-20,1,5262629.62,5262629.62
11173,12,2,22,2,2022-11-18,1,3313849.45,3313849.45
11174,14,1,51,8,2023-04-13,1,1012817.19,1012817.19
11175,26,12,36,1,2023-02-14,1,1272466.68,1272466.68
11176,32,5,39,10,2023-09-19,1,2494753.13,2494753.13
11177,37,2,16,9,2022-08-03,1,1680479.78,1680479.78
11178,24,2,25,8,2024-09-04,1,1840159.68,1840159.68
11179,4,12,41,6,2024-06-21,1,1668204.16,1668204.16
11180,25,12,35,6,2022-06-29,1,980048.31,980048.31
11181,14,15,47,12,2022-05-01,1,1522123.85,1522123.85
11182,12,5,40,3,2025-05-05,2,901455.94,1802911.88
11183,21,4,15,12,2024-08-18,1,1589169.98,1589169.98
11184,24,12,14,7,2022-04-15,1,2266350.64,2266350.64
11185,6,1,48,9,2022-10-01,1,1400578.4,1400578.4
11186,28,13,51,11,2025-04-24,1,3927894.2,3927894.2
11187,31,2,40,9,2024-12-28,1,3076136.63,3076136.63
11188,28,5,14,4,2025-11-04,1,856689.58,856689.58
11189,39,4,52,11,2025-05-16,1,4794579.97,4794579.97
11190,18,13,30,8,2023-12-17,1,2197140.33,2197140.33
11191,6,2,51,6,2025-12-29,1,1382452.62,1382452.62
11192,18,2,22,11,2024-01-25,1,3227905.74,3227905.74
11193,22,3,47,3,2024-09-09,1,1271958.86,1271958.86
11194,28,12,22,3,2024-07-16,1,1655231.24,1655231.24
11195,33,11,39,8,2022-05-06,1,3525354.02,3525354.02
11196,17,1,26,3,2025-04-09,1,517471.51,517471.51
11197,16,5,5,1,2025-07-14,1,701747.57,701747.57
11198,25,10,33,5,2024-09-16,1,2362977.1,2362977.1
11199,29,6,15,1,2025-11-13,1,465611.89,465611.89
11200,1,2,53,9,2024-09-03,1,3362236.14,3362236.14
11201,11,1,19,3,2025-06-01,1,951835.34,951835.34
11202,42,2,32,8,2025-01-09,1,1825456.3,1825456.3
11203,16,8,22,4,2023-10-11,1,443407.22,443407.22
11204,43,1,54,2,2023-07-04,1,1829529.11,1829529.11
11205,33,2,36,3,2023-02-22,1,3892187.96,3892187.96
11206,12,6,27,1,2024-06-02,2,1223713.36,2447426.72
11207,5,5,31,4,2023-03-03,1,7611385.44,7611385.44
11208,25,15,4,6,2025-11-15,1,4171338.19,4171338.19
11209,12,3,20,6,2022-05-27,1,3635320.62,3635320.62
11210,23,10,14,10,2024-08-12,1,4353791.31,4353791.31
11211,40,4,7,8,2024-08-02,1,1931718.85,1931718.85
11212,13,9,30,3,2023-03-22,1,710707.05,710707.05
11213,42,8,5,3,2022-01-31,1,1413063.41,1413063.41
11214,38,6,50,1,2025-04-20,1,4321572.98,4321572.98
11215,43,1,18,8,2025-10-24,1,4004305.45,4004305.45
11216,32,6,27,4,2023-07-16,2,4321825.45,8643650.9
11217,39,6,3,11,2022-07-07,1,1211482.42,1211482.42
11218,29,5,46,4,2024-12-11,1,439559.12,439559.12
11219,7,15,15,1,2022-10-21,1,3311125.46,3311125.46
11220,10,1,24,7,2025-09-04,1,2097739.17,2097739.17
11221,40,4,5,4,2024-04-01,1,6017236.23,6017236.23
11222,8,6,29,7,2025-02-09,1,836932.08,836932.08
11223,16,1,17,3,2024-06-10,2,594685.49,1189370.98
11224,17,1,37,9,2024-03-10,1,719581.98,719581.98
11225,19,15,16,3,2023-01-27,1,810441.86,810441.86
11226,13,4,4,8,2025-08-19,1,719386.3,719386.3
11227,29,15,4,11,2025-10-14,1,640076.67,640076.67
11228,24,5,39,10,2025-03-06,1,2179928.49,2179928.49
11229,15,6,37,3,2023-11-22,1,2139892.67,2139892.67
11230,43,5,32,8,2025-04-07,1,1460434.41,1460434.41
11231,4,5,55,6,2023-12-17,1,898575.27,898575.27
11232,20,1,8,8,2022-03-13,1,4585365.55,4585365.55
11233,9,8,45,3,2025-07-16,1,2665438.06,2665438.06
11234,2,4,28,12,2025-03-22,1,3624053.42,3624053.42
11235,38,1,17,8,2022-05-14,1,1350219.09,1350219.09
11236,2,3,41,7,2023-02-15,1,2516910.88,2516910.88
11237,6,3,44,1,2024-06-21,1,3617330.32,3617330.32
11238,29,3,7,9,2024-06-07,1,658428.91,658428.91
11239,13,6,18,11,2025-05-12,1,630444.99,630444.99
11240,7,1,19,8,2025-06-23,1,1613437.6,1613437.6
11241,18,3,17,5,2023-05-21,1,964631.04,964631.04
11242,40,8,14,6,2022-08-21,1,5593974.42,5593974.42
11243,35,11,30,5,2024-01-28,2,4099570.04,8199140.08
11244,39,2,49,3,2023-09-24,1,3806649.98,3806649.98
11245,3,3,52,3,2024-05-29,1,715636.87,715636.87
11246,24,3,48,3,2025-03-22,1,1515862.54,1515862.54
11247,6,1,42,8,2023-05-09,1,2416618.94,2416618.94
11248,34,5,31,7,2025-06-07,1,1481050.78,1481050.78
11249,28,3,34,4,2024-03-08,1,4073493.06,4073493.06
11250,21,11,15,6,2025-07-23,2,957410.27,1914820.54
11251,22,6,36,7,2025-08-05,1,1179794.52,1179794.52
11252,41,3,17,11,2025-03-18,1,4003762.76,4003762.76
11253,39,4,40,6,2024-06-25,1,3102476.0,3102476.0
11254,9,1,48,1,2025-05-05,1,2329616.26,2329616.26
11255,33,5,45,8,2022-09-21,1,3914239.26,3914239.26
11256,43,8,30,2,2024-06-22,1,3764035.85,3764035.85
11257,30,6,34,3,2023-06-11,1,1623332.9,1623332.9
11258,11,6,12,8,2024-09-18,1,4568530.99,4568530.99
11259,19,11,53,6,2022-10-22,1,966161.13,966161.13
11260,17,5,49,7,2023-09-18,1,533288.97,533288.97
11261,43,3,33,8,2023-05-18,1,2795894.5,2795894.5
11262,12,9,3,7,2024-08-16,1,2176679.03,2176679.03
11263,3,11,10,6,2025-10-26,1,777736.77,777736.77
11264,25,6,16,7,2023-09-20,1,1760769.8,1760769.8
11265,27,5,27,7,2023-06-15,1,1267952.82,1267952.82
11266,18,1,46,3,2022-02-08,1,2741815.49,2741815.49
11267,28,11,29,4,2022-03-22,1,2567205.98,2567205.98
11268,2,5,39,5,2023-11-24,1,1618140.58,1618140.58
11269,13,11,6,9,2024-06-06,1,764087.86,764087.86
11270,10,5,40,1,2024-11-04,1,3285445.28,3285445.28
11271,17,3,39,6,2022-09-28,1,552303.77,552303.77
11272,5,13,37,4,2024-11-25,2,6323811.13,12647622.26
11273,43,4,51,6,2022-05-18,1,2244808.96,2244808.96
11274,35,1,31,9,2023-05-09,1,3684482.36,3684482.36
11275,41,13,11,6,2025-05-02,1,3106114.56,3106114.56
11276,34,3,18,3,2022-09-22,1,3679277.36,3679277.36
11277,43,5,17,7,2025-04-16,1,3058075.39,3058075.39
11278,7,4,29,3,2022-11-12,1,2925387.99,2925387.99
11279,2,3,15,9,2025-05-23,2,4054672.15,8109344.3
11280,29,3,44,6,2025-09-03,1,661423.28,661423.28
11281,19,12,17,3,2024-11-22,1,1681874.8,1681874.8
11282,5,4,53,7,2025-12-11,2,6173087.43,12346174.86
11283,25,9,48,6,2022-12-26,1,3949009.05,3949009.05
11284,33,9,36,12,2024-05-10,2,847456.76,1694913.52
11285,11,3,52,8,2022-09-27,2,1988702.43,3977404.86
11286,7,9,40,3,2025-02-08,1,5454704.47,5454704.47
11287,20,4,52,1,2023-06-12,1,2395656.32,2395656.32
11288,18,11,6,2,2024-06-17,3,2965717.84,8897153.52
11289,37,1,51,6,2022-12-15,2,1540431.73,3080863.46
11290,38,7,23,3,2023-10-27,1,1672527.71,1672527.71
11291,14,8,44,3,2025-03-22,1,1202650.24,1202650.24
11292,1,3,27,8,2024-02-20,1,962398.88,962398.88
11293,16,1,37,3,2023-05-19,1,494453.61,494453.61
11294,19,9,47,8,2024-06-07,1,2319254.4,2319254.4
11295,27,6,36,7,2022-04-24,1,1711318.13,1711318.13
11296,11,5,52,9,2023-07-11,1,1228098.8,1228098.8
11297,9,10,6,5,2024-10-10,1,2647390.51,2647390.51
11298,18,5,38,7,2025-01-22,1,2046687.08,2046687.08
11299,6,11,16,5,2022-05-04,1,1979903.16,1979903.16
11300,15,6,29,1,2025-08-07,1,1982391.52,1982391.52
11301,13,4,23,4,2022-10-13,1,615348.04,615348.04
11302,42,2,51,10,2022-05-25,1,1675332.41,1675332.41
11303,40,1,55,10,2022-09-25,1,5292198.16,5292198.16
11304,40,3,54,6,2023-11-10,1,3726056.36,3726056.36
11305,7,6,41,3,2023-01-06,1,4728751.17,4728751.17
11306,23,8,33,3,2024-06-13,1,1794965.29,1794965.29
11307,9,1,53,6,2022-11-11,1,2285131.06,2285131.06
11308,35,3,2,7,2025-07-11,1,4539266.33,4539266.33
11309,35,8,50,1,2023-08-04,1,1500637.7,1500637.7
11310,23,3,42,12,2025-02-07,1,1577251.3,1577251.3
11311,31,9,22,6,2023-10-01,1,1691062.07,1691062.07
11312,17,1,50,7,2022-12-09,1,614620.89,614620.89
11313,19,1,10,6,2023-03-12,1,901192.4,901192.4
11314,22,4,40,8,2022-08-15,1,1002118.06,1002118.06
11315,41,5,23,8,2025-05-23,1,2040035.09,2040035.09
11316,39,12,16,6,2022-06-10,1,4617681.54,4617681.54
11317,18,4,17,1,2023-05-04,1,3696818.13,3696818.13
11318,43,1,32,1,2022-10-19,1,2627054.91,2627054.91
11319,14,5,20,2,2024-04-18,1,1446854.01,1446854.01
11320,16,6,20,6,2023-10-23,1,725806.67,725806.67
11321,8,5,2,8,2024-09-28,1,834022.0,834022.0
11322,20,5,12,7,2022-11-18,1,3807975.84,3807975.84
11323,32,6,11,6,2023-03-20,1,4875101.26,4875101.26
11324,23,5,35,8,2022-10-12,1,4505413.72,4505413.72
11325,42,5,2,12,2025-08-23,1,1180511.16,1180511.16
11326,40,5,26,3,2023-06-21,1,2397469.21,2397469.21
11327,37,5,26,5,2022-07-26,1,3823337.17,3823337.17
11328,36,2,16,7,2023-08-23,1,1998938.72,1998938.72
11329,12,15,43,6,2025-02-12,1,2598665.51,2598665.51
11330,1,5,14,3,2023-01-23,1,2336835.47,2336835.47
11331,31,13,21,8,2023-12-28,1,950439.7,950439.7
11332,29,1,37,2,2022-12-14,2,565597.03,1131194.06
11333,24,1,1,1,2023-05-26,1,2970869.67,2970869.67
11334,43,7,42,8,2024-02-12,1,3301151.26,3301151.26
11335,26,1,11,3,2024-05-10,1,1342387.73,1342387.73
11336,18,5,14,8,2023-10-21,1,1964775.2,1964775.2
11337,31,6,16,4,2024-03-26,1,3815457.77,3815457.77
11338,23,11,7,6,2023-12-01,1,3414275.73,3414275.73
11339,8,2,51,4,2025-03-29,1,960765.98,960765.98
11340,10,2,50,3,2025-02-12,1,3095395.73,3095395.73
11341,16,2,24,7,2023-05-31,1,688566.01,688566.01
11342,32,8,33,4,2022-09-03,1,1368418.14,1368418.14
11343,24,11,55,8,2025-02-18,1,4387434.15,4387434.15
11344,30,9,1,3,2022-03-22,1,3801521.76,3801521.76
11345,6,1,17,1,2025-08-18,1,3023529.5,3023529.5
11346,41,13,14,1,2022-05-13,1,1565058.01,1565058.01
11347,1,1,24,7,2024-09-29,1,4076448.27,4076448.27
11348,12,5,33,9,2022-07-23,1,2664439.06,2664439.06
11349,13,1,16,8,2024-11-10,1,482046.9,482046.9
11350,2,11,46,6,2023-05-20,1,4237255.02,4237255.02
11351,6,11,27,8,2024-01-17,1,1404762.02,1404762.02
11352,7,4,6,8,2023-04-11,1,4440189.3,4440189.3
11353,24,8,5,6,2023-08-09,1,4674433.6,4674433.6
11354,18,1,10,7,2023-02-21,1,1088663.19,1088663.19
11355,18,14,18,6,2024-10-03,1,3866602.11,3866602.11
11356,20,14,53,2,2024-11-30,1,1932330.68,1932330.68
11357,40,3,18,6,2023-02-25,1,2912166.99,2912166.99
11358,39,2,27,6,2022-10-29,1,2522887.21,2522887.21
11359,30,12,44,8,2022-06-13,1,2652543.07,2652543.07
11360,15,9,9,3,2023-07-19,2,1673020.29,3346040.58
11361,8,2,31,5,2025-05-28,1,819078.82,819078.82
11362,18,1,22,1,2025-07-29,2,3447322.07,6894644.14
11363,20,6,29,7,2023-06-26,1,1026527.06,1026527.06
11364,11,12,48,1,2024-06-29,1,4453099.26,4453099.26
11365,5,1,25,4,2023-08-26,1,9092436.39,9092436.39
11366,17,13,32,9,2024-05-06,1,565525.6,565525.6
11367,41,3,20,7,2023-12-30,1,3686038.12,3686038.12
11368,14,9,27,3,2025-09-18,2,738034.75,1476069.5
11369,39,11,13,3,2025-08-22,1,1851415.68,1851415.68
11370,7,3,20,9,2022-02-27,1,1169476.27,1169476.27
11371,11,8,29,3,2023-12-31,1,2421114.25,2421114.25
11372,10,1,25,8,2023-09-19,1,3678927.19,3678927.19
11373,8,1,44,7,2024-05-11,1,946133.77,946133.77
11374,12,13,18,3,2023-05-30,1,2696455.85,2696455.85
11375,18,3,21,10,2022-05-09,1,3915808.78,3915808.78
11376,37,5,31,6,2022-03-13,1,1707104.53,1707104.53
11377,25,14,29,3,2023-02-25,1,2140606.33,2140606.33
11378,15,9,46,4,2023-09-05,1,4595932.78,4595932.78
11379,13,5,9,6,2022-07-23,1,566455.39,566455.39
11380,18,3,48,12,2024-08-27,2,3221109.92,6442219.84
11381,31,12,24,10,2023-03-26,1,4956304.09,4956304.09
11382,20,12,6,8,2024-08-31,1,4834741.38,4834741.38
11383,12,2,38,7,2025-01-11,1,3420720.61,3420720.61
11384,7,5,33,9,2023-08-23,1,4697363.45,4697363.45
11385,9,8,8,6,2023-10-26,1,1748898.99,1748898.99
11386,36,1,11,6,2024-05-27,1,1744147.75,1744147.75
11387,25,3,43,5,2023-02-14,1,2083250.67,2083250.67
11388,34,2,37,6,2023-01-17,1,2083345.86,2083345.86
11389,16,13,28,2,2022-04-02,1,725980.05,725980.05
11390,18,3,27,4,2024-02-22,1,2544583.44,2544583.44
11391,11,6,52,3,2025-05-29,1,3342797.26,3342797.26
11392,4,2,26,11,2025-09-01,2,719692.79,1439385.58
11393,12,12,35,8,2024-08-09,1,2037080.06,2037080.06
11394,35,8,41,4,2023-03-18,1,3911720.21,3911720.21
11395,37,2,27,10,2022-06-24,1,3369828.01,3369828.01
11396,16,11,38,7,2024-10-07,1,463421.05,463421.05
11397,18,5,11,8,2025-07-31,1,3130101.69,3130101.69
11398,35,10,9,2,2025-01-28,1,3812878.6,3812878.6
11399,9,2,35,6,2025-03-21,1,2343244.78,2343244.78
11400,10,11,20,3,2023-11-27,1,3686951.95,3686951.95
11401,17,3,55,9,2022-11-07,1,739135.43,739135.43
11402,32,6,33,7,2023-06-11,1,4525121.25,4525121.25
11403,3,2,24,1,2025-11-19,1,546897.75,546897.75
11404,16,10,55,6,2024-04-30,1,465699.93,465699.93
11405,9,5,40,5,2022-04-28,1,1706702.97,1706702.97
11406,19,6,27,7,2025-06-06,1,1204265.78,1204265.78
11407,13,3,43,1,2023-04-15,1,599936.22,599936.22
11408,25,3,25,12,2024-07-30,1,2397259.4,2397259.4
11409,32,1,46,6,2023-04-01,1,2821244.23,2821244.23
11410,43,12,54,6,2024-06-20,1,3949997.76,3949997.76
11411,8,6,26,7,2023-07-22,1,797170.0,797170.0
11412,34,2,27,4,2024-08-21,1,2728120.62,2728120.62
11413,30,2,17,7,2022-01-17,1,4162672.14,4162672.14
11414,1,4,12,7,2025-10-06,1,2668878.29,2668878.29
11415,1,1,22,5,2023-05-01,1,2816326.87,2816326.87
11416,11,3,45,3,2025-08-14,1,4133851.39,4133851.39
11417,42,7,21,6,2023-03-25,1,1717741.8,1717741.8
11418,18,8,21,1,2025-05-11,1,3494266.64,3494266.64
11419,30,7,53,4,2025-08-31,2,4575777.12,9151554.24
11420,14,11,25,8,2024-06-03,1,1506351.38,1506351.38
11421,11,4,22,10,2022-12-31,1,1009398.01,1009398.01
11422,16,2,30,4,2024-08-23,1,417233.14,417233.14
11423,37,2,42,1,2025-04-27,1,3411133.58,3411133.58
11424,14,11,10,8,2023-06-30,1,1242746.38,1242746.38
11425,20,5,40,1,2023-12-04,1,3395759.47,3395759.47
11426,16,2,45,6,2025-04-28,1,634460.98,634460.98
11427,12,1,7,8,2024-04-08,1,4118688.67,4118688.67
11428,39,12,21,7,2025-07-13,1,4237151.06,4237151.06
11429,39,7,33,12,2022-03-21,1,3718051.84,3718051.84
11430,34,2,52,6,2025-01-30,1,1115373.54,1115373.54
11431,12,6,45,10,2025-07-13,2,946171.8,1892343.6
11432,28,2,42,4,2022-12-17,2,1665070.43,3330140.86
11433,40,3,20,6,2025-09-22,1,6345810.27,6345810.27
11434,38,1,30,7,2025-09-03,1,900679.51,900679.51
11435,20,10,47,5,2024-02-20,1,2938956.59,2938956.59
11436,42,1,22,11,2025-04-15,1,1881183.21,1881183.21
11437,19,1,16,4,2025-09-09,1,1183048.8,1183048.8
11438,43,7,47,1,2023-12-02,1,3693617.02,3693617.02
11439,33,4,41,4,2025-07-10,1,1713457.29,1713457.29
11440,28,13,52,8,2022-11-30,1,1682203.18,1682203.18
11441,37,1,42,3,2025-09-08,1,3272993.43,3272993.43
11442,39,2,50,7,2023-01-13,2,2928958.11,5857916.22
11443,23,6,4,4,2023-02-24,1,4059237.17,4059237.17
11444,19,3,55,8,2023-11-21,1,2172576.54,2172576.54
11445,18,3,19,1,2022-04-06,1,2095235.77,2095235.77
11446,33,3,22,5,2025-10-17,2,3840473.8,7680947.6
11447,25,1,6,6,2024-07-11,1,1544439.53,1544439.53
11448,26,1,52,11,2024-02-18,1,1588979.53,1588979.53
11449,11,4,42,1,2022-03-05,1,4318661.62,4318661.62
11450,22,5,30,5,2024-06-27,1,792424.36,792424.36
11451,15,3,9,6,2024-06-22,1,1240547.66,1240547.66
11452,25,3,38,5,2025-06-04,1,2727153.63,2727153.63
11453,10,1,10,8,2023-05-13,1,4097246.91,4097246.91
11454,17,1,1,8,2025-09-23,1,613383.69,613383.69
11455,20,6,7,3,2025-01-31,1,2404792.81,2404792.81
11456,32,10,45,7,2022-07-12,1,3650111.07,3650111.07
11457,20,2,12,12,2023-01-16,2,2081513.46,4163026.92
11458,12,13,14,6,2022-02-07,1,1489398.24,1489398.24
11459,34,11,14,5,2025-11-26,2,1341737.51,2683475.02
11460,32,4,47,3,2023-01-14,1,3040791.91,3040791.91
11461,8,1,47,3,2022-03-16,1,888604.4,888604.4
11462,6,4,29,1,2023-04-27,1,3617693.46,3617693.46
11463,30,2,5,5,2024-10-17,1,3794794.02,3794794.02
11464,28,5,4,6,2025-07-17,1,4501796.37,4501796.37
11465,43,12,10,6,2023-09-09,1,2584184.78,2584184.78
11466,1,13,28,10,2023-12-28,2,2867208.72,5734417.44
11467,6,9,31,7,2025-06-06,1,2755386.16,2755386.16
11468,25,11,13,7,2022-09-12,2,1014609.54,2029219.08
11469,15,2,15,8,2022-02-27,2,3526157.21,7052314.42
11470,27,11,38,5,2025-08-03,1,1023141.95,1023141.95
11471,15,13,1,10,2022-08-07,1,1078100.46,1078100.46
11472,29,6,13,6,2025-12-04,1,582884.35,582884.35
11473,32,2,21,12,2022-09-15,1,912429.52,912429.52
11474,4,1,49,10,2023-02-28,1,1760676.07,1760676.07
11475,16,5,1,12,2024-01-28,1,549121.75,549121.75
11476,41,2,45,6,2023-05-15,1,1601464.45,1601464.45
11477,29,1,33,6,2022-03-23,2,470766.82,941533.64
11478,31,5,2,6,2025-01-21,1,3623588.68,3623588.68
11479,22,6,1,10,2022-01-19,1,1723789.53,1723789.53
11480,16,5,14,1,2022-12-12,1,645508.96,645508.96
11481,20,3,46,6,2022-01-18,1,1430986.91,1430986.91
11482,9,4,39,8,2024-01-24,1,1981500.72,1981500.72
11483,18,5,42,8,2025-10-27,3,1864814.03,5594442.09
11484,8,7,48,5,2024-02-17,1,657392.21,657392.21
11485,17,5,42,8,2024-07-26,1,428802.56,428802.56
11486,8,11,21,2,2022-10-09,2,926797.57,1853595.14
11487,8,7,18,7,2025-09-25,1,898933.77,898933.77
11488,2,11,54,6,2024-07-22,1,2211255.86,2211255.86
11489,14,1,11,7,2025-04-06,1,1239808.77,1239808.77
11490,8,6,52,6,2023-11-20,1,557807.19,557807.19
11491,12,11,18,10,2025-05-18,1,1195952.53,1195952.53
11492,12,6,8,6,2024-06-04,1,1539315.6,1539315.6
11493,14,9,1,6,2025-09-22,1,1339345.21,1339345.21
11494,3,3,46,1,2022-05-05,1,680130.53,680130.53
11495,10,3,12,1,2023-12-01,1,3910444.19,3910444.19
11496,27,4,5,7,2022-11-25,1,4495605.81,4495605.81
11497,30,9,6,12,2024-01-08,1,1718084.42,1718084.42
11498,7,2,24,1,2023-04-09,1,5377036.86,5377036.86
11499,23,6,28,6,2023-11-26,1,4853402.6,4853402.6
11500,7,12,21,3,2025-02-27,1,2863802.86,2863802.86
11501,33,6,39,3,2024-04-02,1,4115728.68,4115728.68
11502,15,11,52,1,2022-07-22,2,4399770.85,8799541.7
11503,17,4,10,1,2022-06-28,3,594773.37,1784320.11
11504,1,12,15,1,2022-05-16,2,3467329.58,6934659.16
11505,41,4,53,8,2025-05-09,1,4831857.82,4831857.82
11506,39,13,41,4,2025-12-05,1,2651565.8,2651565.8
11507,12,10,27,1,2023-01-07,1,991522.57,991522.57
11508,20,6,41,9,2022-08-09,1,1905673.71,1905673.71
11509,17,2,3,5,2022-06-02,1,497014.96,497014.96
11510,9,4,42,7,2022-06-23,1,1586426.26,1586426.26
11511,28,4,53,11,2022-07-21,1,3941421.31,3941421.31
11512,8,4,47,3,2023-10-03,1,686693.34,686693.34
11513,12,5,13,9,2025-01-05,1,1961637.8,1961637.8
11514,32,11,13,1,2024-07-01,2,1561229.03,3122458.06
11515,41,3,18,8,2023-09-01,1,3030670.3,3030670.3
11516,1,11,20,7,2022-09-20,1,1514216.76,1514216.76
11517,7,12,41,7,2023-06-05,1,2568156.55,2568156.55
11518,17,1,41,2,2023-07-30,1,422791.32,422791.32
11519,3,6,15,4,2024-07-04,1,534344.23,534344.23
11520,25,2,29,8,2024-01-31,1,3580067.84,3580067.84
11521,38,3,1,12,2024-12-10,1,3975015.47,3975015.47
11522,33,2,26,12,2024-02-04,1,2883459.35,2883459.35
11523,28,9,53,6,2025-11-01,1,2246864.41,2246864.41
11524,14,1,25,12,2025-10-04,2,1653052.65,3306105.3
11525,42,3,28,3,2025-05-03,1,1058281.6,1058281.6
11526,39,2,43,5,2023-08-09,1,1984506.07,1984506.07
11527,24,1,18,7,2025-09-25,1,4028141.31,4028141.31
11528,30,12,31,6,2023-06-13,1,2268921.26,2268921.26
11529,13,2,54,1,2023-10-12,1,581444.11,581444.11
11530,7,1,5,8,2025-01-08,1,4964098.05,4964098.05
11531,11,8,3,2,2025-12-02,1,2548578.34,2548578.34
11532,11,6,46,6,2025-08-04,1,2253751.13,2253751.13
11533,15,2,21,6,2024-08-08,1,1145880.67,1145880.67
11534,32,1,14,9,2024-09-16,1,1505458.83,1505458.83
11535,6,1,53,5,2025-11-09,1,1727971.5,1727971.5
11536,7,1,24,5,2024-08-30,1,4084529.98,4084529.98
11537,7,1,27,6,2025-02-16,1,4567665.58,4567665.58
11538,7,2,30,8,2024-07-13,1,5870022.89,5870022.89
11539,37,1,34,5,2025-02-05,2,1418085.21,2836170.42
11540,26,3,32,5,2022-07-11,1,996199.46,996199.46
11541,27,5,47,5,2024-08-09,2,4178735.06,8357470.12
11542,35,5,39,6,2024-06-23,3,4219612.07,12658836.21
11543,24,7,8,6,2025-06-25,1,3509728.48,3509728.48
11544,17,6,14,8,2024-10-22,1,600397.99,600397.99
11545,13,3,27,3,2022-03-01,1,742771.05,742771.05
11546,21,2,1,7,2024-12-12,1,1230244.12,1230244.12
11547,20,6,16,8,2024-05-22,1,4177082.88,4177082.88
11548,43,5,9,5,2023-03-26,1,3330536.81,3330536.81
11549,3,9,15,6,2024-07-07,1,575660.81,575660.81
11550,31,2,26,3,2022-09-15,1,1753348.51,1753348.51
11551,23,11,47,9,2023-01-21,1,4008193.12,4008193.12
11552,38,1,5,3,2025-06-12,2,4344427.01,8688854.02
11553,12,2,20,7,2023-02-06,2,2850379.28,5700758.56
11554,18,3,14,7,2024-05-09,1,1671338.11,1671338.11
11555,43,3,15,6,2023-04-27,1,5479709.42,5479709.42
11556,31,7,6,3,2022-01-04,2,2972802.17,5945604.34
11557,24,2,27,2,2022-11-28,2,2271406.79,4542813.58
11558,29,1,3,8,2025-05-13,1,455640.86,455640.86
11559,6,3,8,1,2024-01-16,1,2648480.5,2648480.5
11560,2,1,48,6,2022-01-14,1,1299659.03,1299659.03
11561,23,1,33,4,2023-08-31,1,2867002.54,2867002.54
11562,35,2,31,4,2022-03-09,1,2723862.77,2723862.77
11563,28,2,38,3,2023-08-13,2,4250852.75,8501705.5
11564,13,3,19,2,2024-02-12,1,670026.36,670026.36
11565,7,10,49,1,2022-03-16,3,1870979.18,5612937.54
11566,11,4,35,8,2022-10-09,1,2940323.97,2940323.97
11567,4,1,38,1,2024-01-18,1,1038045.78,1038045.78
11568,38,1,27,11,2024-01-25,1,3900186.86,3900186.86
11569,11,2,32,9,2023-03-22,1,1002226.77,1002226.77
11570,7,3,32,9,2023-06-26,1,3272841.7,3272841.7
11571,13,7,15,6,2022-11-16,1,493794.52,493794.52
11572,41,4,48,3,2023-06-06,1,4136142.82,4136142.82
11573,15,10,30,7,2025-09-18,1,3673107.46,3673107.46
11574,43,7,39,6,2022-12-01,1,2178066.43,2178066.43
11575,35,14,20,3,2022-07-23,1,1112996.63,1112996.63
11576,15,5,38,6,2025-11-21,1,4914356.32,4914356.32
11577,16,8,31,8,2023-04-16,1,484264.0,484264.0
11578,11,1,33,3,2025-07-28,1,1998193.89,1998193.89
11579,30,13,35,5,2024-12-17,1,2196358.3,2196358.3
11580,11,6,20,6,2022-12-14,1,3527987.24,3527987.24
11581,14,2,36,12,2024-10-23,1,994547.95,994547.95
11582,24,6,4,6,2024-12-31,1,1026539.13,1026539.13
11583,16,1,14,3,2023-02-01,2,583080.44,1166160.88
11584,13,15,28,2,2023-10-16,1,530768.44,530768.44
11585,18,13,17,11,2024-04-01,1,935534.7,935534.7
11586,8,4,37,10,2023-08-24,1,524186.17,524186.17
11587,33,3,23,6,2023-06-25,1,1589392.8,1589392.8
11588,19,5,48,1,2022-09-22,1,1993990.33,1993990.33
11589,13,13,2,12,2025-09-24,1,578177.91,578177.91
11590,35,11,21,3,2023-06-08,1,3485597.29,3485597.29
11591,14,7,43,6,2025-05-01,1,1025902.97,1025902.97
11592,19,1,26,1,2023-03-16,3,1469576.4,4408729.2
11593,12,2,53,3,2024-04-03,2,3667934.05,7335868.1
11594,29,3,27,3,2023-05-13,1,606378.25,606378.25
11595,41,11,45,4,2023-07-25,1,3160207.98,3160207.98
11596,9,3,29,5,2022-01-06,1,1745683.49,1745683.49
11597,42,7,13,8,2025-03-09,1,850042.9,850042.9
11598,10,3,26,10,2024-11-05,1,3778710.27,3778710.27
11599,41,5,41,12,2022-08-31,1,4039543.15,4039543.15
11600,37,5,32,6,2025-03-11,1,2385345.64,2385345.64
11601,20,3,6,11,2025-05-03,1,1882155.9,1882155.9
11602,8,2,23,8,2024-10-28,1,560698.45,560698.45
11603,20,2,3,10,2022-02-08,1,4556495.27,4556495.27
11604,29,4,37,7,2022-04-16,1,784853.7,784853.7
11605,33,5,28,4,2024-09-07,1,3946942.01,3946942.01
11606,31,14,38,6,2023-05-29,1,1707780.49,1707780.49
11607,3,7,11,3,2024-05-23,1,719146.83,719146.83
11608,25,1,53,9,2024-10-13,1,3631686.25,3631686.25
11609,27,3,13,3,2024-02-19,1,1464959.58,1464959.58
11610,6,1,50,6,2022-07-08,1,1943008.56,1943008.56
11611,13,2,36,6,2024-04-06,1,591051.75,591051.75
11612,19,3,1,5,2023-10-09,1,1630109.8,1630109.8
11613,14,1,48,4,2022-09-14,1,917832.22,917832.22
11614,23,7,4,1,2022-05-06,1,1775750.86,1775750.86
11615,8,12,14,1,2024-03-18,1,635720.93,635720.93
11616,11,2,2,11,2022-07-01,1,3522288.82,3522288.82
11617,42,10,36,9,2023-09-26,2,2021963.37,4043926.74
11618,38,3,33,6,2025-11-30,1,4732801.84,4732801.84
11619,33,2,34,6,2022-04-23,1,1509409.84,1509409.84
11620,6,2,35,3,2022-06-15,1,2146868.65,2146868.65
11621,25,2,29,4,2025-10-20,1,2842330.42,2842330.42
11622,15,10,53,6,2022-09-29,1,976850.67,976850.67
11623,35,4,1,8,2022-07-02,1,962939.9,962939.9
11624,32,1,46,7,2025-12-02,1,1577167.62,1577167.62
11625,13,5,2,2,2024-07-12,1,657735.56,657735.56
11626,31,4,8,5,2025-02-01,1,3256708.6,3256708.6
11627,22,6,52,7,2024-06-24,1,1646323.47,1646323.47
11628,3,14,52,8,2022-03-13,1,529446.91,529446.91
11629,43,2,20,1,2024-09-12,1,1721435.6,1721435.6
11630,31,2,12,12,2025-12-02,2,3064549.34,6129098.68
11631,28,9,7,3,2023-07-03,1,3596314.15,3596314.15
11632,7,8,27,8,2022-10-31,1,2003921.38,2003921.38
11633,8,2,25,5,2025-06-13,1,919582.31,919582.31
11634,13,2,12,5,2023-01-23,1,785948.99,785948.99
11635,39,6,52,10,2022-12-10,1,3845711.9,3845711.9
11636,15,4,45,5,2023-05-27,2,3127766.13,6255532.26
11637,28,4,34,6,2022-04-10,1,1613259.92,1613259.92
11638,12,4,20,6,2023-05-11,2,1935043.84,3870087.68
11639,41,5,4,6,2023-08-26,3,2690543.33,8071629.99
11640,43,8,31,12,2024-09-08,1,2816760.98,2816760.98
11641,33,2,8,6,2022-07-02,1,1021553.45,1021553.45
11642,26,3,17,7,2024-06-03,1,3451813.83,3451813.83
11643,15,6,36,1,2025-10-02,3,1564823.54,4694470.62
11644,21,10,25,6,2022-09-17,1,1960416.94,1960416.94
11645,4,15,51,1,2023-06-25,1,951506.01,951506.01
11646,25,3,31,9,2022-04-14,1,1567589.64,1567589.64
11647,24,3,19,3,2024-08-27,1,1274716.55,1274716.55
11648,13,15,38,9,2023-07-25,1,661875.8,661875.8
11649,30,2,10,7,2024-05-03,1,4080561.8,4080561.8
11650,7,1,16,3,2023-07-19,1,2235362.86,2235362.86
11651,42,12,47,6,2023-11-14,1,1880251.21,1880251.21
11652,19,3,20,11,2022-08-12,1,1435709.92,1435709.92
11653,31,6,51,3,2022-04-17,1,3159880.88,3159880.88
11654,38,11,47,3,2023-07-28,1,1041361.73,1041361.73
11655,29,14,6,6,2022-01-15,1,647305.33,647305.33
11656,15,13,47,3,2022-04-01,1,4489677.06,4489677.06
11657,32,5,40,3,2023-02-09,1,2958440.11,2958440.11
11658,43,12,32,7,2024-09-20,1,2188671.67,2188671.67
11659,24,12,21,10,2022-12-21,1,2934051.86,2934051.86
11660,18,1,40,3,2024-01-07,1,1619064.12,1619064.12
11661,12,6,13,3,2024-05-30,1,3228574.46,3228574.46
11662,14,12,40,3,2022-12-23,1,1239189.48,1239189.48
11663,27,1,46,8,2025-01-20,1,2274634.74,2274634.74
11664,14,3,5,3,2024-03-07,3,1320405.3,3961215.9
11665,20,11,42,3,2024-06-21,1,2178864.12,2178864.12
11666,5,4,48,6,2025-05-21,1,9339754.48,9339754.48
11667,5,2,20,9,2023-08-15,1,6969720.92,6969720.92
11668,15,1,29,6,2025-11-18,1,2106990.48,2106990.48
11669,37,1,37,7,2023-06-27,1,5795894.72,5795894.72
11670,43,3,11,5,2023-09-21,1,5004837.4,5004837.4
11671,3,15,53,6,2023-08-11,1,692573.51,692573.51
11672,2,6,24,9,2025-09-19,1,1780999.31,1780999.31
11673,20,6,29,5,2023-10-03,1,3087993.06,3087993.06
11674,24,5,13,3,2023-03-24,1,4163078.88,4163078.88
11675,43,6,37,8,2022-01-12,1,4955164.88,4955164.88
11676,13,4,40,5,2024-10-31,1,633701.41,633701.41
11677,9,3,15,2,2025-04-11,1,1647667.25,1647667.25
11678,20,4,7,9,2022-09-05,1,2076089.76,2076089.76
11679,26,12,16,1,2024-11-19,1,2917151.85,2917151.85
11680,36,5,31,7,2023-05-23,1,2484512.8,2484512.8
11681,22,3,26,3,2025-07-05,1,1653940.43,1653940.43
11682,13,9,17,8,2024-05-19,1,729016.73,729016.73
11683,41,2,10,7,2024-12-25,1,2961689.99,2961689.99
11684,14,2,54,3,2022-09-28,1,1886250.98,1886250.98
11685,9,12,9,3,2023-12-12,1,2485598.28,2485598.28
11686,21,1,12,8,2024-01-24,2,1114534.41,2229068.82
11687,28,5,40,7,2023-07-29,1,1936480.06,1936480.06
11688,1,7,4,4,2023-05-05,1,4306816.6,4306816.6
11689,20,3,24,10,2024-04-18,1,2133801.05,2133801.05
11690,14,4,33,6,2023-04-20,1,1185864.23,1185864.23
11691,12,1,40,5,2022-01-01,1,3516165.35,3516165.35
11692,25,3,13,5,2024-04-01,1,3393516.11,3393516.11
11693,27,14,8,3,2023-04-22,1,4361610.3,4361610.3
11694,26,2,37,1,2022-04-23,1,774170.15,774170.15
11695,37,6,24,6,2024-09-03,1,6086373.03,6086373.03
11696,20,12,39,6,2024-06-14,2,2547469.88,5094939.76
11697,38,15,29,12,2025-10-06,1,3512558.77,3512558.77
11698,36,1,4,4,2025-05-05,1,2575174.98,2575174.98
11699,25,14,5,7,2023-08-24,1,1711631.8,1711631.8
11700,20,2,45,6,2023-10-28,1,3967602.47,3967602.47
11701,15,4,6,8,2024-11-03,1,4120339.48,4120339.48
11702,9,1,8,3,2022-12-09,1,1475061.92,1475061.92
11703,28,2,7,10,2023-08-10,2,1254660.78,2509321.56
11704,27,2,3,7,2022-05-12,2,3518487.28,7036974.56
11705,28,8,17,12,2024-05-11,1,3681738.57,3681738.57
11706,10,3,44,12,2025-08-20,3,4253821.63,12761464.89
11707,20,6,12,11,2023-11-24,1,2207915.78,2207915.78
11708,9,1,45,11,2025-04-08,2,2293552.95,4587105.9
11709,34,12,18,1,2025-08-07,1,3619218.26,3619218.26
11710,38,2,50,4,2024-04-14,3,1015820.49,3047461.47
11711,36,9,2,4,2025-06-17,1,1515375.79,1515375.79
11712,2,13,36,8,2024-12-09,1,4435448.21,4435448.21
11713,12,12,21,10,2023-12-05,1,3434593.49,3434593.49
11714,17,14,22,3,2024-08-17,1,483800.64,483800.64
11715,11,6,8,8,2025-12-28,1,4182317.49,4182317.49
11716,14,1,12,10,2025-12-31,2,1194220.7,2388441.4
11717,5,2,5,7,2023-08-11,2,7295375.34,14590750.68
11718,15,2,35,6,2024-09-09,1,2722778.51,2722778.51
11719,10,2,46,7,2025-03-07,1,3690984.07,3690984.07
11720,16,3,22,9,2023-02-27,1,707691.56,707691.56
11721,28,5,8,8,2024-09-15,1,3825908.07,3825908.07
11722,18,3,36,2,2022-12-12,1,3143549.47,3143549.47
11723,7,2,32,6,2024-10-11,2,4516527.38,9033054.76
11724,3,2,36,4,2024-03-26,2,669364.63,1338729.26
11725,28,2,23,5,2025-05-19,1,4176567.31,4176567.31
11726,30,6,25,1,2024-03-18,1,976632.66,976632.66
11727,33,10,15,1,2022-06-30,1,1197311.52,1197311.52
11728,42,12,42,6,2024-05-27,1,2029721.42,2029721.42
11729,7,2,3,5,2025-01-26,1,4208408.05,4208408.05
11730,9,4,7,4,2022-05-02,1,2444051.52,2444051.52
11731,17,4,1,7,2022-06-17,1,703427.31,703427.31
11732,9,11,30,9,2022-11-24,1,1220573.83,1220573.83
11733,39,4,46,7,2023-02-07,1,983916.89,983916.89
11734,31,15,13,4,2025-07-17,1,4973880.13,4973880.13
11735,2,4,30,7,2023-03-08,1,3067517.85,3067517.85
11736,29,1,24,8,2024-06-08,1,655010.68,655010.68
11737,40,12,48,6,2023-07-24,1,6228568.5,6228568.5
11738,26,2,6,9,2025-04-07,2,1736678.48,3473356.96
11739,41,11,29,7,2023-03-02,1,4790834.86,4790834.86
11740,27,2,38,6,2023-06-14,1,4427632.42,4427632.42
11741,32,6,1,10,2024-04-14,1,2994461.51,2994461.51
11742,38,5,1,11,2025-04-18,1,3870806.77,3870806.77
11743,15,11,5,4,2023-12-13,1,4390354.33,4390354.33
11744,25,11,16,1,2024-09-05,1,1411429.38,1411429.38
11745,19,1,11,1,2024-04-20,1,1018860.13,1018860.13
11746,20,7,37,8,2024-05-21,1,4566951.33,4566951.33
11747,36,6,43,4,2025-04-13,1,1030557.09,1030557.09
11748,26,12,2,11,2025-04-14,2,2989724.24,5979448.48
11749,1,2,31,4,2025-06-18,1,2287642.5,2287642.5
11750,40,5,29,12,2023-05-17,1,5183965.66,5183965.66
11751,7,4,5,1,2023-03-19,1,3656144.86,3656144.86
11752,9,12,36,7,2022-06-02,1,1784839.47,1784839.47
11753,2,11,10,3,2024-10-22,1,2622244.28,2622244.28
11754,35,1,54,7,2025-10-08,3,3434681.61,10304044.83
11755,13,5,32,9,2023-10-12,2,719924.86,1439849.72
11756,4,1,14,3,2023-12-12,1,1368763.78,1368763.78
11757,2,9,20,9,2022-08-06,1,1762871.41,1762871.41
11758,31,1,1,9,2023-06-05,1,4535369.76,4535369.76
11759,14,3,4,10,2024-08-28,1,1120560.46,1120560.46
11760,19,2,24,12,2024-05-11,2,2230031.26,4460062.52
11761,39,1,26,4,2023-05-22,1,1620410.37,1620410.37
11762,8,4,13,4,2022-02-22,1,877172.81,877172.81
11763,3,1,28,8,2022-06-21,1,778333.52,778333.52
11764,19,4,50,12,2025-08-08,1,2387559.2,2387559.2
11765,28,2,53,9,2024-05-23,1,1931008.12,1931008.12
11766,33,3,13,1,2023-10-02,1,1217472.17,1217472.17
11767,42,11,7,1,2023-11-12,1,1711662.38,1711662.38
11768,22,4,12,10,2025-03-08,1,1806327.71,1806327.71
11769,20,12,7,8,2022-12-02,1,4083000.94,4083000.94
11770,13,5,45,6,2023-07-30,1,580478.89,580478.89
11771,17,2,45,8,2025-05-03,1,559420.42,559420.42
11772,1,6,26,3,2024-01-16,1,1535080.97,1535080.97
11773,19,2,29,8,2022-05-12,1,1993061.42,1993061.42
11774,10,3,7,5,2025-01-06,1,3207015.14,3207015.14
11775,27,6,52,2,2024-06-26,2,1247005.23,2494010.46
11776,21,4,29,8,2025-07-17,1,1162953.96,1162953.96
11777,34,5,16,7,2023-08-04,1,3891305.1,3891305.1
11778,7,4,47,3,2023-09-24,1,1798340.49,1798340.49
11779,23,3,49,8,2025-04-09,1,2369232.65,2369232.65
11780,23,4,29,1,2025-03-07,1,4181019.75,4181019.75
11781,29,11,55,8,2025-11-20,2,518443.02,1036886.04
11782,39,1,47,4,2024-09-01,1,1125037.34,1125037.34
11783,20,2,3,5,2024-02-29,1,2269374.48,2269374.48
11784,27,9,14,6,2024-04-27,1,3684352.34,3684352.34
11785,20,11,39,6,2024-01-05,1,4765459.8,4765459.8
11786,37,3,48,1,2025-05-27,1,1307360.36,1307360.36
11787,28,12,51,3,2025-10-01,1,2531262.21,2531262.21
11788,39,15,25,6,2022-08-09,1,2148016.74,2148016.74
11789,38,1,28,5,2024-07-07,1,3999936.87,3999936.87
11790,6,3,43,12,2024-06-24,1,1959709.22,1959709.22
11791,16,11,45,6,2023-03-22,1,689300.71,689300.71
11792,16,5,9,6,2024-09-11,1,499396.48,499396.48
11793,34,7,11,3,2022-08-06,1,2708664.27,2708664.27
11794,7,5,11,3,2025-01-24,1,5497475.11,5497475.11
11795,23,6,44,9,2023-01-05,1,4095650.25,4095650.25
11796,37,12,8,8,2024-06-07,1,3809521.57,3809521.57
11797,20,10,15,4,2022-12-30,1,4848751.03,4848751.03
11798,25,6,15,6,2025-06-04,1,1541061.79,1541061.79
11799,31,15,21,1,2023-09-06,1,3867338.14,3867338.14
11800,27,13,33,3,2024-02-18,1,1802321.4,1802321.4
11801,33,6,27,3,2024-08-02,1,1702258.71,1702258.71
11802,25,6,25,3,2022-12-03,1,1526904.38,1526904.38
11803,19,5,47,6,2025-10-07,3,1044748.87,3134246.61
11804,28,3,6,6,2024-09-18,1,4022170.65,4022170.65
11805,35,2,28,2,2022-04-25,1,1816898.77,1816898.77
11806,32,2,26,10,2022-03-17,1,4234010.4,4234010.4
11807,9,2,23,3,2022-10-16,1,1843646.37,1843646.37
11808,29,4,2,8,2023-05-20,1,660422.31,660422.31
11809,2,6,28,7,2024-09-03,1,4505450.37,4505450.37
11810,39,2,19,4,2025-09-06,1,3449311.21,3449311.21
11811,27,14,44,2,2022-03-01,1,2794388.07,2794388.07
11812,17,4,23,9,2023-01-18,1,724627.4,724627.4
11813,6,11,22,2,2025-09-02,1,1459862.96,1459862.96
11814,43,2,54,8,2022-06-25,1,4591212.53,4591212.53
11815,39,12,33,5,2023-02-01,1,4895261.11,4895261.11
11816,6,15,43,4,2023-04-11,1,2937192.99,2937192.99
11817,15,11,35,5,2025-02-01,3,2618027.46,7854082.38
11818,19,14,2,9,2022-04-26,1,1477576.52,1477576.52
11819,3,14,45,1,2024-08-15,1,572944.76,572944.76
11820,34,5,37,6,2024-03-13,1,4309613.95,4309613.95
11821,16,1,39,7,2023-03-26,1,427236.25,427236.25
11822,36,5,2,12,2022-04-24,1,1319683.36,1319683.36
11823,24,1,52,4,2022-11-14,1,2670713.11,2670713.11
11824,16,10,53,3,2024-08-14,1,531481.28,531481.28
11825,14,2,8,8,2022-03-05,1,797150.42,797150.42
11826,37,15,20,3,2023-02-13,1,1695858.97,1695858.97
11827,39,3,54,9,2025-11-21,1,3270603.54,3270603.54
11828,31,3,32,12,2023-08-10,2,4280366.14,8560732.28
11829,33,2,8,3,2023-05-09,2,1391170.45,2782340.9
11830,43,4,18,3,2022-07-08,1,5290850.22,5290850.22
11831,27,5,26,3,2022-07-09,1,961559.37,961559.37
11832,41,5,50,3,2022-03-03,2,4732950.11,9465900.22
11833,5,1,21,12,2022-03-29,1,7456290.0,7456290.0
11834,28,15,53,3,2022-07-24,1,1035281.44,1035281.44
11835,20,2,39,7,2023-08-11,1,1933431.89,1933431.89
11836,41,12,11,9,2024-02-18,1,4025189.09,4025189.09
11837,22,1,22,7,2024-07-13,1,837503.89,837503.89
11838,38,10,23,11,2022-06-23,1,3265614.54,3265614.54
11839,6,6,20,9,2024-11-15,1,2955329.62,2955329.62
11840,6,3,21,3,2023-05-16,1,2319313.32,2319313.32
11841,8,6,12,4,2022-04-02,1,938570.66,938570.66
11842,26,2,10,6,2022-12-15,1,1202502.08,1202502.08
11843,13,1,17,3,2025-07-15,1,691567.05,691567.05
11844,12,3,20,7,2025-10-04,1,3507517.79,3507517.79
11845,28,14,31,1,2025-01-15,1,1350425.66,1350425.66
11846,31,5,35,3,2024-10-26,1,1505653.63,1505653.63
11847,28,1,5,6,2025-04-10,1,4126857.43,4126857.43
11848,29,2,34,3,2024-08-02,1,703586.43,703586.43
11849,28,12,18,1,2022-05-03,1,2469620.64,2469620.64
11850,21,5,26,10,2025-02-07,1,1407187.58,1407187.58
11851,21,2,51,2,2023-04-13,1,1194214.63,1194214.63
11852,43,4,36,3,2024-08-04,1,2808399.48,2808399.48
11853,37,1,1,6,2022-08-23,1,4482442.27,4482442.27
11854,15,15,24,3,2022-01-28,1,2407364.44,2407364.44
11855,20,2,19,8,2024-07-02,1,3614153.42,3614153.42
11856,18,15,6,3,2024-04-08,1,3881630.77,3881630.77
11857,13,2,11,5,2024-07-15,2,588274.4,1176548.8
11858,27,6,12,10,2024-01-25,1,2723635.49,2723635.49
11859,21,12,53,9,2022-03-16,1,1100766.02,1100766.02
11860,7,2,26,10,2022-07-28,1,4250431.39,4250431.39
11861,6,3,39,6,2023-08-13,1,1480776.56,1480776.56
11862,2,7,57,3,2025-01-13,1,1452321.58,1452321.58
11863,6,5,24,6,2022-07-22,1,3282853.41,3282853.41
11864,31,12,12,1,2025-05-11,1,2384277.91,2384277.91
11865,20,11,10,2,2022-03-18,2,1619115.03,3238230.06
11866,19,2,10,12,2023-04-12,1,1420265.29,1420265.29
11867,13,1,44,6,2025-08-16,1,720327.36,720327.36
11868,15,1,3,8,2023-04-06,1,3376666.2,3376666.2
11869,7,1,16,8,2025-03-09,1,2632560.0,2632560.0
11870,34,2,29,12,2025-11-09,1,2855481.18,2855481.18
11871,17,6,6,3,2025-04-16,2,493275.66,986551.32
11872,29,6,57,2,2022-04-07,1,784272.09,784272.09
11873,11,1,38,3,2025-06-24,1,1935929.08,1935929.08
11874,17,1,3,1,2023-09-19,1,489977.59,489977.59
11875,31,3,27,6,2023-06-28,1,3601612.42,3601612.42
11876,7,7,20,3,2025-05-10,1,2076729.76,2076729.76
11877,7,1,14,8,2022-07-31,2,3918308.78,7836617.56
11878,7,4,6,10,2023-01-06,1,4115385.17,4115385.17
11879,28,3,24,6,2022-11-07,1,4477649.16,4477649.16
11880,28,2,33,6,2023-01-10,2,4057962.43,8115924.86
11881,26,4,34,6,2023-08-06,1,2996931.13,2996931.13
11882,20,6,18,8,2025-03-11,1,1201152.25,1201152.25
11883,30,10,50,11,2022-02-19,1,4405913.42,4405913.42
11884,6,2,50,3,2025-01-05,1,2682494.39,2682494.39
11885,38,1,10,7,2023-03-05,1,941178.64,941178.64
11886,7,10,21,1,2022-10-16,1,1778427.84,1778427.84
11887,27,7,16,4,2023-01-28,2,4241545.38,8483090.76
11888,32,4,2,6,2024-08-02,1,1639117.19,1639117.19
11889,25,15,57,7,2024-03-20,1,2802350.99,2802350.99
11890,28,5,2,9,2024-09-12,2,2960672.27,5921344.54
11891,17,10,7,3,2023-01-05,1,516771.31,516771.31
11892,16,2,19,7,2024-04-23,1,427213.83,427213.83
11893,28,15,14,5,2023-02-20,2,2157643.67,4315287.34
11894,12,2,35,3,2025-09-28,1,1153126.6,1153126.6
11895,41,6,32,10,2022-10-03,1,2647291.76,2647291.76
11896,23,6,21,12,2023-10-27,2,1543077.02,3086154.04
11897,7,2,20,4,2024-04-02,1,4914725.66,4914725.66
11898,14,5,38,1,2024-03-12,1,1061224.37,1061224.37
11899,15,3,43,12,2023-08-23,1,1610838.99,1610838.99
11900,6,3,19,3,2024-01-14,2,1331510.69,2663021.38
11901,20,5,24,1,2025-09-22,1,2808362.78,2808362.78
11902,21,3,22,3,2022-07-09,1,1085125.91,1085125.91
11903,14,6,11,6,2025-04-30,1,1417441.64,1417441.64
11904,18,1,5,9,2024-08-17,1,2507362.64,2507362.64
11905,26,1,54,4,2025-06-30,1,3092080.37,3092080.37
11906,25,8,5,12,2023-10-25,1,2023850.09,2023850.09
11907,19,10,34,12,2025-05-26,1,993600.56,993600.56
11908,12,7,43,8,2024-09-29,1,4401168.41,4401168.41
11909,28,5,33,1,2023-02-16,1,2058863.2,2058863.2
11910,35,3,36,3,2024-04-16,1,1831893.86,1831893.86
11911,20,3,35,6,2022-11-15,3,1415179.78,4245539.34
11912,18,5,48,2,2023-05-10,1,3782179.7,3782179.7
11913,16,5,22,9,2024-12-14,1,551973.22,551973.22
11914,7,1,41,3,2022-06-19,1,1215133.45,1215133.45
11915,30,6,10,6,2023-01-22,1,1456514.5,1456514.5
11916,29,4,15,4,2025-01-24,1,581583.75,581583.75
11917,43,2,16,6,2023-11-20,1,4462438.25,4462438.25
11918,12,14,53,6,2022-10-19,1,1887853.59,1887853.59
11919,27,1,31,10,2025-11-13,1,4675603.16,4675603.16
11920,12,3,34,3,2022-04-01,1,2406905.62,2406905.62
11921,11,8,27,11,2024-07-27,1,1609524.34,1609524.34
11922,42,2,11,1,2025-07-29,1,1070152.7,1070152.7
11923,4,8,47,6,2022-10-02,1,1713361.18,1713361.18
11924,35,5,40,6,2024-08-01,2,982748.4,1965496.8
11925,24,12,2,12,2023-09-22,2,1210595.06,2421190.12
11926,32,5,11,11,2024-05-06,1,3275364.26,3275364.26
11927,35,6,24,5,2023-02-11,1,1028215.43,1028215.43
11928,36,1,14,4,2022-08-11,2,1355469.37,2710938.74
11929,10,15,32,12,2023-06-17,1,2918497.63,2918497.63
11930,16,2,46,3,2022-07-10,1,433472.41,433472.41
11931,15,2,11,12,2023-09-03,1,4211726.57,4211726.57
11932,35,3,22,6,2024-10-03,1,1287473.17,1287473.17
11933,14,9,51,6,2025-08-15,1,1848507.74,1848507.74
11934,38,1,41,4,2022-04-06,1,4660899.96,4660899.96
11935,14,3,42,7,2022-05-21,1,1407513.25,1407513.25
11936,19,2,35,11,2023-07-07,1,1561774.53,1561774.53
11937,19,1,36,1,2023-05-31,1,887806.85,887806.85
11938,20,6,45,5,2025-02-21,1,2006974.83,2006974.83
11939,4,3,18,8,2025-10-16,1,1016104.15,1016104.15
11940,19,6,46,9,2025-03-02,3,1450554.52,4351663.56
11941,4,4,10,9,2024-09-22,2,1035096.07,2070192.14
11942,11,6,42,10,2023-06-10,1,901660.2,901660.2
11943,27,4,11,4,2024-12-26,3,3371090.68,10113272.04
11944,28,14,41,4,2025-12-18,1,3421799.79,3421799.79
11945,39,3,3,6,2023-01-20,1,4240617.34,4240617.34
11946,22,2,35,10,2024-04-19,2,1226434.69,2452869.38
11947,29,4,46,6,2022-08-04,2,624882.7,1249765.4
11948,29,1,51,3,2024-04-23,1,490410.97,490410.97
11949,20,2,32,3,2022-12-09,3,2871446.99,8614340.97
11950,35,6,8,6,2025-02-25,1,4214474.44,4214474.44
11951,31,4,17,5,2025-11-29,1,3248276.16,3248276.16
11952,7,6,2,7,2025-01-05,1,4109455.19,4109455.19
11953,12,12,23,1,2022-01-09,1,4426389.04,4426389.04
11954,14,12,34,6,2024-06-09,1,1199517.85,1199517.85
11955,28,1,41,1,2022-12-30,2,2373185.51,4746371.02
11956,18,3,22,1,2024-03-08,1,2621773.44,2621773.44
11957,27,1,23,2,2024-06-11,1,2367593.1,2367593.1
11958,1,6,25,4,2023-04-13,2,1461853.53,2923707.06
11959,3,13,20,9,2022-07-10,2,675468.15,1350936.3
11960,35,8,26,6,2023-05-05,1,2260031.03,2260031.03
11961,23,1,19,4,2023-07-05,1,4038036.88,4038036.88
11962,25,5,21,9,2025-03-20,1,3026604.04,3026604.04
11963,34,2,7,9,2022-08-21,1,1941558.12,1941558.12
11964,32,2,50,3,2024-08-21,2,2777331.63,5554663.26
11965,40,3,33,7,2025-04-15,1,1462461.85,1462461.85
11966,9,12,55,6,2023-02-15,1,2527371.11,2527371.11
11967,20,13,3,9,2024-02-08,1,2539159.14,2539159.14
11968,12,11,20,3,2022-11-28,1,3408193.03,3408193.03
11969,29,15,33,7,2024-06-24,1,510255.3,510255.3
11970,1,2,16,9,2023-06-27,1,1289798.49,1289798.49
11971,34,3,37,1,2022-09-30,1,4608943.89,4608943.89
11972,14,3,23,7,2025-04-14,1,1795393.29,1795393.29
11973,8,14,44,3,2025-10-14,2,822814.93,1645629.86
11974,20,3,2,6,2023-06-25,2,2242919.34,4485838.68
11975,6,2,26,1,2024-01-26,1,2429954.04,2429954.04
11976,27,2,37,1,2023-11-01,1,1588406.12,1588406.12
11977,1,1,54,5,2024-09-24,1,2521703.73,2521703.73
11978,12,15,34,6,2025-08-23,1,3014465.81,3014465.81
11979,21,2,40,9,2023-01-01,1,1555973.66,1555973.66
11980,13,3,39,7,2022-12-25,1,636288.02,636288.02
11981,28,3,23,6,2025-11-01,1,4573865.98,4573865.98
11982,28,5,13,12,2022-09-06,2,1649646.03,3299292.06
11983,5,6,55,6,2024-07-02,1,6181050.81,6181050.81
11984,33,2,25,6,2022-06-29,1,3351436.95,3351436.95
11985,25,13,42,4,2022-12-13,1,4056986.55,4056986.55
11986,19,5,26,6,2023-05-05,1,2150103.26,2150103.26
11987,33,1,20,7,2023-04-06,1,1777426.11,1777426.11
11988,43,15,43,10,2022-11-22,2,3751499.82,7502999.64
11989,37,8,25,6,2025-06-13,1,4777009.67,4777009.67
11990,11,7,55,8,2023-09-24,1,4220698.22,4220698.22
11991,14,2,41,9,2024-01-06,1,1540288.39,1540288.39
11992,7,8,53,10,2023-12-10,1,2925034.78,2925034.78
11993,28,4,29,8,2022-12-13,2,945706.38,1891412.76
11994,43,3,15,8,2022-12-30,1,2730851.28,2730851.28
11995,17,1,27,6,2024-08-27,1,467977.74,467977.74
11996,33,1,51,6,2023-07-28,1,3153911.95,3153911.95
11997,4,1,19,7,2023-01-19,1,1458805.14,1458805.14
11998,9,1,55,6,2025-12-12,1,2649068.4,2649068.4
11999,19,6,48,1,2023-03-29,1,1048548.98,1048548.98
12000,17,5,7,5,2022-06-17,1,604452.15,604452.15
12001,7,1,35,3,2023-09-21,1,5057813.82,5057813.82
12002,25,5,14,3,2023-10-21,1,3303647.46,3303647.46
12003,27,6,24,6,2024-02-05,1,1975014.87,1975014.87
12004,12,8,36,9,2025-05-13,1,1058796.21,1058796.21
12005,18,1,52,3,2023-09-06,1,3893666.77,3893666.77
12006,13,5,34,7,2022-02-12,1,827462.33,827462.33
12007,18,1,17,11,2025-12-02,1,2242158.81,2242158.81
12008,25,4,54,1,2023-03-12,1,2130059.24,2130059.24
12009,37,1,51,6,2024-06-01,2,5707283.71,11414567.42
12010,31,2,46,6,2023-11-02,1,3243210.72,3243210.72
12011,31,3,19,6,2023-11-10,1,3214210.11,3214210.11
12012,29,4,51,1,2024-05-30,1,732760.57,732760.57
12013,30,11,36,4,2024-07-21,1,2661387.4,2661387.4
12014,20,6,49,6,2022-08-11,1,1412264.98,1412264.98
12015,35,3,14,3,2022-07-20,1,3336836.06,3336836.06
12016,9,3,14,3,2025-08-05,1,2696162.48,2696162.48
12017,20,2,31,9,2023-09-01,1,3664779.63,3664779.63
12018,41,2,27,8,2022-01-17,1,4530328.3,4530328.3
12019,3,3,52,8,2025-12-09,1,749767.72,749767.72
12020,28,10,51,6,2023-09-01,1,4401229.6,4401229.6
12021,29,1,51,11,2024-09-24,1,468160.34,468160.34
12022,9,5,22,3,2023-08-09,1,2438318.21,2438318.21
12023,15,11,34,3,2022-10-20,1,2364280.72,2364280.72
12024,37,12,15,3,2023-03-21,1,6848290.94,6848290.94
12025,10,10,4,8,2022-02-10,1,2368699.42,2368699.42
12026,34,13,52,7,2025-10-14,1,4531828.94,4531828.94
12027,6,2,45,2,2025-10-02,1,2800661.54,2800661.54
12028,27,6,18,1,2023-04-28,2,3319768.7,6639537.4
12029,32,8,23,11,2023-06-24,1,4076466.82,4076466.82
12030,10,9,49,1,2025-11-08,1,3775211.93,3775211.93
12031,20,3,19,9,2024-03-16,1,3645158.46,3645158.46
12032,31,9,39,7,2025-04-26,1,1608942.69,1608942.69
12033,15,5,12,7,2025-04-29,1,3914197.4,3914197.4
12034,7,6,55,1,2022-05-26,1,4914876.27,4914876.27
12035,11,1,26,11,2022-10-13,1,3499289.38,3499289.38
12036,32,2,35,1,2025-10-19,1,2697539.51,2697539.51
12037,15,10,46,3,2022-04-10,1,1038887.37,1038887.37
12038,22,3,8,7,2024-07-04,1,1370594.16,1370594.16
12039,18,1,40,8,2022-04-02,1,3123907.19,3123907.19
12040,19,12,40,8,2025-08-13,1,2346495.34,2346495.34
12041,21,12,27,3,2024-12-20,1,1208591.24,1208591.24
12042,43,2,13,8,2022-08-15,1,2370847.29,2370847.29
12043,11,9,23,3,2023-12-28,1,3252895.9,3252895.9
12044,16,11,47,6,2022-09-24,1,461327.58,461327.58
12045,37,2,30,6,2024-01-09,1,5403844.23,5403844.23
12046,19,6,39,6,2023-03-28,1,1536577.25,1536577.25
12047,8,5,32,5,2022-05-29,1,850590.89,850590.89
12048,37,3,46,5,2023-06-07,1,3508922.99,3508922.99
12049,4,9,30,8,2022-10-02,1,1743815.55,1743815.55
12050,6,1,6,7,2023-04-19,1,2602324.79,2602324.79
12051,2,10,23,4,2022-04-01,3,4898571.06,14695713.18
12052,2,12,53,8,2024-05-29,1,2824580.66,2824580.66
12053,18,4,17,3,2023-07-16,1,4027247.45,4027247.45
12054,29,10,3,5,2025-07-28,2,717615.13,1435230.26
12055,31,3,35,1,2025-09-18,1,3690404.85,3690404.85
12056,26,12,18,3,2023-09-06,1,2075613.08,2075613.08
12057,26,6,23,6,2022-12-08,3,3759038.06,11277114.18
12058,12,1,28,2,2024-07-04,1,3981944.82,3981944.82
12059,20,6,38,8,2025-01-24,1,4358321.19,4358321.19
12060,33,15,26,5,2024-03-22,1,1952033.03,1952033.03
12061,6,3,12,9,2022-02-25,1,2534260.72,2534260.72
12062,24,12,21,6,2025-11-09,1,3596564.63,3596564.63
12063,41,1,6,11,2022-01-29,1,3511628.33,3511628.33
12064,35,13,43,6,2022-02-25,1,4024977.41,4024977.41
12065,16,1,31,9,2023-08-31,1,457665.89,457665.89
12066,7,10,21,3,2023-07-01,2,1952398.51,3904797.02
12067,26,11,34,6,2023-11-05,1,1042602.03,1042602.03
12068,40,4,25,2,2022-01-21,1,3908020.17,3908020.17
12069,9,7,20,8,2023-12-07,1,2469640.62,2469640.62
12070,7,12,39,8,2022-01-07,1,4676155.15,4676155.15
12071,37,1,48,6,2025-09-30,2,2383067.93,4766135.86
12072,16,4,12,10,2025-01-20,1,729307.63,729307.63
12073,21,15,16,8,2023-08-29,1,936869.13,936869.13
12074,18,1,40,6,2024-09-06,1,1292691.4,1292691.4
12075,14,2,25,6,2024-02-20,1,1273463.09,1273463.09
12076,17,8,13,8,2023-11-16,1,647603.81,647603.81
12077,39,1,5,4,2025-12-25,1,1455806.36,1455806.36
12078,1,9,35,8,2024-02-21,1,2861090.77,2861090.77
12079,39,3,5,8,2023-05-01,2,2221760.1,4443520.2
12080,14,12,27,6,2024-12-01,1,1578264.73,1578264.73
12081,26,2,32,4,2025-02-17,1,2797547.94,2797547.94
12082,32,3,20,3,2024-03-19,1,3652614.65,3652614.65
12083,33,5,6,8,2025-12-01,1,1452100.45,1452100.45
12084,15,1,20,8,2023-09-14,2,1033741.95,2067483.9
12085,8,1,41,6,2022-08-19,1,699406.13,699406.13
12086,22,2,53,1,2025-05-23,1,862056.63,862056.63
12087,41,6,51,7,2022-11-21,1,5269948.95,5269948.95
12088,1,13,50,8,2022-02-13,1,4461731.33,4461731.33
12089,6,2,34,3,2024-04-18,3,1171716.22,3515148.66
12090,25,2,55,11,2023-08-21,1,3624062.23,3624062.23
12091,20,6,45,8,2023-05-17,1,4204014.03,4204014.03
12092,37,2,42,7,2023-01-18,1,1421480.33,1421480.33
12093,33,11,37,5,2023-04-27,1,1579215.19,1579215.19
12094,39,1,51,9,2025-04-08,1,4761677.62,4761677.62
12095,27,5,46,7,2025-04-18,1,3785172.84,3785172.84
12096,7,2,54,3,2025-07-26,1,5780864.03,5780864.03
12097,34,3,55,6,2024-04-06,1,3388658.67,3388658.67
12098,25,4,45,6,2025-01-13,1,1158392.79,1158392.79
12099,9,14,26,1,2024-04-09,1,1220475.98,1220475.98
12100,34,3,19,7,2022-12-16,1,2184070.24,2184070.24
12101,25,5,7,5,2025-04-15,1,2911428.98,2911428.98
12102,11,14,7,4,2022-04-05,1,3458082.6,3458082.6
12103,41,4,46,12,2024-09-07,1,3001164.05,3001164.05
12104,5,3,28,8,2024-09-09,1,6596999.57,6596999.57
12105,39,4,24,8,2024-10-26,1,4404375.88,4404375.88
12106,34,1,3,1,2025-04-27,1,1019207.99,1019207.99
12107,31,1,26,6,2022-08-03,1,1619922.61,1619922.61
12108,37,3,22,3,2025-09-21,1,6785081.77,6785081.77
12109,26,7,44,7,2022-11-24,2,3477254.54,6954509.08
12110,11,15,28,12,2025-01-14,1,4688762.86,4688762.86
12111,27,3,50,4,2025-01-08,3,3592051.34,10776154.02
12112,16,10,53,7,2022-08-29,1,518248.39,518248.39
12113,14,1,34,7,2023-08-26,1,1823753.33,1823753.33
12114,10,7,45,11,2025-02-10,1,3138040.73,3138040.73
12115,2,2,45,3,2022-01-22,1,4407804.94,4407804.94
12116,9,2,6,1,2024-06-06,1,1137449.7,1137449.7
12117,26,10,18,4,2023-08-19,3,857464.18,2572392.54
12118,7,14,14,8,2024-11-24,3,4534994.67,13604984.01
12119,6,2,31,12,2023-04-04,1,2378176.94,2378176.94
12120,27,1,47,8,2022-12-16,1,1312808.45,1312808.45
12121,4,11,2,6,2025-11-04,1,761657.44,761657.44
12122,27,4,46,12,2022-12-23,1,1358178.21,1358178.21
12123,9,3,17,7,2023-02-08,2,2034605.49,4069210.98
12124,37,14,47,3,2025-10-09,1,4413419.58,4413419.58
12125,8,2,16,2,2022-03-18,1,716869.35,716869.35
12126,17,11,39,3,2024-07-26,1,434146.37,434146.37
12127,7,2,11,2,2023-08-17,1,2135948.72,2135948.72
12128,16,4,36,7,2025-11-10,1,436725.82,436725.82
12129,41,2,19,4,2022-04-24,1,1843869.16,1843869.16
12130,25,1,20,10,2022-06-04,2,1861266.92,3722533.84
12131,8,3,31,1,2023-11-09,1,552518.58,552518.58
12132,9,5,22,1,2025-04-04,1,1592026.32,1592026.32
12133,25,6,31,9,2025-07-15,1,4010936.2,4010936.2
12134,22,2,21,11,2024-12-11,2,1557367.67,3114735.34
12135,11,2,52,7,2024-05-14,1,2959553.32,2959553.32
12136,6,2,24,1,2024-12-10,1,1334220.39,1334220.39
12137,28,4,50,6,2024-07-07,1,1934803.06,1934803.06
12138,13,3,40,11,2025-01-17,1,468566.85,468566.85
12139,1,6,14,3,2024-06-16,2,1138585.79,2277171.58
12140,26,10,35,5,2025-11-17,1,2789883.84,2789883.84
12141,14,6,47,4,2023-10-01,1,1172984.56,1172984.56
12142,23,13,2,6,2025-05-03,2,2687428.66,5374857.32
12143,27,3,55,5,2025-08-29,1,4723807.69,4723807.69
12144,2,5,49,3,2022-05-09,1,3819208.2,3819208.2
12145,43,11,19,1,2024-07-13,1,1518347.62,1518347.62
12146,26,5,39,6,2023-06-07,2,2027624.84,4055249.68
12147,43,12,11,6,2023-05-02,1,3167642.03,3167642.03
12148,16,1,15,11,2024-06-21,1,545611.73,545611.73
12149,41,11,5,3,2024-09-12,1,1483185.63,1483185.63
12150,19,2,4,1,2025-02-21,1,859381.38,859381.38
12151,7,4,37,8,2023-01-27,1,1967795.33,1967795.33
12152,7,8,41,8,2023-11-03,2,4459238.63,8918477.26
12153,39,9,25,7,2025-09-10,1,2979721.26,2979721.26
12154,11,2,55,4,2023-02-21,1,1237706.66,1237706.66
12155,23,1,13,6,2022-07-12,1,1345058.08,1345058.08
12156,31,8,38,12,2025-10-17,1,1410430.8,1410430.8
12157,11,4,41,3,2022-01-11,1,2707052.47,2707052.47
12158,2,1,34,11,2022-12-16,1,4972285.01,4972285.01
12159,30,4,19,10,2025-01-20,1,2443265.02,2443265.02
12160,15,3,28,6,2022-05-26,1,1751834.07,1751834.07
12161,19,4,24,3,2022-08-05,1,1354525.43,1354525.43
12162,31,15,51,7,2023-06-15,1,2117128.55,2117128.55
12163,28,2,15,8,2022-07-31,1,2641429.98,2641429.98
12164,2,2,3,7,2023-08-17,1,1207181.34,1207181.34
12165,4,6,3,5,2023-01-16,1,1362677.78,1362677.78
12166,6,8,50,11,2024-09-04,1,1793593.45,1793593.45
12167,25,3,31,7,2023-05-11,2,4183804.2,8367608.4
12168,20,3,50,6,2025-08-06,2,2714168.36,5428336.72
12169,20,6,36,7,2023-02-16,1,4296437.59,4296437.59
12170,6,1,30,6,2025-04-03,1,1425520.61,1425520.61
12171,35,13,52,8,2025-12-07,1,3683285.1,3683285.1
12172,19,1,34,12,2024-07-19,1,1354327.46,1354327.46
12173,28,9,28,7,2022-05-24,1,1189986.98,1189986.98
12174,8,2,48,9,2025-03-10,2,754617.18,1509234.36
12175,8,10,24,5,2022-09-19,1,586220.78,586220.78
12176,2,5,54,4,2022-07-16,2,3695865.85,7391731.7
12177,10,5,43,7,2024-12-12,1,2172271.3,2172271.3
12178,31,7,43,1,2024-08-21,2,4744154.9,9488309.8
12179,4,6,26,8,2022-08-02,1,1244690.35,1244690.35
12180,10,11,22,7,2023-07-25,1,3537546.77,3537546.77
12181,15,6,11,12,2024-06-05,1,2588840.37,2588840.37
12182,23,8,27,1,2025-01-31,2,4363644.53,8727289.06
12183,34,8,21,8,2022-06-08,1,3837017.8,3837017.8
12184,28,1,15,4,2024-07-26,2,3926581.25,7853162.5
12185,28,6,11,3,2024-11-27,1,1932984.49,1932984.49
12186,34,14,9,6,2025-05-13,1,1215828.17,1215828.17
12187,23,2,42,1,2022-04-13,1,3149819.67,3149819.67
12188,22,8,3,9,2023-03-15,2,1643562.57,3287125.14
12189,38,5,35,3,2024-09-15,1,2559921.15,2559921.15
12190,31,5,19,5,2024-07-12,1,3646721.82,3646721.82
12191,32,2,50,5,2023-05-14,1,1254804.8,1254804.8
12192,11,2,48,8,2024-06-06,1,2761334.44,2761334.44
12193,24,1,26,10,2025-05-26,1,4630335.52,4630335.52
12194,38,2,52,5,2025-07-20,1,2470498.6,2470498.6
12195,27,9,1,3,2022-01-10,1,4349582.24,4349582.24
12196,1,10,38,5,2022-08-21,1,2772661.21,2772661.21
12197,39,9,34,1,2025-08-14,1,2857136.07,2857136.07
12198,34,3,44,3,2024-10-30,1,1318079.44,1318079.44
12199,27,4,35,6,2022-06-13,1,896221.72,896221.72
12200,43,6,44,7,2023-04-23,1,2285774.82,2285774.82
12201,11,2,23,3,2024-10-06,1,2732324.19,2732324.19
12202,28,11,49,5,2024-05-06,1,4321093.96,4321093.96
12203,22,2,34,3,2025-06-24,1,1512511.32,1512511.32
12204,43,3,34,6,2022-07-21,1,4766049.95,4766049.95
12205,42,13,1,9,2025-04-03,1,1902873.85,1902873.85
12206,15,5,43,1,2023-03-11,2,3558765.94,7117531.88
12207,26,5,6,3,2023-06-01,1,1451102.65,1451102.65
12208,13,10,54,5,2025-11-11,1,699065.57,699065.57
12209,20,2,8,9,2025-08-01,1,1660067.96,1660067.96
12210,26,5,49,7,2024-04-07,1,3922424.21,3922424.21
12211,1,3,49,1,2025-10-04,1,841416.84,841416.84
12212,6,11,8,3,2022-11-03,1,3103698.73,3103698.73
12213,27,1,40,12,2022-04-12,1,1708383.15,1708383.15
12214,27,5,9,10,2023-07-07,1,3947475.96,3947475.96
12215,28,6,34,10,2022-03-28,1,3214994.56,3214994.56
12216,4,10,13,1,2022-07-31,1,731553.83,731553.83
12217,8,2,11,9,2024-08-09,1,776343.54,776343.54
12218,29,14,49,6,2022-05-31,1,426042.01,426042.01
12219,10,1,55,1,2023-06-13,1,2437442.46,2437442.46
12220,17,9,12,9,2023-04-23,1,580680.9,580680.9
12221,30,11,53,7,2022-03-26,1,945930.69,945930.69
12222,24,10,41,9,2022-09-10,1,3994032.17,3994032.17
12223,8,2,36,8,2023-09-15,1,684979.49,684979.49
12224,38,3,38,8,2024-01-15,1,4936693.62,4936693.62
12225,32,5,38,7,2022-08-11,1,2024736.17,2024736.17
12226,12,12,51,11,2022-07-12,1,2807607.07,2807607.07
12227,16,12,12,5,2023-07-04,1,656501.6,656501.6
12228,20,1,29,7,2022-12-02,1,1357728.81,1357728.81
12229,12,4,32,8,2024-07-02,1,1740909.76,1740909.76
12230,18,12,15,12,2023-02-16,1,1376276.83,1376276.83
12231,29,4,51,3,2024-06-01,1,559951.52,559951.52
12232,25,3,49,4,2024-05-07,1,2188689.41,2188689.41
12233,8,6,34,11,2022-07-20,3,592982.31,1778946.93
12234,15,10,18,1,2023-03-30,1,1799510.77,1799510.77
12235,41,2,14,3,2024-05-14,1,4184293.67,4184293.67
12236,14,5,25,12,2023-03-01,1,1725837.95,1725837.95
12237,1,4,54,7,2024-03-05,1,2999717.04,2999717.04
12238,22,1,11,7,2023-01-04,1,855318.89,855318.89
12239,12,8,52,5,2025-03-16,1,1338047.05,1338047.05
12240,34,12,15,7,2023-01-10,1,2740491.2,2740491.2
12241,27,10,16,8,2024-06-28,1,1298029.35,1298029.35
12242,33,4,53,6,2022-05-23,1,1815776.64,1815776.64
12243,35,7,20,4,2025-02-07,1,2385125.24,2385125.24
12244,3,12,28,3,2025-06-03,1,751886.47,751886.47
12245,9,3,8,7,2022-09-16,1,1433162.55,1433162.55
12246,39,1,12,6,2024-01-16,1,2552726.21,2552726.21
12247,27,6,44,1,2024-07-15,1,4194202.62,4194202.62
12248,24,6,41,8,2023-04-05,1,4707974.48,4707974.48
12249,31,2,44,8,2025-01-15,1,4085852.44,4085852.44
12250,12,3,33,7,2024-09-18,1,3848119.28,3848119.28
12251,38,5,15,5,2022-11-25,1,3672329.71,3672329.71
12252,24,5,9,1,2025-10-17,2,1626807.7,3253615.4
12253,31,1,22,6,2022-01-22,2,1237700.35,2475400.7
12254,27,6,14,3,2023-07-05,1,1228844.59,1228844.59
12255,43,9,17,6,2022-02-26,1,2300924.36,2300924.36
12256,25,13,18,8,2022-11-01,1,3450636.37,3450636.37
12257,28,12,32,6,2024-04-15,1,3197313.23,3197313.23
12258,30,11,37,3,2022-06-02,2,1144262.53,2288525.06
12259,6,5,41,10,2025-06-07,1,3066311.59,3066311.59
12260,42,15,39,9,2024-11-10,3,1798789.55,5396368.65
12261,34,15,46,3,2024-09-30,1,2002159.94,2002159.94
12262,41,4,50,3,2025-08-01,1,1708403.76,1708403.76
12263,11,4,8,8,2023-08-02,1,961566.52,961566.52
12264,28,8,13,3,2023-11-01,1,1255487.81,1255487.81
12265,31,9,36,10,2023-11-03,1,1664327.41,1664327.41
12266,27,5,6,1,2024-10-25,2,2116350.89,4232701.78
12267,7,4,31,1,2024-07-25,1,5435944.23,5435944.23
12268,20,11,14,2,2024-12-29,2,1313057.59,2626115.18
12269,6,3,40,4,2024-09-29,1,1494995.09,1494995.09
12270,36,6,37,8,2022-05-23,2,2860796.5,5721593.0
12271,34,12,19,3,2025-03-17,1,1535885.7,1535885.7
12272,21,6,42,4,2025-07-06,1,1881764.91,1881764.91
12273,9,4,13,5,2022-10-29,2,1480763.68,2961527.36
12274,18,5,22,11,2022-05-29,1,2640047.36,2640047.36
12275,39,5,28,3,2024-04-15,1,4472016.14,4472016.14
12276,17,4,18,8,2023-12-11,1,701923.26,701923.26
12277,9,11,13,8,2022-06-23,1,1481814.86,1481814.86
12278,31,5,1,6,2024-03-17,1,2507275.72,2507275.72
12279,27,14,11,6,2023-06-29,1,4249526.85,4249526.85
12280,12,1,34,3,2022-07-06,1,2626739.95,2626739.95
12281,30,10,3,12,2022-05-18,1,2844466.45,2844466.45
12282,12,2,24,6,2022-01-27,2,1759611.32,3519222.64
12283,1,2,15,8,2022-04-10,2,3153923.86,6307847.72
12284,2,8,46,6,2022-10-20,1,1199266.01,1199266.01
12285,28,14,35,4,2024-03-19,1,4075107.62,4075107.62
12286,26,7,41,9,2024-02-14,1,2482556.91,2482556.91
12287,9,1,12,6,2025-10-15,1,1176787.1,1176787.1
12288,16,1,5,9,2023-08-11,1,432726.51,432726.51
12289,41,8,18,3,2024-06-06,1,4784449.7,4784449.7
12290,18,2,12,5,2023-05-23,1,3552730.42,3552730.42
12291,26,8,2,9,2024-08-11,1,3850322.83,3850322.83
12292,9,7,7,6,2025-12-14,2,1453980.09,2907960.18
12293,1,2,51,7,2022-10-06,3,1039604.73,3118814.19
12294,23,1,19,8,2023-12-19,1,2921517.12,2921517.12
12295,18,5,41,11,2025-12-23,1,1653310.65,1653310.65
12296,19,1,3,9,2022-09-01,1,975911.78,975911.78
12297,22,3,47,8,2022-06-28,2,1674266.03,3348532.06
12298,15,2,55,4,2024-10-16,1,2076557.34,2076557.34
12299,17,2,44,7,2024-02-12,1,427699.82,427699.82
12300,20,13,12,9,2024-04-03,1,4046211.41,4046211.41
12301,8,10,5,10,2025-05-25,1,629498.43,629498.43
12302,37,12,27,7,2024-10-01,1,2362040.2,2362040.2
12303,3,2,5,8,2025-04-27,1,502884.54,502884.54
12304,17,2,23,8,2023-03-12,1,465293.13,465293.13
12305,28,4,25,3,2023-03-01,1,3875288.43,3875288.43
12306,13,10,28,5,2022-01-01,2,724237.02,1448474.04
12307,17,2,23,9,2024-08-01,1,558278.73,558278.73
12308,10,4,13,8,2024-11-03,1,2331568.16,2331568.16
12309,25,3,41,4,2024-01-07,2,3960234.29,7920468.58
12310,31,3,16,6,2024-03-03,3,1563127.26,4689381.78
12311,27,1,36,8,2023-10-07,1,4020079.83,4020079.83
12312,26,12,46,9,2022-11-01,1,2670306.63,2670306.63
12313,9,6,15,4,2025-06-16,1,1105222.08,1105222.08
12314,24,12,11,3,2024-05-22,1,2659166.8,2659166.8
12315,12,7,17,4,2022-11-07,1,2349914.16,2349914.16
12316,29,3,33,8,2025-12-06,2,693190.52,1386381.04
12317,19,9,39,6,2025-08-22,1,2084811.64,2084811.64
12318,15,12,15,1,2024-01-02,1,4528621.9,4528621.9
12319,27,14,28,5,2024-01-25,2,1771984.31,3543968.62
12320,34,10,55,4,2024-04-25,1,3849043.9,3849043.9
12321,9,5,10,7,2023-11-07,1,2361160.59,2361160.59
12322,3,4,53,6,2022-01-20,1,478828.16,478828.16
12323,14,5,6,7,2024-03-19,1,1785383.74,1785383.74
12324,35,13,39,1,2024-04-14,1,2538024.06,2538024.06
12325,14,2,33,6,2024-08-16,2,888161.57,1776323.14
12326,32,10,35,4,2024-03-27,2,1987684.74,3975369.48
12327,42,2,54,10,2025-10-21,1,1724005.01,1724005.01
12328,39,6,42,4,2025-10-06,1,3496189.63,3496189.63
12329,7,3,18,3,2024-04-06,1,1265451.68,1265451.68
12330,16,5,52,9,2022-04-08,1,699904.65,699904.65
12331,28,1,34,12,2024-11-13,1,2549392.76,2549392.76
12332,14,7,54,8,2023-01-06,1,1309101.43,1309101.43
12333,15,2,49,1,2024-01-18,1,2574058.29,2574058.29
12334,38,14,32,1,2024-09-30,1,4559903.33,4559903.33
12335,34,13,11,3,2025-01-14,1,2100481.67,2100481.67
12336,21,5,37,3,2022-04-07,2,1718369.31,3436738.62
12337,20,9,44,6,2022-09-20,1,1685621.45,1685621.45
12338,37,4,38,3,2023-09-19,1,5981225.05,5981225.05
12339,25,4,30,8,2022-03-19,1,3389353.36,3389353.36
12340,26,1,3,1,2025-04-29,2,2092161.88,4184323.76
12341,18,9,25,4,2024-04-18,1,824622.3,824622.3
12342,30,2,24,6,2024-08-28,1,1604808.5,1604808.5
12343,35,14,6,1,2023-11-24,1,3762149.62,3762149.62
12344,19,3,38,12,2025-07-27,1,2119696.74,2119696.74
12345,24,2,23,6,2024-05-30,1,3835625.13,3835625.13
12346,15,11,18,6,2024-11-08,1,3166079.11,3166079.11
12347,16,1,34,5,2025-02-21,1,697575.03,697575.03
12348,13,4,10,7,2024-02-14,2,497238.79,994477.58
12349,31,11,8,9,2025-03-09,1,4002704.82,4002704.82
12350,10,13,44,4,2022-10-06,2,3018048.7,6036097.4
12351,15,10,10,6,2024-05-29,1,1509796.56,1509796.56
12352,30,6,11,6,2025-09-07,1,3388885.52,3388885.52
12353,7,11,54,6,2025-08-28,3,5484069.76,16452209.28
12354,15,1,47,6,2022-03-12,1,3103094.78,3103094.78
12355,40,3,14,2,2024-03-19,1,1785287.81,1785287.81
12356,25,12,31,7,2025-04-06,1,1240771.75,1240771.75
12357,11,12,28,11,2022-04-27,1,1800725.0,1800725.0
12358,23,15,14,9,2022-04-24,1,2942874.54,2942874.54
12359,29,2,19,1,2022-11-25,1,764970.0,764970.0
12360,33,4,10,5,2022-05-18,1,2315390.63,2315390.63
12361,21,4,53,11,2024-10-06,1,1644897.58,1644897.58
12362,10,4,24,7,2022-11-14,1,2162779.32,2162779.32
12363,34,4,14,3,2022-01-15,2,4638256.96,9276513.92
12364,28,12,12,6,2023-07-16,1,3860399.08,3860399.08
12365,41,5,10,7,2023-07-07,1,5313794.68,5313794.68
12366,33,14,27,1,2024-03-09,1,4026384.62,4026384.62
12367,2,5,39,6,2025-01-20,1,4731247.57,4731247.57
12368,40,1,41,10,2025-06-03,1,4920150.95,4920150.95
12369,41,1,20,7,2022-04-14,1,3232950.19,3232950.19
12370,37,8,29,8,2022-05-03,1,1474647.44,1474647.44
12371,33,8,5,9,2025-01-20,1,1205779.08,1205779.08
12372,7,7,1,7,2022-07-21,1,5927797.28,5927797.28
12373,24,6,44,11,2023-10-19,1,3259855.43,3259855.43
12374,14,15,32,6,2024-09-24,1,946602.08,946602.08
12375,11,15,36,10,2025-07-16,1,4452659.61,4452659.61
12376,27,1,6,5,2022-02-18,1,3227998.96,3227998.96
12377,26,5,48,10,2025-11-03,1,2629676.42,2629676.42
12378,12,5,22,5,2023-02-02,1,3772829.92,3772829.92
12379,13,5,43,1,2025-12-23,1,803980.76,803980.76
12380,12,5,55,7,2022-09-29,1,1285053.72,1285053.72
12381,18,6,17,7,2023-04-13,1,1421840.91,1421840.91
12382,33,2,44,6,2025-12-02,1,2224462.39,2224462.39
12383,27,13,46,8,2024-10-11,1,2790418.52,2790418.52
12384,20,12,17,7,2025-11-10,1,5023334.88,5023334.88
12385,28,11,3,9,2024-07-10,1,1321584.7,1321584.7
12386,31,2,24,7,2022-03-20,1,3781599.89,3781599.89
12387,36,1,54,3,2024-10-19,1,2459160.77,2459160.77
12388,36,2,31,7,2025-08-06,3,1352201.88,4056605.64
12389,6,6,44,4,2024-10-03,1,3220582.92,3220582.92
12390,6,1,32,7,2022-09-19,1,1247068.65,1247068.65
12391,42,5,18,6,2025-11-08,1,1763297.26,1763297.26
12392,38,6,15,8,2022-04-10,1,2429488.86,2429488.86
12393,24,2,1,12,2024-08-25,1,3401247.45,3401247.45
12394,25,2,5,7,2025-01-07,1,2222960.93,2222960.93
12395,31,14,15,3,2025-03-22,1,3155932.8,3155932.8
12396,8,1,13,8,2025-01-09,1,699186.12,699186.12
12397,29,2,42,8,2024-01-23,1,688208.09,688208.09
12398,27,3,25,1,2024-03-03,1,2277335.06,2277335.06
12399,31,2,6,6,2023-07-06,1,2970855.22,2970855.22
12400,14,5,10,8,2024-06-05,1,814036.92,814036.92
12401,19,2,35,3,2025-02-18,1,2354512.56,2354512.56
12402,35,3,39,4,2022-11-22,1,3278047.14,3278047.14
12403,25,10,44,3,2022-05-20,1,1156383.92,1156383.92
12404,11,2,48,3,2024-02-27,1,1744950.47,1744950.47
12405,6,3,28,10,2022-08-28,1,1358995.32,1358995.32
12406,29,12,11,4,2022-04-20,1,720593.38,720593.38
12407,7,3,52,6,2024-03-09,1,3758425.77,3758425.77
12408,27,11,31,8,2025-10-28,1,2791798.16,2791798.16
12409,18,4,15,1,2025-07-06,1,1045976.28,1045976.28
12410,13,4,25,6,2025-06-29,1,867881.79,867881.79
12411,12,4,16,11,2025-07-31,1,4379680.11,4379680.11
12412,7,1,24,1,2023-02-11,1,5826173.44,5826173.44
12413,12,8,11,4,2024-03-02,2,4513264.27,9026528.54
12414,35,12,16,12,2025-07-02,1,3617826.73,3617826.73
12415,33,2,12,4,2023-02-21,1,2221356.66,2221356.66
12416,26,11,45,10,2025-08-27,1,2964463.15,2964463.15
12417,11,5,2,1,2024-05-16,1,1577060.91,1577060.91
12418,2,1,15,6,2023-06-17,1,1746056.99,1746056.99
12419,25,2,17,2,2024-12-12,1,4157788.5,4157788.5
12420,28,10,4,7,2022-08-04,1,2983337.52,2983337.52
12421,37,2,37,2,2024-01-11,1,4278580.7,4278580.7
12422,16,2,25,6,2025-12-16,1,444321.24,444321.24
12423,23,2,40,5,2024-03-25,1,3195868.11,3195868.11
12424,24,5,13,3,2024-08-05,1,1875799.41,1875799.41
12425,28,1,24,8,2022-08-05,3,4017060.18,12051180.54
12426,39,2,51,3,2025-06-10,1,1944130.58,1944130.58
12427,27,3,30,7,2023-02-27,1,3391729.46,3391729.46
12428,38,3,45,6,2023-02-26,1,1324028.02,1324028.02
12429,38,4,6,3,2025-06-04,1,1680089.01,1680089.01
12430,33,3,20,4,2024-01-11,2,903914.95,1807829.9
12431,1,6,53,5,2023-05-24,1,1111195.46,1111195.46
12432,23,14,13,11,2025-01-27,1,2774945.53,2774945.53
12433,11,12,15,5,2024-11-06,2,1184066.67,2368133.34
12434,37,10,31,2,2023-02-13,1,5702408.58,5702408.58
12435,9,7,11,4,2023-03-11,2,1996953.26,3993906.52
12436,26,15,2,6,2025-05-17,1,3921997.25,3921997.25
12437,34,3,11,11,2022-02-19,2,1962485.83,3924971.66
12438,27,9,25,4,2024-11-06,1,2977089.65,2977089.65
12439,6,4,52,9,2022-10-17,1,3426793.14,3426793.14
12440,15,12,35,5,2023-11-17,1,3680320.68,3680320.68
12441,9,11,8,10,2025-08-21,1,1805877.81,1805877.81
12442,32,5,45,8,2024-12-05,1,2956551.13,2956551.13
12443,19,15,24,4,2024-11-06,1,1050576.44,1050576.44
12444,4,2,36,3,2022-06-29,1,1445385.35,1445385.35
12445,28,4,13,1,2023-10-04,1,4613270.1,4613270.1
12446,27,1,16,6,2022-06-25,1,2013436.25,2013436.25
12447,20,2,39,6,2023-09-11,1,2028548.86,2028548.86
12448,8,5,9,9,2025-09-22,1,623702.39,623702.39
12449,12,4,49,3,2022-09-16,1,4479308.56,4479308.56
12450,2,5,25,7,2024-07-06,1,1907002.02,1907002.02
12451,9,9,53,5,2025-04-27,3,1599852.95,4799558.85
12452,9,9,23,9,2024-03-20,1,1944261.9,1944261.9
12453,7,4,54,5,2022-08-19,1,3302072.85,3302072.85
12454,18,6,28,3,2023-05-03,1,1993754.88,1993754.88
12455,13,9,1,3,2023-05-30,1,696774.1,696774.1
12456,32,3,49,6,2022-02-12,1,3520340.53,3520340.53
12457,33,1,37,6,2022-07-05,1,3219430.75,3219430.75
12458,12,5,2,3,2025-07-11,1,1687677.82,1687677.82
12459,36,13,31,3,2024-04-27,2,1488991.94,2977983.88
12460,10,11,12,1,2024-06-11,1,4243782.41,4243782.41
12461,16,1,28,7,2023-11-07,1,438815.85,438815.85
12462,9,10,29,8,2025-02-10,1,1889969.28,1889969.28
12463,36,10,19,3,2022-09-07,1,2566132.52,2566132.52
12464,17,11,41,3,2024-12-31,1,522606.28,522606.28
12465,32,2,29,6,2025-10-06,1,3918996.54,3918996.54
12466,26,13,11,6,2025-11-15,1,2055839.87,2055839.87
12467,31,3,49,2,2022-01-11,1,4514245.34,4514245.34
12468,8,5,39,4,2024-01-01,1,664304.59,664304.59
12469,7,15,25,9,2023-02-05,1,4955411.17,4955411.17
12470,32,2,19,1,2022-01-14,1,3595823.84,3595823.84
12471,37,5,2,1,2023-07-07,1,6414822.68,6414822.68
12472,29,2,14,7,2025-10-18,1,627842.01,627842.01
12473,29,15,33,5,2022-09-14,1,430030.96,430030.96
12474,8,13,44,8,2025-05-31,1,582456.58,582456.58
12475,6,15,19,2,2023-09-15,1,3141197.09,3141197.09
12476,16,4,42,3,2022-10-31,2,693517.08,1387034.16
12477,15,6,12,5,2023-08-08,1,1945303.81,1945303.81
12478,4,7,29,4,2022-01-08,1,1253389.9,1253389.9
12479,19,8,26,3,2024-12-21,1,1116721.3,1116721.3
12480,42,4,15,7,2025-07-04,1,1094941.2,1094941.2
12481,4,6,26,3,2025-04-26,1,1324171.57,1324171.57
12482,1,4,43,8,2023-05-04,1,1658857.19,1658857.19
12483,17,6,51,5,2023-01-12,1,675227.94,675227.94
12484,33,2,29,1,2023-04-06,1,1787354.67,1787354.67
12485,7,13,46,3,2023-04-16,2,4577443.85,9154887.7
12486,15,1,1,6,2023-09-05,1,1788932.9,1788932.9
12487,41,3,6,1,2024-05-02,1,2112867.96,2112867.96
12488,28,3,7,3,2025-05-22,1,1790378.65,1790378.65
12489,26,1,39,4,2025-05-24,1,2183937.9,2183937.9
12490,9,7,22,11,2024-02-09,1,1973846.48,1973846.48
12491,9,6,50,7,2024-01-18,1,2001412.46,2001412.46
12492,17,4,35,1,2023-10-20,1,752202.6,752202.6
12493,27,4,41,11,2024-09-16,2,975931.95,1951863.9
12494,21,2,48,3,2023-07-29,2,1590392.75,3180785.5
12495,30,2,22,8,2025-02-19,1,3522737.01,3522737.01
12496,31,9,16,12,2025-12-10,1,2078372.59,2078372.59
12497,20,13,9,7,2025-08-20,3,4614920.41,13844761.23
12498,32,6,33,7,2025-07-23,1,1429533.09,1429533.09
12499,31,5,44,7,2022-06-13,2,2155747.81,4311495.62
12500,27,11,49,6,2023-01-18,2,3082209.12,6164418.24
12501,28,3,35,3,2024-09-08,1,2715926.69,2715926.69
12502,20,3,26,6,2025-05-26,1,1408640.89,1408640.89
12503,12,15,46,7,2023-03-08,1,4216017.5,4216017.5
12504,26,11,11,7,2023-04-15,2,1341970.54,2683941.08
12505,7,2,39,7,2024-02-18,2,1099845.51,2199691.02
12506,29,5,11,6,2025-01-26,1,771562.54,771562.54
12507,24,12,48,8,2023-07-15,1,1388311.5,1388311.5
12508,6,2,54,11,2022-11-19,1,2562130.2,2562130.2
12509,28,5,9,2,2022-11-19,1,1946167.43,1946167.43
12510,14,1,46,1,2025-11-23,1,972059.41,972059.41
12511,31,1,2,6,2024-03-23,1,3064245.32,3064245.32
12512,31,6,4,2,2023-05-18,1,1128665.63,1128665.63
12513,23,3,5,7,2024-04-21,1,3897540.28,3897540.28
12514,31,3,36,1,2025-11-01,1,4138505.5,4138505.5
12515,2,6,46,6,2023-05-06,1,4486227.75,4486227.75
12516,20,3,24,7,2023-12-02,1,4102117.87,4102117.87
12517,35,7,14,11,2022-03-08,1,3037653.42,3037653.42
12518,25,9,20,9,2025-01-16,1,1023316.32,1023316.32
12519,28,4,24,4,2022-10-29,1,884370.41,884370.41
12520,4,7,36,7,2025-04-14,1,1179007.86,1179007.86
12521,12,2,30,3,2023-11-03,1,1168682.92,1168682.92
12522,42,2,12,9,2025-09-15,1,1123458.66,1123458.66
12523,40,2,1,6,2023-09-15,1,3678502.05,3678502.05
12524,23,11,32,8,2025-03-18,2,2981695.22,5963390.44
12525,25,9,33,1,2023-01-10,1,2955169.2,2955169.2
12526,15,4,39,6,2024-06-17,1,2002477.09,2002477.09
12527,36,3,21,5,2024-09-12,2,2715374.21,5430748.42
12528,31,12,2,6,2025-06-21,1,3399404.25,3399404.25
12529,16,3,54,1,2024-06-03,1,501963.42,501963.42
12530,16,6,8,9,2022-07-12,1,640141.05,640141.05
12531,23,9,2,1,2024-12-27,1,3992690.87,3992690.87
12532,30,4,32,8,2025-08-10,1,2203867.84,2203867.84
12533,30,1,31,10,2023-04-10,1,2831795.79,2831795.79
12534,37,1,43,3,2025-02-23,1,4087782.08,4087782.08
12535,5,2,60,1,2024-09-01,1,9050486.85,9050486.85
12536,20,2,42,3,2024-05-09,1,2662157.12,2662157.12
12537,14,3,40,8,2024-05-25,1,1352930.23,1352930.23
12538,20,6,18,6,2022-11-01,1,4864309.87,4864309.87
12539,27,1,8,10,2025-11-14,1,1396614.12,1396614.12
12540,9,13,1,8,2025-11-14,1,2312984.74,2312984.74
12541,34,1,43,7,2025-06-13,1,2964640.88,2964640.88
12542,40,2,37,6,2025-06-14,1,6304723.57,6304723.57
12543,29,2,51,6,2022-05-21,1,534847.56,534847.56
12544,38,2,20,6,2023-08-30,1,4230517.15,4230517.15
12545,4,11,11,3,2023-01-16,1,759492.45,759492.45
12546,33,2,52,12,2023-01-12,1,2254510.92,2254510.92
12547,26,3,21,1,2025-02-14,1,2770630.78,2770630.78
12548,12,11,48,10,2024-04-09,1,3949925.39,3949925.39
12549,16,1,7,4,2022-05-05,2,427888.69,855777.38
12550,1,12,25,7,2025-07-23,1,1388868.11,1388868.11
12551,21,2,9,6,2023-12-06,1,1611056.89,1611056.89
12552,11,2,8,3,2022-08-01,1,4438028.37,4438028.37
12553,11,13,43,3,2023-09-19,1,4050701.93,4050701.93
12554,18,2,45,10,2024-04-09,1,3435808.4,3435808.4
12555,20,3,35,4,2023-11-05,1,2078478.48,2078478.48
12556,13,6,19,9,2024-03-20,1,622838.94,622838.94
12557,15,5,41,8,2023-01-24,1,937423.95,937423.95
12558,36,11,20,3,2023-12-22,3,1610550.71,4831652.13
12559,15,2,17,9,2025-12-12,2,3867264.92,7734529.84
12560,20,3,33,3,2023-04-06,1,4450655.33,4450655.33
12561,13,1,49,3,2024-04-21,3,605709.97,1817129.91
12562,23,1,47,10,2024-12-08,1,2687589.27,2687589.27
12563,12,3,30,2,2024-11-08,2,4048606.24,8097212.48
12564,41,5,11,3,2025-06-20,1,4170584.54,4170584.54
12565,30,15,10,3,2022-07-03,1,4148093.55,4148093.55
12566,7,7,19,4,2022-10-17,1,3798202.81,3798202.81
12567,15,1,28,7,2024-09-25,1,4293745.59,4293745.59
12568,13,14,48,3,2022-04-10,1,587486.37,587486.37
12569,18,8,48,6,2024-06-15,1,3671461.18,3671461.18
12570,33,1,34,3,2025-05-15,1,3908397.93,3908397.93
12571,28,3,47,1,2022-08-14,1,1508747.31,1508747.31
12572,42,1,7,5,2024-08-14,1,1328808.82,1328808.82
12573,11,5,21,10,2023-12-06,1,3060977.8,3060977.8
12574,8,4,43,8,2023-03-15,1,901429.27,901429.27
12575,10,6,37,8,2024-07-07,2,3487460.57,6974921.14
12576,28,3,8,7,2025-01-18,1,2942956.92,2942956.92
12577,15,2,24,4,2024-04-03,1,4668750.27,4668750.27
12578,9,5,30,4,2022-06-19,1,2287314.05,2287314.05
12579,12,5,32,3,2023-07-02,1,4106015.6,4106015.6
12580,9,2,47,9,2025-07-11,1,1126198.1,1126198.1
12581,33,6,13,2,2023-02-17,1,1244809.12,1244809.12
12582,25,3,41,7,2022-06-18,1,1297630.83,1297630.83
12583,8,12,48,6,2022-11-20,1,550945.15,550945.15
12584,29,1,24,2,2023-01-19,1,663284.08,663284.08
12585,25,8,10,5,2025-03-22,2,1692046.36,3384092.72
12586,28,3,17,1,2025-09-01,1,1273588.98,1273588.98
12587,28,3,3,12,2025-09-09,1,1371974.25,1371974.25
12588,42,2,10,6,2022-08-21,3,1585583.94,4756751.82
12589,20,12,10,6,2025-05-21,1,2588542.76,2588542.76
12590,32,1,43,12,2024-06-08,1,2875612.76,2875612.76
12591,4,4,38,7,2024-11-13,1,1645121.72,1645121.72
12592,13,5,18,3,2022-10-11,1,467122.19,467122.19
12593,39,1,50,5,2022-09-23,1,2874543.02,2874543.02
12594,35,3,2,9,2024-11-26,1,3731800.76,3731800.76
12595,21,5,54,8,2023-02-02,1,1832896.22,1832896.22
12596,39,2,12,7,2025-11-20,1,3757801.13,3757801.13
12597,8,2,16,6,2024-04-26,1,600641.64,600641.64
12598,6,15,27,8,2024-11-25,1,1263970.3,1263970.3
12599,10,13,19,1,2025-09-03,1,3388262.58,3388262.58
12600,6,1,7,6,2024-09-16,1,2586297.51,2586297.51
12601,33,3,52,8,2022-08-15,1,3998982.16,3998982.16
12602,15,5,44,6,2022-01-17,1,2468162.76,2468162.76
12603,20,8,5,2,2022-11-18,1,1695956.92,1695956.92
12604,30,1,41,9,2022-07-21,1,1267983.35,1267983.35
12605,28,15,48,10,2024-05-28,1,3131857.91,3131857.91
12606,31,8,30,6,2024-09-14,1,983673.99,983673.99
12607,41,1,32,4,2023-04-22,1,2749972.35,2749972.35
12608,26,2,25,3,2024-11-15,1,2031460.12,2031460.12
12609,7,2,4,9,2023-05-13,1,5738142.97,5738142.97
12610,25,5,59,7,2025-03-14,2,1983073.5,3966147.0
12611,42,5,35,3,2022-05-25,1,1111031.39,1111031.39
12612,9,2,25,8,2024-07-07,1,1304032.38,1304032.38
12613,17,7,48,1,2024-03-18,2,458179.59,916359.18
12614,30,12,35,1,2022-02-12,1,4481945.96,4481945.96
12615,33,2,53,1,2025-08-03,2,3272209.98,6544419.96
12616,25,4,25,6,2023-04-14,1,1067988.13,1067988.13
12617,7,15,40,2,2024-12-12,2,4485917.96,8971835.92
12618,8,12,15,7,2025-11-13,1,809474.86,809474.86
12619,13,5,53,6,2023-04-23,1,532821.42,532821.42
12620,3,1,6,12,2024-12-23,1,680195.52,680195.52
12621,43,4,6,8,2025-11-01,1,3978978.8,3978978.8
12622,26,6,23,3,2025-11-03,1,2377774.0,2377774.0
12623,11,13,31,6,2022-11-16,1,3744741.54,3744741.54
12624,16,12,30,6,2024-01-21,1,524990.85,524990.85
12625,7,1,8,1,2025-07-20,1,1815159.14,1815159.14
12626,20,4,33,9,2025-11-23,1,3023762.15,3023762.15
12627,8,2,31,4,2024-03-14,1,596946.64,596946.64
12628,18,4,18,12,2025-06-05,2,2209291.29,4418582.58
12629,26,1,45,8,2024-05-23,1,3589937.87,3589937.87
12630,20,1,38,6,2024-10-22,1,2576286.41,2576286.41
12631,14,5,40,8,2022-10-26,1,1132235.63,1132235.63
12632,13,2,25,11,2022-10-11,1,697566.45,697566.45
12633,20,7,23,2,2023-07-15,1,1193017.64,1193017.64
12634,3,10,33,6,2024-05-13,1,809955.5,809955.5
12635,29,4,23,3,2024-12-25,1,584979.78,584979.78
12636,11,2,2,6,2023-04-30,1,3186681.53,3186681.53
12637,18,11,13,5,2025-12-12,1,2549600.65,2549600.65
12638,23,6,43,9,2022-07-30,1,4921127.74,4921127.74
12639,17,5,11,7,2025-06-24,1,557286.01,557286.01
12640,17,2,15,2,2024-05-04,1,708788.45,708788.45
12641,35,1,16,5,2023-06-01,2,1229005.5,2458011.0
12642,21,3,4,9,2025-12-14,3,1620373.51,4861120.53
12643,30,7,45,11,2023-04-29,1,4158172.9,4158172.9
12644,40,6,11,7,2024-03-31,1,6959742.93,6959742.93
12645,39,2,39,3,2024-04-29,1,3629768.02,3629768.02
12646,24,3,1,8,2023-03-29,1,2965227.16,2965227.16
12647,26,3,54,11,2023-07-16,1,3275352.13,3275352.13
12648,37,4,23,6,2025-09-14,1,5773701.63,5773701.63
12649,20,15,5,11,2022-12-07,1,2251130.52,2251130.52
12650,3,6,34,1,2024-09-17,1,772236.78,772236.78
12651,10,6,45,9,2024-01-08,1,3452215.36,3452215.36
12652,19,1,27,7,2024-10-05,1,2294861.2,2294861.2
12653,28,3,23,10,2025-05-01,1,4097974.01,4097974.01
12654,31,6,30,9,2022-08-03,1,2336548.96,2336548.96
12655,7,13,28,6,2023-08-21,1,4915273.31,4915273.31
12656,15,2,9,8,2022-06-18,1,1994492.29,1994492.29
12657,12,2,20,6,2025-09-26,2,2021359.06,4042718.12
12658,26,2,41,1,2022-10-27,1,3998094.51,3998094.51
12659,26,6,20,6,2022-12-13,1,1203442.28,1203442.28
12660,43,4,19,1,2022-05-15,1,1005072.3,1005072.3
12661,19,6,11,5,2024-11-10,1,2384502.31,2384502.31
12662,14,8,11,9,2022-09-26,1,1655901.86,1655901.86
12663,6,5,44,3,2024-04-06,1,2220649.27,2220649.27
12664,15,10,40,10,2024-03-25,1,4265485.5,4265485.5
12665,35,1,47,5,2023-09-03,1,1918270.47,1918270.47
12666,19,5,33,3,2022-09-22,1,2344536.41,2344536.41
12667,35,3,11,4,2025-03-16,1,2609243.75,2609243.75
12668,40,6,49,3,2022-03-30,1,3226211.85,3226211.85
12669,20,3,52,8,2022-10-20,1,2719405.69,2719405.69
12670,20,1,44,5,2023-01-09,1,3763232.38,3763232.38
12671,40,2,22,10,2025-01-09,1,4014019.6,4014019.6
12672,42,3,16,6,2023-08-05,1,930805.72,930805.72
12673,8,1,7,8,2022-01-25,1,713330.93,713330.93
12674,35,10,6,12,2022-05-29,1,1255611.9,1255611.9
12675,7,4,31,1,2023-04-15,1,2762472.2,2762472.2
12676,11,2,1,3,2024-03-01,2,3407299.54,6814599.08
12677,37,2,10,1,2022-10-24,2,5902705.63,11805411.26
12678,8,11,22,10,2025-08-27,1,938030.75,938030.75
12679,26,6,48,8,2024-02-28,1,1237881.15,1237881.15
12680,24,12,43,5,2025-10-29,1,2527958.12,2527958.12
12681,9,9,44,9,2023-06-27,1,1538617.39,1538617.39
12682,2,8,20,7,2023-06-28,1,4927060.85,4927060.85
12683,17,3,30,3,2023-11-10,1,668124.7,668124.7
12684,7,13,33,6,2024-09-27,2,1970974.7,3941949.4
12685,28,1,14,8,2024-06-06,1,851992.5,851992.5
12686,39,6,22,6,2023-08-27,1,2421185.48,2421185.48
12687,20,2,34,4,2023-11-07,2,3181054.57,6362109.14
12688,37,1,33,7,2024-01-23,1,3684593.04,3684593.04
12689,40,5,46,8,2025-06-15,1,5780641.04,5780641.04
12690,31,5,46,6,2022-07-13,1,3416263.58,3416263.58
12691,15,2,22,6,2025-09-08,1,3990664.67,3990664.67
12692,18,5,6,1,2022-02-23,1,969431.51,969431.51
12693,29,2,25,10,2025-06-07,1,425698.97,425698.97
12694,37,2,42,1,2023-08-13,1,6441381.92,6441381.92
12695,20,15,29,8,2022-06-30,1,3481415.65,3481415.65
12696,7,1,29,5,2024-08-31,1,3504502.62,3504502.62
12697,28,10,52,12,2024-07-29,3,4642063.97,13926191.91
12698,7,4,33,11,2024-09-21,1,4924415.75,4924415.75
12699,15,6,44,6,2025-11-10,1,2962639.59,2962639.59
12700,22,5,25,3,2024-10-03,1,1391030.61,1391030.61
12701,43,4,53,4,2023-11-16,1,1906949.54,1906949.54
12702,28,2,14,3,2024-07-17,2,3065353.61,6130707.22
12703,3,13,5,1,2023-04-04,1,594879.06,594879.06
12704,14,1,45,3,2025-04-26,2,952699.63,1905399.26
12705,19,10,33,6,2025-01-27,1,1010299.17,1010299.17
12706,2,1,8,7,2024-05-19,1,2833100.25,2833100.25
12707,8,11,45,6,2025-11-11,1,694789.42,694789.42
12708,25,5,29,8,2024-04-07,1,3363449.94,3363449.94
12709,37,3,48,7,2023-12-03,1,6731302.82,6731302.82
12710,23,6,30,6,2025-10-23,1,1439746.38,1439746.38
12711,34,5,12,2,2025-03-24,1,4263319.88,4263319.88
12712,29,9,47,8,2022-01-20,1,732657.29,732657.29
12713,27,3,44,5,2024-05-15,2,3585050.03,7170100.06
12714,19,4,51,9,2025-03-01,1,2470965.82,2470965.82
12715,17,9,28,3,2023-06-01,1,399897.34,399897.34
12716,23,6,15,3,2025-04-27,3,2687889.24,8063667.72
12717,28,4,1,9,2023-04-01,1,2602520.73,2602520.73
12718,36,14,27,10,2025-06-12,1,1926260.95,1926260.95
12719,6,2,4,4,2024-05-09,1,3297593.85,3297593.85
12720,35,5,49,1,2023-03-29,1,3755426.8,3755426.8
12721,20,9,15,7,2025-06-22,2,4129780.11,8259560.22
12722,11,1,45,3,2022-08-12,1,4486215.43,4486215.43
12723,20,5,49,4,2025-05-23,2,3636165.01,7272330.02
12724,42,6,18,8,2022-01-10,2,1994767.32,3989534.64
12725,33,4,48,3,2023-07-11,1,3763714.58,3763714.58
12726,43,3,17,2,2024-01-03,1,3421653.52,3421653.52
12727,17,15,49,12,2023-04-28,1,475268.76,475268.76
12728,23,2,56,1,2024-04-15,1,965137.67,965137.67
12729,15,5,9,8,2022-12-13,1,3170803.37,3170803.37
12730,36,11,28,12,2023-04-25,1,2752692.76,2752692.76
12731,25,5,10,12,2022-11-19,1,2945242.53,2945242.53
12732,27,2,47,6,2022-05-03,1,1099215.13,1099215.13
12733,22,1,2,6,2025-04-13,1,787386.45,787386.45
12734,29,2,7,12,2024-05-12,1,701080.54,701080.54
12735,38,1,11,2,2023-12-08,1,1671211.08,1671211.08
12736,20,5,30,6,2023-01-04,1,1316980.88,1316980.88
12737,31,6,33,9,2023-12-02,1,2888542.89,2888542.89
12738,39,1,45,12,2025-10-09,1,2228581.39,2228581.39
12739,3,2,19,7,2024-05-07,1,702409.45,702409.45
12740,35,3,37,1,2022-04-05,1,1437688.65,1437688.65
12741,12,4,35,6,2025-04-03,1,2107548.41,2107548.41
12742,11,4,23,8,2022-05-15,3,2073648.9,6220946.7
12743,7,3,35,9,2022-03-23,2,4847264.97,9694529.94
12744,34,1,2,6,2022-03-13,1,2244154.97,2244154.97
12745,6,8,43,7,2023-02-26,1,2012022.7,2012022.7
12746,6,14,33,2,2023-08-06,1,2510051.64,2510051.64
12747,42,15,33,3,2024-05-21,1,2042957.78,2042957.78
12748,23,1,14,10,2022-07-27,1,1906979.59,1906979.59
12749,1,3,41,8,2023-01-31,2,2826966.27,5653932.54
12750,9,12,55,3,2025-12-16,2,2273314.86,4546629.72
12751,26,3,12,3,2022-10-17,1,1468395.52,1468395.52
12752,23,8,55,3,2023-12-27,1,1869503.35,1869503.35
12753,27,1,8,3,2024-07-06,1,2293634.3,2293634.3
12754,8,8,32,3,2025-12-27,1,689237.07,689237.07
12755,24,6,24,7,2025-11-26,1,2779918.7,2779918.7
12756,37,6,31,4,2022-01-11,1,3354260.6,3354260.6
12757,24,2,27,2,2025-11-03,1,4177483.91,4177483.91
12758,7,2,5,12,2024-10-14,1,1634106.36,1634106.36
12759,19,12,46,10,2024-05-01,2,1882629.04,3765258.08
12760,38,6,8,6,2024-05-24,1,895740.54,895740.54
12761,7,3,28,6,2023-02-17,1,3100312.54,3100312.54
12762,27,6,50,1,2022-10-15,2,1103027.53,2206055.06
12763,13,1,33,9,2024-12-11,1,488673.45,488673.45
12764,42,5,9,6,2023-08-11,1,1401963.92,1401963.92
12765,26,2,19,9,2024-10-09,1,2552386.12,2552386.12
12766,27,3,4,8,2022-06-27,2,2092305.27,4184610.54
12767,16,12,45,8,2023-01-25,1,471555.94,471555.94
12768,32,9,38,4,2023-10-20,2,3014362.2,6028724.4
12769,11,4,5,4,2025-06-24,1,2744464.3,2744464.3
12770,24,4,30,8,2025-03-01,1,3530798.44,3530798.44
12771,23,3,7,3,2025-02-15,1,4754598.77,4754598.77
12772,43,14,27,5,2022-06-30,3,2826306.74,8478920.22
12773,35,7,2,3,2023-07-21,1,3127271.25,3127271.25
12774,22,2,34,7,2025-04-26,1,835824.79,835824.79
12775,25,6,32,4,2024-06-15,1,1084313.93,1084313.93
12776,25,1,10,1,2025-05-25,2,3053520.12,6107040.24
12777,6,3,25,3,2022-03-17,1,2001168.23,2001168.23
12778,34,2,13,3,2025-11-07,2,3115999.34,6231998.68
12779,9,8,17,10,2025-02-06,1,1891934.42,1891934.42
12780,10,14,22,8,2022-02-18,2,4553006.3,9106012.6
12781,20,12,46,1,2023-09-12,1,1354082.99,1354082.99
12782,10,1,14,4,2025-01-20,1,2073690.11,2073690.11
12783,10,9,35,3,2022-05-06,1,2036570.48,2036570.48
12784,31,11,53,5,2023-11-15,1,3919916.36,3919916.36
12785,26,7,21,3,2025-06-25,1,1621820.38,1621820.38
12786,3,6,33,4,2023-09-25,1,580228.26,580228.26
12787,12,3,2,9,2024-08-09,1,3598381.48,3598381.48
12788,7,5,5,5,2024-06-14,1,5567239.5,5567239.5
12789,1,1,20,3,2022-04-22,1,4380314.24,4380314.24
12790,28,12,9,4,2022-06-04,1,2050539.36,2050539.36
12791,30,1,14,7,2024-08-12,1,1727946.9,1727946.9
12792,15,2,22,6,2024-07-10,1,4264870.41,4264870.41
12793,14,2,30,8,2022-05-13,1,903720.15,903720.15
12794,9,6,40,7,2023-05-03,1,2254866.04,2254866.04
12795,18,15,14,4,2024-04-25,1,1913784.04,1913784.04
12796,20,3,3,7,2022-05-18,1,3335570.66,3335570.66
12797,2,13,51,11,2023-05-07,1,1458100.48,1458100.48
12798,2,2,30,12,2025-01-27,1,2858546.07,2858546.07
12799,33,11,31,12,2022-07-06,1,903386.12,903386.12
12800,19,5,3,12,2025-02-05,1,2336782.42,2336782.42
12801,9,3,38,9,2024-01-03,2,1410189.45,2820378.9
12802,27,2,34,7,2022-07-04,1,2546611.79,2546611.79
12803,17,2,32,9,2022-12-18,1,658978.88,658978.88
12804,19,4,51,9,2024-03-01,1,1817600.51,1817600.51
12805,16,12,28,1,2023-05-31,1,703262.47,703262.47
12806,33,8,39,11,2022-07-09,1,3525072.91,3525072.91
12807,4,5,6,12,2022-09-13,1,1437095.97,1437095.97
12808,19,3,26,7,2022-01-29,1,2336513.72,2336513.72
12809,26,13,7,1,2023-08-31,1,2208458.98,2208458.98
12810,15,6,53,8,2022-09-23,1,4888775.15,4888775.15
12811,7,1,10,8,2023-02-21,1,2395544.99,2395544.99
12812,26,13,16,10,2022-02-15,1,1686832.19,1686832.19
12813,40,2,25,4,2022-04-25,1,4321107.03,4321107.03
12814,19,4,9,8,2023-11-14,1,1998121.8,1998121.8
12815,6,4,43,3,2024-06-25,1,3397210.9,3397210.9
12816,40,6,8,10,2025-07-01,2,1360915.61,2721831.22
12817,37,5,10,8,2022-11-22,1,4488023.09,4488023.09
12818,10,12,10,11,2025-01-23,1,3457468.97,3457468.97
12819,7,9,46,3,2022-04-27,1,3768755.29,3768755.29
12820,29,12,19,8,2022-04-22,1,716167.21,716167.21
12821,11,2,53,4,2025-05-07,1,1824976.41,1824976.41
12822,27,2,28,7,2024-01-21,1,4557967.12,4557967.12
12823,2,6,32,10,2022-04-29,1,1824582.89,1824582.89
12824,1,4,16,10,2025-06-27,1,3272572.42,3272572.42
12825,42,6,50,6,2023-10-04,1,1800230.2,1800230.2
12826,37,7,35,9,2025-03-16,1,1896530.06,1896530.06
12827,29,14,4,9,2024-08-21,1,463577.48,463577.48
12828,21,3,34,4,2024-07-22,1,1049818.25,1049818.25
12829,20,1,23,7,2024-01-06,1,2164064.4,2164064.4
12830,22,10,12,8,2022-09-03,1,1588399.05,1588399.05
12831,11,6,8,8,2023-10-31,1,2651059.21,2651059.21
12832,2,4,14,4,2025-03-07,1,3345774.61,3345774.61
12833,7,8,23,1,2025-12-15,1,4404450.83,4404450.83
12834,34,1,30,7,2022-03-02,1,2046220.59,2046220.59
12835,10,5,18,5,2023-06-09,2,4010560.67,8021121.34
12836,15,5,32,4,2024-03-21,2,4502655.72,9005311.44
12837,13,12,54,8,2024-06-15,1,555067.82,555067.82
12838,17,13,38,6,2023-05-16,1,533354.04,533354.04
12839,9,5,39,1,2022-01-23,1,2124122.94,2124122.94
12840,23,2,41,4,2025-06-29,3,2838457.57,8515372.71
12841,7,1,8,3,2022-05-27,2,1217419.84,2434839.68
12842,43,5,41,8,2023-06-25,1,2828714.2,2828714.2
12843,29,1,35,3,2022-07-19,1,640186.73,640186.73
12844,16,3,17,12,2024-02-20,1,645423.83,645423.83
12845,37,1,18,6,2022-10-02,1,3882169.23,3882169.23
12846,26,4,29,4,2024-04-14,1,1360179.54,1360179.54
12847,19,11,22,1,2023-10-14,1,2102317.49,2102317.49
12848,15,5,36,12,2023-04-14,1,2885328.48,2885328.48
12849,9,1,22,8,2025-12-13,1,1340732.51,1340732.51
12850,11,13,43,11,2025-03-25,1,2994615.88,2994615.88
12851,26,1,1,6,2022-04-15,1,4059262.16,4059262.16
12852,25,4,32,6,2025-10-12,1,4060465.94,4060465.94
12853,25,4,41,4,2025-06-27,2,1611011.13,3222022.26
12854,35,4,5,10,2025-01-12,2,995662.68,1991325.36
12855,18,14,37,8,2025-10-03,1,1343760.99,1343760.99
12856,5,14,53,8,2022-11-24,2,10896104.28,21792208.56
12857,24,1,52,6,2022-03-01,1,3074890.94,3074890.94
12858,26,7,48,10,2025-06-17,1,2988297.76,2988297.76
12859,27,5,11,11,2025-03-15,1,1430194.39,1430194.39
12860,1,7,34,1,2023-08-01,1,3671587.7,3671587.7
12861,32,1,16,9,2025-05-14,1,3388564.66,3388564.66
12862,12,2,25,6,2023-10-03,1,1527040.02,1527040.02
12863,2,5,42,11,2025-05-20,1,4931522.56,4931522.56
12864,5,1,13,8,2023-09-16,1,6914838.18,6914838.18
12865,3,5,40,1,2022-04-08,1,714484.91,714484.91
12866,27,11,9,5,2025-12-02,1,2474119.28,2474119.28
12867,26,5,18,6,2024-03-22,1,1570395.65,1570395.65
12868,7,3,31,9,2022-03-30,1,1837178.05,1837178.05
12869,18,2,7,2,2025-09-23,1,1353467.61,1353467.61
12870,10,2,6,6,2025-03-24,1,3559241.55,3559241.55
12871,32,12,11,9,2023-04-11,1,1716790.78,1716790.78
12872,7,1,48,3,2023-10-03,1,2099218.98,2099218.98
12873,14,3,25,2,2025-06-15,1,1345141.29,1345141.29
12874,19,1,32,7,2023-08-30,2,1947135.95,3894271.9
12875,28,2,24,9,2022-02-09,1,2237867.64,2237867.64
12876,24,9,41,4,2024-04-06,1,2237810.91,2237810.91
12877,12,12,18,5,2023-07-20,1,3169347.94,3169347.94
12878,19,3,9,5,2022-05-28,1,1926377.45,1926377.45
12879,13,12,33,11,2023-08-03,1,713908.97,713908.97
12880,40,2,5,8,2024-10-06,1,5275711.5,5275711.5
12881,8,1,25,9,2023-04-07,1,942891.72,942891.72
12882,28,2,21,10,2025-02-28,2,1877752.27,3755504.54
12883,8,9,28,3,2025-07-07,1,602552.34,602552.34
12884,27,3,5,3,2024-08-15,1,1176424.05,1176424.05
12885,43,2,11,2,2022-07-29,1,2391158.57,2391158.57
12886,28,1,8,4,2022-03-07,1,4268655.02,4268655.02
12887,1,5,28,8,2024-02-16,1,2977111.78,2977111.78
12888,10,14,31,2,2024-09-09,1,2714429.38,2714429.38
12889,36,4,41,5,2024-11-20,1,2225724.58,2225724.58
12890,15,9,25,6,2023-09-30,1,2768178.16,2768178.16
12891,40,4,14,8,2024-08-23,1,6292457.01,6292457.01
12892,19,1,37,9,2024-08-30,1,1355947.47,1355947.47
12893,9,3,35,3,2024-08-14,1,2159735.8,2159735.8
12894,23,2,54,3,2023-09-16,1,3814207.14,3814207.14
12895,6,1,28,9,2023-11-23,1,2585750.15,2585750.15
12896,19,11,36,9,2022-03-19,1,2343064.72,2343064.72
12897,8,5,1,6,2024-10-01,1,646874.63,646874.63
12898,17,5,48,9,2023-01-02,1,624185.29,624185.29
12899,15,13,26,9,2025-01-15,1,2723413.55,2723413.55
12900,37,2,49,8,2025-04-23,1,2070230.48,2070230.48
12901,13,12,17,9,2024-01-17,1,801039.71,801039.71
12902,11,5,19,3,2024-08-13,1,1632258.65,1632258.65
12903,13,4,12,2,2023-06-23,1,828700.22,828700.22
12904,19,12,10,9,2025-06-02,2,1568031.62,3136063.24
12905,12,11,20,8,2025-06-12,1,4466709.5,4466709.5
12906,12,14,5,11,2022-08-16,1,2882043.79,2882043.79
12907,8,14,51,7,2023-12-09,1,639853.62,639853.62
12908,17,4,35,3,2025-04-08,2,627813.05,1255626.1
12909,20,1,16,4,2025-02-02,2,1361321.14,2722642.28
12910,6,5,30,10,2024-10-04,1,2230929.76,2230929.76
12911,5,3,51,7,2024-08-07,1,9969595.88,9969595.88
12912,12,5,5,6,2025-06-19,2,4135288.31,8270576.62
12913,43,9,55,12,2022-11-04,1,2118324.31,2118324.31
12914,28,11,40,1,2022-08-10,1,1559129.5,1559129.5
12915,26,1,37,11,2023-04-27,2,2121386.25,4242772.5
12916,41,2,41,4,2023-02-09,1,1368381.75,1368381.75
12917,10,5,27,7,2025-01-15,1,3502991.98,3502991.98
12918,22,1,36,1,2024-03-06,1,1328130.63,1328130.63
12919,32,1,24,3,2023-09-08,1,1897859.06,1897859.06
12920,26,2,40,1,2024-01-07,1,2732300.44,2732300.44
12921,30,1,15,3,2025-10-22,1,1464356.73,1464356.73
12922,39,14,31,7,2022-03-30,1,2196464.19,2196464.19
12923,28,1,47,7,2024-12-22,1,2675408.81,2675408.81
12924,9,13,39,4,2025-12-18,1,1412037.48,1412037.48
12925,1,11,1,2,2023-12-27,1,3750006.78,3750006.78
12926,14,12,4,8,2023-03-16,1,849626.13,849626.13
12927,19,8,54,2,2025-06-03,1,1019125.06,1019125.06
12928,15,4,55,3,2022-08-27,1,3430757.7,3430757.7
12929,25,2,29,8,2023-11-15,1,3366157.55,3366157.55
12930,7,6,53,9,2023-07-11,1,2969774.87,2969774.87
12931,26,15,28,3,2024-04-07,2,1000292.65,2000585.3
12932,31,2,13,12,2025-11-09,1,4244867.45,4244867.45
12933,11,2,24,5,2025-07-07,2,871473.86,1742947.72
12934,16,4,21,3,2022-07-13,1,575385.31,575385.31
12935,36,4,34,3,2023-08-23,1,1263056.13,1263056.13
12936,16,3,51,7,2024-05-13,1,657768.89,657768.89
12937,40,3,13,1,2022-06-07,1,5966701.17,5966701.17
12938,37,1,34,7,2025-07-27,1,3964069.53,3964069.53
12939,19,2,9,6,2023-07-15,1,2008575.88,2008575.88
12940,8,4,37,1,2023-06-03,1,545202.45,545202.45
12941,32,2,26,1,2023-08-12,1,1769482.2,1769482.2
12942,29,7,53,9,2022-01-31,2,694006.04,1388012.08
12943,10,3,22,3,2022-09-22,1,2860944.73,2860944.73
12944,9,1,53,1,2022-12-10,1,1943020.86,1943020.86
12945,8,3,6,7,2025-05-27,1,875968.3,875968.3
12946,32,6,14,3,2023-12-17,1,3089765.15,3089765.15
12947,17,7,12,3,2023-12-20,1,577528.69,577528.69
12948,10,4,5,12,2023-09-13,1,2940502.82,2940502.82
12949,7,1,31,3,2024-05-10,1,3996249.3,3996249.3
12950,25,3,13,5,2022-06-23,1,2127437.7,2127437.7
12951,43,5,22,8,2022-08-17,1,1112753.38,1112753.38
12952,16,3,9,3,2023-08-15,1,482694.09,482694.09
12953,9,11,11,6,2025-10-28,1,1359350.9,1359350.9
12954,15,8,12,3,2025-09-02,1,2797069.01,2797069.01
12955,38,2,48,6,2025-03-13,2,3282632.67,6565265.34
12956,30,11,45,3,2022-10-08,1,4099861.66,4099861.66
12957,7,1,50,7,2023-04-18,1,2386268.71,2386268.71
12958,25,6,41,3,2025-01-08,1,1900496.17,1900496.17
12959,13,12,21,6,2025-09-16,1,610512.2,610512.2
12960,26,1,2,1,2023-12-28,1,2934156.72,2934156.72
12961,38,2,44,3,2023-03-24,2,2424355.86,4848711.72
12962,8,8,35,6,2025-09-06,1,870469.7,870469.7
12963,30,3,45,1,2022-01-22,2,1446766.27,2893532.54
12964,14,1,55,7,2024-10-12,1,981743.17,981743.17
12965,25,4,24,1,2022-06-07,1,1561521.85,1561521.85
12966,18,12,21,10,2023-01-21,1,1172781.74,1172781.74
12967,33,6,3,6,2025-07-13,2,2664052.75,5328105.5
12968,19,3,2,3,2024-02-18,1,2417011.51,2417011.51
12969,9,4,26,6,2023-07-07,3,1934892.91,5804678.73
12970,17,1,34,7,2022-04-30,1,715828.95,715828.95
12971,8,1,44,3,2023-05-08,1,510617.61,510617.61
12972,34,3,36,2,2022-02-19,1,2632788.74,2632788.74
12973,39,2,4,10,2022-11-10,1,4258113.15,4258113.15
12974,21,1,17,6,2024-01-25,1,1565780.32,1565780.32
12975,6,7,31,8,2022-03-01,1,2305521.79,2305521.79
12976,7,2,35,7,2022-08-08,1,1466568.43,1466568.43
12977,43,10,23,2,2022-04-10,1,1778229.33,1778229.33
12978,36,4,22,1,2023-10-16,1,2266412.28,2266412.28
12979,1,4,24,9,2025-02-18,1,2160554.76,2160554.76
12980,22,7,42,1,2024-09-07,1,1838169.41,1838169.41
12981,30,7,48,9,2023-07-06,2,3057893.45,6115786.9
12982,2,14,21,6,2023-08-12,1,2254527.03,2254527.03
12983,39,11,46,12,2024-11-03,1,1693373.81,1693373.81
12984,1,6,17,8,2022-07-16,1,1983468.7,1983468.7
12985,33,9,30,5,2022-01-28,3,3655785.62,10967356.86
12986,42,12,10,10,2022-05-21,1,938094.61,938094.61
12987,24,3,10,8,2024-02-17,1,4039953.39,4039953.39
12988,35,12,2,11,2022-07-22,1,1882815.52,1882815.52
12989,41,3,40,5,2025-11-10,1,2605040.52,2605040.52
12990,39,2,54,6,2024-01-04,1,3932008.31,3932008.31
12991,30,3,3,1,2025-02-01,1,1339593.74,1339593.74
12992,26,11,29,7,2024-01-16,1,893787.1,893787.1
12993,28,1,41,6,2022-07-02,2,2538217.03,5076434.06
12994,27,5,16,3,2024-09-15,1,4139432.78,4139432.78
12995,40,8,30,7,2024-09-15,1,5017587.8,5017587.8
12996,33,6,9,5,2022-03-13,1,3456102.92,3456102.92
12997,34,1,30,4,2025-02-08,1,2342161.46,2342161.46
12998,17,3,35,7,2024-03-20,1,582540.61,582540.61
12999,19,1,49,6,2025-05-30,2,2327763.25,4655526.5
13000,18,6,37,8,2023-11-05,1,2489618.16,2489618.16
13001,35,14,32,7,2024-03-15,1,3204372.73,3204372.73
13002,33,3,15,3,2025-03-18,1,2641746.13,2641746.13
13003,6,6,12,4,2025-08-10,1,3181008.88,3181008.88
13004,37,2,34,8,2023-02-27,1,5236683.82,5236683.82
13005,5,8,34,3,2023-06-20,1,8560810.9,8560810.9
13006,2,11,19,3,2024-06-12,2,4244394.34,8488788.68
13007,23,14,11,6,2022-10-23,1,3534207.53,3534207.53
13008,38,12,33,6,2023-09-27,1,1370453.27,1370453.27
13009,32,2,14,3,2022-12-07,1,3021727.13,3021727.13
13010,40,2,4,8,2023-02-04,1,5656170.93,5656170.93
13011,18,2,3,4,2024-04-15,2,789493.04,1578986.08
13012,12,15,27,9,2025-02-15,1,2563545.29,2563545.29
13013,37,7,27,3,2022-03-05,1,5560217.7,5560217.7
13014,2,3,44,7,2022-07-25,2,2743981.67,5487963.34
13015,31,5,49,7,2023-03-20,1,2927885.12,2927885.12
13016,33,6,48,8,2022-06-16,1,1299734.17,1299734.17
13017,18,2,16,4,2025-07-17,1,1733795.9,1733795.9
13018,26,3,14,3,2022-02-06,1,2298760.75,2298760.75
13019,16,6,34,8,2025-12-06,1,693496.53,693496.53
13020,27,5,1,7,2023-11-13,1,3125048.37,3125048.37
13021,35,9,30,6,2022-04-11,1,2493897.17,2493897.17
13022,18,5,45,5,2023-06-26,2,3704403.92,7408807.84
13023,8,4,16,2,2024-01-04,1,573606.29,573606.29
13024,6,6,46,11,2023-12-20,1,3279106.15,3279106.15
13025,20,2,24,7,2023-01-27,1,905233.03,905233.03
13026,8,2,12,8,2024-04-11,3,832986.27,2498958.81
13027,38,6,11,5,2023-01-24,1,1488588.51,1488588.51
13028,35,4,21,12,2023-09-29,1,1268383.58,1268383.58
13029,34,2,43,4,2022-10-20,1,3428348.86,3428348.86
13030,26,2,28,10,2024-03-12,1,3323706.67,3323706.67
13031,24,1,7,5,2024-02-07,1,1293983.36,1293983.36
13032,33,3,17,9,2025-04-08,1,4395708.48,4395708.48
13033,8,10,46,7,2024-09-29,2,604056.91,1208113.82
13034,40,6,55,12,2022-04-04,1,4235399.78,4235399.78
13035,18,10,26,1,2024-08-11,1,1681602.04,1681602.04
13036,2,4,48,3,2025-07-16,1,1933718.74,1933718.74
13037,12,1,14,1,2024-12-14,1,2305455.84,2305455.84
13038,6,4,31,3,2025-02-20,1,3545048.4,3545048.4
13039,31,13,17,8,2023-07-19,1,4992871.03,4992871.03
13040,32,4,42,12,2023-01-03,1,1975010.38,1975010.38
13041,26,5,54,12,2024-01-08,1,2568135.11,2568135.11
13042,20,2,6,1,2024-02-05,1,3921952.31,3921952.31
13043,23,12,51,6,2023-06-15,1,3089197.43,3089197.43
13044,24,12,43,5,2024-04-14,2,4174229.59,8348459.18
13045,23,2,44,8,2024-06-05,1,2067137.14,2067137.14
13046,17,5,20,1,2023-02-17,3,664417.47,1993252.41
13047,9,6,4,7,2025-10-08,1,1645630.84,1645630.84
13048,9,1,47,1,2025-08-26,1,1451261.51,1451261.51
13049,19,11,7,1,2022-04-21,2,854619.16,1709238.32
13050,32,12,14,1,2024-06-11,1,4677545.82,4677545.82
13051,11,9,3,12,2025-04-12,1,3847297.16,3847297.16
13052,13,2,55,5,2022-01-16,1,513574.25,513574.25
13053,34,3,35,4,2023-03-15,1,1342421.12,1342421.12
13054,35,11,19,5,2025-01-29,1,4188801.27,4188801.27
13055,30,12,3,9,2023-04-04,1,2879370.21,2879370.21
13056,3,6,16,5,2025-07-28,1,651684.14,651684.14
13057,40,7,6,5,2023-11-24,1,1440339.55,1440339.55
13058,18,2,43,7,2022-01-20,1,3497745.62,3497745.62
13059,22,11,33,9,2025-08-28,1,912071.85,912071.85
13060,9,11,39,12,2022-07-12,2,1547410.28,3094820.56
13061,30,5,50,7,2024-07-19,2,1435023.81,2870047.62
13062,33,5,30,4,2022-10-23,1,1708018.55,1708018.55
13063,38,2,18,3,2024-02-29,1,2261479.68,2261479.68
13064,20,4,49,1,2022-02-23,1,2084871.61,2084871.61
13065,14,14,24,6,2023-07-04,1,1244333.52,1244333.52
13066,33,14,6,6,2023-01-30,1,953923.85,953923.85
13067,20,12,31,4,2022-01-11,1,2455386.36,2455386.36
13068,20,2,36,9,2022-10-14,1,2511082.03,2511082.03
13069,4,6,4,2,2024-10-11,1,1223611.24,1223611.24
13070,26,2,11,2,2022-02-19,1,1427267.41,1427267.41
13071,12,2,10,8,2022-11-21,1,4356347.22,4356347.22
13072,7,3,32,2,2025-03-12,1,3543165.53,3543165.53
13073,24,3,31,4,2025-12-24,1,2900970.3,2900970.3
13074,18,4,32,3,2022-09-04,1,1260315.58,1260315.58
13075,23,5,39,12,2023-07-20,1,974975.56,974975.56
13076,17,6,7,6,2023-12-17,1,433285.31,433285.31
13077,22,2,43,9,2024-07-28,1,1520899.06,1520899.06
13078,17,6,50,6,2023-02-16,1,626630.14,626630.14
13079,8,3,14,6,2022-06-20,1,797445.55,797445.55
13080,23,2,5,3,2023-08-07,1,3581995.8,3581995.8
13081,18,13,17,10,2025-08-08,1,779953.28,779953.28
13082,26,5,39,4,2025-05-13,2,1515504.28,3031008.56
13083,26,10,46,3,2023-10-31,1,877336.37,877336.37
13084,13,4,23,6,2025-04-04,3,857659.15,2572977.45
13085,34,5,6,3,2025-07-31,1,2287381.81,2287381.81
13086,35,3,12,3,2023-02-11,1,3662403.87,3662403.87
13087,31,5,45,9,2022-09-10,2,1442185.18,2884370.36
13088,40,12,42,3,2025-03-26,1,3774319.34,3774319.34
13089,7,13,42,3,2023-11-05,1,2762895.11,2762895.11
13090,29,11,19,5,2023-06-02,1,659122.48,659122.48
13091,11,1,8,8,2022-04-25,1,3896578.66,3896578.66
13092,12,3,12,7,2024-12-24,1,3716914.35,3716914.35
13093,20,1,1,3,2023-12-01,1,2282171.89,2282171.89
13094,2,2,38,6,2022-11-18,3,2114731.15,6344193.45
13095,15,4,4,6,2022-05-07,1,4738934.8,4738934.8
13096,25,4,51,6,2023-07-21,1,3262462.72,3262462.72
13097,41,6,23,5,2024-01-18,1,5292105.84,5292105.84
13098,24,3,44,1,2022-05-16,1,4080790.6,4080790.6
13099,10,5,22,3,2025-11-30,1,3566195.91,3566195.91
13100,5,2,46,2,2023-07-14,1,8831900.01,8831900.01
13101,18,15,54,7,2025-05-23,1,753767.06,753767.06
13102,3,1,6,1,2022-01-26,1,541880.23,541880.23
13103,8,11,26,8,2024-05-12,1,930624.56,930624.56
13104,19,13,54,3,2022-01-01,1,2292813.09,2292813.09
13105,30,5,9,3,2025-01-11,1,2699324.88,2699324.88
13106,11,14,41,2,2023-03-31,1,2427959.35,2427959.35
13107,11,1,50,3,2024-08-12,2,2832458.8,5664917.6
13108,23,4,52,3,2024-08-11,1,1643608.7,1643608.7
13109,11,3,31,10,2022-09-29,1,2386683.84,2386683.84
13110,21,7,30,10,2023-05-03,2,780433.67,1560867.34
13111,39,2,34,3,2022-01-22,1,2852089.11,2852089.11
13112,25,14,40,7,2022-01-09,2,952075.76,1904151.52
13113,15,4,50,8,2025-05-04,1,1085494.68,1085494.68
13114,39,1,48,6,2023-03-22,1,4466029.81,4466029.81
13115,35,11,30,7,2023-11-20,1,1799300.38,1799300.38
13116,6,6,19,3,2025-10-22,1,2477305.92,2477305.92
13117,1,10,8,9,2022-07-16,1,893441.69,893441.69
13118,31,1,51,2,2025-02-14,1,3339640.63,3339640.63
13119,25,5,21,3,2022-12-14,1,3544922.77,3544922.77
13120,2,5,47,3,2023-04-30,1,3138156.38,3138156.38
13121,43,5,38,4,2022-09-09,1,2867336.37,2867336.37
13122,42,7,8,8,2022-08-30,1,1921863.71,1921863.71
13123,26,4,47,3,2024-02-02,2,1846412.57,3692825.14
13124,30,2,3,6,2022-01-09,1,2935027.14,2935027.14
13125,20,6,39,6,2025-07-23,1,3071471.47,3071471.47
13126,10,12,33,5,2025-03-25,1,2019237.57,2019237.57
13127,12,4,46,7,2024-08-23,1,1520447.96,1520447.96
13128,30,11,5,7,2023-08-29,1,4385541.4,4385541.4
13129,19,10,7,7,2024-03-23,1,2284284.05,2284284.05
13130,41,15,28,11,2024-12-07,1,3095625.5,3095625.5
13131,24,1,1,6,2022-03-18,1,1370839.77,1370839.77
13132,36,5,42,1,2024-07-16,2,1824726.53,3649453.06
13133,28,12,43,6,2023-08-25,3,2089303.56,6267910.68
13134,31,6,46,1,2024-01-18,1,4450197.01,4450197.01
13135,24,2,21,3,2023-04-08,1,1170417.63,1170417.63
13136,21,3,8,10,2024-10-10,2,950708.48,1901416.96
13137,21,2,7,8,2025-08-22,1,1925442.44,1925442.44
13138,14,12,31,2,2022-03-08,1,1451929.31,1451929.31
13139,14,3,52,3,2024-11-20,1,1643872.11,1643872.11
13140,29,4,4,5,2022-01-02,1,437475.28,437475.28
13141,32,7,13,8,2024-03-09,1,3711063.65,3711063.65
13142,25,7,55,7,2023-09-04,1,1280759.47,1280759.47
13143,14,1,35,7,2023-04-16,1,850821.05,850821.05
13144,34,11,32,6,2022-06-09,2,2872597.31,5745194.62
13145,27,1,24,6,2023-04-27,3,2340107.38,7020322.14
13146,15,2,20,5,2025-10-06,1,3006692.17,3006692.17
13147,14,4,34,6,2025-04-19,1,787165.01,787165.01
13148,2,1,50,8,2025-01-16,1,1375698.16,1375698.16
13149,27,11,4,9,2025-03-22,1,1210123.42,1210123.42
13150,23,10,19,11,2024-10-30,1,895423.34,895423.34
13151,30,2,52,11,2023-08-28,2,3243261.51,6486523.02
13152,37,6,6,10,2023-08-31,1,5602162.96,5602162.96
13153,9,12,30,1,2024-06-30,1,1937376.68,1937376.68
13154,15,6,49,7,2022-12-29,1,5067755.69,5067755.69
13155,15,1,40,4,2022-10-11,1,3376892.38,3376892.38
13156,15,10,24,3,2024-02-12,1,910013.93,910013.93
13157,12,5,38,6,2022-01-23,2,2304628.48,4609256.96
13158,13,15,53,6,2022-04-21,1,482733.81,482733.81
13159,19,12,26,6,2025-06-13,2,1793471.69,3586943.38
13160,8,5,51,3,2024-02-25,1,584783.87,584783.87
13161,43,3,33,6,2023-03-12,1,3170315.44,3170315.44
13162,41,13,31,5,2025-05-07,1,1725977.6,1725977.6
13163,31,5,23,3,2025-12-21,1,4583638.85,4583638.85
13164,27,15,4,8,2023-08-01,1,3959423.4,3959423.4
13165,1,10,8,8,2023-08-02,3,1297554.07,3892662.21
13166,40,2,42,6,2022-12-12,1,6810751.95,6810751.95
13167,28,5,52,5,2023-03-13,1,4238137.57,4238137.57
13168,17,1,7,3,2024-07-23,1,550369.93,550369.93
13169,6,1,2,10,2023-12-21,1,2171987.66,2171987.66
13170,23,3,37,9,2022-05-23,1,1817090.19,1817090.19
13171,14,12,18,1,2025-04-15,1,1450209.67,1450209.67
13172,24,10,46,9,2024-11-20,1,4128613.63,4128613.63
13173,18,2,38,9,2022-04-17,1,1475604.3,1475604.3
13174,19,3,12,7,2022-07-17,1,873453.5,873453.5
13175,43,15,30,7,2024-02-19,1,1610643.13,1610643.13
13176,8,12,52,2,2025-09-03,1,533214.62,533214.62
13177,42,11,23,7,2023-01-05,1,1428179.11,1428179.11
13178,11,13,27,2,2024-07-20,1,2301604.32,2301604.32
13179,19,2,35,1,2025-05-01,1,1889243.42,1889243.42
13180,23,1,24,9,2025-05-07,1,2163735.95,2163735.95
13181,16,4,41,7,2025-03-11,1,444156.38,444156.38
13182,32,3,56,5,2023-08-20,1,2728017.86,2728017.86
13183,23,3,16,7,2024-02-09,1,4357281.53,4357281.53
13184,7,11,40,3,2025-10-09,1,3429076.9,3429076.9
13185,8,6,55,2,2023-06-25,1,900176.04,900176.04
13186,25,1,53,5,2023-11-12,1,2095220.69,2095220.69
13187,19,6,12,7,2022-03-29,1,1320098.12,1320098.12
13188,37,9,35,4,2023-02-08,1,3387268.06,3387268.06
13189,16,1,55,6,2025-11-20,1,612311.82,612311.82
13190,15,14,28,3,2025-03-18,2,2321561.95,4643123.9
13191,43,11,8,3,2022-01-04,1,4730523.2,4730523.2
13192,36,2,50,5,2023-01-17,1,1519468.57,1519468.57
13193,27,2,14,3,2025-09-25,1,3637062.1,3637062.1
13194,36,1,3,8,2024-06-09,1,2353682.76,2353682.76
13195,25,3,43,11,2022-09-30,1,3334930.27,3334930.27
13196,37,3,28,3,2025-01-11,1,6465489.37,6465489.37
13197,14,1,18,2,2023-01-23,1,994171.99,994171.99
13198,11,2,24,1,2022-07-27,1,3954694.72,3954694.72
13199,35,12,54,3,2022-10-30,1,830528.13,830528.13
13200,9,3,36,3,2024-09-20,1,2307587.07,2307587.07
13201,25,2,38,9,2025-01-22,1,2440450.64,2440450.64
13202,41,2,26,9,2023-10-18,2,5133886.01,10267772.02
13203,7,5,1,9,2025-06-30,1,2643152.79,2643152.79
13204,28,5,29,8,2024-05-29,2,2841164.81,5682329.62
13205,34,9,45,3,2025-07-21,2,2467467.77,4934935.54
13206,19,2,46,4,2024-02-02,1,1405395.56,1405395.56
13207,27,2,24,9,2022-04-18,1,1364373.38,1364373.38
13208,37,3,16,11,2025-01-26,1,4661874.01,4661874.01
13209,36,9,2,8,2023-04-08,1,2531400.99,2531400.99
13210,9,2,10,12,2023-12-10,1,1251580.46,1251580.46
13211,28,4,11,7,2024-04-04,1,3371675.1,3371675.1
13212,1,6,16,6,2023-02-24,1,1590668.66,1590668.66
13213,29,4,7,11,2023-10-11,1,552269.08,552269.08
13214,26,1,6,8,2024-09-13,1,3989626.73,3989626.73
13215,39,3,4,7,2023-07-30,1,4751843.85,4751843.85
13216,34,1,38,1,2024-02-09,1,2997884.86,2997884.86
13217,11,5,38,3,2023-11-14,1,1872055.67,1872055.67
13218,20,2,41,8,2025-10-12,1,3625443.3,3625443.3
13219,13,15,53,4,2024-04-15,1,589913.01,589913.01
13220,9,13,24,11,2024-08-18,1,2332950.05,2332950.05
13221,14,2,19,1,2022-04-09,1,748076.84,748076.84
13222,8,3,9,10,2023-09-30,3,519674.56,1559023.68
13223,7,5,13,2,2023-04-01,1,3088809.88,3088809.88
13224,7,12,10,9,2022-11-24,1,1103865.05,1103865.05
13225,40,2,8,6,2023-01-16,1,3082097.08,3082097.08
13226,26,2,47,8,2023-02-16,1,1582465.95,1582465.95
13227,16,14,50,3,2022-02-02,1,667223.1,667223.1
13228,32,2,4,10,2024-01-01,1,2601974.76,2601974.76
13229,7,11,50,10,2022-10-29,1,4112581.35,4112581.35
13230,34,1,13,3,2022-06-13,1,2712854.02,2712854.02
13231,18,6,10,6,2024-01-22,1,2529798.66,2529798.66
13232,14,3,26,8,2023-03-09,1,1452339.9,1452339.9
13233,15,11,31,4,2024-06-10,1,1146397.99,1146397.99
13234,8,7,18,12,2023-03-18,1,706857.42,706857.42
13235,27,4,19,4,2024-07-31,1,2176166.26,2176166.26
13236,42,6,32,1,2025-06-01,1,1560296.1,1560296.1
13237,38,14,54,7,2025-01-17,1,1627408.11,1627408.11
13238,8,6,56,3,2022-05-23,1,603449.26,603449.26
13239,24,10,48,10,2024-10-09,1,4505228.19,4505228.19
13240,33,1,20,6,2022-08-18,2,2962331.61,5924663.22
13241,35,4,21,6,2025-09-14,1,2778521.06,2778521.06
13242,26,1,12,7,2022-03-19,1,1451265.97,1451265.97
13243,36,3,40,3,2024-07-15,1,2792399.23,2792399.23
13244,19,1,50,2,2022-06-04,1,1615719.91,1615719.91
13245,42,2,7,5,2025-10-15,1,1834993.1,1834993.1
13246,20,2,9,8,2023-09-07,1,1595521.3,1595521.3
13247,23,3,35,3,2024-11-12,1,2851859.14,2851859.14
13248,39,14,49,3,2025-07-08,1,1241234.91,1241234.91
13249,14,13,25,8,2024-04-10,2,1170395.48,2340790.96
13250,28,1,39,1,2024-12-29,1,4096898.14,4096898.14
13251,26,1,53,5,2024-07-10,2,4031786.4,8063572.8
13252,9,2,46,4,2024-06-12,1,1474282.49,1474282.49
13253,27,1,16,11,2022-07-29,1,4491912.79,4491912.79
13254,13,6,30,6,2023-10-06,1,713337.66,713337.66
13255,6,14,5,8,2025-09-26,2,2161079.51,4322159.02
13256,17,1,22,1,2022-06-20,1,607165.22,607165.22
13257,26,4,45,12,2025-06-07,1,2282238.19,2282238.19
13258,17,5,3,8,2023-09-16,1,441319.01,441319.01
13259,14,3,49,3,2024-03-18,1,1175715.5,1175715.5
13260,19,1,42,3,2023-08-05,1,2040515.8,2040515.8
13261,29,2,20,1,2025-05-03,1,582671.9,582671.9
13262,5,4,28,8,2023-01-31,2,10769871.81,21539743.62
13263,8,5,18,4,2025-05-15,1,551150.83,551150.83
13264,16,6,32,1,2025-05-12,1,536672.65,536672.65
13265,30,5,32,3,2025-03-08,1,1538260.25,1538260.25
13266,12,1,1,9,2025-02-20,1,1296817.04,1296817.04
13267,35,3,1,7,2025-12-18,3,1688395.24,5065185.72
13268,2,9,3,1,2022-03-19,1,1647936.03,1647936.03
13269,26,6,39,8,2023-10-26,1,2943276.97,2943276.97
13270,18,11,34,6,2023-01-04,1,1450419.58,1450419.58
13271,6,15,50,9,2024-04-16,2,2288885.64,4577771.28
13272,25,3,28,3,2023-07-06,2,839048.74,1678097.48
13273,18,1,38,7,2024-05-17,1,1283332.33,1283332.33
13274,35,1,4,11,2025-05-08,1,3780293.94,3780293.94
13275,31,4,28,4,2023-05-12,1,1860940.12,1860940.12
13276,32,1,28,2,2023-03-25,1,1534617.18,1534617.18
13277,10,4,18,9,2025-09-21,1,3959866.98,3959866.98
13278,30,3,15,6,2022-06-09,1,2866159.38,2866159.38
13279,23,11,17,4,2022-05-03,1,3911660.2,3911660.2
13280,14,4,4,4,2024-06-17,1,1649682.74,1649682.74
13281,4,2,12,3,2022-10-13,2,1028363.3,2056726.6
13282,26,6,22,8,2024-07-18,1,2169454.61,2169454.61
13283,6,5,10,7,2023-12-06,1,2540615.7,2540615.7
13284,25,2,21,2,2022-03-09,1,1941719.45,1941719.45
13285,9,1,55,6,2025-08-15,1,1696586.82,1696586.82
13286,18,5,17,3,2022-12-13,1,2083616.04,2083616.04
13287,20,15,6,3,2023-05-07,1,1433865.73,1433865.73
13288,10,2,55,3,2025-05-21,1,2669560.32,2669560.32
13289,8,12,34,7,2023-02-22,1,817572.71,817572.71
13290,13,4,53,3,2025-06-29,1,598322.04,598322.04
13291,25,1,18,10,2025-06-24,1,3834115.28,3834115.28
13292,9,5,48,5,2023-10-25,1,2027185.73,2027185.73
13293,28,3,3,7,2022-12-15,1,4167838.56,4167838.56
13294,12,2,49,9,2025-01-14,1,2591896.13,2591896.13
13295,32,5,46,1,2023-04-01,1,2507044.61,2507044.61
13296,6,5,39,7,2025-04-20,1,1280778.95,1280778.95
13297,30,1,12,8,2023-05-19,2,4341832.9,8683665.8
13298,36,1,51,9,2025-03-22,1,1515997.16,1515997.16
13299,29,2,27,8,2023-06-13,1,594400.91,594400.91
13300,24,6,40,4,2025-09-30,1,3443779.97,3443779.97
13301,22,12,40,1,2023-07-05,1,825476.34,825476.34
13302,42,8,26,10,2025-03-27,1,2027575.83,2027575.83
13303,18,2,18,8,2022-09-04,1,1567904.5,1567904.5
13304,16,11,46,1,2024-10-07,2,545809.55,1091619.1
13305,34,12,16,6,2023-02-03,1,4480436.17,4480436.17
13306,15,11,36,5,2023-06-24,1,4225475.62,4225475.62
13307,23,4,15,8,2024-02-20,1,983087.56,983087.56
13308,37,12,19,6,2023-06-17,1,1604262.15,1604262.15
13309,30,12,16,6,2024-04-30,1,1089932.04,1089932.04
13310,18,1,29,2,2025-06-13,1,2603002.05,2603002.05
13311,9,5,42,1,2022-08-24,1,2191052.26,2191052.26
13312,14,14,19,7,2024-02-19,1,756046.88,756046.88
13313,19,11,4,8,2022-09-06,1,1435813.37,1435813.37
13314,9,9,26,6,2023-07-05,1,1988596.69,1988596.69
13315,18,11,12,7,2022-05-20,1,798508.77,798508.77
13316,29,15,59,8,2024-08-26,3,709510.16,2128530.48
13317,37,5,13,8,2025-04-19,2,5250223.24,10500446.48
13318,12,3,21,6,2024-03-03,1,2124012.38,2124012.38
13319,13,1,36,3,2025-05-29,1,876491.24,876491.24
13320,7,5,31,3,2024-03-29,1,5807206.44,5807206.44
13321,36,7,45,8,2023-02-09,1,1465072.2,1465072.2
13322,29,11,23,6,2025-06-12,1,558318.27,558318.27
13323,32,3,23,1,2022-09-13,1,3274544.04,3274544.04
13324,9,13,47,2,2024-01-16,2,1935746.71,3871493.42
13325,17,10,42,9,2023-07-19,1,469316.96,469316.96
13326,35,2,40,3,2023-10-23,1,1292997.96,1292997.96
13327,30,6,4,3,2024-07-11,1,1350229.15,1350229.15
13328,30,10,42,9,2025-06-27,1,1095576.37,1095576.37
13329,11,2,29,6,2024-02-09,1,2599816.94,2599816.94
13330,9,9,33,3,2023-11-03,1,1994293.7,1994293.7
13331,15,8,39,6,2023-01-12,1,4786623.3,4786623.3
13332,19,1,15,10,2024-03-21,1,2364294.54,2364294.54
13333,33,3,48,9,2025-08-24,2,1049021.64,2098043.28
13334,18,3,38,8,2024-12-05,2,2341138.72,4682277.44
13335,19,4,19,10,2024-01-21,1,1973049.91,1973049.91
13336,12,4,11,1,2023-06-01,1,2693994.32,2693994.32
13337,1,2,30,7,2024-02-08,1,3793308.08,3793308.08
13338,38,1,40,8,2022-08-14,1,3092131.49,3092131.49
13339,41,9,28,1,2025-12-30,1,1098099.27,1098099.27
13340,15,5,27,1,2024-04-28,2,2996966.14,5993932.28
13341,39,2,10,1,2024-08-22,1,1977182.44,1977182.44
13342,19,11,16,10,2023-11-30,1,1241005.98,1241005.98
13343,8,1,55,6,2025-03-03,2,714030.29,1428060.58
13344,29,1,41,7,2025-10-13,1,745761.13,745761.13
13345,15,13,3,3,2022-07-13,1,4710863.87,4710863.87
13346,3,5,50,6,2022-01-03,1,740551.97,740551.97
13347,11,12,40,8,2023-04-22,1,2117952.37,2117952.37
13348,28,12,44,6,2022-05-16,1,2411075.82,2411075.82
13349,7,14,39,9,2022-06-22,1,4997038.4,4997038.4
13350,43,5,3,6,2024-05-08,1,5237878.55,5237878.55
13351,34,1,54,6,2023-04-08,1,2652610.22,2652610.22
13352,18,14,48,9,2022-01-05,1,2037123.28,2037123.28
13353,11,6,3,10,2025-06-09,1,2467654.5,2467654.5
13354,7,6,42,1,2025-10-21,1,5386667.3,5386667.3
13355,32,2,44,7,2025-12-04,1,2727504.25,2727504.25
13356,20,5,53,12,2025-05-11,1,2917774.64,2917774.64
13357,4,12,17,5,2024-01-01,1,763377.91,763377.91
13358,9,2,52,1,2025-04-05,1,1120394.4,1120394.4
13359,24,6,56,12,2025-01-10,1,2988611.55,2988611.55
13360,28,5,15,12,2022-08-20,1,1708915.84,1708915.84
13361,13,3,11,8,2023-10-31,1,616947.74,616947.74
13362,12,6,33,1,2024-02-04,1,1296069.06,1296069.06
13363,11,12,14,5,2022-09-04,1,3473508.29,3473508.29
13364,39,6,38,10,2022-07-12,1,4925694.31,4925694.31
13365,8,4,40,7,2025-02-02,2,810495.99,1620991.98
13366,32,12,7,7,2022-03-20,1,1777738.22,1777738.22
13367,14,2,18,8,2022-01-26,1,1697805.11,1697805.11
13368,29,11,12,3,2025-07-27,1,773279.21,773279.21
13369,14,1,5,5,2024-09-25,1,1218039.52,1218039.52
13370,15,1,1,8,2025-11-19,2,3550218.63,7100437.26
13371,9,11,28,3,2022-11-16,1,2698409.4,2698409.4
13372,24,1,16,6,2023-05-17,1,1415453.89,1415453.89
13373,10,1,47,8,2024-01-27,1,2251372.77,2251372.77
13374,23,4,35,1,2023-05-24,3,995327.07,2985981.21
13375,16,10,53,7,2022-08-21,1,627729.56,627729.56
13376,18,2,10,8,2024-08-29,1,2478066.33,2478066.33
13377,28,1,51,1,2024-11-28,1,3437326.3,3437326.3
13378,15,10,2,12,2022-06-02,1,2136638.53,2136638.53
13379,3,2,2,6,2022-10-01,1,505492.38,505492.38
13380,10,5,20,8,2025-04-27,1,2026299.33,2026299.33
13381,27,1,33,9,2025-02-07,1,1860336.23,1860336.23
13382,34,4,15,6,2022-06-02,1,1653154.49,1653154.49
13383,27,15,15,7,2024-01-12,1,3597731.35,3597731.35
13384,11,3,6,3,2022-10-23,1,1426506.36,1426506.36
13385,14,6,21,7,2023-10-17,1,1225406.26,1225406.26
13386,21,2,28,8,2022-05-09,1,1220432.33,1220432.33
13387,26,9,12,8,2025-04-09,1,3177436.49,3177436.49
13388,31,2,13,8,2025-12-28,1,2928845.54,2928845.54
13389,33,15,53,1,2023-07-31,1,2987708.42,2987708.42
13390,12,9,23,11,2022-11-15,2,3310600.16,6621200.32
13391,39,1,1,11,2022-03-08,1,3194242.21,3194242.21
13392,24,13,32,3,2022-02-16,1,3730566.09,3730566.09
13393,23,1,42,3,2025-01-03,1,1151766.83,1151766.83
13394,11,8,28,2,2024-10-10,1,3453756.19,3453756.19
13395,43,2,20,3,2023-06-27,1,3392930.85,3392930.85
13396,23,2,43,3,2024-01-26,1,954199.21,954199.21
13397,31,4,29,7,2022-07-18,1,4712787.37,4712787.37
13398,20,2,55,6,2025-03-24,1,1015569.35,1015569.35
13399,40,11,32,3,2022-10-10,1,4147439.04,4147439.04
13400,38,2,13,12,2022-06-24,1,1002842.62,1002842.62
13401,4,10,42,4,2024-07-20,1,1709909.87,1709909.87
13402,34,2,14,8,2023-01-21,1,3403304.56,3403304.56
13403,35,11,6,1,2024-02-28,2,4134133.23,8268266.46
13404,18,14,12,6,2023-12-11,1,3771734.42,3771734.42
13405,26,2,45,3,2024-09-22,1,1905823.62,1905823.62
13406,12,5,31,4,2024-07-20,1,1789936.11,1789936.11
13407,5,6,30,1,2025-07-28,1,10373406.86,10373406.86
13408,28,2,17,8,2023-01-03,3,4069170.56,12207511.68
13409,17,6,10,3,2025-05-03,1,592328.94,592328.94
13410,24,5,23,8,2022-06-18,1,1356522.85,1356522.85
13411,24,3,55,4,2024-07-02,1,2234712.13,2234712.13
13412,10,2,18,3,2024-12-12,1,4096009.11,4096009.11
13413,20,15,32,4,2023-06-04,1,4963080.13,4963080.13
13414,40,6,34,1,2023-09-08,1,5994975.24,5994975.24
13415,20,11,55,2,2022-01-10,1,4751270.51,4751270.51
13416,15,12,25,3,2023-05-08,1,3622110.13,3622110.13
13417,4,12,9,3,2023-10-12,1,944868.84,944868.84
13418,43,1,37,1,2022-10-04,1,1824333.17,1824333.17
13419,7,5,7,5,2022-08-04,1,2278105.86,2278105.86
13420,12,1,55,7,2024-07-02,2,910114.18,1820228.36
13421,16,8,54,10,2024-03-05,1,717577.32,717577.32
13422,28,2,4,12,2023-08-05,1,958354.77,958354.77
13423,4,2,37,9,2024-08-19,3,1111927.27,3335781.81
13424,27,3,15,5,2022-09-02,1,2541889.86,2541889.86
13425,4,6,7,7,2023-10-13,1,709019.1,709019.1
13426,25,4,39,4,2025-12-17,1,3526363.77,3526363.77
13427,18,2,1,3,2023-01-16,1,1390714.68,1390714.68
13428,13,8,2,3,2024-07-25,1,687043.35,687043.35
13429,43,7,7,1,2022-10-23,3,4966416.4,14899249.2
13430,15,2,46,11,2023-10-18,1,4420970.97,4420970.97
13431,20,3,39,12,2024-09-10,1,2301852.19,2301852.19
13432,31,3,15,6,2024-11-20,1,3711146.74,3711146.74
13433,13,2,35,6,2025-10-30,1,691814.34,691814.34
13434,17,3,30,9,2022-05-02,1,668108.09,668108.09
13435,28,14,23,7,2023-08-09,1,3812399.52,3812399.52
13436,1,1,41,4,2023-11-01,1,1864016.14,1864016.14
13437,34,1,20,7,2024-09-25,1,3662477.33,3662477.33
13438,17,12,48,6,2025-11-21,1,713566.26,713566.26
13439,27,14,19,5,2025-04-05,1,3516531.8,3516531.8
13440,14,2,9,6,2025-09-03,1,957474.03,957474.03
13441,40,11,14,6,2022-01-27,2,4375907.7,8751815.4
13442,37,2,38,1,2025-02-23,1,6066058.96,6066058.96
13443,20,1,26,2,2024-02-28,1,1305467.55,1305467.55
13444,27,6,3,1,2022-01-31,2,3649636.1,7299272.2
13445,35,1,50,9,2024-04-26,1,1178863.92,1178863.92
13446,32,2,32,3,2025-05-01,1,2938841.51,2938841.51
13447,7,15,17,7,2025-04-27,1,3860981.49,3860981.49
13448,25,8,31,10,2022-03-11,1,1753935.0,1753935.0
13449,34,1,23,9,2023-04-21,1,2964105.69,2964105.69
13450,6,3,24,4,2023-07-19,1,2654879.13,2654879.13
13451,29,10,32,6,2022-09-10,1,577952.0,577952.0
13452,20,8,44,4,2024-05-03,1,1145680.82,1145680.82
13453,16,2,6,6,2023-01-19,1,598032.85,598032.85
13454,19,4,18,9,2025-09-22,1,2160908.8,2160908.8
13455,8,3,40,12,2023-07-27,2,622860.17,1245720.34
13456,14,13,45,3,2024-04-27,1,991166.54,991166.54
13457,12,1,55,11,2022-05-25,1,3897162.68,3897162.68
13458,41,11,7,1,2023-01-12,1,2661030.24,2661030.24
13459,7,13,4,5,2024-06-26,1,2144045.51,2144045.51
13460,12,1,1,6,2023-12-18,2,2744419.38,5488838.76
13461,33,12,3,7,2025-09-25,1,1121496.9,1121496.9
13462,14,4,20,8,2022-06-10,1,1792126.96,1792126.96
13463,18,2,51,4,2023-10-27,1,3027011.17,3027011.17
13464,37,11,25,5,2024-02-14,2,4711413.79,9422827.58
13465,10,4,25,8,2024-12-24,1,2072734.73,2072734.73
13466,33,13,14,8,2024-02-25,1,1000786.61,1000786.61
13467,39,5,37,3,2022-07-06,1,3180083.33,3180083.33
13468,30,2,41,3,2025-02-05,1,2746181.39,2746181.39
13469,28,12,54,5,2022-06-23,1,2919611.29,2919611.29
13470,11,2,28,9,2024-04-15,1,4624495.98,4624495.98
13471,18,4,48,1,2022-06-11,1,2679897.01,2679897.01
13472,30,11,11,9,2022-08-03,1,2637408.84,2637408.84
13473,23,2,3,9,2025-04-03,1,3021565.54,3021565.54
13474,16,6,6,6,2024-03-28,1,431160.72,431160.72
13475,25,1,41,1,2022-12-12,2,1543822.29,3087644.58
13476,20,4,44,6,2025-10-21,1,3263517.59,3263517.59
13477,41,11,4,12,2024-02-14,1,1280250.1,1280250.1
13478,1,3,47,9,2022-09-23,1,2646700.62,2646700.62
13479,25,1,25,8,2023-09-10,2,1085553.02,2171106.04
13480,2,1,17,12,2022-02-16,1,3497598.04,3497598.04
13481,37,6,5,2,2024-10-12,1,2641920.08,2641920.08
13482,23,3,22,7,2023-05-29,1,3599840.14,3599840.14
13483,26,12,53,3,2024-07-24,1,2949282.98,2949282.98
13484,16,4,9,6,2023-08-02,1,746172.3,746172.3
13485,14,11,16,12,2023-08-09,1,1628925.3,1628925.3
13486,25,2,7,2,2023-05-15,2,985385.29,1970770.58
13487,38,5,41,3,2022-09-16,1,1326549.4,1326549.4
13488,26,3,51,1,2023-04-04,3,4182489.86,12547469.58
13489,27,2,32,3,2022-07-29,1,1058622.49,1058622.49
13490,23,6,10,6,2025-07-10,1,4459781.61,4459781.61
13491,11,15,36,3,2024-05-19,1,3490539.37,3490539.37
13492,14,4,39,1,2024-12-10,1,1144471.68,1144471.68
13493,33,13,54,9,2025-07-31,2,4276857.57,8553715.14
13494,19,1,38,1,2022-06-14,1,1337282.97,1337282.97
13495,1,6,50,5,2025-03-22,2,1011298.49,2022596.98
13496,6,2,31,5,2025-09-21,2,1436436.12,2872872.24
13497,27,4,49,8,2022-04-08,1,1653115.63,1653115.63
13498,35,6,24,6,2022-12-25,1,872490.95,872490.95
13499,20,8,4,1,2025-05-12,1,1607116.35,1607116.35
13500,4,3,3,6,2025-05-14,1,1082075.21,1082075.21
13501,19,3,38,7,2022-06-29,1,1739360.59,1739360.59
13502,6,15,29,10,2023-11-25,1,3085876.58,3085876.58
13503,32,3,7,7,2025-07-12,1,2273168.65,2273168.65
13504,12,2,17,2,2024-02-14,1,1588191.11,1588191.11
13505,16,12,51,3,2023-05-05,1,412997.95,412997.95
13506,1,1,13,6,2022-09-10,1,3311825.48,3311825.48
13507,20,14,32,10,2022-06-03,1,3492906.5,3492906.5
13508,38,6,11,7,2023-03-08,1,2711319.7,2711319.7
13509,17,9,43,6,2022-12-22,1,545313.1,545313.1
13510,19,3,6,3,2025-04-29,1,2092123.88,2092123.88
13511,40,4,13,12,2024-07-24,1,2951398.23,2951398.23
13512,2,1,37,3,2023-01-15,1,2874243.29,2874243.29
13513,1,1,16,8,2024-10-16,1,2205328.65,2205328.65
13514,36,5,37,1,2025-05-24,1,1464308.37,1464308.37
13515,42,1,33,3,2025-07-25,1,1618822.98,1618822.98
13516,26,7,50,5,2024-04-24,1,4179208.77,4179208.77
13517,39,6,53,1,2022-09-18,1,3259993.88,3259993.88
13518,3,12,1,4,2022-06-26,1,548813.21,548813.21
13519,31,13,35,6,2024-12-10,1,2034077.53,2034077.53
13520,40,1,31,9,2025-09-30,1,1956222.21,1956222.21
13521,15,12,23,9,2023-09-25,1,5064353.61,5064353.61
13522,6,10,35,3,2023-10-26,1,2017936.17,2017936.17
13523,39,1,21,8,2022-07-25,1,3555739.66,3555739.66
13524,17,4,55,3,2022-04-03,1,545169.19,545169.19
13525,36,1,53,6,2023-12-13,2,2409710.82,4819421.64
13526,26,2,8,10,2022-04-24,1,1211450.8,1211450.8
13527,37,12,31,1,2024-06-30,1,4471100.81,4471100.81
13528,40,3,28,3,2022-10-12,2,3548347.98,7096695.96
13529,2,14,48,8,2023-06-17,1,3347475.61,3347475.61
13530,15,1,44,6,2024-03-03,1,3889375.61,3889375.61
13531,4,1,52,3,2023-11-16,1,1740479.37,1740479.37
13532,18,12,31,9,2022-09-28,3,2145429.91,6436289.73
13533,18,1,40,3,2023-09-11,1,2081050.66,2081050.66
13534,4,10,11,6,2025-12-27,1,1517605.76,1517605.76
13535,22,3,31,5,2025-05-20,2,1947780.32,3895560.64
13536,19,7,3,3,2023-03-29,1,2305463.97,2305463.97
13537,20,4,18,12,2025-07-03,1,1576084.11,1576084.11
13538,19,2,55,8,2022-05-25,1,946106.04,946106.04
13539,25,2,30,9,2023-06-22,2,2439730.45,4879460.9
13540,27,9,35,6,2025-10-04,1,4136692.27,4136692.27
13541,36,5,50,8,2025-10-20,1,2459138.39,2459138.39
13542,2,2,15,8,2022-02-16,1,2740965.3,2740965.3
13543,6,4,20,9,2024-05-09,3,2778343.56,8335030.68
13544,30,3,24,1,2022-07-23,1,2581564.22,2581564.22
13545,37,7,33,2,2022-10-04,1,2221697.39,2221697.39
13546,12,2,5,6,2022-04-11,1,2814367.3,2814367.3
13547,26,3,22,9,2023-07-04,1,1702621.09,1702621.09
13548,15,3,39,11,2025-01-26,1,3774532.68,3774532.68
13549,23,3,18,10,2023-11-15,2,4417331.2,8834662.4
13550,41,12,51,4,2023-10-02,2,4754345.64,9508691.28
13551,2,11,50,3,2022-03-11,1,1334148.32,1334148.32
13552,15,12,16,3,2023-02-01,1,4935174.84,4935174.84
13553,16,3,42,6,2023-07-26,1,546259.01,546259.01
13554,20,2,44,3,2024-02-14,1,2280983.75,2280983.75
13555,34,11,51,8,2022-11-12,1,4049708.19,4049708.19
13556,12,7,54,1,2022-10-22,1,3309720.67,3309720.67
13557,38,1,26,9,2022-02-24,1,1737213.9,1737213.9
13558,19,3,35,8,2023-04-19,1,2211450.13,2211450.13
13559,26,5,11,7,2022-05-04,1,4100675.68,4100675.68
13560,1,11,19,3,2023-02-15,1,4042183.25,4042183.25
13561,15,6,7,10,2022-10-15,1,5013529.97,5013529.97
13562,32,2,33,10,2023-07-03,2,1874094.35,3748188.7
13563,16,2,46,5,2024-11-10,2,606472.74,1212945.48
13564,13,4,28,6,2022-06-16,3,597921.62,1793764.86
13565,35,4,23,1,2025-07-07,1,2027206.87,2027206.87
13566,6,10,39,6,2024-11-27,1,2367778.57,2367778.57
13567,27,1,16,2,2022-12-05,2,2909553.07,5819106.14
13568,27,7,34,11,2024-07-13,1,4697261.53,4697261.53
13569,27,1,52,3,2023-08-26,1,1975649.43,1975649.43
13570,19,10,10,1,2022-04-08,3,969573.54,2908720.62
13571,25,2,25,3,2023-02-09,1,3312009.59,3312009.59
13572,12,12,3,11,2025-04-23,1,3351668.03,3351668.03
13573,30,14,36,5,2022-05-07,2,1137649.82,2275299.64
13574,13,3,7,6,2025-07-14,1,523046.75,523046.75
13575,28,3,46,4,2023-10-16,1,4474076.1,4474076.1
13576,35,6,31,8,2025-10-04,2,2163561.2,4327122.4
13577,4,2,48,6,2023-07-31,1,851338.07,851338.07
13578,19,7,15,3,2024-10-23,1,1929064.06,1929064.06
13579,21,7,52,3,2024-06-13,1,1513098.64,1513098.64
13580,26,2,27,10,2022-08-19,2,2352059.73,4704119.46
13581,27,5,30,11,2022-01-19,1,3143314.98,3143314.98
13582,25,11,27,9,2025-09-28,1,2067571.03,2067571.03
13583,29,5,14,8,2025-02-04,1,524813.68,524813.68
13584,23,3,19,6,2023-12-19,1,966237.3,966237.3
13585,9,2,53,8,2023-12-20,1,1987614.99,1987614.99
13586,29,2,13,7,2024-11-24,1,789024.91,789024.91
13587,34,2,34,3,2023-08-30,1,1873060.95,1873060.95
13588,32,3,38,7,2022-07-16,1,2957242.24,2957242.24
13589,26,5,16,1,2024-08-03,1,3253092.43,3253092.43
13590,41,4,34,7,2024-01-23,1,1629916.04,1629916.04
13591,1,11,45,1,2024-07-19,1,2209811.9,2209811.9
13592,18,2,20,5,2023-06-01,1,3439652.55,3439652.55
13593,23,2,39,9,2025-08-12,1,3489570.58,3489570.58
13594,9,4,33,5,2025-09-18,1,2654517.01,2654517.01
13595,8,2,32,6,2023-03-08,2,769360.33,1538720.66
13596,25,1,20,9,2024-03-12,1,2771858.09,2771858.09
13597,12,6,54,9,2023-07-25,1,3848966.35,3848966.35
13598,28,1,2,4,2022-07-26,1,1821507.81,1821507.81
13599,17,11,51,7,2025-07-10,1,584641.49,584641.49
13600,3,10,51,12,2025-06-07,1,659016.88,659016.88
13601,27,14,40,2,2023-06-20,1,3305884.51,3305884.51
13602,17,5,25,4,2022-03-25,1,733031.93,733031.93
13603,25,11,3,3,2024-04-04,1,1587572.23,1587572.23
13604,24,2,37,7,2024-03-31,1,4648309.84,4648309.84
13605,13,8,51,7,2024-10-20,1,630729.23,630729.23
13606,42,12,26,2,2023-02-13,1,1597748.4,1597748.4
13607,11,11,32,6,2024-05-09,1,2550078.97,2550078.97
13608,26,1,41,3,2025-03-14,1,2584280.91,2584280.91
13609,29,12,41,8,2023-05-10,2,639784.38,1279568.76
13610,22,12,43,7,2023-08-06,1,967651.59,967651.59
13611,11,2,50,8,2024-01-20,1,4187613.72,4187613.72
13612,37,8,9,3,2023-04-04,1,2253296.68,2253296.68
13613,3,5,14,7,2022-06-23,1,789792.72,789792.72
13614,8,6,6,3,2022-04-04,1,597081.34,597081.34
13615,11,7,5,4,2023-11-29,1,1511052.61,1511052.61
13616,42,2,16,7,2024-12-12,2,1670505.52,3341011.04
13617,39,2,15,7,2024-11-28,1,4094734.77,4094734.77
13618,16,15,14,6,2024-08-17,1,729211.49,729211.49
13619,40,9,16,5,2025-03-20,1,6421773.34,6421773.34
13620,15,10,48,8,2023-07-26,1,2591789.68,2591789.68
13621,14,3,29,8,2024-05-23,1,1453740.23,1453740.23
13622,7,12,4,3,2022-08-26,1,5104274.91,5104274.91
13623,27,1,10,3,2024-02-05,1,2296637.87,2296637.87
13624,39,1,7,12,2022-04-27,1,2763440.87,2763440.87
13625,32,1,40,1,2022-03-28,1,4764413.13,4764413.13
13626,27,13,17,7,2023-07-21,1,4375655.67,4375655.67
13627,38,1,36,3,2025-07-05,1,2151306.35,2151306.35
13628,34,11,28,7,2025-09-09,1,4703030.94,4703030.94
13629,16,6,51,3,2025-10-20,1,545105.33,545105.33
13630,8,5,5,8,2023-05-05,1,857916.38,857916.38
13631,30,6,47,3,2023-04-15,2,980143.7,1960287.4
13632,25,3,37,2,2022-02-10,1,3363255.28,3363255.28
13633,42,9,25,12,2025-12-15,1,1367413.12,1367413.12
13634,33,9,17,4,2022-04-05,1,890737.22,890737.22
13635,8,2,30,3,2025-11-18,1,604797.69,604797.69
13636,6,13,40,12,2024-08-16,1,2498208.34,2498208.34
13637,34,5,53,3,2025-12-28,2,1511341.98,3022683.96
13638,23,6,14,6,2022-09-09,1,4263702.17,4263702.17
13639,11,9,43,7,2024-11-18,1,3847784.54,3847784.54
13640,29,1,25,10,2023-06-10,1,463918.3,463918.3
13641,6,1,37,9,2022-05-01,1,3519655.62,3519655.62
13642,23,2,7,5,2025-03-18,1,3007263.24,3007263.24
13643,20,1,25,10,2024-08-16,1,1856029.32,1856029.32
13644,21,5,37,10,2024-10-22,1,1273926.85,1273926.85
13645,6,3,46,8,2022-09-06,1,3177802.8,3177802.8
13646,12,1,48,11,2022-03-21,1,3820535.74,3820535.74
13647,36,3,27,5,2024-09-27,2,1479827.47,2959654.94
13648,40,6,48,7,2023-11-03,1,6586839.34,6586839.34
13649,3,10,31,6,2022-09-10,1,607354.25,607354.25
13650,43,12,4,6,2022-08-04,1,1654451.43,1654451.43
13651,36,4,18,8,2024-01-11,1,2828096.61,2828096.61
13652,31,3,29,8,2024-07-04,1,1877089.33,1877089.33
13653,8,4,28,5,2025-05-13,1,530183.63,530183.63
13654,23,11,33,6,2023-06-21,1,2796665.58,2796665.58
13655,26,2,1,5,2025-05-24,1,1645659.5,1645659.5
13656,13,5,14,2,2024-06-13,1,635935.72,635935.72
13657,12,15,16,3,2025-06-18,1,4534761.7,4534761.7
13658,8,7,41,3,2023-06-27,1,574923.68,574923.68
13659,15,9,14,5,2023-09-04,1,3635139.23,3635139.23
13660,41,5,8,2,2024-07-12,3,2076288.84,6228866.52
13661,23,1,26,12,2023-06-10,2,1873356.9,3746713.8
13662,25,1,28,8,2023-06-09,1,2121185.34,2121185.34
13663,34,1,39,4,2023-11-28,2,3916150.41,7832300.82
13664,6,2,55,3,2025-05-28,1,3108462.75,3108462.75
13665,31,10,4,1,2025-05-12,2,1403726.82,2807453.64
13666,2,13,41,9,2024-05-29,1,4325068.82,4325068.82
13667,20,11,4,5,2022-10-06,1,1955054.44,1955054.44
13668,34,12,54,7,2025-02-21,2,3359615.09,6719230.18
13669,17,2,25,3,2023-12-30,1,498827.84,498827.84
13670,12,12,2,11,2023-04-01,1,1442871.52,1442871.52
13671,2,11,42,3,2023-08-21,2,1922061.97,3844123.94
13672,25,3,22,5,2025-09-28,1,1839232.01,1839232.01
13673,6,6,26,8,2022-09-20,1,3160083.56,3160083.56
13674,21,4,34,9,2024-05-30,1,1433647.17,1433647.17
13675,36,2,21,7,2025-04-04,1,2297406.15,2297406.15
13676,8,9,32,5,2022-01-21,2,794894.16,1589788.32
13677,33,1,17,3,2023-08-21,1,2937806.94,2937806.94
13678,25,2,40,5,2023-02-15,1,2384085.91,2384085.91
13679,8,1,8,4,2024-01-20,1,524171.5,524171.5
13680,7,3,9,8,2024-11-26,1,5521167.41,5521167.41
13681,7,12,15,11,2025-06-10,1,5740690.74,5740690.74
13682,40,14,53,5,2022-05-05,1,2287861.75,2287861.75
13683,8,7,22,8,2023-07-17,1,628456.34,628456.34
13684,15,2,4,8,2024-02-19,2,1191831.67,2383663.34
13685,1,2,17,10,2024-08-26,1,2542192.35,2542192.35
13686,18,11,49,3,2024-07-15,1,3772016.76,3772016.76
13687,30,8,53,7,2024-05-25,1,3298290.51,3298290.51
13688,19,15,6,1,2022-03-06,1,2329663.42,2329663.42
13689,35,4,3,1,2024-08-09,1,4504963.62,4504963.62
13690,10,2,2,12,2022-01-21,1,3304239.91,3304239.91
13691,42,2,6,7,2024-09-17,1,1286809.86,1286809.86
13692,15,6,26,6,2025-06-15,1,2016287.42,2016287.42
13693,25,5,30,3,2025-07-25,1,1640636.26,1640636.26
13694,27,15,28,1,2023-01-05,1,2492056.37,2492056.37
13695,13,1,11,1,2022-09-02,1,574635.55,574635.55
13696,15,3,17,3,2025-03-17,1,2467795.29,2467795.29
13697,9,2,27,11,2023-03-31,1,2072758.68,2072758.68
13698,7,2,8,8,2023-12-03,1,5005886.6,5005886.6
13699,34,2,52,7,2024-11-13,2,3889603.78,7779207.56
13700,10,1,54,6,2023-07-09,1,2767275.68,2767275.68
13701,2,3,48,12,2024-04-17,1,3998613.92,3998613.92
13702,25,4,38,8,2024-08-23,3,1535031.7,4605095.1
13703,41,1,26,1,2022-06-12,1,3195173.8,3195173.8
13704,7,4,2,9,2022-05-31,1,2088169.42,2088169.42
13705,35,3,9,4,2023-09-17,1,3813524.15,3813524.15
13706,25,4,33,6,2023-06-30,1,3391037.54,3391037.54
13707,12,15,44,6,2024-06-05,1,3948288.34,3948288.34
13708,15,9,4,5,2022-04-25,1,5002768.78,5002768.78
13709,10,1,5,1,2022-10-20,3,2863425.7,8590277.1
13710,18,1,49,5,2023-05-10,1,1367487.63,1367487.63
13711,6,1,33,3,2024-10-28,1,2713065.14,2713065.14
13712,6,2,47,6,2022-04-14,1,1187696.04,1187696.04
13713,16,4,39,8,2022-03-19,2,651281.89,1302563.78
13714,16,2,55,11,2022-06-26,1,568435.45,568435.45
13715,20,9,46,4,2024-05-14,2,4419526.88,8839053.76
13716,26,15,37,7,2023-06-27,1,3883961.73,3883961.73
13717,42,11,43,3,2022-07-22,1,2083183.86,2083183.86
13718,24,8,16,4,2024-12-22,1,4794285.27,4794285.27
13719,31,4,8,7,2024-08-11,1,1070267.48,1070267.48
13720,25,2,37,7,2022-06-06,1,3804616.08,3804616.08
13721,13,6,14,4,2023-10-04,1,794689.7,794689.7
13722,16,13,24,3,2023-10-02,1,445354.72,445354.72
13723,17,11,34,8,2023-12-01,1,417012.86,417012.86
13724,7,1,34,3,2025-01-01,2,5320406.97,10640813.94
13725,34,5,35,6,2024-04-18,1,4040550.7,4040550.7
13726,26,7,26,3,2023-08-25,1,2805244.46,2805244.46
13727,3,8,38,4,2023-03-30,2,768161.83,1536323.66
13728,11,3,33,12,2025-02-26,2,3335287.06,6670574.12
13729,38,1,12,8,2023-03-24,1,2600974.0,2600974.0
13730,11,5,43,5,2023-03-19,1,1966813.93,1966813.93
13731,12,12,26,8,2024-05-27,1,4138531.1,4138531.1
13732,13,4,4,7,2024-10-03,1,857153.93,857153.93
13733,19,8,12,2,2025-09-21,1,1271992.1,1271992.1
13734,9,1,25,3,2023-02-24,1,1486579.29,1486579.29
13735,43,2,53,7,2024-05-04,2,3279872.13,6559744.26
13736,33,4,44,4,2023-08-08,2,2464119.5,4928239.0
13737,41,15,55,1,2022-07-22,1,4627960.2,4627960.2
13738,31,12,50,1,2023-05-04,1,4964238.25,4964238.25
13739,8,1,31,9,2025-07-13,2,650883.18,1301766.36
13740,2,2,51,6,2024-06-27,1,1981158.08,1981158.08
13741,33,3,44,4,2024-02-22,1,3175762.79,3175762.79
13742,35,2,6,11,2022-06-15,1,2842635.49,2842635.49
13743,17,4,32,5,2025-11-28,1,731683.16,731683.16
13744,34,12,3,3,2023-03-21,1,3335469.91,3335469.91
13745,2,6,20,8,2025-08-08,1,4356764.39,4356764.39
13746,8,4,8,9,2024-02-10,1,792791.81,792791.81
13747,41,8,53,8,2024-04-13,1,5248663.3,5248663.3
13748,39,5,30,6,2023-07-23,1,3731340.04,3731340.04
13749,36,5,22,2,2022-06-24,1,2316292.36,2316292.36
13750,34,2,39,11,2025-07-01,1,3177274.05,3177274.05
13751,34,5,54,6,2022-03-11,1,2417284.42,2417284.42
13752,25,5,28,1,2022-04-14,1,821284.2,821284.2
13753,15,4,28,8,2024-09-13,1,2049250.29,2049250.29
13754,40,2,11,2,2023-11-16,1,3742992.08,3742992.08
13755,20,7,31,5,2024-08-09,1,3318032.33,3318032.33
13756,20,2,28,11,2022-06-01,2,1091183.48,2182366.96
13757,20,2,48,7,2023-11-04,1,1021962.87,1021962.87
13758,41,14,44,7,2022-03-18,3,1403668.33,4211004.99
13759,38,11,53,6,2024-02-24,1,3282127.86,3282127.86
13760,28,5,7,4,2024-02-29,1,1537025.08,1537025.08
13761,7,3,8,5,2022-11-06,1,2929725.62,2929725.62
13762,8,6,18,7,2022-03-19,1,667491.66,667491.66
13763,25,4,34,1,2023-10-11,1,1110042.91,1110042.91
13764,26,11,9,11,2023-03-29,1,1714151.82,1714151.82
13765,12,12,28,8,2025-01-04,1,1912246.07,1912246.07
13766,34,12,35,9,2024-01-15,2,2028447.1,4056894.2
13767,18,2,28,3,2024-01-30,1,3303787.18,3303787.18
13768,37,9,48,7,2024-02-21,1,4008353.97,4008353.97
13769,8,12,25,6,2023-03-01,1,807072.73,807072.73
13770,6,1,6,7,2024-03-29,2,2981522.63,5963045.26
13771,24,7,31,10,2023-01-31,1,1805761.39,1805761.39
13772,27,3,16,4,2022-07-06,1,3134691.55,3134691.55
13773,10,14,28,9,2024-08-17,2,3866844.26,7733688.52
13774,25,5,22,7,2022-08-04,1,1766953.71,1766953.71
13775,3,5,38,5,2024-03-20,1,503844.61,503844.61
13776,15,1,12,9,2023-01-16,1,4041406.64,4041406.64
13777,26,8,20,8,2023-01-03,1,1699522.23,1699522.23
13778,13,2,15,12,2024-06-02,1,708723.99,708723.99
13779,39,2,42,1,2022-08-15,1,2817924.9,2817924.9
13780,34,15,6,11,2024-10-03,1,4054528.59,4054528.59
13781,40,2,48,6,2025-02-09,2,3700313.85,7400627.7
13782,26,5,21,7,2025-10-23,1,4075267.75,4075267.75
13783,35,13,1,8,2023-03-23,1,3048992.46,3048992.46
13784,32,5,54,9,2022-12-10,1,2670334.49,2670334.49
13785,13,11,50,1,2025-10-23,1,548616.98,548616.98
13786,6,2,2,12,2022-07-05,1,1784298.25,1784298.25
13787,11,6,23,9,2025-06-09,1,1221724.13,1221724.13
13788,32,4,43,5,2024-05-05,1,3875521.3,3875521.3
13789,40,6,42,4,2022-03-10,2,6023267.76,12046535.52
13790,16,5,6,1,2023-04-25,1,661613.93,661613.93
13791,1,3,13,7,2022-06-12,1,4338102.07,4338102.07
13792,43,7,42,6,2024-12-21,1,4476102.79,4476102.79
13793,15,5,24,6,2023-08-09,1,1691299.81,1691299.81
13794,20,3,36,8,2025-11-29,1,2518720.8,2518720.8
13795,19,1,54,6,2024-05-01,1,1660738.78,1660738.78
13796,33,3,37,7,2024-09-09,1,1068915.77,1068915.77
13797,15,3,18,1,2024-02-19,1,5040511.79,5040511.79
13798,19,6,15,5,2025-08-08,1,2342374.38,2342374.38
13799,13,5,46,8,2025-09-12,1,854329.04,854329.04
13800,14,6,7,6,2023-07-25,2,1239154.49,2478308.98
13801,12,1,3,3,2024-06-10,3,2954373.88,8863121.64
13802,11,1,40,6,2024-03-02,1,3033290.28,3033290.28
13803,6,2,3,6,2023-01-24,1,1917114.42,1917114.42
13804,3,11,15,4,2025-09-18,1,615604.27,615604.27
13805,20,5,33,11,2025-03-30,1,1557286.01,1557286.01
13806,9,1,26,1,2022-08-12,2,1485074.44,2970148.88
13807,37,1,26,4,2023-01-29,1,3170007.13,3170007.13
13808,6,14,32,6,2025-05-17,1,2284702.3,2284702.3
13809,23,8,2,6,2024-01-01,1,4694868.39,4694868.39
13810,30,4,8,7,2023-04-12,1,3776943.45,3776943.45
13811,18,3,38,3,2023-11-29,2,3661438.43,7322876.86
13812,39,4,27,1,2024-07-06,2,1582084.76,3164169.52
13813,24,12,51,12,2024-05-19,1,2403147.32,2403147.32
13814,29,1,54,4,2024-04-04,1,587012.25,587012.25
13815,27,4,47,3,2024-06-19,1,2900080.62,2900080.62
13816,42,2,20,7,2025-08-21,1,1440358.49,1440358.49
13817,15,4,51,5,2025-11-21,1,4349643.75,4349643.75
13818,9,4,51,4,2024-11-22,1,1794367.59,1794367.59
13819,18,9,4,8,2025-09-08,1,3309971.72,3309971.72
13820,35,7,24,9,2024-07-06,1,3610249.37,3610249.37
13821,17,1,11,7,2022-05-31,1,662066.9,662066.9
13822,26,2,51,2,2022-06-26,1,1280125.76,1280125.76
13823,42,12,34,7,2024-11-10,1,1289635.88,1289635.88
13824,30,11,23,6,2024-03-20,1,3613925.91,3613925.91
13825,26,1,1,7,2025-06-15,1,1124449.87,1124449.87
13826,43,11,53,6,2022-12-12,1,5341463.28,5341463.28
13827,42,10,6,7,2025-04-24,2,1256837.1,2513674.2
13828,14,11,9,9,2023-09-20,1,796321.18,796321.18
13829,15,2,6,9,2023-05-05,1,3342434.25,3342434.25
13830,17,3,29,9,2023-06-12,2,554083.33,1108166.66
13831,15,6,46,7,2023-08-11,2,3546295.58,7092591.16
13832,14,2,18,3,2023-08-15,1,1826795.31,1826795.31
13833,41,5,9,8,2024-09-23,1,4300039.99,4300039.99
13834,24,4,16,5,2025-03-11,1,2277507.95,2277507.95
13835,23,5,32,1,2023-08-26,1,3363682.59,3363682.59
13836,33,11,40,6,2025-10-01,2,906272.14,1812544.28
13837,27,2,24,6,2023-10-06,2,4518558.31,9037116.62
13838,41,5,55,10,2024-03-05,1,3648820.7,3648820.7
13839,13,3,13,6,2022-04-05,1,793697.38,793697.38
13840,28,4,25,1,2024-08-02,1,4149114.77,4149114.77
13841,36,3,39,6,2025-01-18,1,1932709.71,1932709.71
13842,25,7,23,6,2022-09-13,1,1197184.21,1197184.21
13843,10,5,15,1,2022-04-04,3,2615474.25,7846422.75
13844,12,12,5,2,2022-05-03,1,1222853.09,1222853.09
13845,28,14,15,6,2023-12-08,1,3805778.13,3805778.13
13846,24,3,14,11,2022-06-01,1,2717109.6,2717109.6
13847,19,12,28,3,2024-10-07,1,1345813.08,1345813.08
13848,19,5,4,7,2023-03-30,2,2148334.54,4296669.08
13849,18,2,21,3,2023-06-02,1,2116194.59,2116194.59
13850,34,11,6,5,2025-05-13,1,4073844.74,4073844.74
13851,14,2,20,11,2023-08-26,1,1607668.02,1607668.02
13852,20,8,17,1,2025-08-24,1,4592867.22,4592867.22
13853,35,12,12,7,2024-07-25,1,2660912.27,2660912.27
13854,34,2,29,9,2023-02-24,1,2669933.13,2669933.13
13855,40,1,40,6,2022-07-03,1,1440437.89,1440437.89
13856,42,6,24,10,2024-09-15,1,1229016.6,1229016.6
13857,18,7,27,3,2024-11-01,1,1746471.28,1746471.28
13858,15,7,14,6,2022-07-04,2,3555081.26,7110162.52
13859,11,11,17,1,2022-11-19,1,3289346.72,3289346.72
13860,30,12,16,4,2025-12-01,1,2658251.71,2658251.71
13861,31,7,27,2,2023-01-02,1,3630262.21,3630262.21
13862,43,12,5,7,2025-08-22,1,3186281.97,3186281.97
13863,7,4,4,6,2024-01-17,1,4766374.2,4766374.2
13864,19,12,7,7,2022-05-27,1,2444726.99,2444726.99
13865,37,7,52,8,2022-08-03,1,5711400.32,5711400.32
13866,26,15,5,1,2025-07-19,1,4158855.59,4158855.59
13867,28,6,46,4,2022-04-12,1,3467928.21,3467928.21
13868,33,1,32,6,2025-10-01,1,2647560.46,2647560.46
13869,14,9,3,8,2024-06-23,1,1128677.16,1128677.16
13870,27,2,42,5,2024-07-02,1,2118861.29,2118861.29
13871,17,14,33,3,2024-07-23,1,527547.15,527547.15
13872,40,12,31,7,2025-05-21,1,2627628.25,2627628.25
13873,12,3,43,2,2025-11-01,1,4374881.25,4374881.25
13874,18,4,10,3,2022-02-13,1,3613765.26,3613765.26
13875,15,6,31,3,2024-07-06,1,1639371.73,1639371.73
13876,33,10,5,4,2024-04-28,1,1490481.16,1490481.16
13877,41,3,18,6,2025-11-19,1,1376070.37,1376070.37
13878,35,1,9,4,2023-05-04,2,3399180.51,6798361.02
13879,14,1,27,7,2025-02-10,1,1883651.35,1883651.35
13880,31,14,10,12,2022-09-21,1,4497384.39,4497384.39
13881,32,4,43,1,2024-07-27,1,4913830.74,4913830.74
13882,23,1,44,1,2025-06-01,1,2441817.0,2441817.0
13883,27,8,37,4,2022-08-20,1,3000731.51,3000731.51
13884,7,6,18,5,2024-01-26,2,4196363.2,8392726.4
13885,22,6,2,3,2023-04-23,1,1254823.35,1254823.35
13886,8,14,39,2,2022-02-08,2,944972.29,1889944.58
13887,25,1,16,1,2023-06-22,1,3873114.06,3873114.06
13888,35,8,20,7,2024-02-16,1,1088048.13,1088048.13
13889,10,6,27,6,2023-05-26,1,2284944.04,2284944.04
13890,13,6,29,9,2022-07-12,1,617896.99,617896.99
13891,40,5,14,7,2022-07-22,1,2198557.88,2198557.88
13892,16,11,48,2,2025-07-02,1,410361.12,410361.12
13893,26,4,55,3,2025-05-12,1,2048755.7,2048755.7
13894,9,13,34,3,2025-08-11,1,2187166.15,2187166.15
13895,37,3,42,1,2022-04-10,1,4059005.04,4059005.04
13896,5,1,30,3,2025-04-07,2,9020927.95,18041855.9
13897,24,12,47,7,2022-01-15,1,3790396.89,3790396.89
13898,22,2,24,9,2025-06-19,1,1373200.49,1373200.49
13899,28,2,32,3,2025-05-30,1,3432649.69,3432649.69
13900,32,2,14,1,2022-11-05,2,1373959.53,2747919.06
13901,31,12,39,8,2023-07-25,1,1808996.4,1808996.4
13902,19,6,53,7,2024-07-14,1,2102063.47,2102063.47
13903,10,15,29,11,2025-05-24,1,2883503.83,2883503.83
13904,14,4,39,8,2022-06-18,1,763656.32,763656.32
13905,11,6,30,7,2025-02-12,1,3676591.72,3676591.72
13906,43,13,31,4,2025-05-25,1,5511920.32,5511920.32
13907,25,12,52,7,2024-06-02,1,4086556.29,4086556.29
13908,40,4,28,9,2023-11-27,1,5643994.42,5643994.42
13909,38,6,51,1,2022-07-13,1,2934709.55,2934709.55
13910,15,11,39,2,2023-03-24,1,3849995.51,3849995.51
13911,25,3,46,9,2025-07-11,1,3197451.73,3197451.73
13912,19,5,54,3,2025-03-05,2,1362562.69,2725125.38
13913,31,5,2,10,2025-04-27,2,2509420.94,5018841.88
13914,10,6,4,11,2025-03-09,1,2933531.8,2933531.8
13915,6,4,43,3,2024-09-28,3,2877870.23,8633610.69
13916,10,8,15,1,2024-05-06,1,3319632.91,3319632.91
13917,32,4,41,1,2023-10-15,2,1142069.26,2284138.52
13918,28,12,57,12,2023-11-14,1,3128992.15,3128992.15
13919,39,2,50,5,2025-11-27,1,1637011.36,1637011.36
13920,2,6,42,6,2024-07-28,1,2555235.54,2555235.54
13921,7,5,51,9,2024-05-24,1,5515816.19,5515816.19
13922,27,15,24,4,2023-10-03,2,1135247.61,2270495.22
13923,38,14,32,6,2023-08-19,1,2154643.86,2154643.86
13924,26,5,41,3,2024-02-26,1,2089013.4,2089013.4
13925,21,11,33,9,2023-07-05,1,972887.82,972887.82
13926,16,1,32,1,2025-01-11,1,672516.52,672516.52
13927,24,4,51,9,2024-09-13,1,892458.74,892458.74
13928,43,4,5,3,2023-03-17,1,4772450.8,4772450.8
13929,16,4,11,4,2022-10-22,1,696590.35,696590.35
13930,40,3,34,10,2024-11-16,1,6510954.03,6510954.03
13931,36,2,20,9,2022-06-23,1,1322150.0,1322150.0
13932,33,6,21,2,2022-07-16,1,1657465.27,1657465.27
13933,9,2,47,6,2023-01-08,1,1723591.35,1723591.35
13934,24,11,7,3,2022-11-14,1,3922425.03,3922425.03
13935,23,5,40,1,2022-09-23,1,2049827.88,2049827.88
13936,2,12,23,6,2024-04-22,3,3300269.29,9900807.87
13937,3,1,39,8,2024-06-25,2,555986.53,1111973.06
13938,39,2,24,6,2025-12-06,1,1417520.51,1417520.51
13939,12,12,12,6,2024-07-26,1,1276696.96,1276696.96
13940,3,6,20,1,2025-01-27,1,759559.22,759559.22
13941,37,11,52,3,2025-11-16,1,5108136.5,5108136.5
13942,11,5,1,2,2023-01-02,1,992650.84,992650.84
13943,30,4,45,6,2024-10-31,2,3205224.44,6410448.88
13944,30,6,7,4,2023-07-22,1,4544824.92,4544824.92
13945,5,13,19,8,2022-08-18,1,11160328.68,11160328.68
13946,1,5,9,1,2024-11-11,2,3368239.59,6736479.18
13947,16,4,41,5,2022-02-24,1,416449.34,416449.34
13948,4,3,4,3,2023-06-25,1,736014.22,736014.22
13949,26,12,34,6,2022-10-27,1,2091065.23,2091065.23
13950,16,13,36,3,2023-06-23,1,702748.57,702748.57
13951,11,5,25,10,2025-06-30,1,3953213.81,3953213.81
13952,7,12,19,6,2024-01-26,1,1910869.08,1910869.08
13953,9,13,30,1,2023-01-12,1,1150362.77,1150362.77
13954,13,2,42,9,2025-10-17,1,642408.16,642408.16
13955,35,11,9,11,2023-09-14,1,2270973.08,2270973.08
13956,6,14,29,5,2023-11-30,3,3061159.05,9183477.15
13957,15,15,10,5,2023-07-27,1,3374583.87,3374583.87
13958,40,13,36,7,2023-09-30,1,6903031.32,6903031.32
13959,9,6,13,5,2024-03-06,1,1784937.17,1784937.17
13960,20,3,25,3,2022-08-29,2,3558572.33,7117144.66
13961,20,1,49,6,2022-04-11,2,3703718.42,7407436.84
13962,30,1,48,8,2025-05-16,1,2071415.48,2071415.48
13963,19,3,40,1,2022-02-16,1,2493299.29,2493299.29
13964,38,6,21,6,2022-10-31,1,3411448.21,3411448.21
13965,19,1,24,4,2024-01-28,1,2197422.45,2197422.45
13966,4,1,1,6,2023-01-29,1,810228.47,810228.47
13967,39,2,18,2,2024-05-29,1,3467713.05,3467713.05
13968,25,9,22,6,2023-07-15,1,2391922.32,2391922.32
13969,25,13,51,3,2024-12-18,1,3261788.5,3261788.5
13970,20,4,33,8,2023-02-21,1,2906358.43,2906358.43
13971,29,1,32,8,2022-03-01,1,481343.59,481343.59
13972,26,2,24,3,2023-08-18,1,816042.93,816042.93
13973,33,2,47,6,2024-01-08,1,1694815.79,1694815.79
13974,23,13,11,5,2025-03-24,1,3055888.28,3055888.28
13975,12,10,7,8,2023-08-28,1,2343588.13,2343588.13
13976,16,4,55,1,2022-02-20,2,486744.65,973489.3
13977,37,1,38,10,2024-12-26,3,5745142.39,17235427.17
13978,12,4,6,1,2023-01-23,1,1410183.63,1410183.63
13979,33,12,12,3,2025-09-12,1,2601855.1,2601855.1
13980,11,5,51,1,2025-07-08,1,1241220.74,1241220.74
13981,39,6,14,8,2024-06-08,1,1076729.47,1076729.47
13982,17,2,5,10,2023-12-14,1,463288.98,463288.98
13983,36,2,4,1,2022-05-07,1,2098458.56,2098458.56
13984,9,1,48,6,2022-10-23,1,1232425.48,1232425.48
13985,29,1,49,6,2023-05-30,1,728082.87,728082.87
13986,8,11,11,6,2023-10-24,1,666831.65,666831.65
13987,28,4,27,3,2024-02-01,1,4715785.8,4715785.8
13988,14,1,10,7,2025-01-27,1,1212011.43,1212011.43
13989,17,7,47,12,2023-09-03,1,731573.18,731573.18
13990,29,4,7,6,2025-04-09,1,665406.25,665406.25
13991,32,6,42,1,2023-11-15,1,2689762.61,2689762.61
13992,35,3,21,11,2025-09-08,3,4054100.67,12162302.01
13993,32,3,20,1,2022-06-19,2,4315580.12,8631160.24
13994,12,8,46,7,2023-02-02,1,2057057.27,2057057.27
13995,22,2,9,1,2024-05-25,1,1858023.44,1858023.44
13996,13,7,12,5,2023-03-28,1,637215.91,637215.91
13997,25,3,22,2,2023-02-13,1,989121.58,989121.58
13998,27,1,32,2,2023-08-03,1,1451277.81,1451277.81
13999,34,2,28,1,2025-05-15,1,2800384.23,2800384.23
14000,11,6,20,2,2023-05-12,1,4192498.06,4192498.06
14001,7,5,27,6,2024-04-23,2,4735318.02,9470636.04
14002,27,4,14,6,2022-08-07,1,4724127.42,4724127.42
14003,12,11,49,1,2024-03-31,1,1262812.81,1262812.81
14004,27,4,54,3,2022-05-14,2,2148225.75,4296451.5
14005,25,11,4,9,2025-07-16,1,1569479.58,1569479.58
14006,19,1,37,8,2024-07-24,1,2295003.8,2295003.8
14007,17,4,52,2,2022-07-04,1,728945.2,728945.2
14008,38,5,39,6,2024-11-09,2,2261595.44,4523190.88
14009,19,6,7,6,2022-10-05,1,1545492.99,1545492.99
14010,13,4,7,8,2024-08-27,1,503153.52,503153.52
14011,19,1,44,1,2022-01-31,1,1363803.29,1363803.29
14012,41,5,42,3,2023-02-15,1,5152261.79,5152261.79
14013,28,3,31,1,2023-06-09,2,4532205.0,9064410.0
14014,8,12,39,5,2024-08-07,1,921947.5,921947.5
14015,16,3,7,9,2022-05-15,1,707678.35,707678.35
14016,34,4,26,3,2022-05-24,1,4625483.7,4625483.7
14017,8,6,40,9,2025-02-15,2,659528.25,1319056.5
14018,9,4,26,11,2022-09-29,1,1932305.89,1932305.89
14019,26,6,9,1,2022-08-18,1,2723051.14,2723051.14
14020,13,2,47,7,2022-07-07,1,806571.31,806571.31
14021,41,5,6,3,2024-11-16,1,4563025.75,4563025.75
14022,19,2,23,1,2024-09-13,1,812838.77,812838.77
14023,13,11,41,6,2025-11-17,1,576697.49,576697.49
14024,34,2,15,3,2023-01-07,1,4593379.42,4593379.42
14025,9,11,32,6,2022-07-03,1,1445701.81,1445701.81
14026,1,1,43,6,2023-08-16,1,3485734.16,3485734.16
14027,20,2,25,11,2025-08-09,2,3256797.25,6513594.5
14028,33,4,50,7,2025-04-15,1,2068235.29,2068235.29
14029,29,12,7,3,2022-11-05,1,429600.38,429600.38
14030,28,6,14,5,2022-11-27,1,3043255.55,3043255.55
14031,20,10,50,8,2022-06-25,1,4633996.04,4633996.04
14032,24,10,34,6,2023-06-28,2,1047822.62,2095645.24
14033,7,7,3,6,2023-02-27,3,3629825.02,10889475.06
14034,15,12,26,10,2025-02-11,1,4031424.59,4031424.59
14035,21,12,1,9,2024-02-16,3,1399094.41,4197283.23
14036,2,2,33,8,2025-10-20,1,3013752.12,3013752.12
14037,8,12,26,5,2024-05-04,1,618624.31,618624.31
14038,13,15,21,11,2025-01-25,1,546987.07,546987.07
14039,25,3,8,3,2024-08-22,1,2121386.78,2121386.78
14040,20,14,37,3,2023-04-09,1,1481033.57,1481033.57
14041,20,14,53,7,2024-02-21,1,5038789.26,5038789.26
14042,15,6,32,2,2024-04-09,2,3797432.71,7594865.42
14043,39,11,23,3,2025-02-14,1,1229603.65,1229603.65
14044,37,13,38,6,2023-10-26,1,4559513.4,4559513.4
14045,10,4,7,9,2023-09-14,1,4132380.26,4132380.26
14046,25,9,54,4,2023-12-27,2,3864447.42,7728894.84
14047,24,4,38,12,2022-11-20,1,3432449.34,3432449.34
14048,9,2,20,9,2023-07-22,1,1952906.97,1952906.97
14049,6,4,6,3,2024-08-07,1,1648856.83,1648856.83
14050,14,1,23,5,2025-02-08,1,1747898.13,1747898.13
14051,17,3,42,7,2023-09-14,1,438690.78,438690.78
14052,12,1,14,10,2024-02-16,1,3176185.09,3176185.09
14053,18,2,54,6,2023-07-08,1,2527144.01,2527144.01
14054,6,8,2,6,2023-06-18,3,2914785.0,8744355.0
14055,20,5,48,11,2022-03-30,1,1497976.2,1497976.2
14056,37,7,47,10,2025-01-23,1,1549858.16,1549858.16
14057,9,11,21,12,2023-07-21,1,1169337.57,1169337.57
14058,29,6,29,1,2024-03-10,1,515687.45,515687.45
14059,11,1,4,12,2022-08-13,1,2334205.26,2334205.26
14060,33,6,19,7,2022-02-17,1,1573390.05,1573390.05
14061,20,2,5,8,2025-05-13,1,3654693.37,3654693.37
14062,18,4,38,12,2025-04-28,1,3700811.39,3700811.39
14063,26,2,50,6,2022-09-02,2,1018373.32,2036746.64
14064,40,13,12,6,2022-03-16,1,6712199.41,6712199.41
14065,9,10,10,1,2023-10-08,3,2681926.9,8045780.7
14066,28,2,44,9,2024-06-11,1,4266955.68,4266955.68
14067,14,3,27,3,2025-06-29,1,914218.27,914218.27
14068,15,15,34,6,2023-03-05,1,3011355.46,3011355.46
14069,3,6,15,6,2025-12-27,1,568101.98,568101.98
14070,30,11,38,4,2023-04-26,1,4515702.33,4515702.33
14071,43,6,1,1,2024-03-24,1,3921202.52,3921202.52
14072,30,1,40,6,2023-01-28,1,3346061.13,3346061.13
14073,9,14,27,8,2023-12-04,1,2206036.04,2206036.04
14074,15,4,9,3,2024-07-27,1,1352439.84,1352439.84
14075,37,3,20,2,2022-05-10,1,6281104.25,6281104.25
14076,38,11,39,4,2025-03-11,1,3702450.85,3702450.85
14077,27,7,40,1,2024-10-28,1,1435736.75,1435736.75
14078,25,1,27,5,2023-11-05,1,3793092.75,3793092.75
14079,16,1,21,4,2022-03-18,1,645018.87,645018.87
14080,11,6,33,1,2025-05-27,1,4012662.59,4012662.59
14081,14,4,7,6,2025-08-03,2,1244781.41,2489562.82
14082,25,9,41,5,2022-02-14,1,1026366.29,1026366.29
14083,17,2,31,7,2025-10-20,2,429570.16,859140.32
14084,27,14,6,3,2025-09-06,1,3530580.56,3530580.56
14085,7,2,55,9,2023-04-30,1,3837674.07,3837674.07
14086,27,6,12,10,2025-07-16,1,1722018.01,1722018.01
14087,3,6,48,1,2023-07-08,1,553755.03,553755.03
14088,26,5,46,7,2024-02-25,1,2682629.37,2682629.37
14089,34,3,1,6,2023-06-05,1,842702.47,842702.47
14090,7,1,42,8,2022-03-01,1,2002808.22,2002808.22
14091,8,1,8,4,2025-06-21,2,519951.13,1039902.26
14092,7,5,4,5,2024-10-06,1,2419595.75,2419595.75
14093,25,3,25,7,2022-06-09,1,3599610.83,3599610.83
14094,17,4,19,6,2023-07-17,1,695466.25,695466.25
14095,37,12,38,12,2023-06-27,2,1376722.85,2753445.7
14096,32,11,43,7,2025-03-03,1,4260413.26,4260413.26
14097,19,6,3,3,2024-11-11,1,1756300.75,1756300.75
14098,14,3,33,6,2022-06-18,1,962610.49,962610.49
14099,36,15,54,4,2025-03-02,1,1506087.24,1506087.24
14100,27,15,13,2,2022-04-14,1,1549115.82,1549115.82
14101,23,6,39,8,2022-03-05,1,3200033.72,3200033.72
14102,31,1,21,9,2025-07-29,1,1406611.08,1406611.08
14103,34,3,55,8,2024-12-28,1,1878082.46,1878082.46
14104,16,4,23,6,2023-01-30,1,705028.63,705028.63
14105,12,6,10,3,2023-11-25,1,4098061.1,4098061.1
14106,2,5,34,5,2023-04-28,1,1578687.66,1578687.66
14107,17,12,23,8,2025-01-19,1,685165.41,685165.41
14108,25,6,41,1,2023-09-15,1,821472.88,821472.88
14109,25,6,36,7,2025-04-23,1,1367387.62,1367387.62
14110,15,1,37,9,2025-09-28,1,2872502.9,2872502.9
14111,8,3,22,11,2022-10-04,1,621608.23,621608.23
14112,27,12,20,8,2023-05-26,1,1015140.34,1015140.34
14113,43,1,52,8,2022-03-18,1,2959379.08,2959379.08
14114,18,12,1,1,2024-08-04,2,2550200.59,5100401.18
14115,23,9,3,3,2022-07-15,1,2424675.7,2424675.7
14116,13,3,40,6,2022-09-18,1,568689.34,568689.34
14117,4,4,13,11,2022-11-05,2,1394382.06,2788764.12
14118,4,4,32,1,2022-03-12,1,906343.73,906343.73
14119,31,4,44,8,2024-10-03,1,3078234.4,3078234.4
14120,10,5,3,3,2024-04-28,1,3405226.97,3405226.97
14121,8,11,11,11,2025-10-15,1,690850.34,690850.34
14122,14,4,54,3,2023-07-14,1,1100833.19,1100833.19
14123,41,15,47,4,2024-09-30,1,2116518.24,2116518.24
14124,30,2,5,4,2023-06-01,1,1759717.67,1759717.67
14125,10,5,15,8,2024-03-29,1,2188053.67,2188053.67
14126,34,2,22,6,2025-07-08,1,2624161.9,2624161.9
14127,26,8,14,3,2025-08-31,1,1943846.02,1943846.02
14128,25,2,1,1,2022-03-24,1,2893991.14,2893991.14
14129,43,5,40,4,2022-07-13,1,5164460.55,5164460.55
14130,16,1,19,6,2022-04-05,1,693927.42,693927.42
14131,38,1,14,1,2024-02-14,2,1192205.99,2384411.98
14132,21,10,8,2,2023-01-23,1,1341534.52,1341534.52
14133,32,3,37,12,2023-07-31,1,4242854.14,4242854.14
14134,8,2,20,7,2025-11-21,1,676050.14,676050.14
14135,6,10,6,4,2022-08-26,1,3502428.05,3502428.05
14136,19,1,4,7,2025-05-21,1,1012691.64,1012691.64
14137,13,5,28,2,2024-11-08,1,801324.45,801324.45
14138,11,5,22,12,2023-03-08,1,4582526.61,4582526.61
14139,42,11,25,7,2022-10-09,1,1292328.26,1292328.26
14140,9,6,15,8,2024-03-22,2,1543497.27,3086994.54
14141,29,5,51,7,2025-01-10,1,667211.49,667211.49
14142,8,12,17,3,2022-03-10,1,745025.29,745025.29
14143,13,3,29,3,2024-09-20,2,501848.91,1003697.82
14144,16,2,42,1,2023-07-02,1,724879.08,724879.08
14145,37,3,30,11,2023-08-28,2,3152486.19,6304972.38
14146,24,3,54,3,2023-06-14,1,3137454.5,3137454.5
14147,28,5,38,7,2024-01-10,1,3076197.24,3076197.24
14148,35,10,23,4,2022-12-19,1,1353105.83,1353105.83
14149,32,8,51,8,2025-07-05,1,2276135.82,2276135.82
14150,34,1,39,8,2024-10-17,1,4535806.42,4535806.42
14151,30,2,42,7,2022-06-29,2,2082923.99,4165847.98
14152,30,11,29,3,2025-06-20,1,2211760.4,2211760.4
14153,5,3,53,12,2022-10-01,1,9857011.09,9857011.09
14154,20,3,51,3,2023-06-07,1,2554626.17,2554626.17
14155,7,2,39,1,2024-07-23,1,2573264.84,2573264.84
14156,7,12,32,3,2022-10-19,1,5300246.37,5300246.37
14157,42,2,21,7,2025-01-31,2,1798880.5,3597761.0
14158,31,1,42,11,2024-09-01,1,3111076.42,3111076.42
14159,27,13,22,6,2022-10-20,1,1211632.41,1211632.41
14160,22,5,43,7,2022-12-12,1,1279897.65,1279897.65
14161,37,3,38,6,2022-07-23,1,6410210.72,6410210.72
14162,29,3,35,1,2024-08-04,1,435523.1,435523.1
14163,27,15,31,6,2025-06-19,1,2280137.3,2280137.3
14164,28,4,29,1,2023-07-06,1,2220025.53,2220025.53
14165,18,11,46,4,2025-03-20,1,2879166.25,2879166.25
14166,36,6,27,2,2024-03-26,2,2300540.76,4601081.52
14167,20,6,22,6,2023-03-30,2,2932273.07,5864546.14
14168,28,2,35,12,2023-11-15,1,912246.77,912246.77
14169,20,2,2,7,2024-05-21,1,4767854.52,4767854.52
14170,18,13,28,12,2025-02-02,2,3491990.07,6983980.14
14171,33,4,32,11,2023-06-14,1,2316202.54,2316202.54
14172,7,4,40,6,2022-11-04,2,1665052.6,3330105.2
14173,42,2,31,4,2024-02-28,1,2109590.36,2109590.36
14174,30,1,20,9,2022-09-22,1,3110912.99,3110912.99
14175,35,3,7,8,2025-01-28,1,1397553.33,1397553.33
14176,42,10,23,7,2024-07-20,1,1789568.15,1789568.15
14177,18,13,41,4,2022-08-04,1,2066616.47,2066616.47
14178,2,3,17,3,2024-09-10,2,3295376.97,6590753.94
14179,10,14,5,7,2023-02-06,1,4248786.22,4248786.22
14180,40,2,3,5,2023-09-26,2,1898530.83,3797061.66
14181,9,1,8,8,2025-04-29,1,2189391.83,2189391.83
14182,20,7,55,3,2022-02-20,1,3395834.34,3395834.34
14183,43,5,39,4,2025-11-19,1,2196172.96,2196172.96
14184,20,6,8,12,2024-02-11,1,2487785.0,2487785.0
14185,18,1,31,9,2024-04-13,1,2228359.31,2228359.31
14186,28,4,6,1,2022-12-09,1,3582855.37,3582855.37
14187,21,1,35,3,2023-11-13,1,1269309.79,1269309.79
14188,4,3,45,7,2024-03-02,1,827771.92,827771.92
14189,19,13,24,7,2025-04-25,2,2299372.83,4598745.66
14190,10,4,25,10,2022-06-23,1,3353394.12,3353394.12
14191,37,2,1,3,2024-10-21,1,3899312.85,3899312.85
14192,27,12,7,7,2025-11-19,1,3012779.23,3012779.23
14193,12,5,36,11,2022-07-27,1,3072210.22,3072210.22
14194,32,15,20,3,2022-03-02,1,2260864.26,2260864.26
14195,41,4,50,5,2023-07-01,1,5033369.47,5033369.47
14196,31,1,51,9,2024-03-20,1,985149.11,985149.11
14197,23,3,23,3,2023-09-29,1,4921855.74,4921855.74
14198,40,1,57,6,2024-03-17,2,5015899.24,10031798.48
14199,2,14,36,5,2022-07-06,1,1907658.66,1907658.66
14200,43,11,2,5,2025-04-03,1,3380634.93,3380634.93
14201,18,1,53,3,2023-08-17,2,2997892.86,5995785.72
14202,43,2,52,7,2022-09-10,1,2445103.68,2445103.68
14203,20,4,30,4,2025-03-20,2,4659241.27,9318482.54
14204,32,1,47,1,2022-03-08,1,4666616.78,4666616.78
14205,11,2,49,3,2024-03-06,1,1037629.35,1037629.35
14206,32,1,14,10,2025-09-26,1,3275253.6,3275253.6
14207,10,14,17,2,2022-07-17,1,2219620.02,2219620.02
14208,10,14,18,11,2025-10-29,2,4459637.7,8919275.4
14209,28,11,23,2,2024-02-23,1,2464030.31,2464030.31
14210,25,5,53,6,2023-05-05,3,1234320.9,3702962.7
14211,12,9,52,4,2023-06-28,1,1265997.16,1265997.16
14212,30,6,48,6,2024-08-24,1,2144677.68,2144677.68
14213,30,1,25,2,2023-09-08,1,3604967.85,3604967.85
14214,13,5,22,8,2025-03-20,1,620578.63,620578.63
14215,30,6,36,5,2024-08-13,1,1905908.46,1905908.46
14216,28,3,23,2,2023-04-18,1,2148055.86,2148055.86
14217,4,1,41,5,2023-02-12,1,772495.66,772495.66
14218,9,11,12,6,2024-02-12,2,1966181.63,3932363.26
14219,25,1,24,8,2022-01-26,1,3702183.73,3702183.73
14220,7,6,20,6,2025-02-16,1,5166551.87,5166551.87
14221,38,2,26,9,2024-04-14,1,4333464.9,4333464.9
14222,35,4,25,8,2025-09-29,2,2827111.2,5654222.4
14223,18,1,38,4,2024-04-03,2,2894138.78,5788277.56
14224,25,6,22,3,2023-03-18,1,4025936.61,4025936.61
14225,16,6,1,5,2024-03-09,1,484381.34,484381.34
14226,31,4,13,5,2022-07-06,1,3647850.76,3647850.76
14227,29,4,1,5,2025-12-27,2,424540.71,849081.42
14228,20,8,19,7,2023-03-29,1,2989742.98,2989742.98
14229,28,12,19,8,2022-06-11,1,3881969.63,3881969.63
14230,27,2,26,12,2022-08-03,1,4566732.61,4566732.61
14231,25,3,25,7,2024-09-21,1,4117654.88,4117654.88
14232,30,2,12,6,2025-09-04,2,3373754.01,6747508.02
14233,5,7,38,7,2025-08-29,1,7157688.22,7157688.22
14234,40,11,26,1,2025-12-09,1,6705804.01,6705804.01
14235,10,11,22,6,2024-02-26,1,2220115.4,2220115.4
14236,35,12,43,1,2023-09-21,2,3981487.89,7962975.78
14237,27,6,43,5,2023-08-06,1,3212161.28,3212161.28
14238,27,12,15,5,2025-08-23,1,3459747.62,3459747.62
14239,29,14,21,9,2023-06-23,1,645378.64,645378.64
14240,28,3,34,3,2024-12-16,1,4574862.98,4574862.98
14241,13,15,15,5,2023-04-03,1,833989.56,833989.56
14242,26,5,16,7,2023-03-25,2,1731534.65,3463069.3
14243,14,3,33,6,2025-11-01,1,1664443.0,1664443.0
14244,1,2,50,6,2022-01-07,2,1751603.57,3503207.14
14245,25,1,8,6,2023-07-06,1,3326676.46,3326676.46
14246,20,3,3,1,2022-06-03,1,3251986.51,3251986.51
14247,25,10,53,5,2025-02-06,1,1821625.87,1821625.87
14248,18,3,44,7,2023-06-15,2,3755227.86,7510455.72
14249,25,3,20,3,2023-01-06,1,3548017.81,3548017.81
14250,27,2,2,9,2022-10-27,2,2477495.01,4954990.02
14251,19,12,18,4,2025-11-24,1,1417175.42,1417175.42
14252,40,5,30,7,2024-01-03,1,2246893.41,2246893.41
14253,1,5,40,6,2025-01-12,1,2721583.31,2721583.31
14254,31,15,15,7,2025-04-12,2,2133604.44,4267208.88
14255,17,1,10,9,2025-08-09,1,454771.25,454771.25
14256,38,14,55,4,2023-01-18,2,4773753.42,9547506.84
14257,18,12,46,2,2024-01-31,1,2825315.58,2825315.58
14258,17,8,9,1,2022-01-28,1,624071.24,624071.24
14259,15,5,32,11,2024-07-10,2,3113137.3,6226274.6
14260,12,12,44,9,2024-01-07,1,1950983.04,1950983.04
14261,2,3,34,1,2024-08-13,2,4123974.46,8247948.92
14262,7,1,15,8,2023-06-14,2,4174155.5,8348311.0
14263,12,1,28,1,2023-05-05,1,3690550.92,3690550.92
14264,29,10,54,1,2024-07-05,1,599126.63,599126.63
14265,34,13,4,11,2025-03-24,1,1184205.15,1184205.15
14266,38,14,41,8,2023-12-05,1,2528026.14,2528026.14
14267,37,4,38,7,2025-05-17,2,5772304.93,11544609.86
14268,29,2,38,3,2025-09-08,2,742344.91,1484689.82
14269,4,3,31,5,2025-01-06,1,1429832.83,1429832.83
14270,7,6,53,6,2024-05-19,1,3378413.82,3378413.82
14271,31,4,7,7,2025-10-07,1,4831765.75,4831765.75
14272,11,5,39,1,2023-08-26,1,4440042.27,4440042.27
14273,38,5,8,1,2023-09-01,1,3506827.4,3506827.4
14274,4,3,49,7,2025-01-16,1,724922.45,724922.45
14275,43,3,17,11,2025-11-01,1,1973363.12,1973363.12
14276,27,3,36,3,2022-09-06,1,2244014.47,2244014.47
14277,30,14,24,8,2024-08-07,1,2981874.12,2981874.12
14278,41,3,36,1,2024-07-04,1,960169.01,960169.01
14279,43,11,39,3,2025-05-24,1,2112354.21,2112354.21
14280,27,11,9,6,2022-11-10,1,4419612.87,4419612.87
14281,7,3,47,5,2024-07-11,1,4386396.33,4386396.33
14282,43,9,30,8,2023-04-12,1,4832341.46,4832341.46
14283,32,4,12,6,2023-04-21,1,1226253.22,1226253.22
14284,14,10,23,4,2022-12-15,1,1214723.4,1214723.4
14285,39,12,23,4,2025-12-22,1,2988070.65,2988070.65
14286,19,10,6,6,2022-06-08,1,1086151.21,1086151.21
14287,21,11,45,1,2022-02-24,2,998012.84,1996025.68
14288,7,11,44,8,2025-06-11,1,2647783.45,2647783.45
14289,33,11,47,7,2025-01-08,1,3168868.19,3168868.19
14290,42,2,29,3,2023-09-30,1,1999813.9,1999813.9
14291,9,6,31,1,2024-10-26,2,1958377.73,3916755.46
14292,7,6,49,1,2022-11-10,3,2303895.58,6911686.74
14293,36,3,43,1,2024-05-15,1,2830020.04,2830020.04
14294,13,1,15,12,2025-06-12,1,872838.21,872838.21
14295,27,9,18,7,2023-03-13,1,1251436.12,1251436.12
14296,1,2,55,5,2022-12-05,2,4103304.98,8206609.96
14297,20,9,24,3,2025-05-16,2,2523755.71,5047511.42
14298,3,6,44,1,2025-11-28,2,585203.97,1170407.94
14299,6,2,40,5,2022-12-24,1,3588686.4,3588686.4
14300,34,8,55,9,2023-02-14,1,2375262.47,2375262.47
14301,20,2,13,2,2022-10-18,3,2804567.7,8413703.1
14302,1,8,1,3,2022-08-28,1,1218958.27,1218958.27
14303,10,9,42,7,2025-04-29,1,3075610.99,3075610.99
14304,5,3,38,4,2025-02-06,1,7682225.0,7682225.0
14305,19,3,3,4,2022-10-22,1,2326641.07,2326641.07
14306,41,13,45,1,2023-05-11,1,4569541.49,4569541.49
14307,32,3,10,5,2024-01-05,1,1096926.96,1096926.96
14308,17,15,26,6,2022-05-06,2,691959.91,1383919.82
14309,37,7,35,10,2023-07-27,2,4623874.76,9247749.52
14310,22,2,9,6,2024-01-18,1,866057.32,866057.32
14311,27,7,16,9,2025-11-13,1,2271283.33,2271283.33
14312,38,3,40,6,2024-06-28,1,1092388.03,1092388.03
14313,24,5,14,6,2023-06-10,1,3096889.71,3096889.71
14314,41,12,40,4,2024-08-10,1,3515882.18,3515882.18
14315,25,1,46,11,2024-06-12,1,1961627.01,1961627.01
14316,31,2,20,4,2022-09-12,1,1051155.03,1051155.03
14317,11,6,54,6,2023-08-20,2,2786571.63,5573143.26
14318,39,15,45,7,2024-12-09,1,4870241.61,4870241.61
14319,24,4,47,8,2023-10-21,1,1149572.81,1149572.81
14320,30,3,4,4,2024-05-17,1,4268745.84,4268745.84
14321,42,10,30,3,2025-07-16,1,1382226.7,1382226.7
14322,20,5,46,10,2022-02-16,1,3772334.49,3772334.49
14323,27,3,9,3,2022-12-26,1,2775778.36,2775778.36
14324,6,6,45,7,2024-02-16,1,2773787.06,2773787.06
14325,7,2,42,9,2024-10-18,2,4983043.68,9966087.36
14326,18,6,21,7,2022-08-29,1,3327212.59,3327212.59
14327,42,3,31,5,2024-02-06,1,871567.52,871567.52
14328,14,12,40,6,2022-12-11,1,798340.95,798340.95
14329,21,2,8,11,2023-12-01,1,1939764.91,1939764.91
14330,2,5,31,4,2023-09-25,3,4091414.72,12274244.16
14331,38,3,9,6,2022-02-22,1,2588162.33,2588162.33
14332,17,1,43,6,2024-12-09,2,551830.92,1103661.84
14333,23,7,39,2,2022-11-20,1,4543347.37,4543347.37
14334,10,14,31,7,2025-06-05,1,4334327.94,4334327.94
14335,13,1,28,10,2022-11-19,1,851690.03,851690.03
14336,14,9,52,6,2022-09-18,1,1622294.48,1622294.48
14337,19,7,48,4,2023-07-01,1,2006642.2,2006642.2
14338,13,1,37,6,2024-07-26,1,789546.06,789546.06
14339,14,3,51,4,2022-05-05,2,1261807.19,2523614.38
14340,11,10,46,12,2024-09-24,1,1854346.03,1854346.03
14341,16,15,5,6,2025-02-03,1,536761.02,536761.02
14342,35,13,39,8,2022-11-13,1,4503788.69,4503788.69
14343,20,12,14,2,2024-04-02,1,1931833.14,1931833.14
14344,35,2,54,9,2023-06-26,1,1480880.12,1480880.12
14345,22,1,38,7,2024-03-19,1,1085799.04,1085799.04
14346,15,2,21,9,2025-12-05,2,4029845.54,8059691.08
14347,11,3,14,3,2025-02-24,1,4529631.44,4529631.44
14348,33,2,11,5,2022-07-22,3,3897491.19,11692473.57
14349,7,14,40,7,2025-04-25,1,3535761.39,3535761.39
14350,2,4,17,3,2025-11-17,1,1794014.0,1794014.0
14351,27,2,50,8,2024-09-24,1,3716786.79,3716786.79
14352,43,10,11,6,2024-01-14,1,5109178.24,5109178.24
14353,1,3,16,6,2022-04-19,1,1563380.16,1563380.16
14354,15,3,44,6,2024-04-06,1,1805361.46,1805361.46
14355,41,5,17,8,2024-06-24,2,1000542.12,2001084.24
14356,43,3,7,8,2024-11-09,1,1885182.39,1885182.39
14357,13,5,11,7,2024-10-23,1,698509.96,698509.96
14358,27,6,19,7,2025-08-03,1,2173560.87,2173560.87
14359,26,15,16,6,2023-12-01,1,977460.18,977460.18
14360,16,7,10,3,2024-07-13,1,716473.25,716473.25
14361,14,13,28,4,2023-03-14,2,1189194.83,2378389.66
14362,33,8,46,12,2024-12-26,2,3876899.33,7753798.66
14363,35,10,50,6,2023-04-15,1,2390722.31,2390722.31
14364,32,8,46,6,2025-07-08,1,3406925.32,3406925.32
14365,20,2,42,2,2022-11-23,1,3068115.74,3068115.74
14366,24,5,37,4,2025-09-19,1,1207162.93,1207162.93
14367,22,1,15,6,2022-11-28,1,966879.48,966879.48
14368,20,1,26,12,2025-01-25,2,3925183.9,7850367.8
14369,26,1,36,1,2025-03-27,1,772499.39,772499.39
14370,26,13,49,7,2022-04-25,1,2544542.96,2544542.96
14371,7,11,15,3,2025-02-19,2,1798200.32,3596400.64
14372,24,11,40,9,2022-09-03,1,4424223.38,4424223.38
14373,20,3,52,1,2024-09-13,1,2848292.89,2848292.89
14374,41,8,9,3,2022-02-04,1,4164196.74,4164196.74
14375,13,15,21,1,2025-07-01,1,540664.56,540664.56
14376,33,1,7,5,2023-03-22,2,3104264.86,6208529.72
14377,18,3,47,10,2022-07-25,1,3329925.83,3329925.83
14378,38,7,12,6,2023-08-30,1,1544264.59,1544264.59
14379,32,2,48,1,2023-08-30,2,2994599.87,5989199.74
14380,20,10,18,2,2022-10-17,1,2119711.75,2119711.75
14381,19,2,31,8,2022-06-09,1,1345303.55,1345303.55
14382,14,5,54,9,2024-04-15,1,1460594.77,1460594.77
14383,36,6,14,6,2023-04-26,2,1416990.27,2833980.54
14384,39,1,42,3,2024-05-19,2,2099919.34,4199838.68
14385,11,2,51,7,2025-02-06,1,2115217.84,2115217.84
14386,9,2,23,3,2022-07-01,1,1795603.1,1795603.1
14387,15,5,12,1,2025-03-24,1,1077653.45,1077653.45
14388,40,2,3,5,2022-01-09,1,4900744.39,4900744.39
14389,6,14,29,4,2025-11-07,1,3144593.25,3144593.25
14390,17,11,37,8,2022-12-28,1,717097.8,717097.8
14391,17,6,16,7,2022-01-29,3,672473.15,2017419.45
14392,23,9,42,2,2022-04-04,2,2750964.3,5501928.6
14393,19,10,35,8,2023-05-22,2,2226085.54,4452171.08
14394,15,5,32,1,2023-08-03,1,4825073.13,4825073.13
14395,28,3,47,4,2025-11-06,1,4493271.97,4493271.97
14396,43,7,44,8,2023-06-07,1,5088970.32,5088970.32
14397,42,5,46,5,2024-07-26,1,1931367.52,1931367.52
14398,2,4,13,10,2024-03-02,2,4292105.19,8584210.38
14399,3,8,26,6,2025-10-23,1,772846.06,772846.06
14400,20,2,15,3,2024-03-13,1,1519866.01,1519866.01
14401,18,5,7,6,2022-08-25,1,3141504.59,3141504.59
14402,19,8,13,3,2023-06-18,1,2174520.64,2174520.64
14403,41,6,21,3,2023-03-20,2,5140292.96,10280585.92
14404,28,8,49,7,2025-07-10,1,1477202.32,1477202.32
14405,6,3,5,8,2024-05-19,1,1777730.3,1777730.3
14406,28,3,29,3,2022-09-16,1,1000732.11,1000732.11
14407,39,1,27,3,2025-05-05,1,2492655.82,2492655.82
14408,27,6,8,7,2022-05-11,1,850331.51,850331.51
14409,4,7,34,4,2025-01-26,1,1680043.37,1680043.37
14410,4,5,15,8,2023-09-16,1,1687983.9,1687983.9
14411,8,6,39,5,2024-07-25,1,542640.06,542640.06
14412,5,6,19,3,2025-09-12,1,9364408.09,9364408.09
14413,10,2,48,8,2023-08-05,1,4322387.02,4322387.02
14414,10,1,33,11,2022-03-18,1,4203077.54,4203077.54
14415,5,2,27,6,2025-06-21,1,9663410.07,9663410.07
14416,36,11,35,7,2022-07-09,1,2311644.88,2311644.88
14417,26,1,12,1,2025-04-16,1,4108802.91,4108802.91
14418,5,4,28,8,2024-02-09,1,6360409.73,6360409.73
14419,11,2,35,4,2023-04-27,1,3385649.52,3385649.52
14420,28,9,15,11,2023-01-20,1,922643.6,922643.6
14421,36,1,9,6,2025-01-09,2,1417072.14,2834144.28
14422,17,1,50,5,2025-01-17,1,491326.69,491326.69
14423,25,15,46,9,2022-05-04,1,1051528.11,1051528.11
14424,9,2,49,6,2024-05-13,1,2357803.39,2357803.39
14425,10,14,39,3,2024-05-21,1,2828659.36,2828659.36
14426,26,2,17,1,2025-12-23,1,4163627.47,4163627.47
14427,41,1,55,7,2023-07-23,1,4012435.67,4012435.67
14428,7,5,41,3,2025-10-08,1,1904174.75,1904174.75
14429,2,10,1,7,2024-09-18,1,4185305.24,4185305.24
14430,20,5,15,3,2024-05-14,1,2603613.37,2603613.37
14431,17,15,42,9,2025-07-24,1,472203.79,472203.79
14432,26,14,36,4,2022-04-22,1,1230387.79,1230387.79
14433,14,4,43,6,2022-04-11,1,1317900.33,1317900.33
14434,9,12,5,6,2023-03-18,1,2269628.05,2269628.05
14435,19,4,30,8,2025-11-04,1,2335730.8,2335730.8
14436,31,6,41,6,2022-04-02,1,3202249.61,3202249.61
14437,20,11,26,3,2023-05-21,1,2372068.47,2372068.47
14438,17,4,16,8,2024-10-23,1,588401.32,588401.32
14439,35,15,9,1,2024-08-02,1,870538.75,870538.75
14440,10,4,2,2,2024-07-12,3,3136364.66,9409093.98
14441,11,2,19,4,2022-09-03,1,4048552.92,4048552.92
14442,1,3,34,4,2023-01-13,3,4211795.63,12635386.89
14443,37,5,33,10,2022-08-09,1,6206397.0,6206397.0
14444,39,3,16,9,2024-02-19,1,1925624.82,1925624.82
14445,24,13,53,12,2024-02-03,1,4278131.29,4278131.29
14446,41,2,54,6,2023-03-24,1,1234687.85,1234687.85
14447,25,4,38,10,2023-05-28,1,973934.77,973934.77
14448,22,11,46,4,2023-06-22,1,1797934.54,1797934.54
14449,37,3,32,5,2024-12-14,1,2702171.34,2702171.34
14450,3,3,55,6,2022-08-29,1,444216.7,444216.7
14451,24,11,10,7,2023-12-02,1,1384584.6,1384584.6
14452,42,15,11,9,2024-03-10,1,1650591.09,1650591.09
14453,15,6,40,1,2022-02-03,1,1724931.41,1724931.41
14454,35,1,38,8,2024-07-06,2,3380961.89,6761923.78
14455,37,8,18,10,2025-08-17,1,3186989.1,3186989.1
14456,9,1,6,8,2024-08-28,1,2415087.88,2415087.88
14457,14,6,8,3,2025-01-05,1,1423325.98,1423325.98
14458,33,1,52,3,2023-10-18,1,3969203.34,3969203.34
14459,11,1,32,3,2023-05-07,1,3486686.25,3486686.25
14460,3,2,17,12,2024-10-05,2,766336.08,1532672.16
14461,34,3,32,1,2025-03-18,1,3627655.85,3627655.85
14462,31,12,39,5,2022-05-13,1,3520551.98,3520551.98
14463,7,6,42,7,2022-01-24,2,4956727.78,9913455.56
14464,1,12,36,4,2024-05-15,1,808441.81,808441.81
14465,12,2,1,4,2024-04-30,2,2400826.76,4801653.52
14466,26,6,29,8,2025-01-09,1,1740987.35,1740987.35
14467,27,1,9,9,2022-04-21,1,1993157.47,1993157.47
14468,19,3,16,1,2023-10-31,1,1231015.71,1231015.71
14469,17,13,45,7,2023-07-14,1,689046.01,689046.01
14470,37,1,27,11,2025-02-03,1,2676821.81,2676821.81
14471,28,6,50,1,2022-02-10,1,1977629.78,1977629.78
14472,18,1,39,3,2023-01-13,1,3481282.79,3481282.79
14473,20,3,15,5,2022-01-14,1,4824405.92,4824405.92
14474,5,11,38,12,2024-04-23,1,8426111.32,8426111.32
14475,7,10,40,5,2022-01-18,1,5452163.32,5452163.32
14476,36,11,29,6,2022-01-19,1,2385574.36,2385574.36
14477,36,2,45,6,2022-08-30,1,2483103.43,2483103.43
14478,9,1,18,6,2024-12-09,2,2637606.13,5275212.26
14479,32,1,8,7,2024-12-11,1,1502002.42,1502002.42
14480,6,8,8,11,2023-09-17,1,3493220.04,3493220.04
14481,32,14,13,1,2022-10-08,1,2179100.93,2179100.93
14482,7,4,8,3,2025-04-08,1,5766056.92,5766056.92
14483,8,11,10,12,2025-03-31,1,911823.23,911823.23
14484,14,7,42,8,2024-10-22,1,879798.09,879798.09
14485,9,6,38,5,2023-10-10,1,2536740.19,2536740.19
14486,16,2,15,7,2025-11-06,1,503731.28,503731.28
14487,28,4,14,1,2023-11-20,1,1097041.73,1097041.73
14488,1,1,39,1,2024-06-30,1,1486825.62,1486825.62
14489,11,7,38,12,2023-01-04,1,3279082.9,3279082.9
14490,17,9,10,3,2025-06-20,1,611003.24,611003.24
14491,24,7,45,9,2024-11-26,1,1325043.58,1325043.58
14492,13,3,28,1,2025-09-02,1,482843.06,482843.06
14493,39,3,16,7,2023-04-07,1,2969978.89,2969978.89
14494,24,6,17,12,2022-05-17,1,1938682.16,1938682.16
14495,10,9,38,1,2022-08-02,1,4066593.73,4066593.73
14496,28,7,5,6,2025-07-21,1,3280989.78,3280989.78
14497,2,4,16,4,2025-12-02,1,3130048.13,3130048.13
14498,3,11,51,4,2024-06-22,2,632148.07,1264296.14
14499,39,15,33,9,2024-05-21,1,2400910.85,2400910.85
14500,38,1,6,4,2025-07-19,1,4560152.13,4560152.13
14501,41,1,40,6,2023-05-26,1,3525932.2,3525932.2
14502,32,1,51,3,2024-12-22,1,4381291.07,4381291.07
14503,36,1,16,9,2024-03-27,1,2330652.65,2330652.65
14504,39,5,10,4,2025-08-02,1,1709335.25,1709335.25
14505,18,3,53,2,2025-05-30,1,3793389.34,3793389.34
14506,25,2,37,8,2022-09-16,1,3670217.87,3670217.87
14507,20,6,32,8,2025-11-06,1,2823906.81,2823906.81
14508,41,2,48,6,2024-09-30,1,1638740.01,1638740.01
14509,30,5,11,8,2025-09-13,1,3686020.21,3686020.21
14510,1,2,16,10,2024-01-31,1,1794195.14,1794195.14
14511,35,7,14,7,2022-09-29,1,3937671.04,3937671.04
14512,26,11,46,1,2022-06-16,1,3924799.77,3924799.77
14513,17,2,47,8,2022-01-30,3,577718.49,1733155.47
14514,14,2,16,1,2023-03-15,1,1513950.47,1513950.47
14515,11,3,44,1,2022-06-10,1,3821110.37,3821110.37
14516,35,13,9,11,2023-01-01,1,1319302.76,1319302.76
14517,21,1,54,3,2022-03-16,1,1929071.93,1929071.93
14518,12,14,39,3,2022-08-03,1,2013952.73,2013952.73
14519,12,11,3,8,2023-06-22,1,1818826.18,1818826.18
14520,13,12,12,10,2024-12-31,2,807048.56,1614097.12
14521,25,4,19,9,2025-01-08,1,2393622.53,2393622.53
14522,15,5,35,4,2025-08-03,1,2996146.43,2996146.43
14523,13,11,6,7,2025-02-06,1,687101.86,687101.86
14524,1,3,34,4,2025-09-12,1,2956222.87,2956222.87
14525,35,2,8,7,2025-02-01,3,2609208.19,7827624.57
14526,4,1,50,1,2024-09-24,3,1419930.0,4259790.0
14527,9,1,6,8,2023-02-02,1,2441068.18,2441068.18
14528,43,3,54,5,2022-12-17,1,3657835.0,3657835.0
14529,14,4,47,3,2024-02-24,1,1334112.3,1334112.3
14530,40,2,6,3,2022-09-30,1,6148867.0,6148867.0
14531,25,9,21,4,2025-07-30,1,1372292.09,1372292.09
14532,8,5,16,6,2025-11-15,2,852074.21,1704148.42
14533,26,1,39,8,2025-03-26,1,2885531.63,2885531.63
14534,43,5,11,1,2025-03-24,1,3332670.76,3332670.76
14535,39,1,44,4,2023-09-09,1,1691394.23,1691394.23
14536,25,12,8,8,2022-09-06,2,1641821.95,3283643.9
14537,8,4,4,6,2024-11-05,1,831922.9,831922.9
14538,15,13,9,3,2025-01-09,1,5060354.69,5060354.69
14539,1,6,46,8,2023-12-15,1,1823588.06,1823588.06
14540,17,2,45,4,2024-02-13,1,441083.18,441083.18
14541,42,11,33,11,2025-01-27,1,1901124.08,1901124.08
14542,12,1,28,5,2025-12-21,1,2503713.45,2503713.45
14543,6,9,29,10,2022-12-07,1,2764400.16,2764400.16
14544,18,10,42,12,2025-03-25,1,3540616.79,3540616.79
14545,7,3,49,6,2022-06-09,1,2003047.92,2003047.92
14546,26,15,50,8,2023-08-31,1,1355883.96,1355883.96
14547,2,10,24,4,2022-01-19,1,4559317.24,4559317.24
14548,24,13,48,8,2025-01-16,1,3710196.05,3710196.05
14549,36,12,8,8,2024-09-04,2,1492270.45,2984540.9
14550,40,5,15,3,2025-10-17,1,3694949.42,3694949.42
14551,35,2,55,3,2024-10-12,2,2798217.4,5596434.8
14552,11,1,12,6,2022-07-09,1,2331128.02,2331128.02
14553,19,12,44,3,2023-04-29,1,1102619.29,1102619.29
14554,38,1,46,1,2022-09-17,1,4445271.98,4445271.98
14555,8,8,28,7,2023-05-24,1,856915.02,856915.02
14556,18,3,31,5,2022-05-14,1,3538249.94,3538249.94
14557,38,3,42,6,2023-07-28,1,1683328.95,1683328.95
14558,14,2,31,1,2022-06-17,1,1353881.25,1353881.25
14559,26,8,26,1,2023-04-09,2,2235122.57,4470245.14
14560,17,6,23,9,2025-09-13,2,714501.32,1429002.64
14561,18,2,10,4,2023-01-01,1,3294205.57,3294205.57
14562,20,12,53,7,2024-05-21,1,1507930.31,1507930.31
14563,25,5,6,5,2022-11-05,1,3235699.6,3235699.6
14564,25,10,23,9,2022-09-14,1,2560663.62,2560663.62
14565,25,1,20,9,2022-12-09,1,2454689.31,2454689.31
14566,13,13,7,9,2023-07-12,1,696147.74,696147.74
14567,20,3,40,11,2022-09-24,1,1877699.06,1877699.06
14568,22,6,40,1,2025-09-22,2,1928820.78,3857641.56
14569,34,7,34,1,2022-01-05,1,3957500.54,3957500.54
14570,4,5,3,5,2024-12-20,1,1576994.91,1576994.91
14571,33,1,33,2,2022-04-21,1,3781141.21,3781141.21
14572,6,11,55,5,2024-03-03,1,3468608.65,3468608.65
14573,28,6,37,11,2023-03-24,1,1982283.39,1982283.39
14574,22,13,12,6,2024-02-19,2,1650160.31,3300320.62
14575,7,11,10,8,2022-03-15,2,2672111.57,5344223.14
14576,16,4,23,9,2022-11-25,1,721801.75,721801.75
14577,1,6,8,8,2025-11-02,1,4161905.73,4161905.73
14578,28,2,38,5,2022-12-01,1,2674011.97,2674011.97
14579,4,12,34,1,2024-09-30,1,1216695.4,1216695.4
14580,31,11,2,8,2022-06-04,1,3117414.39,3117414.39
14581,38,3,24,4,2025-05-22,2,3654269.33,7308538.66
14582,16,3,34,8,2023-02-20,1,660136.46,660136.46
14583,18,15,60,6,2023-09-17,1,1493761.86,1493761.86
14584,27,2,17,9,2025-02-14,1,3556191.08,3556191.08
14585,8,3,20,9,2023-03-10,1,605198.87,605198.87
14586,13,3,20,7,2024-12-27,1,478980.07,478980.07
14587,40,4,9,6,2023-11-01,1,4255089.73,4255089.73
14588,36,2,2,8,2024-09-24,1,1317694.47,1317694.47
14589,28,6,7,3,2024-02-04,1,2745032.23,2745032.23
14590,10,1,28,3,2023-08-04,1,2403238.63,2403238.63
14591,13,1,54,7,2023-07-14,2,523694.98,1047389.96
14592,24,9,8,3,2024-05-20,1,1853843.55,1853843.55
14593,40,1,28,6,2022-03-01,1,1878431.89,1878431.89
14594,31,2,38,1,2023-02-13,1,4750459.25,4750459.25
14595,17,1,44,1,2024-06-08,1,647749.86,647749.86
14596,13,4,23,7,2024-04-03,1,557930.44,557930.44
14597,8,7,51,9,2025-02-16,2,812473.02,1624946.04
14598,15,10,37,7,2025-11-02,1,4678917.97,4678917.97
14599,12,8,59,2,2023-09-12,1,2423940.61,2423940.61
14600,31,6,51,3,2022-09-08,1,3402187.7,3402187.7
14601,39,5,51,1,2025-09-06,1,2266245.49,2266245.49
14602,11,2,26,9,2022-04-20,1,2355105.62,2355105.62
14603,7,3,38,9,2024-07-22,1,2014806.15,2014806.15
14604,16,3,38,6,2025-11-21,1,721153.46,721153.46
14605,31,2,52,4,2023-04-14,1,1515079.49,1515079.49
14606,9,3,47,10,2023-09-14,1,1597783.92,1597783.92
14607,15,3,52,7,2022-09-23,1,3854266.82,3854266.82
14608,1,8,16,4,2025-06-09,1,4238046.03,4238046.03
14609,21,3,53,11,2025-07-31,1,998259.66,998259.66
14610,36,6,43,4,2022-01-24,1,1098479.84,1098479.84
14611,19,13,45,7,2022-06-13,3,1444282.21,4332846.63
14612,25,11,45,6,2023-07-09,1,3019722.66,3019722.66
14613,31,4,47,4,2022-03-16,1,4823336.08,4823336.08
14614,37,11,45,3,2022-03-10,1,5743803.52,5743803.52
14615,7,13,53,10,2025-09-20,2,4123340.4,8246680.8
14616,32,2,24,11,2024-01-06,1,2092936.65,2092936.65
14617,11,11,23,5,2024-06-18,1,4252847.58,4252847.58
14618,17,13,3,10,2025-06-05,1,697350.78,697350.78
14619,14,6,20,5,2022-04-08,1,1338068.37,1338068.37
14620,12,2,25,1,2024-09-07,1,1898117.89,1898117.89
14621,9,15,5,8,2023-05-13,1,1293139.29,1293139.29
14622,1,2,48,6,2022-05-23,1,4291675.3,4291675.3
14623,13,1,35,6,2024-09-28,2,739300.8,1478601.6
14624,26,15,35,7,2023-09-21,1,1380708.13,1380708.13
14625,21,5,35,7,2022-07-05,1,1937314.22,1937314.22
14626,19,6,19,10,2023-02-25,1,1022288.45,1022288.45
14627,30,2,28,10,2023-12-01,1,841094.38,841094.38
14628,23,5,34,6,2022-11-11,1,1317049.27,1317049.27
14629,6,4,44,4,2024-01-13,1,2505239.4,2505239.4
14630,8,6,53,3,2025-09-23,1,901821.12,901821.12
14631,5,1,12,3,2022-10-03,1,7402938.13,7402938.13
14632,31,1,4,4,2024-09-23,1,3907050.52,3907050.52
14633,7,3,23,9,2023-09-15,1,4014088.9,4014088.9
14634,43,2,42,11,2023-05-08,1,4801700.92,4801700.92
14635,24,6,48,4,2022-03-16,1,3300933.89,3300933.89
14636,29,2,28,7,2025-09-23,1,454460.88,454460.88
14637,39,3,30,2,2023-11-07,1,4825497.76,4825497.76
14638,19,1,41,1,2024-06-07,1,1105579.12,1105579.12
14639,9,12,24,1,2022-12-23,1,2591513.36,2591513.36
14640,35,2,34,8,2023-10-10,1,2255360.16,2255360.16
14641,28,4,5,8,2024-06-17,1,3429747.39,3429747.39
14642,19,12,9,1,2022-03-13,1,810487.66,810487.66
14643,36,1,11,9,2022-11-01,1,1182863.57,1182863.57
14644,33,2,1,3,2025-06-30,1,2548520.66,2548520.66
14645,20,3,35,9,2025-07-01,3,3022493.36,9067480.08
14646,25,2,13,7,2023-03-05,1,2336755.63,2336755.63
14647,11,9,7,4,2023-08-12,1,2408938.43,2408938.43
14648,12,8,24,8,2023-07-19,1,1709332.52,1709332.52
14649,18,11,55,3,2025-07-10,1,1050472.41,1050472.41
14650,1,6,44,11,2023-10-22,1,1408434.11,1408434.11
14651,20,2,44,9,2023-08-24,1,2569717.97,2569717.97
14652,29,4,30,5,2022-04-17,1,631701.41,631701.41
14653,16,3,35,4,2022-11-18,1,565886.36,565886.36
14654,20,2,2,3,2025-07-16,1,4580174.24,4580174.24
14655,23,8,10,10,2025-03-05,1,4817037.24,4817037.24
14656,12,2,27,7,2023-04-08,1,4210779.75,4210779.75
14657,11,3,14,9,2023-07-07,3,2742403.92,8227211.76
14658,10,2,5,1,2023-03-18,1,1988606.47,1988606.47
14659,17,3,39,6,2022-04-21,1,528000.69,528000.69
14660,23,4,31,5,2024-06-10,1,4843969.27,4843969.27
14661,10,1,6,7,2025-09-11,1,3982790.53,3982790.53
14662,17,4,38,9,2024-07-11,1,406911.64,406911.64
14663,11,6,48,3,2022-02-14,1,1349154.74,1349154.74
14664,28,2,2,6,2022-08-06,1,2331301.21,2331301.21
14665,24,11,29,5,2024-02-10,1,2025800.07,2025800.07
14666,20,4,17,7,2024-09-05,1,4819502.26,4819502.26
14667,3,2,42,6,2024-05-26,1,796709.2,796709.2
14668,34,5,7,3,2023-09-12,2,3916191.37,7832382.74
14669,20,5,5,3,2022-02-12,1,3810577.01,3810577.01
14670,22,4,3,9,2025-08-09,1,1048859.29,1048859.29
14671,14,2,15,2,2023-06-04,1,1543855.42,1543855.42
14672,40,2,54,11,2022-12-09,1,2065715.93,2065715.93
14673,37,11,43,8,2023-03-31,1,1305231.41,1305231.41
14674,27,1,47,11,2025-07-31,1,2466969.43,2466969.43
14675,30,1,47,2,2025-08-01,1,3260820.56,3260820.56
14676,25,4,47,9,2024-05-30,3,956669.47,2870008.41
14677,40,10,13,7,2023-05-09,1,2272422.43,2272422.43
14678,18,5,34,3,2022-08-27,1,2619863.78,2619863.78
14679,28,1,45,3,2025-03-17,1,868735.7,868735.7
14680,12,2,10,1,2024-10-16,1,2223948.67,2223948.67
14681,13,14,49,6,2022-09-17,1,839744.95,839744.95
14682,30,2,54,8,2025-08-03,1,3685054.87,3685054.87
14683,4,4,54,4,2024-10-28,1,1386874.94,1386874.94
14684,25,4,19,4,2022-10-27,1,2480924.93,2480924.93
14685,30,4,11,6,2025-08-20,1,1014489.99,1014489.99
14686,26,1,17,10,2025-03-17,1,3255609.76,3255609.76
14687,1,3,10,9,2022-04-23,1,1049397.64,1049397.64
14688,14,5,55,1,2025-01-15,1,1021509.72,1021509.72
14689,26,4,9,1,2024-09-17,3,2640320.86,7920962.58
14690,33,7,46,4,2022-02-02,1,1855988.95,1855988.95
14691,8,1,56,1,2024-11-14,1,731064.58,731064.58
14692,16,10,50,10,2023-11-30,1,578504.1,578504.1
14693,26,2,18,8,2023-07-11,1,2237850.43,2237850.43
14694,24,8,16,10,2023-08-21,1,3633147.23,3633147.23
14695,13,2,15,10,2022-02-17,1,792457.96,792457.96
14696,10,9,34,4,2023-07-13,1,2470835.12,2470835.12
14697,18,1,45,2,2025-07-08,1,3869700.35,3869700.35
14698,40,12,38,7,2023-06-08,1,6149730.35,6149730.35
14699,11,14,46,6,2023-06-04,1,3582006.25,3582006.25
14700,10,4,34,7,2025-03-18,1,2614119.11,2614119.11
14701,31,5,9,3,2023-06-17,1,2744026.88,2744026.88
14702,38,3,40,8,2025-04-13,1,925835.4,925835.4
14703,18,1,3,3,2023-07-19,1,2232874.18,2232874.18
14704,26,12,43,9,2024-05-20,1,1148003.34,1148003.34
14705,33,12,8,1,2024-01-15,3,4072298.19,12216894.57
14706,33,2,31,3,2023-04-28,1,1058428.35,1058428.35
14707,8,4,21,5,2025-04-15,1,523093.44,523093.44
14708,20,2,3,1,2025-04-24,1,2984508.46,2984508.46
14709,6,1,27,12,2024-03-12,1,2426225.07,2426225.07
14710,24,1,44,7,2022-07-18,1,1436665.7,1436665.7
14711,14,3,26,11,2023-06-10,1,1226562.66,1226562.66
14712,33,1,3,6,2025-09-19,1,889691.76,889691.76
14713,10,7,54,3,2022-06-19,2,2969536.32,5939072.64
14714,43,5,1,8,2025-09-01,1,986623.22,986623.22
14715,26,10,10,3,2024-08-29,1,2040863.51,2040863.51
14716,22,13,29,7,2022-12-01,1,1682758.76,1682758.76
14717,7,11,1,3,2025-02-10,1,5018633.84,5018633.84
14718,22,10,55,6,2025-05-21,1,782101.48,782101.48
14719,24,2,3,8,2024-12-05,1,4241380.28,4241380.28
14720,8,2,8,6,2024-07-10,1,591059.52,591059.52
14721,40,14,19,8,2025-05-11,1,6927358.33,6927358.33
14722,11,4,20,2,2023-11-27,1,4061538.56,4061538.56
14723,37,2,51,1,2024-04-29,1,1606450.59,1606450.59
14724,29,1,38,5,2025-08-25,1,423444.55,423444.55
14725,19,7,29,4,2022-08-11,1,2263860.71,2263860.71
14726,26,2,46,8,2022-06-18,1,1472531.15,1472531.15
14727,13,5,44,12,2025-05-29,1,606834.75,606834.75
14728,36,14,18,1,2024-05-19,1,2041744.63,2041744.63
14729,40,1,35,10,2025-09-03,1,4299315.03,4299315.03
14730,19,4,48,3,2024-04-12,1,1804998.87,1804998.87
14731,19,15,32,3,2023-08-11,1,1749099.62,1749099.62
14732,14,1,43,7,2023-03-05,1,1149159.11,1149159.11
14733,1,6,20,3,2022-08-11,1,4378553.08,4378553.08
14734,7,1,8,12,2024-05-27,1,3565661.48,3565661.48
14735,5,3,3,3,2024-07-26,1,10307165.49,10307165.49
14736,6,2,12,9,2025-11-22,1,1725915.13,1725915.13
14737,10,3,24,7,2023-02-18,1,2640461.86,2640461.86
14738,19,1,9,8,2022-05-11,1,1723625.9,1723625.9
14739,33,3,25,4,2025-07-21,1,3493059.54,3493059.54
14740,39,1,19,7,2024-05-08,1,3997563.92,3997563.92
14741,31,3,1,6,2024-02-01,1,1814493.65,1814493.65
14742,31,4,29,7,2025-11-04,1,2136959.32,2136959.32
14743,22,3,45,6,2025-06-12,1,910576.07,910576.07
14744,39,6,47,11,2022-09-06,1,1276658.25,1276658.25
14745,10,4,54,3,2022-01-14,1,2099568.22,2099568.22
14746,9,15,15,8,2025-01-13,1,1252331.72,1252331.72
14747,8,12,11,9,2023-08-22,1,729546.36,729546.36
14748,2,4,18,6,2023-09-04,2,3537284.16,7074568.32
14749,39,4,7,6,2024-06-14,2,4366279.02,8732558.04
14750,4,4,4,11,2025-06-02,1,815932.91,815932.91
14751,1,4,22,8,2023-09-07,3,2865056.96,8595170.88
14752,6,5,31,6,2022-06-10,1,2404220.23,2404220.23
14753,17,3,12,3,2022-06-09,2,572029.64,1144059.28
14754,19,2,39,1,2023-01-04,1,1302731.35,1302731.35
14755,40,4,9,3,2023-08-28,3,1993283.4,5979850.2
14756,8,6,27,1,2025-06-08,2,845427.06,1690854.12
14757,27,1,18,7,2024-03-22,1,3027656.26,3027656.26
14758,29,1,9,10,2024-03-27,2,426498.32,852996.64
14759,25,15,55,4,2025-01-30,1,4223798.98,4223798.98
14760,13,4,23,9,2025-01-03,1,819753.43,819753.43
14761,40,2,27,7,2022-08-20,1,4142861.07,4142861.07
14762,2,5,26,6,2025-01-04,1,1174198.55,1174198.55
14763,16,2,33,2,2022-03-26,1,652710.84,652710.84
14764,4,12,28,6,2022-01-19,1,1150313.12,1150313.12
14765,9,3,52,8,2024-02-14,1,2629268.96,2629268.96
14766,11,5,23,2,2024-03-04,1,3548364.03,3548364.03
14767,24,4,42,6,2023-02-02,2,2672203.12,5344406.24
14768,7,2,46,8,2022-04-23,1,4498524.64,4498524.64
14769,19,3,34,8,2023-11-23,1,1630114.04,1630114.04
14770,13,4,2,7,2023-04-11,1,750839.44,750839.44
14771,25,5,43,3,2025-03-20,1,3046250.87,3046250.87
14772,32,1,28,6,2022-02-20,1,4861547.62,4861547.62
14773,5,10,26,5,2023-07-04,2,9679055.84,19358111.68
14774,24,4,40,1,2025-05-25,1,2249803.55,2249803.55
14775,40,14,19,7,2025-09-12,1,3966201.81,3966201.81
14776,24,7,44,9,2022-10-09,2,3181895.17,6363790.34
14777,3,3,55,3,2024-06-16,1,478615.28,478615.28
14778,9,15,10,4,2025-03-21,1,1875217.43,1875217.43
14779,26,5,14,9,2023-03-24,1,3961316.13,3961316.13
14780,14,12,34,7,2025-07-21,1,1181308.33,1181308.33
14781,11,2,19,4,2022-08-24,1,3961941.1,3961941.1
14782,9,6,52,7,2024-05-23,1,1827301.99,1827301.99
14783,37,2,26,3,2022-05-05,1,5816167.85,5816167.85
14784,11,1,53,4,2024-11-24,1,3410197.96,3410197.96
14785,13,1,45,12,2024-06-23,1,583912.08,583912.08
14786,35,4,40,10,2025-01-10,1,4417489.03,4417489.03
14787,36,5,3,6,2024-09-14,1,1944262.98,1944262.98
14788,36,11,35,3,2025-04-28,1,2792836.87,2792836.87
14789,1,14,41,4,2022-04-19,1,2913599.36,2913599.36
14790,24,8,26,9,2023-12-19,2,4700400.08,9400800.16
14791,11,3,54,5,2023-07-13,2,2267845.88,4535691.76
14792,20,12,30,7,2023-07-23,1,4108345.99,4108345.99
14793,22,3,34,11,2025-10-21,1,1369198.47,1369198.47
14794,41,5,10,6,2024-01-02,1,3158900.56,3158900.56
14795,19,2,18,5,2023-07-17,1,2345522.51,2345522.51
14796,37,1,31,3,2024-08-31,1,2923800.46,2923800.46
14797,41,3,6,6,2022-01-08,1,4873102.16,4873102.16
14798,11,9,31,8,2023-11-15,1,3929384.8,3929384.8
14799,10,3,48,1,2025-07-23,1,4297376.01,4297376.01
14800,7,2,37,6,2022-08-10,1,2435310.0,2435310.0
14801,22,5,10,1,2022-08-19,1,1867180.62,1867180.62
14802,39,4,25,7,2023-09-18,1,1992267.06,1992267.06
14803,19,10,22,9,2022-03-23,1,2099462.71,2099462.71
14804,4,2,38,6,2024-05-10,1,1315055.65,1315055.65
14805,18,3,31,11,2022-03-15,1,2305924.77,2305924.77
14806,30,2,17,6,2022-05-07,1,3102557.19,3102557.19
14807,41,1,42,7,2025-09-02,1,1709304.56,1709304.56
14808,13,11,29,8,2024-03-31,1,557148.61,557148.61
14809,11,5,14,7,2025-11-21,2,3413055.61,6826111.22
14810,16,14,20,12,2022-08-14,1,732025.98,732025.98
14811,23,12,30,3,2023-10-03,1,4423184.59,4423184.59
14812,1,3,13,4,2022-11-27,2,3349165.65,6698331.3
14813,40,9,3,3,2023-07-20,1,6498159.51,6498159.51
14814,13,15,8,5,2022-02-11,1,878068.89,878068.89
14815,25,5,33,4,2023-11-13,1,4193099.25,4193099.25
14816,37,5,35,2,2025-03-01,1,2045289.05,2045289.05
14817,11,2,37,5,2025-08-16,1,2893535.0,2893535.0
14818,6,11,6,9,2023-01-06,1,3160733.45,3160733.45
14819,34,1,40,2,2023-07-25,1,2253764.78,2253764.78
14820,22,1,27,6,2022-09-28,1,1299655.68,1299655.68
14821,26,6,13,7,2024-05-28,1,954851.62,954851.62
14822,25,1,17,10,2024-01-22,3,2664148.85,7992446.55
14823,17,10,27,2,2022-07-03,2,664084.89,1328169.78
14824,29,6,19,4,2023-07-04,1,520402.28,520402.28
14825,31,3,7,9,2022-06-11,3,1202975.56,3608926.68
14826,41,1,19,7,2024-11-18,1,4209973.61,4209973.61
14827,33,1,12,1,2024-02-08,1,1212440.64,1212440.64
14828,1,15,52,8,2024-03-12,3,2608937.7,7826813.1
14829,32,2,25,7,2024-12-11,2,897920.57,1795841.14
14830,29,3,12,3,2024-08-05,2,725884.85,1451769.7
14831,10,12,24,5,2023-01-31,1,4241114.26,4241114.26
14832,3,6,9,6,2022-08-11,1,529373.91,529373.91
14833,16,14,51,7,2025-03-23,1,591323.89,591323.89
14834,4,3,26,6,2023-06-18,1,1055011.1,1055011.1
14835,13,3,30,8,2022-01-19,1,663992.95,663992.95
14836,25,5,42,3,2025-08-08,1,2940372.3,2940372.3
14837,8,6,26,7,2022-06-27,1,927403.71,927403.71
14838,4,2,53,1,2023-06-22,1,1197130.84,1197130.84
14839,25,2,43,6,2023-12-01,1,3152596.59,3152596.59
14840,30,14,45,1,2024-09-28,1,3959057.87,3959057.87
14841,33,14,22,12,2022-06-26,1,2575968.85,2575968.85
14842,19,1,29,8,2022-12-12,1,1458936.71,1458936.71
14843,15,5,31,3,2025-05-14,1,3720283.46,3720283.46
14844,11,1,18,6,2025-01-17,1,3076000.81,3076000.81
14845,17,12,44,3,2024-05-22,1,684431.05,684431.05
14846,23,14,11,1,2025-12-07,1,2189166.93,2189166.93
14847,25,15,46,9,2023-12-20,1,3139127.0,3139127.0
14848,34,1,13,3,2025-08-02,1,2152452.6,2152452.6
14849,41,8,17,6,2025-01-19,1,4421032.17,4421032.17
14850,15,1,48,3,2022-03-28,1,5008518.59,5008518.59
14851,33,3,55,7,2023-03-25,1,3406991.46,3406991.46
14852,12,12,23,5,2025-06-14,1,1240205.82,1240205.82
14853,16,2,10,11,2025-07-27,1,685329.95,685329.95
14854,7,4,43,10,2024-01-27,1,3059124.42,3059124.42
14855,14,2,41,4,2025-10-26,1,1840714.82,1840714.82
14856,34,4,53,4,2024-04-18,1,2515031.39,2515031.39
14857,18,11,51,8,2024-09-19,1,3465263.55,3465263.55
14858,40,7,36,1,2022-04-28,1,2752572.2,2752572.2
14859,10,5,5,8,2025-07-15,1,4548148.25,4548148.25
14860,29,2,50,7,2024-03-28,1,603160.11,603160.11
14861,37,4,47,12,2023-09-16,1,4554470.42,4554470.42
14862,36,10,41,7,2023-07-20,1,1796831.77,1796831.77
14863,35,9,24,1,2025-10-02,1,3267242.57,3267242.57
14864,11,3,29,6,2024-03-19,1,3892916.83,3892916.83
14865,24,8,53,8,2023-12-06,1,2446496.53,2446496.53
14866,9,2,15,6,2022-05-15,1,2299660.37,2299660.37
14867,12,4,23,9,2024-03-11,3,1973696.32,5921088.96
14868,12,11,55,3,2024-09-13,1,1564202.52,1564202.52
14869,14,2,35,11,2022-07-07,1,1101459.95,1101459.95
14870,7,4,53,3,2025-07-25,1,2764785.91,2764785.91
14871,41,6,18,8,2022-02-26,1,4402941.03,4402941.03
14872,14,5,23,5,2023-07-27,1,899154.07,899154.07
14873,13,5,22,2,2023-09-22,1,494566.26,494566.26
14874,12,5,53,9,2024-08-24,2,2829299.87,5658599.74
14875,35,4,5,6,2022-06-15,1,1978122.13,1978122.13
14876,10,6,48,6,2022-06-26,1,4221430.3,4221430.3
14877,12,6,48,1,2023-06-03,1,3177748.83,3177748.83
14878,32,6,4,7,2023-02-15,1,3764595.38,3764595.38
14879,15,4,52,5,2025-04-16,1,3162415.4,3162415.4
14880,9,1,17,7,2024-09-15,1,1365539.83,1365539.83
14881,21,6,4,5,2024-05-09,1,1178018.24,1178018.24
14882,18,2,3,5,2022-11-13,1,2312131.96,2312131.96
14883,43,3,51,3,2023-05-05,1,1973555.09,1973555.09
14884,14,11,3,6,2024-11-17,1,1852415.81,1852415.81
14885,25,7,48,6,2022-01-10,1,1925646.44,1925646.44
14886,26,6,54,9,2024-03-02,1,763311.5,763311.5
14887,11,1,55,11,2025-06-14,2,3691492.51,7382985.02
14888,8,1,37,1,2022-04-25,1,865259.69,865259.69
14889,2,5,43,1,2022-12-17,1,1853156.04,1853156.04
14890,37,11,39,8,2023-01-10,1,5593684.77,5593684.77
14891,14,12,21,6,2025-10-11,1,1688749.59,1688749.59
14892,11,2,34,1,2025-10-05,1,4057506.52,4057506.52
14893,30,3,49,1,2022-08-18,2,1236470.24,2472940.48
14894,15,9,22,9,2024-11-12,1,2685449.73,2685449.73
14895,20,13,14,5,2022-08-15,2,4555522.88,9111045.76
14896,32,3,54,6,2023-08-05,1,4542719.78,4542719.78
14897,40,2,4,9,2025-12-04,1,6111023.64,6111023.64
14898,1,13,48,9,2024-12-07,1,1050742.97,1050742.97
14899,40,1,9,3,2025-12-22,1,4038535.34,4038535.34
14900,16,14,19,3,2025-12-29,2,686386.5,1372773.0
14901,42,4,9,1,2023-01-26,1,1273572.49,1273572.49
14902,22,6,45,9,2023-03-20,1,934852.85,934852.85
14903,10,3,17,6,2023-07-15,1,2480336.99,2480336.99
14904,24,14,42,3,2022-11-03,1,3653397.75,3653397.75
14905,23,5,46,3,2025-08-26,1,2187466.77,2187466.77
14906,13,2,46,9,2025-01-31,1,585208.98,585208.98
14907,14,6,8,8,2022-11-06,1,1755104.24,1755104.24
14908,26,12,3,3,2023-08-30,1,1913490.24,1913490.24
14909,19,7,18,10,2023-08-09,1,2160805.97,2160805.97
14910,37,3,31,7,2022-01-08,1,2130112.28,2130112.28
14911,11,2,23,11,2024-12-25,1,3256979.53,3256979.53
14912,36,12,23,12,2025-03-16,1,1335505.22,1335505.22
14913,27,15,42,1,2022-02-21,1,4184877.09,4184877.09
14914,35,3,42,3,2024-03-29,1,1565100.99,1565100.99
14915,40,5,10,8,2023-08-27,1,4965695.5,4965695.5
14916,15,4,25,12,2025-03-26,1,5061125.51,5061125.51
14917,14,3,45,3,2024-09-11,1,1609622.6,1609622.6
14918,32,8,41,8,2025-05-23,1,3834192.26,3834192.26
14919,25,12,43,11,2022-01-16,1,3322050.31,3322050.31
14920,40,6,53,9,2023-03-07,1,1438355.53,1438355.53
14921,5,3,4,3,2022-01-19,1,10481598.69,10481598.69
14922,35,12,12,6,2022-09-15,1,3501178.8,3501178.8
14923,20,3,30,3,2024-05-19,1,4803444.2,4803444.2
14924,32,12,22,5,2024-06-08,1,3667290.49,3667290.49
14925,43,1,10,6,2025-01-07,1,2572860.17,2572860.17
14926,16,5,16,1,2023-12-28,1,480469.88,480469.88
14927,25,6,1,9,2024-01-30,1,1909475.27,1909475.27
14928,5,15,28,6,2025-05-01,1,6368662.11,6368662.11
14929,2,13,30,11,2022-02-22,1,3760384.87,3760384.87
14930,32,7,5,3,2022-06-05,3,3359417.21,10078251.63
14931,3,2,39,7,2024-03-10,1,769916.3,769916.3
14932,12,1,15,8,2023-07-27,2,2400301.05,4800602.1
14933,6,3,14,11,2023-04-11,1,3540073.43,3540073.43
14934,26,1,51,6,2022-07-25,3,1482431.8,4447295.4
14935,40,3,3,4,2025-05-23,1,3149251.59,3149251.59
14936,8,6,35,4,2025-04-29,1,636955.02,636955.02
14937,35,6,10,11,2022-01-31,1,3819029.96,3819029.96
14938,23,3,51,5,2023-01-09,1,2391038.66,2391038.66
14939,14,14,53,8,2024-12-22,1,1417714.46,1417714.46
14940,20,1,23,2,2023-03-23,1,3399133.0,3399133.0
14941,20,15,36,2,2022-11-12,1,2062162.38,2062162.38
14942,30,5,43,6,2024-07-27,1,3192053.98,3192053.98
14943,29,11,16,12,2022-07-31,1,587894.93,587894.93
14944,28,10,26,5,2024-12-11,1,2147157.41,2147157.41
14945,2,10,25,11,2022-04-18,1,4277894.22,4277894.22
14946,30,11,46,2,2022-02-18,1,1722907.57,1722907.57
14947,28,15,34,3,2025-08-05,1,1178078.46,1178078.46
14948,38,12,41,8,2025-09-25,2,4217831.39,8435662.78
14949,2,1,48,3,2024-11-01,1,1281264.23,1281264.23
14950,11,5,34,4,2023-09-14,1,3131510.65,3131510.65
14951,1,5,22,8,2022-10-07,2,1057152.76,2114305.52
14952,7,5,9,6,2024-07-12,1,3896337.24,3896337.24
14953,35,2,55,10,2023-05-16,1,1383547.58,1383547.58
14954,29,2,27,8,2024-03-18,1,586324.99,586324.99
14955,34,10,33,1,2025-09-20,1,2077476.94,2077476.94
14956,4,12,55,12,2022-05-07,2,834913.02,1669826.04
14957,7,1,39,3,2024-01-03,1,3848417.28,3848417.28
14958,7,4,18,3,2022-08-22,1,2711386.51,2711386.51
14959,14,4,41,7,2022-05-06,1,1329026.18,1329026.18
14960,39,1,25,4,2025-03-10,3,1041418.32,3124254.96
14961,11,3,47,5,2024-07-18,1,2556553.88,2556553.88
14962,26,3,42,12,2022-07-30,1,3269860.72,3269860.72
14963,14,4,52,4,2023-03-15,1,1886123.41,1886123.41
14964,35,9,54,8,2024-12-11,1,3885487.92,3885487.92
14965,7,4,42,1,2022-11-19,1,5479061.54,5479061.54
14966,41,3,44,4,2024-09-07,1,2547694.78,2547694.78
14967,17,4,52,12,2022-06-20,2,627513.22,1255026.44
14968,26,13,18,9,2025-12-28,1,2405550.49,2405550.49
14969,42,1,36,6,2023-04-07,1,1021880.63,1021880.63
14970,12,11,37,6,2024-01-07,1,976476.19,976476.19
14971,14,15,30,7,2025-01-13,1,1161017.53,1161017.53
14972,39,3,21,7,2025-08-08,1,1878064.61,1878064.61
14973,25,2,55,4,2023-09-16,1,761703.89,761703.89
14974,16,1,24,6,2025-06-08,1,708876.48,708876.48
14975,12,6,11,1,2024-07-12,1,3861771.23,3861771.23
14976,18,1,39,9,2023-03-02,2,2059060.41,4118120.82
14977,12,2,1,5,2025-01-06,1,1552834.62,1552834.62
14978,28,3,7,9,2025-01-27,2,4631894.98,9263789.96
14979,2,3,44,3,2022-03-14,1,3112669.38,3112669.38
14980,36,3,19,2,2025-08-18,1,1834261.04,1834261.04
14981,17,6,47,2,2022-04-04,1,632352.66,632352.66
14982,24,6,34,11,2025-07-13,1,4613834.8,4613834.8
14983,9,1,34,1,2023-01-07,1,2151313.07,2151313.07
14984,11,11,34,5,2024-12-17,1,2925134.39,2925134.39
14985,17,6,35,2,2023-05-16,1,475794.63,475794.63
14986,8,6,5,12,2023-09-10,2,853703.79,1707407.58
14987,8,13,54,6,2022-05-23,1,755495.52,755495.52
14988,16,6,37,6,2023-11-16,1,418041.92,418041.92
14989,20,1,7,5,2022-08-04,2,2386482.61,4772965.22
14990,18,3,16,6,2023-05-02,1,2432940.7,2432940.7
14991,24,2,36,6,2025-11-12,1,2922316.26,2922316.26
14992,25,12,29,7,2025-08-08,3,2614509.24,7843527.72
14993,26,14,8,6,2025-08-05,1,1902648.15,1902648.15
14994,18,13,45,4,2024-12-28,1,1562731.27,1562731.27
14995,37,12,18,7,2023-12-29,1,3445593.75,3445593.75
14996,43,12,51,8,2022-12-04,2,2484049.57,4968099.14
14997,19,3,6,6,2024-10-10,1,1825805.04,1825805.04
14998,23,6,28,8,2022-09-01,1,4115592.85,4115592.85
14999,20,5,12,3,2022-01-25,1,2149062.31,2149062.31
15000,14,4,21,8,2022-09-15,1,965632.09,965632.09
15001,11,2,52,1,2025-07-17,1,2804546.83,2804546.83
15002,22,4,23,4,2022-10-20,1,1131280.66,1131280.66
15003,16,1,38,6,2023-09-27,3,671771.06,2015313.18
15004,18,9,32,3,2023-01-16,1,2417489.57,2417489.57
15005,17,11,41,11,2022-04-01,1,411726.67,411726.67
15006,7,14,35,12,2025-07-06,1,3219816.14,3219816.14
15007,14,4,3,3,2025-07-23,1,866859.66,866859.66
15008,20,2,31,6,2025-04-03,1,3316356.27,3316356.27
15009,7,2,4,7,2024-04-06,1,5366711.24,5366711.24
15010,19,1,30,1,2024-01-02,1,1159888.77,1159888.77
15011,43,6,32,3,2023-09-23,1,2870670.45,2870670.45
15012,27,1,38,8,2025-11-12,1,3881434.8,3881434.8
15013,32,11,40,3,2024-02-24,1,4803751.15,4803751.15
15014,14,14,26,5,2025-01-07,1,1883914.95,1883914.95
15015,31,3,55,5,2025-09-16,1,3588482.79,3588482.79
15016,30,11,47,12,2023-08-05,1,3395901.41,3395901.41
15017,36,1,17,9,2023-04-06,2,1341266.98,2682533.96
15018,11,15,30,7,2022-08-12,3,1623589.52,4870768.56
15019,15,2,3,10,2024-09-22,1,1869052.05,1869052.05
15020,19,2,50,10,2025-09-23,2,820806.32,1641612.64
15021,33,8,30,6,2023-11-25,2,3273480.7,6546961.4
15022,33,2,20,3,2023-03-11,1,1787221.34,1787221.34
15023,28,2,30,3,2023-06-24,1,4471574.86,4471574.86
15024,25,13,19,3,2025-10-04,1,784310.22,784310.22
15025,16,11,47,5,2022-09-15,1,647236.67,647236.67
15026,20,6,41,5,2023-01-09,1,2955022.66,2955022.66
15027,43,2,38,6,2024-10-01,1,5102086.45,5102086.45
15028,27,5,9,7,2025-04-08,1,4720977.96,4720977.96
15029,22,3,30,9,2025-09-13,1,1849176.6,1849176.6
15030,31,5,52,4,2022-03-24,1,2788070.81,2788070.81
15031,37,1,11,6,2025-05-31,1,5618576.06,5618576.06
15032,15,8,55,10,2022-05-03,1,2402656.42,2402656.42
15033,42,4,24,3,2025-10-29,1,1845379.13,1845379.13
15034,20,6,11,1,2022-09-28,1,2743531.46,2743531.46
15035,3,9,18,4,2025-05-02,1,623295.58,623295.58
15036,24,6,35,7,2024-05-25,1,1897438.53,1897438.53
15037,1,3,42,10,2024-04-10,2,1466565.28,2933130.56
15038,27,1,26,5,2024-08-01,1,1457731.27,1457731.27
15039,34,6,24,1,2023-09-19,1,4103260.19,4103260.19
15040,6,5,15,3,2025-02-24,1,3458337.84,3458337.84
15041,35,12,32,11,2025-09-13,1,968081.17,968081.17
15042,37,2,14,6,2024-12-13,1,4379264.82,4379264.82
15043,7,5,33,7,2024-08-30,2,3832616.0,7665232.0
15044,29,3,13,5,2025-04-07,1,477761.24,477761.24
15045,41,14,21,6,2022-09-11,1,4788531.94,4788531.94
15046,32,12,15,5,2023-11-23,1,3082054.13,3082054.13
15047,21,4,40,1,2022-04-26,1,1894124.11,1894124.11
15048,17,12,20,7,2025-06-19,1,715230.28,715230.28
15049,43,1,27,4,2022-04-29,1,1978442.6,1978442.6
15050,34,1,55,8,2025-03-31,1,1553320.81,1553320.81
15051,31,2,46,6,2024-02-19,1,1101514.1,1101514.1
15052,6,4,4,3,2023-06-06,1,3002111.18,3002111.18
15053,9,5,48,5,2022-02-02,2,1623704.55,3247409.1
15054,19,15,31,9,2024-10-15,1,1721154.42,1721154.42
15055,19,11,28,11,2022-03-22,1,1830309.83,1830309.83
15056,13,4,26,5,2025-11-05,1,822624.57,822624.57
15057,18,12,45,3,2022-08-13,1,2829802.55,2829802.55
15058,20,1,3,3,2025-05-29,1,4899282.43,4899282.43
15059,33,12,10,5,2024-12-02,1,3559384.59,3559384.59
15060,19,3,34,12,2023-10-13,1,1104338.89,1104338.89
15061,23,9,13,10,2022-04-11,1,2435658.64,2435658.64
15062,12,3,46,8,2024-12-08,1,1843841.05,1843841.05
15063,27,15,53,6,2022-11-28,1,3912620.98,3912620.98
15064,7,2,53,1,2023-06-14,1,3030163.41,3030163.41
15065,43,4,6,6,2025-09-09,1,1391814.75,1391814.75
15066,23,10,23,3,2025-05-23,1,2584056.9,2584056.9
15067,30,4,39,2,2023-07-04,1,3831021.6,3831021.6
15068,32,12,4,12,2022-04-15,1,4429529.62,4429529.62
15069,26,2,22,3,2024-10-26,2,1569975.41,3139950.82
15070,29,5,54,12,2022-06-09,1,654761.34,654761.34
15071,26,1,46,3,2024-04-26,1,1972845.68,1972845.68
15072,33,7,5,8,2023-11-09,1,2796852.45,2796852.45
15073,9,12,44,9,2024-01-22,1,2351907.49,2351907.49
15074,17,4,43,6,2022-01-05,1,675269.45,675269.45
15075,6,5,52,8,2025-07-28,1,2445629.36,2445629.36
15076,35,11,14,4,2022-10-30,1,1769999.96,1769999.96
15077,10,2,30,4,2022-09-28,2,4459167.55,8918335.1
15078,31,4,33,10,2023-05-24,1,4216665.24,4216665.24
15079,34,1,51,8,2022-06-12,1,2406872.2,2406872.2
15080,19,2,44,4,2023-12-27,2,1102752.84,2205505.68
15081,26,8,19,1,2023-03-13,1,1721284.71,1721284.71
15082,3,7,11,9,2023-08-12,2,705854.91,1411709.82
15083,29,6,18,8,2025-05-27,1,753129.03,753129.03
15084,9,3,20,2,2025-08-15,1,1252693.75,1252693.75
15085,15,15,35,3,2024-04-17,1,1210651.09,1210651.09
15086,9,14,25,8,2022-07-15,1,2543633.7,2543633.7
15087,38,1,54,6,2024-07-02,1,2949412.3,2949412.3
15088,26,13,7,4,2025-12-24,1,1280968.25,1280968.25
15089,18,10,6,10,2025-06-05,1,3714094.09,3714094.09
15090,33,3,8,2,2023-07-04,1,2157827.23,2157827.23
15091,20,3,46,8,2022-12-09,1,1991463.97,1991463.97
15092,28,1,21,2,2025-02-09,1,1503907.67,1503907.67
15093,13,3,31,7,2025-01-23,1,569431.99,569431.99
15094,38,2,24,6,2022-06-28,1,1684068.46,1684068.46
15095,34,4,12,3,2023-03-28,1,863645.52,863645.52
15096,17,1,55,8,2024-05-16,1,440865.62,440865.62
15097,4,15,40,1,2024-02-29,1,806201.93,806201.93
15098,37,15,24,9,2025-09-12,1,4884490.64,4884490.64
15099,20,1,28,6,2022-07-06,1,3266387.87,3266387.87
15100,18,4,20,3,2023-03-08,1,3508139.87,3508139.87
15101,11,2,49,1,2024-01-27,1,886692.23,886692.23
15102,31,2,3,6,2022-05-19,1,4105891.12,4105891.12
15103,27,10,23,8,2025-05-05,1,1413854.9,1413854.9
15104,1,6,48,3,2024-01-19,1,2377325.49,2377325.49
15105,1,10,26,1,2023-07-30,1,3329147.83,3329147.83
15106,13,3,35,10,2023-11-04,2,705210.97,1410421.94
15107,20,4,11,6,2025-01-10,1,2637372.85,2637372.85
15108,34,1,22,6,2025-05-03,1,3336059.17,3336059.17
15109,3,11,22,2,2023-02-08,1,560464.29,560464.29
15110,13,3,43,7,2024-09-20,1,843819.13,843819.13
15111,27,2,35,8,2022-03-06,1,4049243.83,4049243.83
15112,10,4,55,7,2023-08-18,2,3123022.1,6246044.2
15113,17,4,44,2,2023-02-18,1,494875.6,494875.6
15114,23,10,34,8,2022-08-22,2,953917.53,1907835.06
15115,37,3,15,6,2022-10-07,1,6420725.68,6420725.68
15116,39,10,38,1,2025-06-16,1,3657379.88,3657379.88
15117,11,1,18,7,2025-06-07,2,2709497.19,5418994.38
15118,7,8,27,3,2022-06-10,1,4880038.07,4880038.07
15119,29,1,43,12,2024-09-17,1,719995.24,719995.24
15120,43,15,16,3,2025-04-24,1,5011087.23,5011087.23
15121,42,4,14,4,2022-12-08,1,1112903.95,1112903.95
15122,17,6,1,6,2025-01-31,1,657404.32,657404.32
15123,7,13,15,3,2022-11-24,2,2803282.07,5606564.14
15124,43,12,54,9,2022-09-10,2,1537413.38,3074826.76
15125,20,6,48,6,2022-02-19,1,4757271.61,4757271.61
15126,14,1,35,9,2022-08-14,2,1488689.38,2977378.76
15127,25,3,23,1,2024-01-28,1,4178225.31,4178225.31
15128,35,1,33,5,2025-04-24,1,2189590.32,2189590.32
15129,13,6,20,6,2025-10-30,1,794685.0,794685.0
15130,5,10,9,9,2024-09-04,1,7750375.74,7750375.74
15131,14,12,1,7,2022-02-14,1,1135145.22,1135145.22
15132,27,2,13,6,2025-06-01,1,1617173.99,1617173.99
15133,32,6,29,8,2023-08-15,1,1209774.08,1209774.08
15134,25,1,20,12,2022-12-03,2,3725393.8,7450787.6
15135,11,1,50,2,2022-05-27,1,3703786.07,3703786.07
15136,39,2,54,6,2024-08-21,1,1071924.42,1071924.42
15137,13,1,55,1,2024-08-07,1,833678.71,833678.71
15138,34,2,6,4,2022-05-24,1,1337147.75,1337147.75
15139,1,15,23,8,2025-04-18,1,1174829.08,1174829.08
15140,2,15,11,8,2024-12-14,1,1984774.61,1984774.61
15141,24,13,44,4,2022-02-12,1,1594786.94,1594786.94
15142,13,15,47,1,2022-11-19,1,695822.05,695822.05
15143,20,4,36,12,2023-10-31,1,3002265.6,3002265.6
15144,7,5,50,1,2024-06-05,1,3957412.01,3957412.01
15145,1,13,27,3,2025-06-17,1,1557649.96,1557649.96
15146,26,1,23,12,2024-06-20,1,1393548.83,1393548.83
15147,12,8,43,3,2024-05-03,1,3741171.61,3741171.61
15148,8,12,32,9,2025-03-28,1,675185.28,675185.28
15149,2,2,46,1,2025-06-22,1,3799550.87,3799550.87
15150,27,4,31,8,2022-01-27,2,3196122.0,6392244.0
15151,40,3,4,8,2025-09-23,1,5204865.09,5204865.09
15152,14,4,34,6,2025-06-01,2,1788899.61,3577799.22
15153,6,2,52,3,2023-02-21,1,1541509.13,1541509.13
15154,37,6,52,8,2024-03-25,1,2736936.61,2736936.61
15155,14,2,3,5,2022-02-13,1,1138271.87,1138271.87
15156,7,5,26,1,2025-08-19,1,1649329.22,1649329.22
15157,21,4,20,7,2022-12-28,1,1307315.46,1307315.46
15158,29,14,18,8,2023-03-30,3,502070.01,1506210.03
15159,33,10,54,6,2024-08-09,1,4335908.81,4335908.81
15160,29,1,53,6,2023-08-07,2,551441.47,1102882.94
15161,8,3,43,6,2024-09-20,1,521602.63,521602.63
15162,15,3,17,6,2023-04-25,1,1896729.24,1896729.24
15163,29,4,55,12,2025-06-11,1,455579.4,455579.4
15164,27,10,7,2,2025-07-19,1,1400746.67,1400746.67
15165,12,1,30,6,2022-07-29,1,4262775.73,4262775.73
15166,28,1,38,6,2022-11-10,1,3308360.29,3308360.29
15167,12,11,19,3,2022-09-04,1,1334605.98,1334605.98
15168,19,11,50,7,2024-03-01,1,1548283.65,1548283.65
15169,24,10,32,11,2024-08-02,1,3996993.68,3996993.68
15170,11,2,50,11,2025-08-09,1,3442602.62,3442602.62
15171,34,4,29,5,2023-11-05,1,2164112.01,2164112.01
15172,1,3,28,5,2022-09-20,1,1840384.11,1840384.11
15173,43,14,55,6,2024-04-08,1,4021236.27,4021236.27
15174,28,1,54,1,2023-09-12,1,1432863.61,1432863.61
15175,39,11,5,6,2022-08-26,1,1548888.11,1548888.11
15176,2,9,32,7,2023-04-09,1,1721645.26,1721645.26
15177,21,5,14,3,2025-09-23,1,1446390.83,1446390.83
15178,24,2,31,12,2023-09-19,1,2642630.85,2642630.85
15179,1,12,29,3,2023-07-13,1,2538228.23,2538228.23
15180,32,6,39,7,2023-06-07,1,1291115.05,1291115.05
15181,13,6,49,1,2023-07-08,1,747442.77,747442.77
15182,23,6,6,6,2023-03-30,1,2018122.02,2018122.02
15183,8,2,30,3,2025-01-20,1,641668.43,641668.43
15184,19,1,4,1,2023-12-14,2,1297164.54,2594329.08
15185,38,6,41,7,2023-09-29,1,3275614.67,3275614.67
15186,25,14,32,6,2024-01-13,1,4098990.72,4098990.72
15187,14,2,33,6,2024-07-03,1,818113.6,818113.6
15188,1,5,13,3,2023-08-24,1,3065588.89,3065588.89
15189,22,15,40,9,2024-03-06,1,1834311.44,1834311.44
15190,43,1,29,8,2022-04-12,1,3778822.63,3778822.63
15191,25,1,20,6,2025-12-18,1,1590831.38,1590831.38
15192,40,15,3,6,2022-08-25,1,3264472.62,3264472.62
15193,22,12,13,2,2024-04-02,1,778313.04,778313.04
15194,4,8,45,7,2025-08-02,1,921486.2,921486.2
15195,8,11,28,6,2025-02-16,1,550326.12,550326.12
15196,39,6,36,8,2024-06-09,1,4429853.15,4429853.15
15197,1,4,15,10,2022-12-15,1,1528998.61,1528998.61
15198,43,6,2,3,2023-06-07,1,3841343.21,3841343.21
15199,26,9,23,9,2024-09-13,1,3074689.47,3074689.47
15200,27,2,15,1,2024-02-26,1,3016943.19,3016943.19
15201,7,4,26,8,2024-04-11,2,2424461.42,4848922.84
15202,28,5,42,9,2025-05-06,1,2217954.92,2217954.92
15203,19,4,23,7,2023-07-22,1,2311391.07,2311391.07
15204,22,2,32,6,2022-01-16,1,1288693.24,1288693.24
15205,11,1,10,8,2023-11-26,1,3258443.29,3258443.29
15206,32,3,30,6,2025-07-27,1,1744449.45,1744449.45
15207,31,15,11,4,2024-11-03,1,3292751.89,3292751.89
15208,7,2,51,6,2022-04-13,1,1712787.38,1712787.38
15209,23,3,36,1,2024-02-15,1,3207595.23,3207595.23
15210,35,11,15,1,2023-02-19,2,1396904.7,2793809.4
15211,9,1,24,8,2025-12-30,2,1187905.36,2375810.72
15212,6,10,16,1,2024-09-22,1,1681344.82,1681344.82
15213,20,4,43,6,2024-11-05,1,4617553.13,4617553.13
15214,20,1,9,1,2022-03-28,1,4257148.6,4257148.6
15215,33,11,12,8,2023-05-08,1,4273004.43,4273004.43
15216,15,1,10,3,2025-08-26,1,2815598.03,2815598.03
15217,19,5,50,3,2023-12-19,2,1755769.73,3511539.46
15218,36,4,7,4,2022-10-02,1,2183658.71,2183658.71
15219,28,9,45,7,2023-12-22,1,1488547.88,1488547.88
15220,1,5,17,8,2025-05-01,2,3554224.83,7108449.66
15221,1,7,26,4,2024-11-18,2,1017719.56,2035439.12
15222,1,15,11,3,2022-11-11,1,1805393.2,1805393.2
15223,43,3,15,9,2025-05-10,1,3169803.05,3169803.05
15224,1,4,31,7,2023-02-09,1,4152381.46,4152381.46
15225,7,2,9,4,2025-11-19,1,1644473.17,1644473.17
15226,1,5,8,5,2024-01-21,1,4426957.16,4426957.16
15227,25,14,21,11,2025-04-22,1,2924600.2,2924600.2
15228,43,5,46,4,2024-04-22,2,5405261.01,10810522.02
15229,13,3,1,11,2024-09-22,1,519255.31,519255.31
15230,35,5,59,7,2022-04-09,1,3750331.42,3750331.42
15231,3,6,51,4,2023-02-16,1,784988.01,784988.01
15232,12,1,38,4,2023-02-26,1,4304113.64,4304113.64
15233,38,11,46,2,2022-09-17,1,4391323.07,4391323.07
15234,38,6,35,3,2025-11-06,1,3130889.83,3130889.83
15235,20,4,28,6,2024-12-03,1,3611736.04,3611736.04
15236,12,2,35,9,2023-06-23,1,2943638.54,2943638.54
15237,8,1,45,1,2023-09-09,1,634690.96,634690.96
15238,16,8,1,3,2025-07-25,1,661803.79,661803.79
15239,18,6,28,10,2023-06-29,1,4023116.08,4023116.08
15240,28,2,23,2,2024-07-06,1,2606061.12,2606061.12
15241,34,2,42,7,2024-06-03,1,1196760.93,1196760.93
15242,2,12,33,5,2022-06-01,1,4386962.57,4386962.57
15243,37,9,8,3,2022-06-06,1,2958978.91,2958978.91
15244,37,9,22,7,2023-03-17,2,4052074.61,8104149.22
15245,8,5,8,7,2024-02-24,1,838707.05,838707.05
15246,11,3,25,9,2023-10-20,2,4601340.93,9202681.86
15247,43,3,41,6,2025-09-01,1,2085638.14,2085638.14
15248,4,11,10,7,2023-09-24,1,1224714.68,1224714.68
15249,16,1,11,5,2024-05-22,1,665369.67,665369.67
15250,15,5,54,11,2023-03-03,1,2115334.62,2115334.62
15251,13,12,21,1,2023-07-29,1,829835.98,829835.98
15252,9,2,53,5,2022-01-27,2,1916624.62,3833249.24
15253,8,13,17,4,2024-09-10,2,769919.41,1539838.82
15254,11,2,38,3,2025-07-25,1,1225205.7,1225205.7
15255,26,4,25,3,2024-05-10,1,3226505.33,3226505.33
15256,17,10,53,1,2025-12-01,1,580999.83,580999.83
15257,29,5,5,7,2022-06-25,1,760662.63,760662.63
15258,33,5,26,12,2022-12-20,1,2216399.75,2216399.75
15259,19,7,54,7,2025-10-21,2,2200698.5,4401397.0
15260,40,2,37,5,2023-03-01,1,5607161.23,5607161.23
15261,25,1,44,4,2025-01-22,1,3401411.55,3401411.55
15262,26,2,52,6,2023-04-08,1,2576247.49,2576247.49
15263,18,1,41,9,2024-04-16,3,1440543.85,4321631.55
15264,13,1,19,3,2022-02-10,1,679216.66,679216.66
15265,41,11,29,10,2022-10-15,1,4665295.84,4665295.84
15266,41,3,6,1,2024-05-22,1,3951422.97,3951422.97
15267,26,11,25,4,2025-12-28,1,2283799.61,2283799.61
15268,11,2,39,7,2022-07-25,1,3798019.63,3798019.63
15269,24,11,18,3,2024-04-02,1,3478316.49,3478316.49
15270,35,11,26,10,2023-08-14,1,2871393.24,2871393.24
15271,35,3,11,1,2022-01-22,1,1850239.56,1850239.56
15272,24,3,47,12,2024-09-13,1,3942928.81,3942928.81
15273,34,3,5,9,2024-02-13,1,4611070.87,4611070.87
15274,43,7,4,6,2023-09-13,1,4618460.61,4618460.61
15275,33,6,29,3,2022-02-20,1,4235877.95,4235877.95
15276,30,3,43,8,2023-02-21,1,2685174.98,2685174.98
15277,17,1,50,6,2023-05-29,1,502593.83,502593.83
15278,21,8,9,3,2024-08-20,1,1041326.54,1041326.54
15279,11,15,44,6,2024-05-13,2,2429085.85,4858171.7
15280,15,4,31,7,2024-07-29,1,3844182.32,3844182.32
15281,25,1,10,4,2022-09-09,2,3914286.98,7828573.96
15282,10,1,2,3,2022-10-27,1,3482105.03,3482105.03
15283,28,4,22,11,2024-12-31,1,4165452.43,4165452.43
15284,20,2,39,6,2022-06-26,1,3441138.76,3441138.76
15285,9,8,16,3,2025-01-22,1,1444919.87,1444919.87
15286,1,5,41,12,2023-07-21,1,2425947.16,2425947.16
15287,34,14,43,8,2023-03-21,1,2543131.64,2543131.64
15288,34,2,35,2,2023-06-09,1,3085526.79,3085526.79
15289,15,1,16,6,2022-11-18,3,1237582.28,3712746.84
15290,24,2,26,5,2023-08-01,1,3184514.16,3184514.16
15291,33,2,23,1,2022-04-22,1,1521134.91,1521134.91
15292,42,5,28,12,2022-10-17,1,1982645.27,1982645.27
15293,20,3,45,6,2022-02-12,3,1044290.26,3132870.78
15294,33,12,18,3,2022-04-04,1,2271435.49,2271435.49
15295,12,8,4,1,2024-05-12,1,3506163.32,3506163.32
15296,26,3,49,5,2022-07-20,1,3501979.87,3501979.87
15297,9,4,15,7,2022-07-26,1,1713743.02,1713743.02
15298,17,13,16,1,2022-07-13,1,458168.68,458168.68
15299,11,3,2,7,2024-11-07,1,3399615.97,3399615.97
15300,8,4,21,7,2023-03-26,1,880482.01,880482.01
15301,38,5,25,1,2023-12-28,2,2997790.39,5995580.78
15302,24,1,20,3,2024-04-08,1,1708459.37,1708459.37
15303,10,6,37,3,2023-08-25,1,3417607.66,3417607.66
15304,13,9,38,3,2023-11-04,1,759540.85,759540.85
15305,43,3,6,4,2025-05-14,1,2212099.2,2212099.2
15306,25,7,37,1,2024-04-20,1,3700576.69,3700576.69
15307,11,5,21,5,2025-03-06,1,2678869.59,2678869.59
15308,8,1,3,10,2023-01-31,1,800430.39,800430.39
15309,16,1,2,5,2022-09-03,1,501193.42,501193.42
15310,37,2,51,6,2025-01-08,1,4115974.55,4115974.55
15311,9,9,20,3,2023-01-30,1,1388627.69,1388627.69
15312,28,14,12,3,2025-06-25,1,1121303.53,1121303.53
15313,35,1,5,8,2023-05-28,1,1025301.1,1025301.1
15314,28,5,51,6,2025-07-07,1,4511191.12,4511191.12
15315,14,6,50,4,2025-03-25,1,1814421.62,1814421.62
15316,24,3,14,7,2022-08-29,2,4723747.5,9447495.0
15317,8,11,1,7,2024-11-11,1,824539.12,824539.12
15318,17,7,1,3,2022-03-15,1,419336.13,419336.13
15319,24,4,49,3,2024-12-08,1,2977260.66,2977260.66
15320,12,3,10,4,2025-10-16,1,4592726.5,4592726.5
15321,16,15,29,4,2024-11-06,2,643246.59,1286493.18
15322,14,6,15,7,2022-02-23,1,1346661.87,1346661.87
15323,9,1,51,5,2024-08-20,1,1514404.72,1514404.72
15324,36,14,6,4,2025-04-28,1,2072847.85,2072847.85
15325,28,13,25,6,2025-12-26,1,3420292.67,3420292.67
15326,38,3,15,4,2024-06-26,1,3733476.02,3733476.02
15327,26,2,52,1,2022-04-17,1,1445927.86,1445927.86
15328,14,6,34,7,2024-10-23,1,1268992.26,1268992.26
15329,31,4,41,3,2022-07-04,1,4843779.93,4843779.93
15330,7,3,37,3,2024-05-03,1,2547252.73,2547252.73
15331,18,3,7,7,2025-12-26,2,1519345.81,3038691.62
15332,12,11,23,1,2025-10-10,1,3496503.87,3496503.87
15333,28,1,39,6,2023-03-17,1,1662220.04,1662220.04
15334,39,2,25,10,2024-01-05,1,2508025.56,2508025.56
15335,29,2,44,12,2023-06-16,1,754758.29,754758.29
15336,15,4,16,6,2025-09-25,1,2576843.78,2576843.78
15337,29,3,11,10,2025-06-11,1,473907.09,473907.09
15338,36,2,41,7,2023-10-20,1,1923310.5,1923310.5
15339,23,1,9,7,2024-03-19,1,1665798.3,1665798.3
15340,9,5,40,6,2024-12-30,1,1439826.38,1439826.38
15341,7,10,44,1,2025-05-01,1,2623203.18,2623203.18
15342,11,3,28,3,2025-02-12,2,2643770.84,5287541.68
15343,40,5,19,9,2022-09-22,1,5087881.57,5087881.57
15344,12,8,49,2,2023-05-26,1,4407985.12,4407985.12
15345,25,3,44,12,2023-02-01,1,1596691.28,1596691.28
15346,20,11,4,6,2023-06-06,1,3725625.68,3725625.68
15347,8,2,30,6,2025-06-03,1,838978.15,838978.15
15348,7,8,18,8,2024-02-01,1,1748984.31,1748984.31
15349,7,1,15,1,2022-04-01,1,5073740.51,5073740.51
15350,15,2,10,1,2022-10-05,1,4125392.73,4125392.73
15351,11,5,19,6,2024-01-09,1,3525040.05,3525040.05
15352,8,2,52,1,2025-11-18,1,699138.56,699138.56
15353,31,3,20,6,2025-08-31,1,3958959.73,3958959.73
15354,37,1,50,3,2025-06-17,2,3965202.58,7930405.16
15355,33,1,47,9,2025-07-18,1,4007988.13,4007988.13
15356,43,11,38,12,2024-02-01,3,3668412.41,11005237.23
15357,7,12,2,5,2023-02-28,1,1304009.55,1304009.55
15358,25,6,26,1,2022-11-24,1,2293998.87,2293998.87
15359,7,11,2,3,2025-08-22,1,4849151.09,4849151.09
15360,17,12,55,8,2022-10-04,1,574328.01,574328.01
15361,9,1,35,12,2023-09-23,1,1121900.84,1121900.84
15362,21,5,13,6,2022-02-14,1,1786334.45,1786334.45
15363,18,5,8,12,2022-01-09,1,1359646.2,1359646.2
15364,36,3,3,4,2022-09-30,1,1316754.85,1316754.85
15365,18,2,10,6,2022-04-20,1,1824615.43,1824615.43
15366,27,6,10,12,2024-09-08,1,4657629.57,4657629.57
15367,32,5,19,8,2025-09-18,1,4295750.44,4295750.44
15368,41,1,26,5,2025-10-02,1,4826464.24,4826464.24
15369,36,2,28,7,2022-12-30,1,2075543.68,2075543.68
15370,42,2,25,8,2023-07-13,2,2102791.72,4205583.44
15371,25,3,36,1,2024-03-22,1,2590776.31,2590776.31
15372,24,5,51,5,2023-08-30,1,4727135.95,4727135.95
15373,25,6,24,3,2023-03-25,1,3016698.33,3016698.33
15374,3,6,32,5,2025-03-26,1,808530.9,808530.9
15375,19,3,3,2,2022-06-22,1,2338439.42,2338439.42
15376,25,8,32,1,2022-11-26,1,3074322.52,3074322.52
15377,37,2,54,8,2024-09-14,1,1280708.07,1280708.07
15378,10,4,4,5,2023-05-18,1,4193783.72,4193783.72
15379,33,5,50,3,2024-08-20,1,2646707.15,2646707.15
15380,27,6,5,4,2024-10-16,1,3433523.91,3433523.91
15381,9,3,1,5,2025-08-26,2,2331208.49,4662416.98
15382,8,2,52,1,2023-06-19,1,959300.13,959300.13
15383,16,2,3,1,2023-07-05,1,432706.74,432706.74
15384,30,6,45,1,2023-08-26,1,4436108.82,4436108.82
15385,38,2,31,7,2024-05-12,1,2779117.52,2779117.52
15386,28,5,32,7,2022-05-25,1,4700319.57,4700319.57
15387,14,3,37,10,2023-03-08,2,924045.03,1848090.06
15388,3,5,44,3,2023-12-01,1,458160.6,458160.6
15389,8,3,38,4,2025-07-20,1,857258.85,857258.85
15390,2,10,34,4,2024-01-11,1,2224436.99,2224436.99
15391,26,14,37,3,2025-01-20,1,1092522.5,1092522.5
15392,32,7,2,1,2025-03-13,1,2140735.93,2140735.93
15393,37,1,5,4,2022-11-05,1,5098890.5,5098890.5
15394,19,2,36,7,2022-11-29,1,1261440.76,1261440.76
15395,13,11,31,7,2024-08-24,1,617313.99,617313.99
15396,24,2,3,6,2025-08-15,1,4442952.25,4442952.25
15397,28,2,7,9,2025-08-14,1,2827282.41,2827282.41
15398,17,5,34,8,2025-03-07,2,605674.21,1211348.42
15399,16,7,4,7,2022-08-04,1,627441.99,627441.99
15400,25,2,2,6,2023-07-30,1,1482803.41,1482803.41
15401,32,4,30,8,2024-02-23,1,2642871.86,2642871.86
15402,16,2,2,3,2023-10-17,1,559449.58,559449.58
15403,30,6,29,8,2025-09-07,1,2175293.64,2175293.64
15404,20,4,37,5,2025-12-16,1,2567037.71,2567037.71
15405,30,3,1,6,2023-02-03,1,3462417.11,3462417.11
15406,16,2,38,8,2022-12-06,1,487242.75,487242.75
15407,19,10,44,3,2024-09-04,1,2437512.13,2437512.13
15408,3,4,2,2,2022-04-15,1,481931.47,481931.47
15409,22,4,9,4,2025-12-30,1,1205101.13,1205101.13
15410,40,6,30,10,2024-03-04,1,1866513.02,1866513.02
15411,25,14,5,12,2023-12-20,1,2408209.48,2408209.48
15412,27,3,44,8,2022-12-13,1,3597763.77,3597763.77
15413,30,2,41,6,2024-03-22,2,1832467.17,3664934.34
15414,31,3,24,11,2022-01-05,2,4861528.42,9723056.84
15415,32,11,8,5,2022-10-03,1,1760199.33,1760199.33
15416,1,12,27,1,2025-04-19,1,1185086.09,1185086.09
15417,11,1,22,6,2024-04-10,1,1013748.29,1013748.29
15418,4,7,33,9,2024-02-29,1,829855.54,829855.54
15419,37,10,50,1,2022-01-09,1,2695036.87,2695036.87
15420,16,11,54,4,2024-02-26,1,727826.9,727826.9
15421,29,10,55,6,2025-04-12,2,581278.16,1162556.32
15422,15,12,37,5,2022-10-31,1,3133705.88,3133705.88
15423,31,12,33,3,2022-03-31,1,4326907.64,4326907.64
15424,14,7,1,5,2022-08-01,1,917166.28,917166.28
15425,29,10,13,1,2023-12-26,1,501358.1,501358.1
15426,23,1,28,9,2023-05-01,1,2986588.34,2986588.34
15427,15,6,11,8,2025-10-17,1,3914290.63,3914290.63
15428,9,4,48,6,2024-04-26,1,2206984.06,2206984.06
15429,27,5,54,6,2023-03-10,1,3952922.12,3952922.12
15430,33,9,24,9,2024-05-02,1,3957499.0,3957499.0
15431,8,2,6,8,2022-02-05,3,909781.0,2729343.0
15432,17,8,13,5,2022-03-09,2,732028.33,1464056.66
15433,14,6,9,11,2024-05-20,3,948006.83,2844020.49
15434,11,3,29,5,2022-10-22,1,2572966.39,2572966.39
15435,10,11,40,10,2022-04-15,1,2782571.8,2782571.8
15436,29,4,44,10,2023-10-25,1,645700.69,645700.69
15437,24,2,30,3,2025-11-02,1,3019147.45,3019147.45
15438,11,3,52,1,2022-11-23,1,3475152.12,3475152.12
15439,1,4,23,6,2024-07-27,1,1065918.81,1065918.81
15440,28,10,30,9,2025-11-11,1,2673534.67,2673534.67
15441,13,10,24,8,2023-04-16,1,504868.87,504868.87
15442,20,3,46,6,2024-04-18,1,4468613.07,4468613.07
15443,26,5,39,1,2022-03-05,1,2782690.8,2782690.8
15444,25,1,1,2,2023-01-05,1,763918.84,763918.84
15445,8,1,37,6,2024-01-30,1,913194.97,913194.97
15446,35,1,46,6,2025-01-29,1,4300493.68,4300493.68
15447,38,3,50,7,2025-10-28,1,3209152.84,3209152.84
15448,30,3,16,3,2024-08-04,1,4187495.97,4187495.97
15449,42,6,8,3,2024-10-14,1,1757393.55,1757393.55
15450,19,14,1,4,2023-04-24,1,1134291.96,1134291.96
15451,7,3,49,9,2023-08-29,1,2459640.02,2459640.02
15452,42,4,41,10,2025-03-18,1,969925.65,969925.65
15453,30,11,23,6,2025-03-14,1,4400477.84,4400477.84
15454,13,3,3,7,2023-04-15,3,832215.5,2496646.5
15455,7,10,34,3,2022-11-07,3,4386909.67,13160729.01
15456,11,1,28,1,2024-02-07,1,2072564.55,2072564.55
15457,37,9,15,7,2025-03-02,1,5113408.04,5113408.04
15458,31,7,29,4,2025-01-30,1,2595813.11,2595813.11
15459,42,7,6,1,2025-07-09,1,1504081.03,1504081.03
15460,25,2,21,6,2023-09-14,1,2940533.97,2940533.97
15461,14,1,55,3,2023-07-14,1,1095316.94,1095316.94
15462,21,1,28,1,2024-09-25,1,1384082.12,1384082.12
15463,26,3,6,9,2022-07-07,1,2717059.39,2717059.39
15464,34,1,46,7,2023-10-17,1,2645804.15,2645804.15
15465,13,1,14,7,2024-12-26,1,630074.78,630074.78
15466,27,2,21,7,2024-07-29,1,2824146.98,2824146.98
15467,24,1,12,1,2025-04-15,2,1217173.1,2434346.2
15468,20,6,51,5,2025-07-12,1,4257690.28,4257690.28
15469,12,9,44,10,2024-01-24,1,2067284.39,2067284.39
15470,26,2,36,9,2023-01-15,2,2223970.25,4447940.5
15471,17,1,38,6,2022-03-31,1,753273.95,753273.95
15472,11,2,16,4,2025-01-20,1,2286311.6,2286311.6
15473,41,5,8,2,2024-04-29,1,4832732.23,4832732.23
15474,2,12,48,11,2023-05-11,1,3241633.01,3241633.01
15475,29,14,12,2,2025-06-14,1,689633.35,689633.35
15476,3,1,37,4,2023-07-07,1,450608.96,450608.96
15477,18,2,51,8,2023-04-07,1,3040504.41,3040504.41
15478,17,10,55,7,2022-04-21,1,424320.12,424320.12
15479,26,9,37,7,2022-05-07,2,1756221.55,3512443.1
15480,32,5,13,11,2025-03-27,1,4113386.39,4113386.39
15481,26,4,31,7,2023-04-21,1,1418046.34,1418046.34
15482,33,1,22,9,2025-02-26,1,1228220.46,1228220.46
15483,29,2,36,5,2023-11-11,1,597969.32,597969.32
15484,15,6,12,3,2024-07-16,1,1623573.89,1623573.89
15485,19,2,14,6,2022-10-27,1,985309.55,985309.55
15486,25,1,27,8,2023-11-16,1,3137940.58,3137940.58
15487,5,2,47,11,2025-03-22,2,8095074.89,16190149.78
15488,27,1,19,9,2025-08-31,1,4457210.51,4457210.51
15489,10,13,51,4,2023-03-19,1,4140907.95,4140907.95
15490,38,1,1,6,2023-07-20,2,1382864.14,2765728.28
15491,26,4,26,10,2022-09-12,1,3328084.76,3328084.76
15492,35,4,42,7,2024-08-24,1,4150382.39,4150382.39
15493,43,13,23,3,2025-01-01,1,1399365.11,1399365.11
15494,12,2,23,12,2022-06-01,1,1107745.54,1107745.54
15495,29,1,49,3,2024-02-18,1,759529.71,759529.71
15496,23,2,39,3,2022-12-17,2,4331481.19,8662962.38
15497,17,6,50,6,2024-06-05,2,510030.59,1020061.18
15498,36,3,6,10,2023-08-02,1,2576104.66,2576104.66
15499,27,6,21,3,2024-06-06,1,3735955.97,3735955.97
15500,12,3,23,9,2025-11-03,1,959264.19,959264.19
15501,28,1,28,7,2023-07-05,1,1347199.53,1347199.53
15502,25,11,12,10,2025-10-07,1,3070018.69,3070018.69
15503,1,4,35,3,2024-03-27,1,1654947.14,1654947.14
15504,20,1,24,2,2024-12-19,1,3541608.94,3541608.94
15505,31,13,21,6,2025-08-16,1,1041709.94,1041709.94
15506,13,4,27,3,2025-12-07,1,814050.31,814050.31
15507,7,3,55,6,2023-03-09,1,3401597.71,3401597.71
15508,15,2,31,12,2022-02-26,1,4954633.28,4954633.28
15509,37,5,2,4,2024-05-13,1,1228069.09,1228069.09
15510,12,4,25,9,2022-12-21,2,4026677.48,8053354.96
15511,4,3,37,4,2025-07-22,2,1216473.58,2432947.16
15512,20,3,41,6,2024-09-30,1,1368411.26,1368411.26
15513,25,1,52,6,2025-08-31,1,1005018.69,1005018.69
15514,8,2,31,4,2023-11-15,1,571669.52,571669.52
15515,7,2,44,3,2025-12-27,2,5127444.96,10254889.92
15516,13,2,17,6,2022-11-02,1,681389.15,681389.15
15517,17,11,32,2,2023-02-08,1,491523.83,491523.83
15518,12,2,13,1,2022-03-11,2,2161089.81,4322179.62
15519,13,12,21,10,2023-05-25,1,650396.13,650396.13
15520,32,1,24,9,2022-06-06,1,3984254.0,3984254.0
15521,21,1,46,3,2024-06-26,1,867394.05,867394.05
15522,14,2,49,3,2022-03-13,1,779593.66,779593.66
15523,35,1,53,9,2023-12-15,1,4606723.23,4606723.23
15524,15,5,22,6,2024-07-03,1,3143234.99,3143234.99
15525,24,3,2,4,2022-12-05,2,4423112.19,8846224.38
15526,35,3,55,8,2024-01-20,1,2637443.06,2637443.06
15527,7,8,28,9,2025-06-03,1,1986167.58,1986167.58
15528,4,13,34,8,2025-12-22,2,773588.11,1547176.22
15529,4,4,22,4,2022-10-10,1,747488.72,747488.72
15530,15,6,23,6,2022-01-15,1,4959648.86,4959648.86
15531,24,5,9,3,2024-03-18,1,3242707.49,3242707.49
15532,19,6,39,12,2022-01-11,1,1385687.66,1385687.66
15533,6,11,46,3,2023-03-01,1,1578023.97,1578023.97
15534,16,8,28,1,2023-01-29,1,422604.62,422604.62
15535,23,12,59,12,2024-10-24,1,3546483.22,3546483.22
15536,13,1,4,7,2025-03-22,2,866997.52,1733995.04
15537,25,4,9,7,2024-02-17,1,2832365.56,2832365.56
15538,9,11,24,7,2022-08-08,3,1868020.92,5604062.76
15539,34,4,15,8,2023-09-14,1,2462807.21,2462807.21
15540,15,6,23,9,2023-04-26,1,5026497.56,5026497.56
15541,6,7,38,4,2025-06-03,1,2496736.28,2496736.28
15542,29,3,12,9,2023-03-29,1,535050.54,535050.54
15543,11,3,22,12,2024-08-05,1,3346417.92,3346417.92
15544,31,1,24,4,2023-12-04,2,2580520.97,5161041.94
15545,9,2,33,8,2022-12-25,1,2064179.95,2064179.95
15546,25,2,39,7,2024-08-28,1,2500768.96,2500768.96
15547,20,1,46,2,2025-04-05,1,3774550.06,3774550.06
15548,26,2,17,1,2024-03-06,2,2358250.07,4716500.14
15549,9,2,27,1,2025-06-22,1,1745589.73,1745589.73
15550,10,4,53,9,2025-04-06,1,2655097.24,2655097.24
15551,26,1,21,1,2022-04-15,1,1141497.43,1141497.43
15552,33,5,42,2,2024-12-01,1,2257574.86,2257574.86
15553,13,6,14,7,2024-03-27,1,609130.38,609130.38
15554,27,8,39,3,2024-05-05,1,2449488.69,2449488.69
15555,40,5,32,6,2022-05-03,2,5543355.86,11086711.72
15556,24,6,26,7,2025-11-22,1,3169475.17,3169475.17
15557,35,2,11,7,2023-02-17,1,4434773.81,4434773.81
15558,9,11,34,3,2023-10-25,2,1773122.96,3546245.92
15559,33,9,48,11,2023-08-29,1,3429297.52,3429297.52
15560,33,1,29,1,2024-06-12,1,3890450.08,3890450.08
15561,43,2,49,8,2025-07-08,1,3445976.86,3445976.86
15562,20,10,2,3,2023-10-20,2,4512181.99,9024363.98
15563,27,4,14,7,2023-02-23,1,4439562.23,4439562.23
15564,7,6,11,4,2024-07-15,2,5547304.98,11094609.96
15565,31,6,25,7,2024-06-12,1,1285658.54,1285658.54
15566,26,1,44,6,2022-03-07,2,1398285.65,2796571.3
15567,31,6,32,10,2025-03-06,1,4305122.07,4305122.07
15568,11,4,31,3,2025-03-06,1,4124376.13,4124376.13
15569,28,11,43,3,2024-06-24,1,3739766.81,3739766.81
15570,28,3,26,1,2023-07-07,1,887099.5,887099.5
15571,1,6,23,7,2022-10-19,1,2890841.35,2890841.35
15572,24,14,31,3,2024-03-12,1,3159714.11,3159714.11
15573,19,2,55,12,2025-07-19,2,2052261.0,4104522.0
15574,28,14,33,6,2023-07-24,1,1874763.36,1874763.36
15575,19,1,36,3,2023-07-29,1,1211599.29,1211599.29
15576,32,1,31,4,2022-08-28,1,4218734.96,4218734.96
15577,8,2,17,6,2022-02-03,1,751489.27,751489.27
15578,7,11,7,9,2024-01-30,1,5773627.72,5773627.72
15579,11,2,32,4,2023-03-26,1,3587656.4,3587656.4
15580,4,2,37,2,2025-09-06,1,974213.84,974213.84
15581,20,1,2,7,2023-07-13,1,2919973.2,2919973.2
15582,26,10,25,11,2024-02-21,1,3762754.01,3762754.01
15583,28,1,18,8,2025-09-20,1,2149656.05,2149656.05
15584,28,3,22,7,2025-11-06,1,2019517.7,2019517.7
15585,18,1,10,8,2025-02-06,1,2053179.5,2053179.5
15586,15,1,8,9,2022-05-09,1,1696612.89,1696612.89
15587,7,2,28,4,2022-03-14,1,2058215.23,2058215.23
15588,17,1,6,4,2022-11-11,1,696149.63,696149.63
15589,22,5,17,4,2025-01-02,1,1217673.08,1217673.08
15590,19,3,48,6,2025-08-07,1,1735185.28,1735185.28
15591,8,2,8,6,2024-07-30,2,562247.42,1124494.84
15592,41,3,17,1,2023-07-12,1,4494216.26,4494216.26
15593,6,7,23,3,2022-12-27,1,2353346.85,2353346.85
15594,16,13,38,6,2022-08-12,1,409698.21,409698.21
15595,35,2,25,1,2023-11-05,2,1697417.33,3394834.66
15596,23,3,38,7,2022-06-30,1,1267607.41,1267607.41
15597,19,1,35,3,2022-08-31,2,2197814.41,4395628.82
15598,32,6,30,8,2025-03-22,1,4027840.2,4027840.2
15599,14,7,14,5,2025-03-24,1,1597807.34,1597807.34
15600,33,5,52,3,2022-10-17,1,3962933.98,3962933.98
15601,12,3,36,9,2024-12-03,1,4527817.54,4527817.54
15602,1,4,12,8,2025-01-08,1,2982201.62,2982201.62
15603,41,6,3,6,2023-05-13,1,5166994.54,5166994.54
15604,7,2,47,5,2025-08-03,1,2969460.53,2969460.53
15605,11,4,25,3,2025-08-03,2,2143933.58,4287867.16
15606,2,6,55,7,2022-11-18,1,1448028.75,1448028.75
15607,8,1,18,12,2022-06-24,1,794302.47,794302.47
15608,2,2,39,6,2025-02-10,1,3118755.43,3118755.43
15609,6,15,31,7,2025-01-11,1,2103657.59,2103657.59
15610,38,4,19,3,2022-02-13,1,2029945.48,2029945.48
15611,19,1,10,9,2023-10-10,1,924128.12,924128.12
15612,6,9,40,12,2022-01-09,1,2211110.75,2211110.75
15613,3,3,17,1,2023-03-10,1,594366.57,594366.57
15614,15,1,15,4,2024-03-24,1,3519075.4,3519075.4
15615,24,7,39,6,2024-05-11,2,2930434.36,5860868.72
15616,34,11,39,3,2024-01-23,1,3655564.01,3655564.01
15617,32,2,3,6,2022-08-04,1,2149029.03,2149029.03
15618,8,6,26,6,2023-06-11,1,706316.89,706316.89
15619,9,5,21,9,2024-01-20,1,1794287.96,1794287.96
15620,32,5,34,8,2022-07-28,2,2263827.2,4527654.4
15621,36,11,25,7,2025-01-16,1,1669637.16,1669637.16
15622,30,13,25,2,2024-10-13,1,4276367.68,4276367.68
15623,21,10,45,7,2025-10-07,1,857278.75,857278.75
15624,12,7,6,3,2023-09-13,1,1069626.23,1069626.23
15625,28,11,42,9,2022-09-14,1,1879727.1,1879727.1
15626,25,5,43,3,2023-05-09,1,4253352.2,4253352.2
15627,9,2,4,1,2024-10-28,1,2338310.55,2338310.55
15628,12,3,14,8,2023-03-28,1,1053400.79,1053400.79
15629,17,12,52,3,2022-02-27,1,731125.65,731125.65
15630,14,14,48,3,2024-08-17,1,1471756.7,1471756.7
15631,24,6,27,4,2024-09-27,2,1817664.43,3635328.86
15632,15,3,11,12,2022-10-02,1,2760114.44,2760114.44
15633,41,5,30,11,2025-09-21,1,970064.78,970064.78
15634,15,1,29,5,2023-05-19,1,4451681.71,4451681.71
15635,7,3,10,3,2024-12-28,1,3798864.32,3798864.32
15636,8,13,46,10,2023-01-06,2,878867.9,1757735.8
15637,15,15,27,4,2025-04-10,1,1785856.81,1785856.81
15638,35,2,43,6,2023-09-13,1,3836378.04,3836378.04
15639,15,1,14,2,2025-03-09,2,4907941.17,9815882.34
15640,12,2,39,8,2024-11-06,1,1086186.03,1086186.03
15641,23,5,24,11,2024-10-04,2,2892292.54,5784585.08
15642,42,4,4,8,2022-11-22,1,1926217.97,1926217.97
15643,20,5,18,8,2025-09-29,1,4861903.53,4861903.53
15644,15,2,33,9,2025-09-17,1,4038205.17,4038205.17
15645,35,4,14,10,2025-11-14,1,4317658.12,4317658.12
15646,1,1,20,1,2023-04-13,1,4298961.32,4298961.32
15647,7,3,50,6,2025-06-18,1,2110890.44,2110890.44
15648,28,11,31,6,2024-12-09,1,1476267.63,1476267.63
15649,9,3,54,11,2024-07-03,1,1251697.88,1251697.88
15650,6,10,2,4,2022-11-12,1,1974344.06,1974344.06
15651,27,15,12,5,2023-03-17,1,3725277.09,3725277.09
15652,28,10,22,3,2024-04-24,1,3692366.8,3692366.8
15653,19,1,14,11,2025-12-17,1,2003475.38,2003475.38
15654,24,5,42,1,2025-05-29,1,4730198.13,4730198.13
15655,9,5,32,3,2024-04-13,1,2620324.59,2620324.59
15656,26,12,55,4,2022-03-07,2,3514023.17,7028046.34
15657,32,15,11,6,2023-07-26,1,1928390.29,1928390.29
15658,16,1,45,3,2025-01-09,1,497950.99,497950.99
15659,7,15,53,3,2022-09-17,1,5922569.67,5922569.67
15660,12,12,17,10,2025-01-03,2,3030733.07,6061466.14
15661,43,12,11,6,2022-09-24,2,1320065.43,2640130.86
15662,15,12,45,1,2024-06-13,1,1198153.8,1198153.8
15663,37,7,30,1,2023-04-02,1,5398447.34,5398447.34
15664,17,3,30,9,2023-09-12,2,707689.86,1415379.72
15665,35,3,22,3,2023-10-01,1,1090305.29,1090305.29
15666,10,11,35,6,2025-05-01,1,2996743.78,2996743.78
15667,15,2,52,1,2024-09-06,1,3861537.24,3861537.24
15668,17,11,31,3,2025-01-01,1,434767.21,434767.21
15669,15,6,8,3,2022-03-13,1,4607294.01,4607294.01
15670,22,6,39,6,2024-12-20,1,1387962.49,1387962.49
15671,26,2,29,3,2023-04-12,1,2529086.41,2529086.41
15672,26,6,1,1,2025-11-15,1,3261235.59,3261235.59
15673,8,2,10,12,2024-01-06,1,707437.81,707437.81
15674,20,5,54,3,2022-07-19,2,1720939.74,3441879.48
15675,42,1,27,3,2022-08-01,2,1774985.28,3549970.56
15676,20,2,33,8,2024-03-02,1,4576656.58,4576656.58
15677,26,5,11,4,2024-06-28,1,1523548.05,1523548.05
15678,25,11,52,6,2023-09-18,1,1339616.44,1339616.44
15679,32,6,38,1,2024-02-01,1,1194611.14,1194611.14
15680,30,1,41,3,2025-08-17,1,1411535.52,1411535.52
15681,24,5,28,3,2024-04-03,1,1710606.66,1710606.66
15682,27,15,14,9,2024-06-17,1,3219479.8,3219479.8
15683,11,5,16,3,2025-06-06,1,3417109.22,3417109.22
15684,25,15,18,4,2025-03-07,1,2621484.65,2621484.65
15685,24,2,24,11,2024-07-29,1,3983232.76,3983232.76
15686,38,1,39,11,2023-04-23,2,2779485.13,5558970.26
15687,10,5,53,6,2022-03-03,1,3898413.47,3898413.47
15688,17,3,1,9,2022-06-14,1,612935.88,612935.88
15689,6,1,21,7,2023-06-23,1,2999162.24,2999162.24
15690,33,3,45,6,2022-06-24,1,935570.74,935570.74
15691,18,2,23,5,2022-06-07,1,2331431.86,2331431.86
15692,25,14,10,12,2024-06-11,2,2621219.19,5242438.38
15693,24,11,43,6,2022-08-18,1,2095665.69,2095665.69
15694,26,8,26,5,2025-08-18,1,2836626.71,2836626.71
15695,25,11,32,5,2024-02-09,1,3720106.22,3720106.22
15696,23,6,29,8,2024-08-20,1,4098415.43,4098415.43
15697,18,12,29,6,2023-09-12,2,2797333.18,5594666.36
15698,6,2,38,6,2024-12-14,1,3561710.76,3561710.76
15699,30,13,10,9,2024-09-27,1,2664112.53,2664112.53
15700,18,5,3,8,2024-06-29,1,3628487.89,3628487.89
15701,31,1,50,1,2024-03-07,1,4123451.2,4123451.2
15702,35,15,14,12,2025-03-14,1,2457807.54,2457807.54
15703,12,2,29,6,2024-07-10,1,3957062.64,3957062.64
15704,11,4,13,3,2025-08-19,1,2291573.3,2291573.3
15705,6,1,27,6,2024-02-27,1,2144116.89,2144116.89
15706,39,14,40,5,2023-02-21,1,1065980.28,1065980.28
15707,11,4,44,8,2024-05-10,1,3787183.74,3787183.74
15708,16,1,3,5,2025-06-18,1,412443.93,412443.93
15709,37,4,39,8,2022-10-13,2,4402105.15,8804210.3
15710,2,1,45,6,2022-05-04,2,928570.04,1857140.08
15711,42,4,8,9,2024-02-18,1,1904994.0,1904994.0
15712,26,2,44,4,2022-07-25,2,2695310.41,5390620.82
15713,29,13,19,11,2023-04-19,1,611617.45,611617.45
15714,29,1,43,8,2024-02-05,1,553115.41,553115.41
15715,12,1,30,10,2024-04-30,1,2132825.28,2132825.28
15716,39,1,33,3,2025-08-21,1,2234351.71,2234351.71
15717,13,10,10,1,2023-04-19,1,806908.73,806908.73
15718,38,3,49,5,2024-01-24,1,3650586.36,3650586.36
15719,37,1,24,6,2024-09-22,1,3634621.69,3634621.69
15720,18,1,7,3,2025-01-21,1,1453324.11,1453324.11
15721,25,6,57,8,2025-01-17,1,1970273.23,1970273.23
15722,11,11,18,6,2023-11-11,1,2361067.88,2361067.88
15723,43,4,49,11,2025-04-30,1,2867904.62,2867904.62
15724,37,4,37,5,2023-09-10,1,4720024.39,4720024.39
15725,6,5,44,8,2022-08-27,1,3044122.9,3044122.9
15726,31,4,19,6,2024-05-29,1,1612334.78,1612334.78
15727,6,8,18,6,2024-07-02,1,1904194.62,1904194.62
15728,9,15,10,9,2025-04-09,1,2046932.65,2046932.65
15729,23,4,53,4,2024-10-09,1,1049066.06,1049066.06
15730,29,1,34,7,2025-10-16,1,608870.4,608870.4
15731,22,1,51,3,2025-12-04,1,936617.44,936617.44
15732,7,2,22,3,2023-01-27,1,4185413.94,4185413.94
15733,33,6,40,10,2024-08-25,1,1920757.35,1920757.35
15734,15,12,49,4,2023-02-27,2,3893895.2,7787790.4
15735,40,10,33,11,2023-09-17,3,1679033.03,5037099.09
15736,1,15,37,8,2024-08-22,3,3399229.24,10197687.72
15737,41,10,44,4,2022-08-26,1,3041552.29,3041552.29
15738,8,13,2,5,2022-05-19,1,545534.66,545534.66
15739,27,1,24,8,2024-11-21,1,2309964.29,2309964.29
15740,7,3,45,6,2024-11-16,1,4579221.06,4579221.06
15741,11,2,26,6,2025-02-01,1,3057843.62,3057843.62
15742,12,6,20,7,2023-10-11,1,2034162.25,2034162.25
15743,19,3,46,1,2025-02-18,1,1960375.76,1960375.76
15744,24,5,9,3,2022-11-23,1,2403830.52,2403830.52
15745,24,10,25,6,2022-01-21,1,4081524.86,4081524.86
15746,20,6,1,6,2023-05-03,1,2240923.05,2240923.05
15747,7,4,22,1,2023-08-09,1,2496089.0,2496089.0
15748,15,12,50,1,2025-04-25,1,4758908.07,4758908.07
15749,2,9,44,4,2024-07-28,1,1769721.72,1769721.72
15750,35,12,18,1,2023-05-16,1,2965382.01,2965382.01
15751,35,3,46,6,2024-09-08,1,3773634.67,3773634.67
15752,12,11,24,3,2022-03-19,1,3647119.31,3647119.31
15753,7,6,21,6,2024-10-23,2,1845669.07,3691338.14
15754,16,11,14,1,2025-03-23,2,579805.85,1159611.7
15755,31,7,27,9,2025-11-03,1,3727401.04,3727401.04
15756,26,2,25,4,2022-03-05,1,954501.18,954501.18
15757,41,3,19,4,2023-02-13,1,2062976.52,2062976.52
15758,29,10,6,10,2023-08-14,2,727688.59,1455377.18
15759,10,2,36,1,2024-03-08,1,3021385.45,3021385.45
15760,32,11,2,3,2022-05-09,1,4200879.94,4200879.94
15761,28,6,31,6,2024-07-28,2,2153999.68,4307999.36
15762,28,1,21,1,2022-12-03,1,1670382.79,1670382.79
15763,43,6,23,3,2024-12-05,1,2142947.87,2142947.87
15764,25,4,4,6,2023-03-02,1,1254863.33,1254863.33
15765,6,13,40,3,2025-04-14,1,3244458.03,3244458.03
15766,33,6,43,3,2025-11-19,1,2905637.34,2905637.34
15767,26,8,53,7,2025-03-26,1,3317439.69,3317439.69
15768,26,1,13,8,2022-01-18,2,885452.98,1770905.96
15769,24,11,11,3,2025-10-18,1,1821378.11,1821378.11
15770,39,2,29,8,2025-01-12,1,4240123.5,4240123.5
15771,16,3,19,3,2024-12-16,1,418775.73,418775.73
15772,38,2,39,6,2025-02-18,2,2595478.17,5190956.34
15773,27,12,37,5,2023-03-26,1,3818745.1,3818745.1
15774,43,6,19,1,2024-03-06,1,4686942.12,4686942.12
15775,39,5,8,6,2022-05-12,1,3121526.19,3121526.19
15776,16,3,31,7,2024-01-15,1,511708.15,511708.15
15777,28,8,10,7,2025-06-05,1,3204390.67,3204390.67
15778,43,13,31,7,2022-02-08,1,1602558.37,1602558.37
15779,26,10,2,6,2025-05-23,1,2477622.32,2477622.32
15780,42,1,39,4,2024-06-19,1,1310175.5,1310175.5
15781,15,1,19,3,2024-12-02,1,4514371.69,4514371.69
15782,29,1,54,11,2025-05-16,1,537560.6,537560.6
15783,35,1,1,4,2025-08-14,1,2279437.99,2279437.99
15784,27,4,50,12,2023-09-05,1,2817737.06,2817737.06
15785,25,9,13,1,2025-12-01,1,2835879.21,2835879.21
15786,14,3,4,6,2023-09-13,2,1834433.13,3668866.26
15787,16,2,18,2,2025-01-29,3,598300.46,1794901.38
15788,28,9,55,6,2024-12-13,1,4047297.44,4047297.44
15789,14,3,24,4,2022-06-17,1,1832485.35,1832485.35
15790,31,1,23,4,2024-07-01,1,2581882.43,2581882.43
15791,19,13,17,1,2024-10-26,1,1521823.32,1521823.32
15792,12,8,11,7,2023-08-26,1,2944640.49,2944640.49
15793,18,10,3,7,2024-08-06,1,3015100.02,3015100.02
15794,34,11,45,9,2023-11-30,1,2191825.45,2191825.45
15795,33,2,5,11,2023-06-27,2,2541097.79,5082195.58
15796,27,1,32,2,2022-02-12,1,2376583.0,2376583.0
15797,22,8,47,7,2023-06-15,2,1591910.51,3183821.02
15798,4,1,28,5,2022-04-24,2,1141005.72,2282011.44
15799,26,3,2,7,2024-07-05,1,1914229.78,1914229.78
15800,28,10,6,6,2025-11-15,1,2783727.07,2783727.07
15801,18,14,54,12,2023-02-22,1,1571677.71,1571677.71
15802,35,2,46,8,2024-07-01,1,2906368.62,2906368.62
15803,38,1,30,7,2022-05-01,1,4198070.6,4198070.6
15804,43,9,33,6,2023-12-27,1,4373731.21,4373731.21
15805,29,2,9,8,2024-06-15,2,768446.68,1536893.36
15806,36,4,15,3,2024-02-17,1,2083045.75,2083045.75
15807,31,2,32,11,2023-08-07,1,1452879.22,1452879.22
15808,18,2,10,6,2022-07-02,2,2512362.65,5024725.3
15809,20,6,49,4,2025-07-04,1,1245559.97,1245559.97
15810,12,2,28,6,2025-08-16,1,920287.58,920287.58
15811,33,5,5,1,2023-05-25,1,1724735.33,1724735.33
15812,17,3,9,11,2025-04-16,1,405188.73,405188.73
15813,20,4,15,9,2024-05-13,2,2579139.31,5158278.62
15814,7,6,23,3,2022-08-13,1,1510867.88,1510867.88
15815,3,3,31,12,2025-11-26,1,758218.43,758218.43
15816,15,4,18,9,2024-01-11,2,4350308.19,8700616.38
15817,40,6,54,6,2022-10-02,1,2327817.71,2327817.71
15818,32,3,11,4,2025-09-04,1,2520768.64,2520768.64
15819,33,12,46,8,2022-10-31,1,3653372.31,3653372.31
15820,12,12,28,8,2023-09-08,1,1967467.06,1967467.06
15821,6,10,25,4,2023-06-27,2,1204185.54,2408371.08
15822,19,3,22,7,2023-02-13,1,1289708.79,1289708.79
15823,34,6,13,8,2023-06-09,1,1685472.46,1685472.46
15824,28,1,20,6,2023-07-12,1,2830926.64,2830926.64
15825,23,5,2,6,2025-09-16,1,1214250.54,1214250.54
15826,32,9,37,3,2025-03-09,1,1020123.88,1020123.88
15827,15,11,16,2,2022-05-18,1,4290347.7,4290347.7
15828,26,5,52,4,2022-02-08,1,3737233.98,3737233.98
15829,17,15,53,3,2024-04-13,1,553887.99,553887.99
15830,27,2,36,3,2025-10-27,3,3271754.71,9815264.13
15831,8,5,3,11,2022-01-18,1,687253.93,687253.93
15832,8,1,35,7,2022-11-09,1,705434.67,705434.67
15833,28,14,20,7,2022-04-17,2,881577.71,1763155.42
15834,28,1,7,3,2024-10-15,1,1075939.53,1075939.53
15835,16,6,46,3,2023-07-31,3,522424.32,1567272.96
15836,37,1,37,3,2022-06-28,1,3032044.92,3032044.92
15837,29,2,20,8,2023-11-06,1,719132.19,719132.19
15838,25,5,24,1,2022-10-20,1,807620.55,807620.55
15839,39,11,8,2,2025-09-13,1,3453131.86,3453131.86
15840,30,1,44,5,2023-05-15,1,3545368.45,3545368.45
15841,7,1,9,5,2023-01-20,1,2201797.78,2201797.78
15842,9,14,48,8,2025-07-09,1,1347986.04,1347986.04
15843,30,3,20,7,2023-12-30,1,1648952.01,1648952.01
15844,9,4,41,6,2025-01-30,1,2251188.65,2251188.65
15845,1,3,27,1,2022-07-17,1,3417229.6,3417229.6
15846,7,4,21,6,2022-09-28,1,3394549.09,3394549.09
15847,26,4,47,8,2025-03-22,1,3286945.54,3286945.54
15848,9,1,53,8,2024-07-09,1,1941345.81,1941345.81
15849,6,1,6,7,2023-09-16,1,2375475.57,2375475.57
15850,31,14,8,6,2025-07-23,2,2284709.52,4569419.04
15851,40,10,55,3,2025-01-27,1,5950825.79,5950825.79
15852,23,3,36,9,2025-06-25,1,1487532.35,1487532.35
15853,43,9,5,4,2023-01-19,1,2027891.75,2027891.75
15854,11,2,51,11,2022-07-06,1,2593705.35,2593705.35
15855,12,9,4,8,2024-08-11,1,4500074.4,4500074.4
15856,14,6,49,7,2024-06-05,2,817043.61,1634087.22
15857,37,1,51,7,2022-04-14,3,5380600.04,16141800.12
15858,19,4,36,1,2023-11-17,1,1215943.12,1215943.12
15859,28,11,52,6,2025-02-24,1,4406790.04,4406790.04
15860,42,2,10,7,2024-10-22,1,1204022.35,1204022.35
15861,35,5,2,6,2025-04-13,1,3964627.44,3964627.44
15862,29,4,43,3,2023-03-01,2,570795.55,1141591.1
15863,4,4,26,4,2025-04-14,1,1208375.98,1208375.98
15864,20,2,28,6,2022-12-09,1,3178524.95,3178524.95
15865,20,6,40,1,2022-08-25,1,1931010.7,1931010.7
15866,43,1,43,1,2025-11-09,2,3785258.73,7570517.46
15867,35,8,15,7,2022-11-27,1,2490636.76,2490636.76
15868,28,5,21,6,2023-10-20,1,2127392.97,2127392.97
15869,27,2,9,4,2024-10-05,1,4484779.51,4484779.51
15870,15,1,10,8,2022-11-26,1,4464593.99,4464593.99
15871,30,4,40,12,2023-09-16,1,3673242.11,3673242.11
15872,9,7,52,3,2022-08-25,1,2165066.4,2165066.4
15873,12,1,49,7,2025-02-19,1,2202593.31,2202593.31
15874,25,8,41,4,2024-04-17,1,4174078.42,4174078.42
15875,6,6,33,6,2025-01-22,1,3415315.46,3415315.46
15876,17,8,48,7,2025-01-15,1,590754.35,590754.35
15877,19,5,24,7,2024-06-22,1,1887386.09,1887386.09
15878,36,1,13,6,2025-10-27,1,2771730.66,2771730.66
15879,20,6,44,4,2022-12-16,1,5042358.0,5042358.0
15880,4,6,40,3,2024-08-24,1,730960.46,730960.46
15881,41,3,27,10,2025-02-06,1,4651513.02,4651513.02
15882,21,5,4,9,2024-08-14,1,1163885.37,1163885.37
15883,20,14,48,1,2022-10-05,1,5059819.58,5059819.58
15884,14,3,2,8,2024-06-07,1,1674754.31,1674754.31
15885,32,5,31,1,2025-04-13,1,3728112.08,3728112.08
15886,15,2,27,5,2024-04-16,1,4826014.96,4826014.96
15887,20,1,28,5,2025-06-05,1,3796187.5,3796187.5
15888,25,13,47,2,2023-07-19,1,2327236.3,2327236.3
15889,10,1,22,1,2024-06-01,1,3806568.02,3806568.02
15890,11,11,53,5,2024-08-21,1,2488136.2,2488136.2
15891,14,3,49,6,2023-12-05,1,1011899.27,1011899.27
15892,14,15,21,7,2023-01-29,1,1789660.12,1789660.12
15893,16,2,28,5,2023-02-04,1,449140.02,449140.02
15894,16,9,35,3,2023-03-27,1,636236.13,636236.13
15895,38,14,36,1,2024-03-08,1,4329768.89,4329768.89
15896,23,13,1,4,2024-02-08,1,2909048.54,2909048.54
15897,14,1,47,5,2022-11-26,1,1251904.21,1251904.21
15898,31,3,10,10,2024-12-09,1,4578011.29,4578011.29
15899,17,6,45,1,2024-10-24,1,610865.28,610865.28
15900,21,9,19,2,2024-09-22,1,1014101.48,1014101.48
15901,23,6,41,7,2025-11-27,1,2664543.05,2664543.05
15902,20,1,34,7,2023-03-31,1,3582360.2,3582360.2
15903,33,7,47,3,2023-12-25,1,2175715.58,2175715.58
15904,15,5,34,3,2023-05-03,1,2033788.6,2033788.6
15905,27,6,13,3,2023-07-21,1,2778221.31,2778221.31
15906,35,11,46,3,2024-11-11,1,2638982.0,2638982.0
15907,20,3,39,3,2023-12-06,1,1151376.28,1151376.28
15908,24,1,17,4,2023-10-12,1,4600022.3,4600022.3
15909,7,5,7,9,2025-02-26,1,4885438.8,4885438.8
15910,27,14,55,5,2025-11-14,1,4094319.39,4094319.39
15911,4,13,19,6,2022-02-19,1,806796.18,806796.18
15912,11,2,1,5,2022-04-06,1,2761785.84,2761785.84
15913,35,13,50,1,2022-07-07,2,1976609.75,3953219.5
15914,25,12,8,7,2023-08-19,1,3012868.65,3012868.65
15915,20,11,42,2,2024-07-29,1,4498985.75,4498985.75
15916,32,6,18,4,2024-07-17,1,4892477.85,4892477.85
15917,2,12,43,6,2024-05-19,1,4938497.89,4938497.89
15918,31,7,50,3,2023-09-12,1,1712749.92,1712749.92
15919,36,6,47,1,2024-12-14,1,2446353.31,2446353.31
15920,6,6,25,7,2022-08-08,1,2003270.26,2003270.26
15921,27,14,19,12,2023-12-23,1,3349643.55,3349643.55
15922,34,12,39,5,2023-06-16,1,4183034.18,4183034.18
15923,4,10,49,9,2023-12-29,1,1709623.57,1709623.57
15924,34,11,52,9,2025-01-08,1,4604183.84,4604183.84
15925,12,14,51,6,2024-05-14,1,2329001.59,2329001.59
15926,40,14,56,1,2025-07-09,1,1854873.86,1854873.86
15927,1,2,43,3,2024-10-29,1,1425936.59,1425936.59
15928,29,11,31,5,2022-06-15,2,666712.61,1333425.22
15929,9,2,6,11,2025-02-20,1,2656798.82,2656798.82
15930,39,3,13,4,2022-08-10,1,4120075.39,4120075.39
15931,16,3,35,8,2022-08-14,1,575305.78,575305.78
15932,25,9,48,5,2025-03-18,2,4245945.74,8491891.48
15933,29,11,40,7,2022-11-08,1,742634.31,742634.31
15934,39,5,4,7,2024-04-15,3,1095641.45,3286924.35
15935,35,3,35,4,2023-04-28,1,2396175.2,2396175.2
15936,26,7,20,5,2023-07-21,1,1131536.97,1131536.97
15937,1,9,11,5,2022-03-04,1,2776777.4,2776777.4
15938,32,6,4,7,2022-08-23,1,3508647.83,3508647.83
15939,2,1,19,9,2025-09-05,1,2107056.51,2107056.51
15940,30,3,31,3,2025-07-30,1,1602030.17,1602030.17
15941,25,1,22,3,2023-04-05,1,3936324.88,3936324.88
15942,20,4,3,7,2024-07-15,1,2413150.41,2413150.41
15943,42,2,39,7,2023-04-17,1,1105717.28,1105717.28
15944,41,7,2,5,2024-03-30,1,2412911.78,2412911.78
15945,31,7,9,3,2022-07-13,1,2803066.67,2803066.67
15946,9,2,28,1,2022-07-16,1,1402837.62,1402837.62
15947,9,6,49,3,2023-02-21,1,1827762.64,1827762.64
15948,32,1,34,9,2023-11-04,1,1308743.69,1308743.69
15949,2,3,42,5,2023-03-10,1,4087196.83,4087196.83
15950,35,4,26,5,2025-11-28,1,4260764.6,4260764.6
15951,35,4,30,1,2024-03-13,1,1004908.94,1004908.94
15952,39,8,33,10,2025-08-01,1,4766679.58,4766679.58
15953,9,9,42,3,2024-08-10,1,1904938.92,1904938.92
15954,15,1,35,8,2024-01-18,1,1673709.11,1673709.11
15955,12,12,46,6,2023-06-22,1,967926.41,967926.41
15956,11,4,2,7,2022-02-27,2,2071703.13,4143406.26
15957,43,2,16,1,2022-03-12,1,5501748.93,5501748.93
15958,18,9,22,8,2025-05-25,1,2753694.65,2753694.65
15959,34,1,52,5,2024-01-12,1,1301257.97,1301257.97
15960,17,1,24,4,2023-01-14,1,579441.19,579441.19
15961,18,2,16,5,2022-06-21,1,2776746.43,2776746.43
15962,40,1,52,12,2025-09-01,1,2622811.75,2622811.75
15963,36,3,48,4,2022-01-12,1,2169521.25,2169521.25
15964,39,10,37,8,2022-12-17,1,4397011.64,4397011.64
15965,40,1,52,10,2024-03-24,1,4570593.18,4570593.18
15966,26,5,10,7,2022-05-27,1,1714832.57,1714832.57
15967,10,8,18,7,2024-11-26,1,4541507.48,4541507.48
15968,43,4,36,4,2025-06-11,1,1137254.27,1137254.27
15969,42,3,12,7,2023-02-02,1,976618.78,976618.78
15970,39,14,42,1,2025-07-25,1,2236015.75,2236015.75
15971,26,1,50,11,2022-01-04,1,3369974.95,3369974.95
15972,29,3,23,7,2024-08-03,1,776150.1,776150.1
15973,18,12,52,2,2024-03-09,2,2523425.54,5046851.08
15974,1,13,26,1,2024-07-24,1,3189395.89,3189395.89
15975,5,8,42,9,2025-06-30,1,6988930.08,6988930.08
15976,28,12,48,7,2023-12-15,1,1568583.06,1568583.06
15977,18,9,2,11,2022-06-19,3,932187.59,2796562.77
15978,14,5,12,9,2025-12-01,1,1331192.44,1331192.44
15979,11,4,26,2,2023-01-18,1,2826092.41,2826092.41
15980,8,4,13,2,2022-04-22,2,726061.82,1452123.64
15981,40,3,31,4,2024-01-09,1,7153308.17,7153308.17
15982,4,10,7,1,2022-08-06,1,1555887.09,1555887.09
15983,10,6,54,1,2024-07-16,1,3724784.77,3724784.77
15984,8,4,32,5,2022-05-18,2,512113.21,1024226.42
15985,24,2,27,9,2024-03-17,2,882806.81,1765613.62
15986,27,10,32,4,2023-04-16,1,2239008.38,2239008.38
15987,27,15,29,5,2022-12-13,1,1913232.28,1913232.28
15988,21,12,35,6,2023-01-18,2,1631955.53,3263911.06
15989,20,11,15,3,2022-08-29,1,2183502.45,2183502.45
15990,31,6,23,5,2022-01-26,1,3240729.97,3240729.97
15991,34,14,39,3,2022-12-27,1,2374936.31,2374936.31
15992,11,4,37,7,2023-03-21,1,2760617.39,2760617.39
15993,19,1,51,11,2022-01-17,1,1899388.26,1899388.26
15994,6,5,52,6,2023-04-07,1,1848133.8,1848133.8
15995,8,2,23,6,2023-09-02,1,629904.88,629904.88
15996,25,2,19,1,2024-03-08,1,2507813.47,2507813.47
15997,35,9,46,8,2022-04-19,2,3781676.06,7563352.12
15998,20,15,12,8,2022-12-17,2,2964478.61,5928957.22
15999,16,4,3,3,2025-02-22,1,488892.32,488892.32
16000,18,1,40,10,2022-06-14,2,2135139.53,4270279.06
16001,1,3,37,7,2025-12-30,1,1617754.28,1617754.28
16002,37,12,10,1,2023-01-03,1,3405365.66,3405365.66
16003,6,8,8,2,2023-05-17,1,3119805.25,3119805.25
16004,32,1,20,8,2024-06-01,1,1983653.37,1983653.37
16005,27,3,39,2,2025-05-22,1,1025439.75,1025439.75
16006,24,2,18,5,2024-04-12,1,2239885.86,2239885.86
16007,18,10,17,5,2024-01-24,1,3796759.32,3796759.32
16008,9,6,53,3,2022-09-21,1,2058541.5,2058541.5
16009,4,1,45,10,2025-04-06,1,1740264.02,1740264.02
16010,27,3,4,4,2023-12-27,1,2495972.52,2495972.52
16011,32,6,16,1,2023-07-20,2,4483222.7,8966445.4
16012,22,9,31,12,2024-02-14,1,1935532.1,1935532.1
16013,41,9,51,1,2024-02-16,1,3286143.22,3286143.22
16014,15,7,28,3,2023-02-20,1,2834394.74,2834394.74
16015,26,11,38,10,2025-04-03,1,1210980.93,1210980.93
16016,18,12,31,7,2025-01-13,2,2551822.38,5103644.76
16017,30,2,29,2,2025-05-30,1,3816038.24,3816038.24
16018,30,3,39,8,2022-06-04,1,1590044.07,1590044.07
16019,20,4,23,1,2025-08-12,1,1546617.91,1546617.91
16020,12,6,47,6,2024-07-10,1,4512516.01,4512516.01
16021,24,2,24,3,2025-05-08,1,1596905.94,1596905.94
16022,16,14,9,4,2022-06-03,1,439737.96,439737.96
16023,30,15,52,3,2022-05-01,1,2188619.15,2188619.15
16024,6,3,29,10,2024-01-02,1,1368806.75,1368806.75
16025,3,10,37,1,2023-04-14,1,641314.69,641314.69
16026,20,13,46,6,2024-08-15,1,4291890.87,4291890.87
16027,31,8,46,2,2025-06-13,1,3743595.19,3743595.19
16028,20,12,6,9,2023-10-05,1,2604392.07,2604392.07
16029,12,4,13,5,2024-03-16,1,2168528.85,2168528.85
16030,25,12,52,9,2022-01-28,1,1099027.97,1099027.97
16031,37,14,7,9,2025-08-25,1,4432148.95,4432148.95
16032,6,1,42,3,2025-10-19,1,3632284.75,3632284.75
16033,15,1,7,9,2025-04-16,2,1118978.49,2237956.98
16034,25,15,50,1,2025-10-03,1,2057215.75,2057215.75
16035,7,2,10,4,2023-03-01,2,4997862.41,9995724.82
16036,42,1,55,1,2025-02-15,1,1057545.89,1057545.89
16037,40,14,14,6,2025-05-29,1,2748547.04,2748547.04
16038,13,1,7,4,2025-02-04,1,711288.24,711288.24
16039,42,13,2,7,2022-05-19,1,873483.99,873483.99
16040,38,2,39,3,2025-01-28,1,3524866.9,3524866.9
16041,31,9,8,10,2025-08-17,1,2684303.75,2684303.75
16042,18,2,10,12,2024-04-17,2,4022967.23,8045934.46
16043,20,11,10,8,2023-02-07,3,3302382.2,9907146.6
16044,43,4,25,9,2023-06-24,1,1839961.21,1839961.21
16045,43,3,29,3,2022-05-17,1,3843242.27,3843242.27
16046,7,13,30,7,2024-04-10,1,1216655.04,1216655.04
16047,13,3,3,7,2025-07-09,1,695304.69,695304.69
16048,14,1,32,4,2025-05-14,1,1655560.36,1655560.36
16049,11,5,41,7,2024-11-26,1,4192774.66,4192774.66
16050,13,1,25,7,2022-09-04,2,689016.87,1378033.74
16051,28,1,44,1,2024-05-27,1,4654346.56,4654346.56
16052,12,5,20,1,2025-07-10,1,2479950.64,2479950.64
16053,8,2,44,3,2025-10-28,1,859814.91,859814.91
16054,43,7,43,8,2023-03-13,2,1626342.64,3252685.28
16055,29,4,26,8,2024-01-29,1,510378.86,510378.86
16056,12,2,5,9,2024-03-17,1,4485410.17,4485410.17
16057,17,1,7,3,2022-06-15,1,555837.51,555837.51
16058,16,4,7,12,2023-12-28,2,608391.97,1216783.94
16059,4,3,24,6,2022-11-08,1,1564407.94,1564407.94
16060,42,5,31,10,2023-01-16,1,989357.58,989357.58
16061,15,6,34,12,2023-09-29,1,3487299.05,3487299.05
16062,28,1,51,3,2022-08-19,2,923849.03,1847698.06
16063,17,1,23,2,2022-03-01,1,691014.76,691014.76
16064,1,6,9,4,2024-05-31,1,1674217.84,1674217.84
16065,9,9,53,7,2022-09-18,1,2047113.12,2047113.12
16066,34,14,33,6,2023-12-22,1,2268098.65,2268098.65
16067,25,6,22,6,2022-08-27,1,2805545.06,2805545.06
16068,16,14,13,8,2025-04-29,1,555259.72,555259.72
16069,7,1,30,6,2022-03-11,1,5387710.06,5387710.06
16070,37,6,11,5,2024-04-13,1,4336451.46,4336451.46
16071,19,3,36,5,2025-04-22,1,1815280.55,1815280.55
16072,1,13,17,11,2023-05-30,1,1700233.66,1700233.66
16073,11,12,13,1,2022-07-08,1,3282475.72,3282475.72
16074,11,4,16,8,2024-07-29,1,2301853.11,2301853.11
16075,34,3,35,8,2023-04-26,1,3757322.66,3757322.66
16076,23,10,55,1,2023-06-25,1,1775144.5,1775144.5
16077,27,3,49,6,2025-07-15,1,4180428.7,4180428.7
16078,34,4,2,10,2025-12-10,1,3867735.94,3867735.94
16079,17,5,49,2,2023-06-21,1,520118.16,520118.16
16080,37,1,6,3,2025-12-09,1,1850024.3,1850024.3
16081,15,2,51,4,2023-04-10,2,1922622.92,3845245.84
16082,25,14,24,8,2024-08-27,1,3809840.69,3809840.69
16083,4,10,41,6,2024-09-30,1,1129091.66,1129091.66
16084,39,3,39,3,2023-01-04,1,4565282.44,4565282.44
16085,11,3,51,3,2023-07-12,3,4637578.64,13912735.92
16086,35,14,27,2,2022-09-07,1,4635831.76,4635831.76
16087,28,1,32,2,2022-09-11,1,3988413.54,3988413.54
16088,24,5,55,9,2023-03-08,1,3766673.31,3766673.31
16089,37,1,5,3,2025-06-28,1,4702996.94,4702996.94
16090,42,1,1,5,2024-03-19,2,891927.5,1783855.0
16091,33,2,31,6,2025-05-07,2,3504731.04,7009462.08
16092,1,6,46,3,2022-02-09,1,2811889.94,2811889.94
16093,11,4,11,1,2024-06-23,2,2716063.23,5432126.46
16094,15,2,16,1,2025-10-29,1,4280908.95,4280908.95
16095,1,5,48,11,2023-06-28,1,2094865.26,2094865.26
16096,14,4,50,3,2024-07-28,1,1790093.73,1790093.73
16097,9,1,13,4,2025-01-20,1,2635755.56,2635755.56
16098,30,6,6,1,2025-11-12,1,1077491.05,1077491.05
16099,22,5,24,9,2024-10-22,1,1158292.68,1158292.68
16100,33,5,28,3,2025-08-29,2,4250093.26,8500186.52
16101,38,6,31,4,2025-08-08,1,4625328.97,4625328.97
16102,5,4,6,12,2025-04-04,1,10111573.64,10111573.64
16103,31,12,50,7,2025-06-14,1,4688096.42,4688096.42
16104,28,2,27,2,2025-11-21,1,1388114.42,1388114.42
16105,21,8,43,4,2022-01-22,1,1594993.12,1594993.12
16106,11,7,2,6,2025-12-07,3,3327998.72,9983996.16
16107,16,2,23,11,2024-01-02,1,486881.9,486881.9
16108,41,4,32,7,2023-08-30,1,4122823.49,4122823.49
16109,25,1,5,8,2022-08-26,2,1384673.24,2769346.48
16110,2,10,47,9,2025-07-29,1,3723159.12,3723159.12
16111,12,2,16,3,2023-01-23,2,4105401.01,8210802.02
16112,6,11,34,6,2025-09-28,1,3345725.17,3345725.17
16113,16,3,42,6,2022-06-14,1,568118.01,568118.01
16114,8,2,19,7,2025-03-03,1,621444.53,621444.53
16115,27,5,35,8,2022-04-25,1,2177261.41,2177261.41
16116,27,14,14,5,2024-12-13,2,4377322.89,8754645.78
16117,2,9,8,7,2024-12-17,2,3382371.38,6764742.76
16118,1,12,11,3,2024-10-06,2,2307067.08,4614134.16
16119,30,11,18,6,2022-10-21,1,1745780.59,1745780.59
16120,25,3,15,3,2024-06-13,1,1394799.32,1394799.32
16121,17,10,47,6,2022-08-25,1,665784.96,665784.96
16122,12,1,47,6,2025-06-20,1,2140832.05,2140832.05
16123,31,15,16,9,2023-03-24,1,2411046.83,2411046.83
16124,31,3,39,8,2023-06-26,1,1657542.35,1657542.35
16125,15,5,14,11,2024-10-19,1,3068542.44,3068542.44
16126,8,2,2,12,2025-05-25,1,875243.5,875243.5
16127,26,12,24,5,2022-02-13,1,1905821.41,1905821.41
16128,7,8,23,7,2025-01-14,1,5804111.28,5804111.28
16129,26,7,1,8,2024-08-06,1,1892246.05,1892246.05
16130,16,12,30,1,2023-09-29,1,746925.8,746925.8
16131,13,2,40,2,2023-02-01,1,487191.99,487191.99
16132,14,4,25,5,2022-05-22,2,1652842.23,3305684.46
16133,35,15,37,6,2022-03-19,2,1215018.36,2430036.72
16134,26,2,31,11,2024-08-27,1,2329267.4,2329267.4
16135,29,3,17,12,2023-05-31,1,615101.61,615101.61
16136,1,5,1,11,2025-07-22,1,831005.96,831005.96
16137,2,1,48,6,2023-04-23,1,4675148.47,4675148.47
16138,12,5,10,11,2025-03-24,2,977504.79,1955009.58
16139,8,10,44,6,2023-12-11,1,554729.14,554729.14
16140,43,2,33,9,2025-11-10,1,4420545.78,4420545.78
16141,31,14,37,3,2022-12-21,1,1435773.85,1435773.85
16142,24,4,54,6,2025-08-03,2,2783865.78,5567731.56
16143,14,12,53,9,2025-12-28,1,1859810.47,1859810.47
16144,1,4,45,10,2022-10-24,1,1157048.87,1157048.87
16145,36,6,11,6,2024-09-06,2,2157908.79,4315817.58
16146,2,3,8,8,2024-03-10,1,4749589.03,4749589.03
16147,29,4,55,7,2024-12-27,1,720227.6,720227.6
16148,14,1,31,1,2023-07-05,2,1419274.01,2838548.02
16149,19,5,23,12,2022-11-23,1,976797.62,976797.62
16150,17,3,18,3,2025-07-19,1,627408.57,627408.57
16151,40,11,6,4,2025-10-21,1,2264180.7,2264180.7
16152,9,15,29,9,2024-11-03,1,1343304.02,1343304.02
16153,12,11,53,4,2023-07-23,1,2816201.41,2816201.41
16154,14,11,29,4,2022-12-09,1,1272154.81,1272154.81
16155,32,12,34,7,2022-05-14,1,3600457.11,3600457.11
16156,24,13,8,3,2025-11-30,2,2359631.47,4719262.94
16157,16,1,16,10,2023-12-08,1,699818.16,699818.16
16158,24,4,10,6,2024-03-09,1,1608568.35,1608568.35
16159,28,11,34,2,2023-01-14,1,3157202.09,3157202.09
16160,25,3,31,5,2022-05-02,2,2047014.26,4094028.52
16161,7,5,6,4,2022-03-13,1,5068094.66,5068094.66
16162,43,7,22,7,2023-04-06,1,5115114.44,5115114.44
16163,43,5,25,7,2024-10-08,1,3917436.27,3917436.27
16164,18,11,41,2,2025-12-22,1,1858147.98,1858147.98
16165,9,1,14,3,2024-12-20,1,2271456.62,2271456.62
16166,36,3,4,8,2024-11-17,1,2412846.77,2412846.77
16167,4,4,37,7,2025-05-10,1,1725688.11,1725688.11
16168,11,10,3,4,2025-10-26,1,3463008.18,3463008.18
16169,7,1,2,6,2023-04-18,3,2936978.36,8810935.08
16170,18,12,22,11,2025-02-27,1,2943931.2,2943931.2
16171,17,6,25,4,2023-06-24,1,737724.25,737724.25
16172,10,12,29,3,2024-08-23,1,4407205.54,4407205.54
16173,11,5,40,8,2025-01-28,1,4661682.6,4661682.6
16174,39,6,10,5,2025-02-05,1,2736120.96,2736120.96
16175,33,11,52,5,2023-07-28,1,2699312.94,2699312.94
16176,31,5,53,12,2023-09-26,1,1129144.0,1129144.0
16177,13,2,4,7,2022-02-26,1,657344.63,657344.63
16178,21,1,37,5,2025-01-23,1,1791890.45,1791890.45
16179,20,4,17,6,2024-09-28,2,1328221.07,2656442.14
16180,43,4,4,4,2024-07-20,1,1653061.78,1653061.78
16181,21,4,15,3,2023-06-04,3,1910823.41,5732470.23
16182,35,3,10,4,2025-06-20,1,1361419.52,1361419.52
16183,24,3,37,3,2024-06-30,1,2819970.47,2819970.47
16184,36,13,17,4,2022-03-09,2,2564959.64,5129919.28
16185,7,6,31,1,2024-05-22,1,1774176.97,1774176.97
16186,12,12,40,3,2023-08-27,1,1778444.58,1778444.58
16187,6,2,40,4,2023-12-24,1,2565963.54,2565963.54
16188,26,3,1,1,2025-12-01,1,4064366.99,4064366.99
16189,8,2,24,9,2022-07-24,1,538595.79,538595.79
16190,26,9,18,8,2024-08-26,2,2002202.83,4004405.66
16191,32,11,20,3,2022-03-29,1,999330.99,999330.99
16192,26,3,50,1,2025-03-03,2,2113271.56,4226543.12
16193,40,12,3,7,2022-04-06,1,2251961.33,2251961.33
16194,26,2,50,6,2022-12-26,1,1290324.26,1290324.26
16195,38,1,44,6,2023-11-15,1,1058813.36,1058813.36
16196,24,1,34,6,2023-01-09,1,3530380.09,3530380.09
16197,39,5,21,9,2024-10-07,1,3247449.23,3247449.23
16198,16,2,54,4,2024-01-01,1,547272.05,547272.05
16199,12,2,30,6,2022-03-07,1,2615519.36,2615519.36
16200,15,2,9,4,2025-04-23,1,3267485.45,3267485.45
16201,25,2,33,8,2024-09-29,1,3171087.93,3171087.93
16202,12,1,52,3,2023-11-18,1,2571977.37,2571977.37
16203,39,3,50,3,2025-03-23,1,2024138.22,2024138.22
16204,38,10,35,10,2022-01-04,1,4377730.15,4377730.15
16205,28,5,9,1,2024-07-11,1,2752655.94,2752655.94
16206,33,5,48,9,2025-06-26,1,2478409.71,2478409.71
16207,40,3,45,4,2025-01-30,2,2207107.67,4414215.34
16208,35,3,38,1,2023-04-25,1,3140355.05,3140355.05
16209,25,14,1,3,2025-06-20,1,2096684.77,2096684.77
16210,28,10,50,3,2022-01-11,2,4331348.54,8662697.08
16211,24,9,22,7,2023-09-17,1,2218279.68,2218279.68
16212,11,1,42,1,2024-08-07,1,2995650.21,2995650.21
16213,38,13,46,4,2025-06-15,1,4498823.48,4498823.48
16214,25,11,23,5,2022-11-15,1,1325890.9,1325890.9
16215,25,11,54,8,2023-05-14,1,1302932.53,1302932.53
16216,39,3,18,8,2022-01-08,1,3411978.5,3411978.5
16217,6,5,2,2,2022-11-07,1,2388669.56,2388669.56
16218,37,6,27,9,2023-09-23,1,3656459.74,3656459.74
16219,24,6,22,5,2022-04-07,1,2080660.64,2080660.64
16220,1,1,52,1,2024-09-03,1,1983008.63,1983008.63
16221,25,8,39,12,2024-06-28,1,2294690.47,2294690.47
16222,40,5,15,3,2022-06-24,1,5106471.82,5106471.82
16223,18,5,3,6,2022-07-18,1,3513375.5,3513375.5
16224,12,14,35,11,2024-07-08,1,4267007.05,4267007.05
16225,18,2,21,3,2024-09-21,1,3219606.76,3219606.76
16226,8,11,5,1,2024-07-02,1,958070.94,958070.94
16227,3,1,17,10,2023-05-29,1,815371.08,815371.08
16228,28,7,52,3,2025-12-25,1,2540768.78,2540768.78
16229,18,6,22,10,2025-12-20,2,754086.93,1508173.86
16230,28,4,15,1,2024-05-19,1,2796088.7,2796088.7
16231,22,10,35,1,2025-09-23,1,941655.79,941655.79
16232,13,5,27,8,2024-08-11,1,620682.21,620682.21
16233,23,5,14,5,2024-09-23,1,3885509.93,3885509.93
16234,13,3,55,3,2022-09-26,1,562177.19,562177.19
16235,16,2,16,7,2023-06-11,1,542109.58,542109.58
16236,14,12,13,8,2024-09-13,1,1514984.61,1514984.61
16237,7,12,25,5,2024-02-15,1,3404677.91,3404677.91
16238,34,6,33,3,2025-04-24,2,3327703.07,6655406.14
16239,3,11,46,6,2023-05-10,1,480763.28,480763.28
16240,25,8,17,7,2023-11-22,1,1528375.8,1528375.8
16241,26,3,29,6,2022-09-23,1,2527146.25,2527146.25
16242,27,2,47,4,2024-01-09,1,3100167.08,3100167.08
16243,26,6,30,1,2025-05-11,3,1684691.66,5054074.98
16244,23,14,40,6,2022-08-18,2,1268311.2,2536622.4
16245,7,14,18,4,2022-06-19,3,4458720.94,13376162.82
16246,35,3,45,9,2025-06-17,2,2739121.88,5478243.76
16247,12,2,41,8,2024-12-09,1,4459778.94,4459778.94
16248,28,9,41,7,2025-04-21,1,3001759.7,3001759.7
16249,23,4,35,10,2023-08-10,1,3715025.04,3715025.04
16250,15,4,38,6,2022-12-28,1,2349715.23,2349715.23
16251,23,2,9,7,2023-04-28,1,1311572.42,1311572.42
16252,18,13,22,8,2025-03-20,2,968394.33,1936788.66
16253,15,2,33,4,2025-10-04,1,1425774.33,1425774.33
16254,13,2,35,5,2023-04-12,1,767729.78,767729.78
16255,31,1,33,3,2025-09-05,1,1007933.7,1007933.7
16256,25,6,47,2,2022-05-20,1,2790152.79,2790152.79
16257,19,5,55,1,2024-10-08,1,2158014.85,2158014.85
16258,27,2,17,7,2024-11-09,1,2605840.48,2605840.48
16259,8,1,18,7,2022-11-30,2,608395.8,1216791.6
16260,12,3,21,7,2023-11-20,1,2904493.96,2904493.96
16261,20,3,3,1,2023-07-20,1,4670808.52,4670808.52
16262,31,6,36,9,2024-04-23,1,1731932.97,1731932.97
16263,40,3,3,9,2024-01-24,2,3783921.52,7567843.04
16264,28,11,19,9,2024-01-20,1,1064061.16,1064061.16
16265,26,2,54,8,2024-05-23,1,2932856.41,2932856.41
16266,4,3,27,3,2025-08-29,1,913732.99,913732.99
16267,3,8,17,5,2022-01-25,2,633511.85,1267023.7
16268,11,6,53,1,2024-03-28,1,1765296.47,1765296.47
16269,18,4,37,6,2025-04-02,1,3265384.67,3265384.67
16270,6,12,43,10,2024-01-30,3,1208862.89,3626588.67
16271,16,2,10,11,2023-05-18,2,446031.92,892063.84
16272,9,3,6,1,2025-10-27,1,2025942.72,2025942.72
16273,16,1,21,1,2022-03-25,1,473345.46,473345.46
16274,40,10,50,2,2022-09-16,1,5159998.1,5159998.1
16275,6,15,30,5,2023-03-17,1,2747049.62,2747049.62
16276,8,9,3,12,2025-01-17,1,841091.32,841091.32
16277,24,4,32,10,2022-01-22,1,3343716.4,3343716.4
16278,26,1,5,6,2023-05-20,2,1143626.19,2287252.38
16279,8,6,25,7,2025-05-07,1,706965.65,706965.65
16280,26,7,28,7,2023-05-10,1,2297855.43,2297855.43
16281,19,12,49,9,2024-02-12,2,1950442.93,3900885.86
16282,10,12,44,5,2024-12-01,1,2732895.66,2732895.66
16283,18,4,57,5,2023-11-17,1,1983963.35,1983963.35
16284,19,3,7,4,2025-03-28,2,1552424.54,3104849.08
16285,29,3,50,3,2025-12-29,1,467400.19,467400.19
16286,12,3,51,5,2025-07-24,1,4489203.96,4489203.96
16287,30,2,3,7,2024-06-15,1,1668616.51,1668616.51
16288,17,1,13,4,2025-01-02,1,537857.38,537857.38
16289,17,1,6,4,2024-08-23,1,546110.58,546110.58
16290,24,7,34,2,2025-12-22,1,1467853.71,1467853.71
16291,7,11,16,8,2023-10-27,1,4585696.0,4585696.0
16292,25,4,38,1,2025-12-23,1,3670594.06,3670594.06
16293,37,13,46,9,2025-08-14,1,1412596.74,1412596.74
16294,21,12,38,10,2023-01-17,1,1617679.11,1617679.11
16295,36,3,34,6,2025-02-09,1,2143491.87,2143491.87
16296,35,6,22,8,2024-02-20,1,3890281.28,3890281.28
16297,11,2,22,6,2025-10-03,1,1393459.74,1393459.74
16298,34,3,41,10,2025-01-06,1,1856818.29,1856818.29
16299,41,6,50,3,2024-01-28,1,4382620.58,4382620.58
16300,24,2,49,5,2025-01-06,1,3604914.88,3604914.88
16301,32,1,21,7,2023-01-07,1,1530307.21,1530307.21
16302,13,5,31,6,2022-12-25,1,584398.75,584398.75
16303,11,4,39,3,2023-03-28,1,4116026.28,4116026.28
16304,43,13,23,3,2024-04-17,1,2494996.32,2494996.32
16305,10,5,24,2,2022-08-12,1,4199797.75,4199797.75
16306,1,5,11,1,2024-04-05,1,1906596.07,1906596.07
16307,19,2,9,7,2025-03-22,1,2298535.91,2298535.91
16308,43,4,36,8,2023-10-11,1,5392513.35,5392513.35
16309,11,12,45,1,2024-07-05,2,2346580.62,4693161.24
16310,24,6,27,8,2025-09-30,1,3807090.24,3807090.24
16311,43,15,55,8,2023-05-23,1,1592830.93,1592830.93
16312,1,4,35,1,2023-02-19,1,4381344.31,4381344.31
16313,12,2,29,10,2023-06-21,1,2191659.53,2191659.53
16314,40,2,14,3,2025-05-17,1,2893088.82,2893088.82
16315,12,3,34,6,2023-03-15,1,2399970.63,2399970.63
16316,10,6,11,12,2023-10-21,1,2660807.58,2660807.58
16317,19,2,53,12,2024-03-05,1,1131631.94,1131631.94
16318,28,12,17,1,2022-04-21,1,4565179.77,4565179.77
16319,33,14,2,4,2025-10-26,1,4136244.93,4136244.93
16320,6,1,54,11,2025-09-07,1,1398604.55,1398604.55
16321,8,7,27,7,2024-08-11,1,576727.79,576727.79
16322,12,3,2,5,2024-12-18,1,3347229.62,3347229.62
16323,13,15,30,12,2024-06-12,1,583103.17,583103.17
16324,2,4,8,2,2025-01-23,1,4152216.44,4152216.44
16325,29,1,41,7,2024-11-17,1,510817.95,510817.95
16326,40,8,22,3,2025-07-01,1,3446063.19,3446063.19
16327,9,9,8,9,2023-06-14,1,2488619.95,2488619.95
16328,10,2,6,12,2022-07-28,3,3220377.67,9661133.01
16329,12,5,18,8,2024-11-03,1,2060591.54,2060591.54
16330,13,6,12,7,2023-03-08,1,536426.21,536426.21
16331,12,3,52,1,2024-06-11,1,4607062.06,4607062.06
16332,30,5,53,5,2022-03-28,3,3828598.76,11485796.28
16333,33,6,13,7,2023-03-29,1,1308624.66,1308624.66
16334,7,9,32,8,2022-06-27,1,1355349.71,1355349.71
16335,20,12,19,6,2024-05-24,1,3999300.63,3999300.63
16336,11,2,22,2,2023-02-23,1,1592323.53,1592323.53
16337,35,3,36,9,2025-08-26,1,1858426.37,1858426.37
16338,29,8,31,7,2025-08-04,1,618974.12,618974.12
16339,43,8,10,3,2022-07-09,1,3864256.06,3864256.06
16340,22,1,7,7,2023-12-23,1,1938553.52,1938553.52
16341,18,1,11,1,2022-06-28,2,2410902.7,4821805.4
16342,28,3,2,9,2022-11-09,1,2470970.57,2470970.57
16343,38,2,16,1,2025-11-25,1,2947750.18,2947750.18
16344,29,2,10,7,2022-08-29,1,619581.22,619581.22
16345,6,4,29,3,2022-09-22,1,3292348.2,3292348.2
16346,22,5,12,6,2023-06-11,1,992548.07,992548.07
16347,19,1,28,1,2024-05-09,1,1791877.0,1791877.0
16348,25,5,47,11,2023-01-24,1,1045800.91,1045800.91
16349,12,1,13,2,2023-06-04,1,4350050.69,4350050.69
16350,25,8,52,6,2025-03-06,3,1193640.93,3580922.79
16351,3,3,43,6,2025-02-18,1,657928.08,657928.08
16352,14,1,16,1,2024-04-25,1,1620109.56,1620109.56
16353,9,5,41,7,2022-01-08,1,1696835.09,1696835.09
16354,36,13,50,9,2025-05-31,1,2206328.0,2206328.0
16355,36,5,52,8,2023-10-31,1,2432417.41,2432417.41
16356,3,1,55,1,2023-02-24,1,550040.24,550040.24
16357,34,1,36,12,2022-09-26,1,3922342.9,3922342.9
16358,16,6,42,1,2022-10-24,1,644057.4,644057.4
16359,42,6,38,8,2024-08-16,1,1696243.11,1696243.11
16360,11,11,14,5,2025-04-18,1,3567923.44,3567923.44
16361,32,2,21,8,2025-08-18,1,2185215.0,2185215.0
16362,3,7,54,5,2023-06-10,1,762301.73,762301.73
16363,22,3,14,1,2025-10-23,1,1234585.45,1234585.45
16364,29,7,6,3,2025-03-06,1,549048.98,549048.98
16365,42,6,23,6,2023-06-12,1,1831379.55,1831379.55
16366,38,1,55,7,2025-11-22,1,4362153.85,4362153.85
16367,26,12,13,3,2023-03-22,2,2062606.69,4125213.38
16368,15,4,31,8,2023-04-22,3,1452524.73,4357574.19
16369,27,9,48,9,2025-10-31,1,3389001.52,3389001.52
16370,36,3,33,7,2024-03-25,1,2475633.94,2475633.94
16371,13,4,9,1,2023-05-06,1,571154.14,571154.14
16372,23,4,19,10,2024-03-01,1,3141401.66,3141401.66
16373,42,8,12,7,2025-07-15,1,1882556.4,1882556.4
16374,15,1,44,8,2023-05-11,1,2442700.53,2442700.53
16375,1,12,52,5,2022-01-10,1,3174261.38,3174261.38
16376,26,10,20,9,2025-09-15,1,3625604.01,3625604.01
16377,28,12,14,7,2023-08-27,1,1927120.66,1927120.66
16378,15,3,5,10,2023-08-14,1,4615086.98,4615086.98
16379,11,15,14,7,2023-03-20,2,2695550.44,5391100.88
16380,9,15,16,3,2024-08-12,1,1148838.34,1148838.34
16381,20,3,36,5,2025-11-09,1,2879457.01,2879457.01
16382,11,1,12,6,2022-06-01,1,2672260.93,2672260.93
16383,29,3,12,9,2022-06-19,1,574289.26,574289.26
16384,22,9,15,7,2024-07-21,1,1279062.22,1279062.22
16385,24,9,38,8,2023-01-08,1,4638923.92,4638923.92
16386,6,6,13,7,2022-03-31,1,3482474.3,3482474.3
16387,41,1,8,10,2024-09-21,1,1462754.37,1462754.37
16388,14,1,36,8,2025-01-04,3,744425.11,2233275.33
16389,21,13,11,6,2023-02-12,1,1238626.52,1238626.52
16390,25,10,36,7,2022-06-07,2,2878424.28,5756848.56
16391,7,5,53,1,2022-03-06,1,3740600.05,3740600.05
16392,16,9,16,8,2025-05-29,2,746182.67,1492365.34
16393,25,5,36,3,2025-09-12,1,3223665.62,3223665.62
16394,25,5,50,6,2022-06-17,1,1907529.82,1907529.82
16395,5,4,26,3,2025-08-16,1,8563762.02,8563762.02
16396,29,8,41,9,2025-09-28,1,662849.21,662849.21
16397,6,9,23,10,2023-12-16,1,2122423.03,2122423.03
16398,34,5,29,11,2025-07-07,1,4650667.19,4650667.19
16399,36,10,53,7,2025-08-10,1,1140645.07,1140645.07
16400,14,10,42,1,2023-03-29,2,1453880.67,2907761.34
16401,15,6,48,7,2024-09-30,1,2327975.76,2327975.76
16402,34,5,17,6,2022-02-26,1,4047237.96,4047237.96
16403,20,1,44,2,2023-11-04,1,2178229.82,2178229.82
16404,7,11,51,8,2023-08-13,1,1619200.55,1619200.55
16405,21,1,19,9,2022-01-17,1,1734367.98,1734367.98
16406,26,10,34,4,2022-09-15,1,2734775.41,2734775.41
16407,25,2,42,6,2025-07-27,1,3107003.69,3107003.69
16408,23,4,22,3,2023-05-29,1,1746490.89,1746490.89
16409,37,14,47,10,2025-09-29,1,5042926.91,5042926.91
16410,18,13,47,1,2025-07-08,1,4016198.1,4016198.1
16411,11,7,48,5,2024-08-09,1,2180946.12,2180946.12
16412,18,2,40,4,2024-04-20,1,3236734.35,3236734.35
16413,18,1,21,7,2024-06-06,3,2135453.55,6406360.65
16414,28,3,43,8,2023-02-10,1,1982407.74,1982407.74
16415,27,7,24,8,2025-08-28,1,2718915.7,2718915.7
16416,27,7,3,6,2024-08-25,2,4124405.26,8248810.52
16417,21,12,13,6,2023-12-14,1,890199.8,890199.8
16418,27,11,43,5,2023-05-29,1,4551986.18,4551986.18
16419,31,1,30,4,2022-10-27,1,4312891.75,4312891.75
16420,19,6,43,8,2023-01-21,1,1030988.24,1030988.24
16421,33,13,34,12,2024-09-21,2,3574778.51,7149557.02
16422,21,1,22,2,2024-02-28,1,1623562.07,1623562.07
16423,43,2,47,12,2024-10-04,1,3114213.48,3114213.48
16424,19,6,47,7,2023-09-20,1,875665.51,875665.51
16425,43,3,41,5,2025-12-08,2,3898877.45,7797754.9
16426,40,1,27,11,2023-02-07,1,6717668.79,6717668.79
16427,24,1,14,9,2022-02-20,2,2831021.21,5662042.42
16428,30,5,29,6,2022-05-09,1,2831237.54,2831237.54
16429,11,1,39,1,2022-03-18,3,2511403.16,7534209.48
16430,24,3,48,11,2024-12-04,1,2909043.93,2909043.93
16431,36,1,6,3,2022-03-21,1,1475958.4,1475958.4
16432,6,1,36,6,2024-05-19,2,2400581.06,4801162.12
16433,6,14,43,4,2024-05-04,1,3142589.29,3142589.29
16434,40,1,54,10,2025-08-28,1,3032225.13,3032225.13
16435,15,3,55,4,2024-07-15,1,2654917.5,2654917.5
16436,4,1,35,8,2024-01-08,1,788407.97,788407.97
16437,29,3,31,7,2022-01-19,1,785460.09,785460.09
16438,35,2,1,2,2025-12-21,1,1285679.28,1285679.28
16439,19,6,17,2,2023-08-21,1,2383571.72,2383571.72
16440,41,1,10,6,2025-02-28,1,2775059.98,2775059.98
16441,29,3,16,8,2023-01-24,1,676878.61,676878.61
16442,8,2,11,2,2023-08-01,1,560899.93,560899.93
16443,18,9,24,2,2022-07-09,1,2349128.1,2349128.1
16444,41,13,23,7,2024-11-04,1,2933738.8,2933738.8
16445,8,7,7,8,2025-09-11,1,650714.52,650714.52
16446,13,1,52,7,2024-02-27,2,573704.1,1147408.2
16447,20,4,33,7,2025-08-31,1,3232668.33,3232668.33
16448,33,8,22,9,2024-01-01,1,4028261.87,4028261.87
16449,41,11,2,5,2022-06-16,1,1042401.33,1042401.33
16450,18,3,30,1,2023-11-28,1,2457858.74,2457858.74
16451,17,2,11,3,2022-01-20,1,668354.79,668354.79
16452,37,12,25,11,2025-01-31,1,5301361.43,5301361.43
16453,39,1,33,3,2024-09-03,1,4463126.51,4463126.51
16454,35,10,15,1,2023-03-01,1,875545.95,875545.95
16455,41,1,48,7,2022-06-10,1,1838366.64,1838366.64
16456,5,11,20,12,2024-08-06,1,10280491.66,10280491.66
16457,4,14,13,3,2022-01-06,1,1459268.48,1459268.48
16458,3,11,52,5,2023-05-09,1,824380.89,824380.89
16459,17,2,4,8,2025-02-09,2,487044.0,974088.0
16460,26,1,27,11,2023-01-13,1,1624448.56,1624448.56
16461,29,6,6,12,2025-01-27,1,536716.61,536716.61
16462,12,2,58,8,2023-08-20,1,1834735.3,1834735.3
16463,2,1,48,3,2023-07-26,1,3439271.37,3439271.37
16464,26,12,1,7,2024-08-16,1,987892.58,987892.58
16465,15,12,13,3,2025-02-05,1,2478926.73,2478926.73
16466,40,3,5,2,2025-03-26,1,1821617.05,1821617.05
16467,37,2,2,2,2022-11-21,1,5235834.8,5235834.8
16468,33,2,36,1,2024-01-17,1,3381840.55,3381840.55
16469,19,11,14,10,2025-05-16,1,1395411.3,1395411.3
16470,6,6,30,6,2023-02-06,1,3562923.44,3562923.44
16471,5,7,25,4,2023-03-29,1,7329922.41,7329922.41
16472,1,1,15,3,2023-08-29,1,4415880.42,4415880.42
16473,6,11,43,12,2024-02-07,1,1241818.58,1241818.58
16474,17,4,15,3,2022-07-05,1,518375.49,518375.49
16475,9,4,18,9,2023-02-03,1,1367281.67,1367281.67
16476,25,1,45,3,2022-02-14,1,3671497.68,3671497.68
16477,27,3,47,6,2023-03-21,1,2929054.02,2929054.02
16478,22,7,50,7,2025-12-18,2,1177086.69,2354173.38
16479,41,3,12,6,2022-06-30,1,2840927.51,2840927.51
16480,21,1,47,3,2022-02-19,1,1911975.09,1911975.09
16481,41,4,12,5,2025-03-08,1,2983989.71,2983989.71
16482,15,11,18,7,2024-07-15,2,5084475.84,10168951.68
16483,43,2,24,5,2022-09-11,1,2140500.78,2140500.78
16484,16,3,35,1,2022-08-23,1,739159.17,739159.17
16485,16,2,36,3,2023-04-14,1,531398.7,531398.7
16486,27,5,39,11,2023-12-04,1,4571714.74,4571714.74
16487,41,5,46,11,2022-02-03,1,3022689.81,3022689.81
16488,10,2,49,6,2024-01-02,1,4033066.66,4033066.66
16489,29,9,27,7,2025-03-24,1,610563.13,610563.13
16490,10,8,45,1,2023-11-01,2,2242374.69,4484749.38
16491,19,14,37,7,2023-03-05,1,1118660.19,1118660.19
16492,28,1,47,8,2024-08-10,1,4166791.84,4166791.84
16493,32,13,20,5,2024-02-06,2,3002223.34,6004446.68
16494,22,4,45,3,2024-12-09,1,990666.66,990666.66
16495,20,2,53,3,2023-09-06,1,1373305.32,1373305.32
16496,9,8,16,6,2022-08-05,1,1259629.84,1259629.84
16497,23,2,1,6,2022-09-23,2,3501801.03,7003602.06
16498,2,8,8,6,2025-04-12,1,1292739.37,1292739.37
16499,37,6,13,1,2025-02-07,1,2644828.76,2644828.76
16500,31,1,11,8,2024-08-31,1,3507044.48,3507044.48
16501,37,4,42,12,2024-06-20,1,4362031.15,4362031.15
16502,12,1,53,7,2024-02-27,1,2871538.7,2871538.7
16503,35,4,2,8,2023-12-08,1,4216457.99,4216457.99
16504,26,1,15,10,2022-04-23,1,3298873.38,3298873.38
16505,42,3,19,6,2024-10-22,2,1351221.92,2702443.84
16506,2,3,50,11,2023-09-05,1,1847489.8,1847489.8
16507,35,5,39,8,2024-05-11,1,1960885.57,1960885.57
16508,37,5,29,6,2023-03-03,1,5820784.03,5820784.03
16509,28,2,45,4,2023-02-03,1,3353771.83,3353771.83
16510,42,3,53,8,2023-04-18,1,1901585.68,1901585.68
16511,16,6,42,3,2023-08-30,1,516021.37,516021.37
16512,13,12,49,8,2024-06-20,1,858398.89,858398.89
16513,11,4,33,3,2024-08-19,1,1122045.93,1122045.93
16514,39,9,55,8,2022-09-09,1,2694172.87,2694172.87
16515,26,5,38,5,2022-09-25,1,2485703.87,2485703.87
16516,24,5,27,6,2025-06-02,2,2612993.22,5225986.44
16517,34,10,31,8,2022-01-09,1,3711526.87,3711526.87
16518,25,3,3,1,2022-02-02,1,1744888.61,1744888.61
16519,25,10,53,1,2022-12-19,1,2402384.39,2402384.39
16520,39,3,15,6,2022-05-13,2,1854293.03,3708586.06
16521,19,4,52,9,2022-12-27,1,2421782.03,2421782.03
16522,19,10,8,1,2025-01-14,1,1166826.31,1166826.31
16523,40,2,12,7,2025-05-29,1,4420135.73,4420135.73
16524,30,12,51,8,2025-09-25,1,1606206.41,1606206.41
16525,16,2,32,1,2025-09-22,2,540368.27,1080736.54
16526,40,8,47,12,2022-03-21,1,6264284.18,6264284.18
16527,16,3,45,6,2023-02-25,1,574979.95,574979.95
16528,29,2,45,3,2024-04-17,1,678655.05,678655.05
16529,2,5,43,4,2025-06-04,1,4911438.82,4911438.82
16530,18,3,37,6,2022-10-13,1,1291219.0,1291219.0
16531,6,2,3,6,2022-09-20,1,2975685.36,2975685.36
16532,7,3,1,11,2025-06-26,1,3319668.5,3319668.5
16533,37,6,7,9,2025-12-17,1,2518191.07,2518191.07
16534,27,15,30,5,2022-12-22,1,1528449.9,1528449.9
16535,25,6,1,3,2025-04-28,1,2559707.76,2559707.76
16536,33,2,20,3,2025-04-08,1,1696844.99,1696844.99
16537,12,2,42,11,2022-04-15,1,1388988.06,1388988.06
16538,15,12,51,5,2023-05-16,1,2159126.17,2159126.17
16539,11,3,13,10,2024-11-15,1,1653294.24,1653294.24
16540,28,5,15,1,2025-10-04,2,4591332.25,9182664.5
16541,17,3,7,9,2023-09-06,1,644774.31,644774.31
16542,27,6,8,8,2023-08-03,1,3002985.48,3002985.48
16543,18,15,19,2,2024-09-11,1,3858408.99,3858408.99
16544,23,13,50,8,2025-12-10,1,3693151.84,3693151.84
16545,9,6,38,4,2022-08-12,2,2097949.33,4195898.66
16546,31,2,19,6,2024-02-23,1,2007427.87,2007427.87
16547,40,1,13,6,2022-07-30,1,6064934.62,6064934.62
16548,20,14,45,8,2022-05-31,1,3472421.1,3472421.1
16549,42,5,26,6,2025-06-24,1,1720898.23,1720898.23
16550,6,5,35,3,2024-08-14,1,2880152.14,2880152.14
16551,17,4,6,2,2024-08-10,1,555416.06,555416.06
16552,43,8,23,3,2025-05-17,1,2870955.75,2870955.75
16553,12,15,37,2,2023-01-10,1,3789799.84,3789799.84
16554,16,2,39,1,2024-08-02,1,575354.41,575354.41
16555,33,13,35,4,2023-03-26,1,3186292.99,3186292.99
16556,2,12,17,7,2025-04-08,1,4500818.22,4500818.22
16557,11,10,32,7,2024-02-16,1,3411945.96,3411945.96
16558,10,12,10,12,2025-07-04,1,3189439.22,3189439.22
16559,35,4,11,7,2024-07-08,1,3041656.76,3041656.76
16560,19,2,28,7,2025-06-23,1,2209980.36,2209980.36
16561,36,4,1,7,2025-08-24,1,1528245.04,1528245.04
16562,36,2,40,6,2025-04-12,2,1724028.69,3448057.38
16563,2,8,47,8,2024-04-20,1,3302242.6,3302242.6
16564,14,10,48,10,2025-01-02,1,1612562.48,1612562.48
16565,11,6,11,6,2024-12-18,1,2250190.74,2250190.74
16566,29,3,2,3,2025-11-15,1,639472.27,639472.27
16567,12,15,9,7,2022-05-03,1,1293781.58,1293781.58
16568,15,3,46,6,2022-11-19,1,3660922.95,3660922.95
16569,25,11,17,3,2022-02-08,1,2969306.2,2969306.2
16570,29,10,46,3,2022-04-17,1,752155.01,752155.01
16571,19,1,40,10,2024-03-13,1,2087877.65,2087877.65
16572,20,2,38,4,2024-03-15,1,1174489.32,1174489.32
16573,37,3,41,8,2025-07-09,1,4264873.08,4264873.08
16574,19,4,12,8,2025-05-03,1,1028166.88,1028166.88
16575,14,14,11,12,2022-06-18,2,1280506.8,2561013.6
16576,1,1,7,6,2024-04-06,2,877947.3,1755894.6
16577,19,11,39,8,2025-07-06,1,1054670.43,1054670.43
16578,6,2,26,10,2023-02-21,1,1452257.88,1452257.88
16579,16,2,1,4,2023-08-13,1,634059.43,634059.43
16580,16,14,43,2,2023-05-16,1,532530.47,532530.47
16581,5,6,4,3,2024-01-30,1,7800664.43,7800664.43
16582,28,1,8,3,2022-06-28,1,1425640.46,1425640.46
16583,20,12,22,7,2023-04-19,1,3784119.38,3784119.38
16584,6,12,18,3,2023-12-30,1,1656442.92,1656442.92
16585,6,11,8,7,2025-09-25,1,1743643.31,1743643.31
16586,27,6,3,3,2022-04-11,1,2398337.82,2398337.82
16587,7,13,11,8,2022-01-31,1,3818879.67,3818879.67
16588,43,3,1,7,2022-04-06,2,1426329.93,2852659.86
16589,42,6,37,5,2022-04-10,1,1060337.79,1060337.79
16590,27,2,12,6,2024-11-04,1,4472770.18,4472770.18
16591,35,12,49,4,2023-08-27,1,3969465.93,3969465.93
16592,22,5,17,10,2024-02-02,2,1400975.99,2801951.98
16593,29,3,13,1,2022-05-29,1,737713.76,737713.76
16594,43,6,50,12,2022-11-13,1,1715539.63,1715539.63
16595,23,6,12,6,2025-02-19,1,2735470.21,2735470.21
16596,24,6,32,1,2023-12-20,1,4261047.06,4261047.06
16597,15,2,19,6,2022-11-15,1,3237448.97,3237448.97
16598,10,12,7,7,2022-05-13,1,4412792.35,4412792.35
16599,19,3,22,9,2025-12-29,1,1648106.9,1648106.9
16600,40,5,30,6,2025-05-17,1,6480570.22,6480570.22
16601,37,1,26,7,2022-10-19,1,6457321.82,6457321.82
16602,19,6,21,10,2025-05-09,1,875929.58,875929.58
16603,11,1,46,5,2024-08-03,1,1959451.84,1959451.84
16604,25,4,5,6,2022-06-04,1,1374839.1,1374839.1
16605,9,5,48,5,2023-09-04,1,1174794.62,1174794.62
16606,23,3,51,11,2022-12-26,1,2994351.57,2994351.57
16607,6,1,10,7,2025-04-22,1,2992507.1,2992507.1
16608,19,11,24,12,2025-08-07,1,2505642.55,2505642.55
16609,17,1,25,9,2025-08-14,1,590202.74,590202.74
16610,18,11,44,10,2024-06-09,2,2561142.15,5122284.3
16611,6,3,23,8,2023-08-08,1,3351801.39,3351801.39
16612,21,2,29,5,2025-05-31,1,1454822.72,1454822.72
16613,6,3,39,8,2024-11-01,1,2030308.88,2030308.88
16614,33,1,49,6,2024-09-24,1,1717376.43,1717376.43
16615,23,12,47,5,2023-11-20,2,2531749.97,5063499.94
16616,8,6,33,6,2025-12-24,1,584314.86,584314.86
16617,34,3,7,8,2025-12-06,2,2302627.21,4605254.42
16618,36,11,19,8,2023-03-09,1,2408582.82,2408582.82
16619,12,5,41,7,2025-08-07,1,3525945.78,3525945.78
16620,32,2,47,7,2025-02-23,1,2369746.49,2369746.49
16621,3,3,13,5,2024-09-13,1,539013.55,539013.55
16622,12,11,10,8,2022-07-28,1,3312171.79,3312171.79
16623,40,7,15,3,2024-11-18,1,6651376.59,6651376.59
16624,11,6,25,4,2025-01-02,1,2537882.56,2537882.56
16625,14,3,26,3,2023-01-21,1,881218.93,881218.93
16626,21,3,32,6,2024-06-03,1,969702.87,969702.87
16627,3,3,26,9,2024-01-19,1,726986.64,726986.64
16628,19,5,3,3,2025-02-15,1,1049401.04,1049401.04
16629,14,2,51,3,2025-02-05,1,1260336.02,1260336.02
16630,30,7,53,7,2025-02-10,3,2177265.18,6531795.54
16631,11,2,31,7,2022-12-05,1,4316624.38,4316624.38
16632,26,2,54,7,2022-11-05,1,1021464.32,1021464.32
16633,27,12,52,1,2025-06-28,1,4324569.8,4324569.8
16634,17,1,21,5,2023-07-16,1,615603.92,615603.92
16635,28,2,13,7,2022-01-09,3,4391203.42,13173610.26
16636,12,14,35,1,2022-09-19,1,4369884.97,4369884.97
16637,9,4,21,1,2022-06-15,1,1842014.54,1842014.54
16638,27,6,15,3,2024-12-13,1,4546444.84,4546444.84
16639,5,9,18,12,2022-04-30,1,9203102.0,9203102.0
16640,6,5,2,8,2025-11-01,2,3395922.76,6791845.52
16641,16,2,19,6,2024-10-03,1,645367.73,645367.73
16642,25,13,39,9,2023-05-04,1,2399454.85,2399454.85
16643,3,13,4,6,2025-07-11,1,529221.84,529221.84
16644,23,10,14,3,2025-10-16,1,3238849.79,3238849.79
16645,16,1,21,8,2025-02-17,1,562999.4,562999.4
16646,10,1,48,9,2022-10-12,1,4404338.34,4404338.34
16647,34,11,6,11,2022-01-15,1,4654978.18,4654978.18
16648,33,6,18,1,2024-04-21,1,1802411.28,1802411.28
16649,16,5,13,5,2022-02-16,1,573245.42,573245.42
16650,10,12,13,9,2025-11-04,3,4171676.41,12515029.23
16651,7,12,55,7,2024-07-18,1,2549143.71,2549143.71
16652,17,11,13,3,2023-04-03,1,626006.39,626006.39
16653,23,2,30,2,2022-08-06,1,3969234.59,3969234.59
16654,40,4,42,3,2025-03-11,1,6037201.45,6037201.45
16655,7,3,43,2,2022-05-03,3,1158177.77,3474533.31
16656,22,5,12,6,2023-09-11,1,1845951.28,1845951.28
16657,20,15,49,7,2023-12-28,1,1420188.48,1420188.48
16658,28,9,48,4,2024-02-02,1,4463336.3,4463336.3
16659,4,1,15,5,2023-11-02,1,1037279.2,1037279.2
16660,13,9,44,7,2023-11-15,1,757476.97,757476.97
16661,15,14,10,9,2023-11-08,3,4137199.14,12411597.42
16662,18,2,1,8,2025-06-28,2,2139663.52,4279327.04
16663,3,3,4,4,2024-07-08,2,614415.69,1228831.38
16664,35,8,53,10,2022-10-19,1,2652165.91,2652165.91
16665,7,2,11,1,2024-09-15,1,3699180.2,3699180.2
16666,20,2,32,2,2025-09-24,1,2528632.97,2528632.97
16667,10,9,24,6,2023-03-18,1,3916807.42,3916807.42
16668,15,1,25,1,2024-05-09,1,2823837.46,2823837.46
16669,25,3,27,3,2022-02-21,1,1300699.64,1300699.64
16670,34,10,6,8,2022-08-27,1,1632423.95,1632423.95
16671,19,2,15,1,2024-01-21,2,1828331.85,3656663.7
16672,27,9,29,6,2022-03-29,1,1845990.32,1845990.32
16673,2,14,29,1,2024-01-17,1,3461173.47,3461173.47
16674,26,12,1,6,2022-10-11,1,2688312.49,2688312.49
16675,25,1,40,1,2024-09-04,2,783669.38,1567338.76
16676,13,2,6,4,2024-09-30,2,540285.53,1080571.06
16677,35,3,27,7,2024-07-01,1,2760658.67,2760658.67
16678,29,1,53,12,2025-10-18,1,626146.63,626146.63
16679,35,4,8,9,2022-09-26,1,4076628.02,4076628.02
16680,2,13,5,3,2024-06-01,1,4805156.08,4805156.08
16681,32,11,38,3,2022-02-08,1,3719063.61,3719063.61
16682,39,11,26,8,2022-09-15,1,4793938.77,4793938.77
16683,24,2,48,1,2024-09-21,1,4752313.35,4752313.35
16684,15,1,41,10,2022-04-03,3,4741297.67,14223893.01
16685,26,14,6,8,2022-01-25,1,3407634.15,3407634.15
16686,31,3,50,8,2024-10-31,1,4676030.52,4676030.52
16687,9,1,2,8,2024-06-09,1,1643481.05,1643481.05
16688,43,10,48,1,2025-06-29,1,4240856.37,4240856.37
16689,19,6,44,7,2023-01-27,1,1721589.62,1721589.62
16690,18,3,8,7,2024-03-26,1,3610434.85,3610434.85
16691,30,1,24,9,2024-01-23,1,3031198.17,3031198.17
16692,43,13,12,8,2022-02-20,1,5153576.83,5153576.83
16693,2,1,18,6,2025-11-23,1,993975.33,993975.33
16694,14,6,24,3,2025-05-28,3,1235365.6,3706096.8
16695,22,3,9,5,2022-07-24,1,781988.63,781988.63
16696,30,13,37,12,2025-09-01,1,1720863.72,1720863.72
16697,14,5,48,1,2025-01-11,1,1287755.91,1287755.91
16698,23,12,17,6,2022-08-29,1,4248521.34,4248521.34
16699,42,3,13,2,2024-04-18,1,1689612.92,1689612.92
16700,38,2,39,3,2025-06-16,1,1887280.82,1887280.82
16701,9,3,9,6,2022-11-21,1,2446147.31,2446147.31
16702,9,1,10,11,2025-02-09,3,1985858.1,5957574.3
16703,7,9,7,5,2025-08-04,2,1356269.71,2712539.42
16704,28,4,39,3,2024-10-25,1,973757.34,973757.34
16705,28,5,23,1,2025-03-17,1,3004250.9,3004250.9
16706,41,11,46,11,2023-12-27,2,4776359.82,9552719.64
16707,17,2,26,6,2022-09-28,1,558574.53,558574.53
16708,4,1,52,1,2024-12-14,1,1515714.19,1515714.19
16709,33,1,12,6,2024-11-24,1,930288.26,930288.26
16710,14,1,39,7,2022-10-08,1,1047083.15,1047083.15
16711,11,1,1,5,2025-08-01,1,1216951.25,1216951.25
16712,39,14,9,8,2024-03-17,1,4809510.14,4809510.14
16713,1,14,31,1,2022-12-21,3,1455510.62,4366531.86
16714,7,5,33,8,2022-08-11,1,2420481.73,2420481.73
16715,6,11,14,5,2023-06-08,1,2396548.49,2396548.49
16716,28,2,13,7,2024-10-11,1,2353286.74,2353286.74
16717,25,3,36,1,2023-12-17,1,1587722.47,1587722.47
16718,22,7,38,8,2022-09-04,1,1727894.75,1727894.75
16719,15,2,53,3,2023-08-29,1,4801654.71,4801654.71
16720,27,11,31,1,2022-04-30,1,2000979.07,2000979.07
16721,43,1,33,4,2023-05-12,1,5364062.51,5364062.51
16722,23,5,9,7,2022-09-04,1,3216515.28,3216515.28
16723,31,2,40,4,2024-08-26,1,3142856.51,3142856.51
16724,28,12,54,9,2023-07-12,1,2415869.6,2415869.6
16725,35,4,23,6,2022-01-27,2,3422939.78,6845879.56
16726,37,11,7,7,2023-09-30,1,6532735.53,6532735.53
16727,34,3,34,6,2025-11-24,1,4444466.1,4444466.1
16728,15,1,14,9,2024-09-12,1,2809940.84,2809940.84
16729,43,15,51,1,2023-10-15,1,5326645.24,5326645.24
16730,25,2,40,1,2025-10-28,1,3849772.82,3849772.82
16731,39,3,15,5,2024-10-06,1,1939650.27,1939650.27
16732,20,9,8,1,2022-05-31,1,4357223.02,4357223.02
16733,13,3,5,6,2024-12-22,1,491107.8,491107.8
16734,10,3,43,12,2023-09-22,1,2536658.61,2536658.61
16735,19,3,30,7,2024-06-20,2,2334694.55,4669389.1
16736,29,9,47,5,2024-05-03,1,727141.65,727141.65
16737,21,13,25,7,2023-08-15,1,868573.44,868573.44
16738,6,1,9,7,2022-11-26,1,1740355.33,1740355.33
16739,9,2,9,3,2025-08-13,1,2530511.67,2530511.67
16740,38,2,22,1,2022-05-23,1,2148800.24,2148800.24
16741,17,3,51,6,2023-12-05,1,586881.63,586881.63
16742,39,4,15,3,2023-08-04,1,4252975.03,4252975.03
16743,6,2,5,6,2022-09-07,3,2309963.79,6929891.37
16744,6,5,22,5,2024-09-25,2,2059292.15,4118584.3
16745,24,3,33,8,2025-03-08,3,4095163.57,12285490.71
16746,27,8,35,6,2023-04-29,2,4240928.17,8481856.34
16747,34,1,19,3,2022-04-01,1,4118405.68,4118405.68
16748,7,7,29,11,2022-07-10,1,2785006.94,2785006.94
16749,15,1,22,11,2023-07-16,2,3790799.03,7581598.06
16750,26,1,28,9,2022-03-11,1,3895622.77,3895622.77
16751,40,4,24,10,2024-03-25,3,2064333.09,6192999.27
16752,29,8,5,12,2022-12-19,1,730559.22,730559.22
16753,3,4,33,8,2025-08-23,1,631341.49,631341.49
16754,5,4,30,11,2023-12-10,1,6064479.39,6064479.39
16755,6,15,12,5,2024-02-29,1,1897911.67,1897911.67
16756,38,4,39,5,2023-04-04,1,2040074.17,2040074.17
16757,29,2,11,1,2022-04-20,1,591037.8,591037.8
16758,7,13,30,7,2022-03-18,1,3308187.3,3308187.3
16759,27,14,44,11,2024-10-06,1,2993192.48,2993192.48
16760,11,1,31,7,2022-07-21,1,3194800.87,3194800.87
16761,13,3,27,6,2024-04-21,3,791327.11,2373981.33
16762,7,11,52,3,2023-03-02,1,3376733.23,3376733.23
16763,16,2,44,1,2023-02-01,1,703311.24,703311.24
16764,17,6,54,3,2025-10-17,1,544335.54,544335.54
16765,13,5,35,1,2025-09-18,1,724056.53,724056.53
16766,8,10,37,7,2023-01-14,1,731187.79,731187.79
16767,17,13,25,3,2022-09-17,1,598170.7,598170.7
16768,29,5,49,6,2023-06-07,1,641173.1,641173.1
16769,25,4,55,6,2024-03-02,1,2173313.6,2173313.6
16770,15,2,9,9,2024-01-07,2,1915724.79,3831449.58
16771,29,7,52,5,2025-05-09,1,761732.64,761732.64
16772,37,11,27,8,2023-01-10,1,6110176.53,6110176.53
16773,40,5,54,9,2025-09-30,1,5677776.07,5677776.07
16774,27,14,26,8,2023-03-06,1,3427199.81,3427199.81
16775,41,1,40,1,2024-09-06,2,3432491.04,6864982.08
16776,18,5,23,6,2022-04-21,2,1033585.75,2067171.5
16777,37,5,14,7,2023-09-10,1,4925533.17,4925533.17
16778,15,9,7,8,2025-10-20,1,1970388.56,1970388.56
16779,8,4,5,8,2022-12-13,1,859673.9,859673.9
16780,10,4,41,6,2025-01-30,1,3779286.9,3779286.9
16781,15,3,47,5,2025-07-18,1,2172154.79,2172154.79
16782,20,2,42,5,2023-03-01,1,3634991.96,3634991.96
16783,37,5,39,3,2025-12-12,1,3583434.96,3583434.96
16784,1,1,26,10,2024-12-10,3,1457183.52,4371550.56
16785,29,11,27,9,2025-05-04,1,622212.81,622212.81
16786,17,8,1,9,2024-01-25,1,679481.96,679481.96
16787,35,4,13,9,2025-06-17,1,2899832.08,2899832.08
16788,19,12,39,1,2023-01-31,1,2086391.88,2086391.88
16789,20,1,19,3,2024-06-01,1,2021314.57,2021314.57
16790,8,11,17,5,2023-01-05,1,609917.55,609917.55
16791,35,5,60,8,2025-03-26,1,2945371.23,2945371.23
16792,6,1,42,3,2023-07-08,1,2408855.57,2408855.57
16793,18,12,19,8,2023-09-02,1,2400446.34,2400446.34
16794,33,4,24,8,2025-07-18,1,3418236.72,3418236.72
16795,35,4,36,12,2023-04-28,1,2060613.34,2060613.34
16796,31,13,55,8,2024-01-05,1,2370351.2,2370351.2
16797,15,2,11,9,2022-09-15,1,4403856.36,4403856.36
16798,13,2,10,8,2022-09-11,1,738087.84,738087.84
16799,33,3,44,9,2024-05-15,1,2043002.1,2043002.1
16800,19,2,55,7,2024-06-19,1,2493487.42,2493487.42
16801,13,5,22,8,2022-09-08,1,822576.84,822576.84
16802,37,1,35,6,2022-07-16,1,4838969.03,4838969.03
16803,41,12,48,5,2025-04-18,1,2442283.36,2442283.36
16804,2,11,5,1,2024-02-08,1,2325163.83,2325163.83
16805,38,5,38,9,2025-10-02,1,3390427.12,3390427.12
16806,9,14,22,8,2024-03-20,1,1655103.39,1655103.39
16807,42,10,23,7,2022-01-25,1,975053.86,975053.86
16808,38,6,32,8,2023-01-05,1,3508949.28,3508949.28
16809,6,13,14,4,2022-09-02,1,2173721.17,2173721.17
16810,18,11,5,6,2024-06-26,2,1556900.76,3113801.52
16811,23,3,7,4,2024-02-13,1,4730979.58,4730979.58
16812,19,14,40,2,2024-09-29,1,823961.99,823961.99
16813,10,4,28,3,2024-09-16,1,4144459.16,4144459.16
16814,20,15,12,3,2025-02-19,1,4455608.93,4455608.93
16815,42,2,31,5,2025-11-07,1,1513852.94,1513852.94
16816,19,1,60,3,2023-02-10,1,1722310.83,1722310.83
16817,11,2,28,1,2022-03-19,2,4557214.59,9114429.18
16818,9,6,14,6,2023-08-31,1,1953566.81,1953566.81
16819,32,9,35,8,2024-03-20,1,2403931.96,2403931.96
16820,10,2,9,11,2023-09-25,1,3100189.26,3100189.26
16821,15,4,44,11,2022-03-07,1,2816792.87,2816792.87
16822,43,13,7,3,2024-06-24,1,3604919.13,3604919.13
16823,37,1,2,9,2024-01-05,1,2479494.02,2479494.02
16824,12,2,29,9,2025-02-17,1,1606949.98,1606949.98
16825,22,5,1,11,2024-02-15,1,1943187.33,1943187.33
16826,11,6,39,9,2025-06-18,1,4393651.77,4393651.77
16827,16,15,16,4,2022-05-15,1,657440.98,657440.98
16828,37,4,54,12,2022-06-03,1,5507609.3,5507609.3
16829,36,2,51,3,2024-06-27,1,2746231.53,2746231.53
16830,38,1,54,3,2025-11-22,2,4504849.76,9009699.52
16831,35,15,3,10,2024-06-01,1,1763098.63,1763098.63
16832,39,9,18,9,2025-11-05,1,2503544.32,2503544.32
16833,21,2,49,6,2022-09-21,2,907051.28,1814102.56
16834,40,6,14,8,2023-04-02,1,1303304.71,1303304.71
16835,13,11,19,9,2024-04-24,1,498691.32,498691.32
16836,11,12,15,4,2023-12-06,1,3358630.72,3358630.72
16837,35,11,15,4,2022-11-27,1,3481432.71,3481432.71
16838,40,2,11,10,2022-05-05,2,4039663.4,8079326.8
16839,40,5,1,8,2023-07-20,1,7099838.77,7099838.77
16840,15,12,10,3,2025-04-05,1,4909405.58,4909405.58
16841,26,12,54,7,2025-01-10,1,2451654.1,2451654.1
16842,32,1,29,3,2023-05-03,1,2315162.06,2315162.06
16843,33,8,25,7,2022-01-24,1,2605274.35,2605274.35
16844,23,13,47,11,2023-08-02,1,4058780.33,4058780.33
16845,31,8,29,1,2024-07-10,1,4368413.98,4368413.98
16846,31,1,16,7,2023-02-26,1,4978578.58,4978578.58
16847,14,3,58,10,2022-08-09,1,1114741.85,1114741.85
16848,18,3,45,1,2024-12-08,1,3177811.09,3177811.09
16849,7,3,13,4,2022-12-20,1,4287741.22,4287741.22
16850,6,6,52,7,2022-03-24,1,3081459.09,3081459.09
16851,18,11,24,1,2022-12-04,1,3913872.83,3913872.83
16852,12,4,44,11,2023-11-22,1,1505411.11,1505411.11
16853,1,3,50,3,2023-03-05,1,3276042.96,3276042.96
16854,12,12,27,9,2024-10-23,1,3300166.57,3300166.57
16855,41,8,45,1,2022-05-23,1,3550463.48,3550463.48
16856,28,9,48,11,2023-10-16,1,3539802.62,3539802.62
16857,14,2,41,7,2023-08-16,1,751146.86,751146.86
16858,39,12,11,6,2022-06-10,1,3860368.73,3860368.73
16859,7,5,33,1,2022-03-06,1,1662042.35,1662042.35
16860,4,2,23,1,2025-05-26,1,1015077.64,1015077.64
16861,11,4,9,8,2025-07-27,1,2259290.03,2259290.03
16862,12,2,17,2,2025-09-04,1,4223234.82,4223234.82
16863,6,14,9,5,2022-12-01,1,2906211.91,2906211.91
16864,8,6,39,6,2025-09-03,1,602404.66,602404.66
16865,2,6,45,3,2025-05-02,1,3775074.71,3775074.71
16866,18,1,43,7,2022-09-18,1,1633792.07,1633792.07
16867,11,13,42,5,2025-09-12,1,3357783.79,3357783.79
16868,29,1,14,5,2024-05-04,1,543388.74,543388.74
16869,7,8,31,6,2023-05-04,2,1972053.51,3944107.02
16870,7,9,19,8,2025-01-12,1,3652822.95,3652822.95
16871,33,11,52,10,2024-10-07,1,4317416.45,4317416.45
16872,28,6,13,12,2025-09-23,1,1581552.79,1581552.79
16873,7,12,17,9,2025-03-06,1,2776374.03,2776374.03
16874,37,4,10,6,2025-07-20,3,6231512.04,18694536.12
16875,34,3,21,10,2023-04-02,1,2953583.5,2953583.5
16876,33,1,53,9,2025-12-05,2,2639965.72,5279931.44
16877,16,11,14,6,2022-08-10,2,450854.83,901709.66
16878,3,11,42,2,2025-09-06,1,799118.35,799118.35
16879,1,2,31,6,2025-08-25,1,3845247.43,3845247.43
16880,18,3,36,8,2025-05-31,1,3082203.01,3082203.01
16881,14,14,5,3,2024-05-25,1,1835016.89,1835016.89
16882,1,2,29,11,2024-03-02,1,4261747.84,4261747.84
16883,13,2,1,8,2022-05-15,2,802235.99,1604471.98
16884,43,9,16,9,2022-07-08,1,3180556.73,3180556.73
16885,3,3,53,3,2025-04-03,1,683236.6,683236.6
16886,22,13,43,2,2024-09-16,2,1703905.64,3407811.28
16887,16,4,24,10,2022-10-31,2,473373.46,946746.92
16888,22,4,9,4,2023-04-21,1,1542093.69,1542093.69
16889,6,2,4,7,2025-02-22,1,1867788.13,1867788.13
16890,14,1,9,6,2023-11-02,1,1709627.52,1709627.52
16891,23,13,49,3,2023-05-20,1,3263212.63,3263212.63
16892,38,11,54,8,2022-11-16,1,4452086.48,4452086.48
16893,24,3,24,8,2024-07-08,1,2589991.19,2589991.19
16894,18,1,29,7,2023-01-06,1,2139076.36,2139076.36
16895,12,1,24,3,2024-05-12,1,899530.38,899530.38
16896,17,6,7,7,2025-04-11,1,492432.93,492432.93
16897,29,14,11,6,2024-04-26,1,549490.63,549490.63
16898,26,2,8,4,2024-08-16,1,3923002.29,3923002.29
16899,15,5,50,6,2022-02-17,1,4677262.97,4677262.97
16900,25,4,55,4,2024-07-04,1,845174.71,845174.71
16901,34,4,32,4,2025-06-20,1,3908960.82,3908960.82
16902,28,6,33,6,2022-02-05,1,2196483.94,2196483.94
16903,20,2,50,1,2025-09-20,1,3070495.06,3070495.06
16904,32,11,32,3,2022-10-19,1,2219448.9,2219448.9
16905,26,4,52,8,2024-11-23,1,1028852.87,1028852.87
16906,19,10,47,1,2022-08-01,1,1804376.73,1804376.73
16907,20,1,45,7,2022-07-13,1,4615532.49,4615532.49
16908,30,9,23,7,2025-11-30,1,2531856.19,2531856.19
16909,40,4,53,10,2024-08-04,1,3966357.98,3966357.98
16910,22,2,52,3,2022-06-07,2,1225192.06,2450384.12
16911,28,7,34,3,2025-11-11,1,3526598.09,3526598.09
16912,26,7,19,2,2024-05-24,2,2076933.89,4153867.78
16913,4,12,7,4,2023-03-09,1,952672.0,952672.0
16914,25,1,9,3,2023-03-06,1,3735040.46,3735040.46
16915,21,8,42,3,2024-07-25,1,1681431.73,1681431.73
16916,11,3,1,3,2023-08-23,1,3786226.84,3786226.84
16917,18,2,41,12,2025-01-17,1,1425513.6,1425513.6
16918,12,3,39,3,2025-03-14,1,3889565.97,3889565.97
16919,35,2,13,2,2023-07-31,1,2528004.99,2528004.99
16920,18,10,42,4,2023-05-24,1,3422553.9,3422553.9
16921,28,4,44,1,2022-09-25,1,2035191.88,2035191.88
16922,38,13,21,1,2022-03-31,1,3935439.55,3935439.55
16923,26,5,52,8,2023-03-19,2,1224316.78,2448633.56
16924,18,12,53,1,2025-12-28,1,2361276.52,2361276.52
16925,30,4,27,9,2022-01-11,1,2086683.02,2086683.02
16926,2,2,43,7,2025-10-16,1,2685186.29,2685186.29
16927,24,3,30,6,2023-04-20,2,3228089.18,6456178.36
16928,26,6,3,11,2022-07-26,1,2232263.03,2232263.03
16929,7,5,41,4,2022-02-23,1,4262041.83,4262041.83
16930,10,2,13,7,2024-08-28,1,2154393.73,2154393.73
16931,38,2,51,2,2025-01-07,1,1087445.59,1087445.59
16932,17,6,25,7,2025-01-30,1,736410.37,736410.37
16933,21,15,30,1,2025-03-18,1,1697833.97,1697833.97
16934,1,1,29,7,2024-08-11,1,3546074.44,3546074.44
16935,18,1,31,3,2025-04-07,1,906178.0,906178.0
16936,10,11,4,1,2023-09-11,1,4391051.13,4391051.13
16937,38,5,42,4,2023-05-26,1,2605069.36,2605069.36
16938,37,11,2,11,2023-01-19,1,5919077.73,5919077.73
16939,28,5,22,2,2024-02-23,1,1660344.12,1660344.12
16940,31,6,15,6,2024-09-14,1,3805610.47,3805610.47
16941,11,5,37,6,2024-10-25,2,3997922.37,7995844.74
16942,37,12,1,7,2025-02-08,1,2280687.58,2280687.58
16943,18,2,27,12,2024-08-27,2,1182884.74,2365769.48
16944,15,10,18,6,2022-10-25,1,3147793.71,3147793.71
16945,12,5,23,12,2025-09-01,1,1250316.7,1250316.7
16946,13,5,1,3,2023-02-10,1,702609.98,702609.98
16947,27,14,24,1,2025-06-13,1,3136541.97,3136541.97
16948,29,3,26,6,2022-10-05,1,778539.68,778539.68
16949,18,3,4,7,2023-09-22,1,2212825.64,2212825.64
16950,15,6,28,2,2023-02-20,1,4303630.15,4303630.15
16951,32,6,25,5,2023-05-16,1,1734200.75,1734200.75
16952,40,11,8,5,2024-12-17,1,5205983.74,5205983.74
16953,18,14,40,6,2022-11-10,1,1083244.87,1083244.87
16954,26,2,44,9,2022-08-13,1,1656479.82,1656479.82
16955,15,12,38,4,2025-11-19,3,1885027.44,5655082.32
16956,27,4,37,3,2022-01-18,1,2900670.76,2900670.76
16957,26,1,2,7,2022-11-19,1,883121.75,883121.75
16958,23,3,30,7,2024-01-18,1,2955937.82,2955937.82
16959,37,2,37,8,2022-04-10,2,3604650.0,7209300.0
16960,33,4,26,2,2024-04-03,3,3740148.94,11220446.82
16961,27,5,27,6,2022-09-26,3,2247421.68,6742265.04
16962,36,1,43,7,2024-06-17,2,2674454.11,5348908.22
16963,34,1,25,4,2023-08-10,1,4704637.72,4704637.72
16964,36,6,26,8,2022-07-27,1,1796676.28,1796676.28
16965,18,12,23,3,2024-06-01,1,1800684.68,1800684.68
16966,43,1,27,9,2023-09-08,2,1674759.83,3349519.66
16967,2,1,13,4,2022-09-19,1,3087975.41,3087975.41
16968,16,2,18,12,2025-11-18,1,692262.85,692262.85
16969,8,8,10,7,2024-06-24,2,639302.64,1278605.28
16970,8,2,39,2,2023-08-22,1,553578.67,553578.67
16971,27,9,39,9,2023-01-06,1,1300362.04,1300362.04
16972,6,2,34,7,2023-12-21,1,2303732.91,2303732.91
16973,12,5,52,2,2023-01-17,1,3231675.81,3231675.81
16974,31,2,14,8,2023-01-29,1,3666575.16,3666575.16
16975,34,4,37,3,2023-05-30,1,2022169.75,2022169.75
16976,26,5,22,12,2022-07-07,1,3375630.49,3375630.49
16977,27,7,45,4,2022-11-21,1,3405081.14,3405081.14
16978,34,2,27,9,2023-09-13,1,3858118.15,3858118.15
16979,33,6,45,7,2022-12-08,1,3120875.32,3120875.32
16980,33,5,13,6,2023-08-05,1,3721717.03,3721717.03
16981,8,2,39,8,2025-01-10,1,668083.4,668083.4
16982,7,9,55,3,2024-06-07,1,4606905.99,4606905.99
16983,27,10,52,7,2023-10-11,2,2004152.49,4008304.98
16984,9,7,9,6,2023-10-12,1,1907805.17,1907805.17
16985,9,2,8,7,2023-01-09,1,1647348.56,1647348.56
16986,21,3,29,12,2023-01-05,1,1417760.9,1417760.9
16987,37,6,8,3,2023-10-20,1,1723699.41,1723699.41
16988,7,6,53,7,2022-05-12,1,4925313.02,4925313.02
16989,43,12,44,1,2025-04-15,1,5072125.09,5072125.09
16990,41,6,46,8,2024-05-12,1,2686866.89,2686866.89
16991,39,6,21,4,2025-01-17,2,1629214.32,3258428.64
16992,22,6,22,8,2023-06-24,1,1764343.09,1764343.09
16993,42,6,26,8,2025-10-29,1,1256101.3,1256101.3
16994,31,7,6,6,2023-07-19,1,4727160.07,4727160.07
16995,37,3,1,7,2023-05-18,1,4215784.46,4215784.46
16996,7,6,36,6,2022-12-17,1,3958546.21,3958546.21
16997,31,5,12,6,2024-10-15,1,1838976.5,1838976.5
16998,28,3,36,1,2022-04-04,1,4713059.34,4713059.34
16999,34,1,8,5,2025-06-15,3,850223.36,2550670.08
17000,2,12,1,9,2025-11-10,1,4816511.48,4816511.48
17001,38,1,46,8,2023-01-18,2,2735656.84,5471313.68
17002,40,3,38,5,2022-09-28,1,5176229.68,5176229.68
17003,14,5,23,1,2025-07-14,1,1565451.3,1565451.3
17004,29,4,33,12,2024-04-12,1,609188.49,609188.49
17005,15,3,7,12,2024-11-24,1,1685439.38,1685439.38
17006,26,1,11,9,2025-03-17,1,2983928.03,2983928.03
17007,42,11,52,3,2022-05-23,1,1711708.07,1711708.07
17008,1,4,4,3,2023-11-26,2,2708887.81,5417775.62
17009,19,7,46,3,2022-01-23,1,2043075.01,2043075.01
17010,6,2,53,5,2024-08-14,1,1227871.98,1227871.98
17011,34,6,30,6,2024-09-24,1,1374413.22,1374413.22
17012,24,11,15,3,2025-05-24,1,1399923.38,1399923.38
17013,43,2,41,3,2022-07-11,1,3432326.86,3432326.86
17014,20,10,10,5,2022-08-16,1,1120433.67,1120433.67
17015,25,2,16,6,2024-12-24,1,1118776.66,1118776.66
17016,18,8,47,6,2024-02-09,1,3971638.27,3971638.27
17017,2,12,23,6,2023-11-26,1,1967630.24,1967630.24
17018,4,11,37,6,2023-01-04,1,968773.68,968773.68
17019,4,4,43,3,2025-06-15,1,1155769.92,1155769.92
17020,23,1,32,1,2023-09-10,1,3494886.68,3494886.68
17021,1,2,28,4,2022-07-23,3,1599590.7,4798772.1
17022,16,7,6,8,2024-01-27,1,442233.15,442233.15
17023,19,1,41,6,2024-11-26,1,1416153.28,1416153.28
17024,3,11,30,9,2023-01-08,1,669068.38,669068.38
17025,13,3,25,7,2024-06-08,1,770547.83,770547.83
17026,14,6,2,6,2025-02-10,2,1540276.63,3080553.26
17027,17,1,28,1,2022-03-01,1,621834.3,621834.3
17028,32,1,28,4,2025-05-16,1,1683240.61,1683240.61
17029,17,5,24,1,2025-01-01,1,670336.98,670336.98
17030,28,2,5,6,2023-11-27,1,2486459.46,2486459.46
17031,41,11,12,8,2025-12-29,1,1911321.58,1911321.58
17032,20,3,38,12,2025-12-28,1,1804628.52,1804628.52
17033,19,4,50,2,2022-03-10,1,2053009.44,2053009.44
17034,10,1,29,3,2023-07-12,1,4270692.12,4270692.12
17035,9,1,48,12,2023-11-12,2,2321993.79,4643987.58
17036,29,2,15,2,2023-02-23,1,571190.96,571190.96
17037,24,14,58,1,2022-02-22,1,4524394.55,4524394.55
17038,32,1,42,6,2025-09-09,1,1884636.32,1884636.32
17039,12,2,12,6,2024-07-22,1,3458296.2,3458296.2
17040,28,3,39,8,2022-07-03,1,2827760.76,2827760.76
17041,1,9,3,3,2022-06-27,1,2598349.55,2598349.55
17042,20,4,40,5,2024-04-25,1,3565167.74,3565167.74
17043,37,14,46,3,2024-12-01,1,4669220.72,4669220.72
17044,17,5,55,6,2025-06-04,1,493825.36,493825.36
17045,7,1,31,7,2024-02-01,1,5650156.75,5650156.75
17046,13,4,30,6,2024-04-24,2,714434.49,1428868.98
17047,20,15,15,1,2025-05-13,3,2892799.73,8678399.19
17048,20,12,34,5,2024-02-16,1,4068626.56,4068626.56
17049,20,3,17,6,2023-07-03,1,4920276.77,4920276.77
17050,19,3,11,8,2023-02-13,1,2143496.45,2143496.45
17051,16,8,55,4,2025-05-04,2,699143.85,1398287.7
17052,3,2,6,5,2023-01-18,1,450711.47,450711.47
17053,11,4,33,8,2025-03-23,1,2227326.33,2227326.33
17054,2,1,22,7,2023-02-06,1,3740300.01,3740300.01
17055,27,1,20,9,2025-06-26,1,2318498.18,2318498.18
17056,34,1,10,6,2022-02-23,1,2206830.4,2206830.4
17057,13,1,44,2,2023-09-18,1,823574.94,823574.94
17058,13,11,8,5,2024-09-14,1,819490.4,819490.4
17059,11,9,5,5,2023-04-01,1,4430856.95,4430856.95
17060,11,14,1,1,2023-11-02,1,3352699.6,3352699.6
17061,19,11,53,5,2022-05-03,1,999746.91,999746.91
17062,19,3,18,3,2025-06-22,1,2320710.41,2320710.41
17063,26,1,36,6,2025-10-14,1,4177471.72,4177471.72
17064,17,12,42,7,2025-09-30,1,543951.96,543951.96
17065,43,7,26,3,2023-09-30,1,4854113.93,4854113.93
17066,2,6,37,12,2024-12-17,2,2718080.87,5436161.74
17067,28,4,41,5,2023-07-04,1,3254586.13,3254586.13
17068,23,12,6,4,2025-10-24,1,3418361.15,3418361.15
17069,8,4,29,2,2025-07-18,1,953005.39,953005.39
17070,26,3,29,6,2023-06-28,1,3156813.86,3156813.86
17071,3,2,41,8,2022-11-23,1,693182.85,693182.85
17072,33,9,55,3,2025-11-25,1,2079240.48,2079240.48
17073,23,1,44,12,2023-03-06,1,3129022.71,3129022.71
17074,18,1,6,8,2025-03-26,1,2239084.42,2239084.42
17075,16,1,18,3,2022-04-26,1,424543.35,424543.35
17076,14,2,28,7,2023-10-20,2,876298.87,1752597.74
17077,14,11,55,7,2024-08-29,3,771367.48,2314102.44
17078,25,11,12,6,2023-02-15,1,3582892.97,3582892.97
17079,10,3,16,10,2024-02-18,3,2416614.71,7249844.13
17080,19,2,27,1,2022-03-08,2,1484136.82,2968273.64
17081,38,4,23,8,2024-05-26,1,1932572.15,1932572.15
17082,32,3,2,1,2024-12-09,1,4291748.87,4291748.87
17083,2,4,44,10,2023-05-14,1,1401783.87,1401783.87
17084,32,1,29,6,2025-01-18,1,1548167.02,1548167.02
17085,26,14,9,6,2023-03-13,1,1825495.83,1825495.83
17086,42,1,18,5,2022-01-05,1,2105429.46,2105429.46
17087,2,12,48,6,2022-05-23,1,3600902.53,3600902.53
17088,31,5,29,11,2025-07-17,1,4043964.36,4043964.36
17089,25,4,9,1,2023-03-01,1,2792255.99,2792255.99
17090,18,11,8,9,2024-10-24,1,4009017.25,4009017.25
17091,36,12,46,7,2023-02-02,1,1626922.55,1626922.55
17092,11,12,8,8,2025-05-30,1,1941962.03,1941962.03
17093,2,1,18,5,2024-04-14,2,940226.51,1880453.02
17094,22,9,20,6,2023-10-21,2,1255106.16,2510212.32
17095,31,4,38,4,2023-11-23,1,1950574.38,1950574.38
17096,11,6,12,7,2023-05-24,2,894963.71,1789927.42
17097,13,5,35,6,2023-03-18,1,544437.57,544437.57
17098,14,4,29,5,2025-02-02,1,1059039.73,1059039.73
17099,17,1,52,4,2022-11-02,1,700940.47,700940.47
17100,11,2,41,7,2024-07-30,1,3046961.09,3046961.09
17101,26,2,14,1,2024-01-11,1,4176090.17,4176090.17
17102,34,12,37,5,2023-10-17,1,2527636.83,2527636.83
17103,24,2,5,8,2025-10-14,1,1496137.4,1496137.4
17104,23,1,20,5,2023-08-19,1,3144236.07,3144236.07
17105,12,9,9,3,2022-03-11,1,979469.15,979469.15
17106,12,10,9,1,2023-06-14,1,4417120.2,4417120.2
17107,16,3,50,3,2023-01-17,1,463727.41,463727.41
17108,3,8,51,2,2022-05-01,1,690286.07,690286.07
17109,37,11,31,7,2025-05-20,1,3402687.35,3402687.35
17110,31,6,41,6,2023-09-27,1,1286858.82,1286858.82
17111,26,2,42,3,2022-01-12,1,2090700.57,2090700.57
17112,29,5,40,1,2022-08-25,2,640493.1,1280986.2
17113,28,12,41,5,2022-08-22,1,4063658.8,4063658.8
17114,8,5,37,1,2023-05-12,1,864152.13,864152.13
17115,26,11,35,12,2022-12-18,1,1042049.72,1042049.72
17116,20,15,22,4,2022-04-02,1,2016829.03,2016829.03
17117,7,3,29,1,2024-05-28,1,4181364.07,4181364.07
17118,29,2,6,6,2022-02-09,2,516881.15,1033762.3
17119,27,4,12,10,2022-09-09,1,1070094.53,1070094.53
17120,14,2,23,1,2022-05-13,1,751506.3,751506.3
17121,19,4,34,7,2022-10-17,1,1620001.35,1620001.35
17122,43,2,35,3,2024-11-18,1,3797660.68,3797660.68
17123,7,10,9,4,2025-05-26,1,5742364.73,5742364.73
17124,42,5,34,1,2024-02-21,1,1671069.69,1671069.69
17125,26,4,13,7,2025-04-12,2,2604280.49,5208560.98
17126,32,3,22,3,2024-11-22,1,3791627.39,3791627.39
17127,23,4,45,6,2024-08-16,1,4579357.08,4579357.08
17128,18,4,14,6,2024-09-30,1,3445582.32,3445582.32
17129,26,3,4,9,2024-10-24,1,4011808.45,4011808.45
17130,27,2,38,1,2022-02-12,2,1250453.62,2500907.24
17131,1,12,22,3,2022-09-07,1,1868029.6,1868029.6
17132,10,5,34,8,2024-02-11,1,4375683.93,4375683.93
17133,9,12,4,11,2022-07-11,1,1138127.81,1138127.81
17134,8,11,46,6,2024-12-04,1,778487.88,778487.88
17135,12,3,16,8,2024-06-16,1,3878384.32,3878384.32
17136,2,4,15,4,2022-03-31,1,3617061.69,3617061.69
17137,41,10,15,4,2023-07-01,1,3192579.68,3192579.68
17138,15,3,6,1,2024-07-28,1,4956392.44,4956392.44
17139,1,5,50,3,2022-06-24,1,2927034.05,2927034.05
17140,27,4,39,10,2024-07-18,1,1959288.79,1959288.79
17141,21,1,23,5,2023-08-31,2,1202123.86,2404247.72
17142,28,3,33,7,2023-06-13,1,2320318.67,2320318.67
17143,3,9,51,10,2023-08-27,1,761260.68,761260.68
17144,7,6,44,6,2023-10-18,1,4566637.22,4566637.22
17145,39,12,51,5,2022-05-17,2,4193310.82,8386621.64
17146,5,3,13,7,2025-04-28,1,9467786.5,9467786.5
17147,28,2,44,6,2025-01-26,1,4619464.55,4619464.55
17148,25,1,29,3,2025-02-12,1,2384220.68,2384220.68
17149,10,3,17,9,2022-05-02,1,3813180.49,3813180.49
17150,39,5,40,9,2024-06-01,2,2727945.77,5455891.54
17151,5,12,23,6,2024-09-03,3,7218963.2,21656889.6
17152,29,14,12,6,2024-11-07,1,668516.14,668516.14
17153,27,1,38,4,2023-10-20,1,3490481.11,3490481.11
17154,8,9,31,6,2025-01-05,1,941940.13,941940.13
17155,11,10,41,9,2025-04-11,1,1225514.64,1225514.64
17156,28,14,15,7,2022-01-03,1,3574354.93,3574354.93
17157,8,2,39,2,2023-07-13,1,920812.21,920812.21
17158,30,5,18,3,2024-02-04,1,2800286.59,2800286.59
17159,20,12,18,8,2024-12-23,1,4604184.2,4604184.2
17160,9,14,37,5,2025-10-03,1,1901536.94,1901536.94
17161,25,2,26,8,2023-09-26,1,3201070.28,3201070.28
17162,23,6,20,4,2024-04-08,1,4802343.58,4802343.58
17163,35,12,48,7,2025-09-29,1,1505448.06,1505448.06
17164,43,3,34,3,2022-03-22,1,1520172.99,1520172.99
17165,43,3,11,7,2024-06-17,3,2495735.1,7487205.3
17166,24,1,19,5,2024-10-07,1,1935027.16,1935027.16
17167,21,11,51,6,2025-10-20,1,866459.92,866459.92
17168,14,9,41,1,2022-07-27,1,1887772.05,1887772.05
17169,15,4,6,12,2022-04-30,1,2757205.86,2757205.86
17170,14,3,7,8,2025-11-25,2,1010011.87,2020023.74
17171,23,6,11,8,2022-04-23,1,1302502.49,1302502.49
17172,3,4,25,5,2025-03-06,1,719410.71,719410.71
17173,15,1,48,5,2024-10-23,1,4681485.91,4681485.91
17174,10,8,32,9,2024-11-11,2,4454651.48,8909302.96
17175,11,6,8,5,2023-08-24,1,4162589.8,4162589.8
17176,18,3,4,2,2025-03-06,1,2182744.19,2182744.19
17177,1,5,27,9,2025-11-15,1,2107804.25,2107804.25
17178,16,3,7,7,2023-05-12,1,446613.46,446613.46
17179,26,13,33,1,2023-07-24,1,1161536.26,1161536.26
17180,32,11,37,9,2025-05-18,1,3131540.52,3131540.52
17181,14,7,21,3,2023-04-01,2,1550433.16,3100866.32
17182,26,3,47,8,2024-04-20,1,1820804.84,1820804.84
17183,23,3,49,4,2024-09-05,1,4080955.16,4080955.16
17184,39,1,50,4,2023-05-23,1,3735127.28,3735127.28
17185,25,1,20,8,2025-09-22,1,2212737.83,2212737.83
17186,39,1,52,3,2025-01-07,1,1782825.54,1782825.54
17187,13,6,24,1,2025-09-30,1,598644.16,598644.16
17188,7,5,54,5,2023-12-04,1,4536556.58,4536556.58
17189,43,1,13,10,2024-06-21,1,1666360.79,1666360.79
17190,9,6,46,8,2023-07-11,1,2592310.46,2592310.46
17191,37,1,53,3,2025-08-22,1,2504957.88,2504957.88
17192,6,4,11,8,2023-06-08,1,1648367.91,1648367.91
17193,35,2,16,9,2022-03-12,2,1203167.06,2406334.12
17194,29,3,55,3,2025-08-01,1,785085.79,785085.79
17195,26,4,5,1,2023-06-03,1,4012263.38,4012263.38
17196,10,7,14,1,2025-06-23,1,2083994.99,2083994.99
17197,35,4,6,9,2023-07-09,1,2638227.78,2638227.78
17198,14,1,39,4,2024-03-31,1,1460371.62,1460371.62
17199,27,2,14,7,2025-09-03,1,3443254.82,3443254.82
17200,39,1,14,9,2023-03-25,1,3815369.75,3815369.75
17201,14,2,7,7,2025-07-30,1,1473770.61,1473770.61
17202,10,1,54,9,2025-10-06,1,3003805.97,3003805.97
17203,25,12,18,6,2022-03-12,1,3088032.02,3088032.02
17204,35,5,12,2,2023-03-02,1,2531726.46,2531726.46
17205,20,15,26,9,2025-10-29,1,3133665.88,3133665.88
17206,32,15,50,5,2023-03-06,2,3514098.85,7028197.7
17207,15,6,17,6,2025-02-20,1,990553.83,990553.83
17208,15,15,31,2,2024-11-09,1,2397978.69,2397978.69
17209,18,3,18,11,2025-05-31,1,3938161.79,3938161.79
17210,37,3,53,1,2024-03-19,1,3603935.03,3603935.03
17211,28,10,35,7,2022-02-13,1,962090.11,962090.11
17212,20,1,19,1,2023-09-21,1,2719481.49,2719481.49
17213,25,12,9,4,2022-05-16,1,1090424.09,1090424.09
17214,39,3,53,6,2025-05-11,1,2236677.41,2236677.41
17215,29,14,22,8,2024-08-25,1,726740.15,726740.15
17216,12,5,10,2,2024-08-14,1,3658056.71,3658056.71
17217,7,4,31,5,2025-11-23,1,4889827.98,4889827.98
17218,19,6,27,4,2023-06-18,2,2097774.24,4195548.48
17219,4,1,35,1,2023-01-27,1,1207958.91,1207958.91
17220,7,14,4,3,2022-09-23,1,3303516.85,3303516.85
17221,34,6,37,3,2024-08-13,1,1065166.75,1065166.75
17222,26,4,5,4,2023-11-12,1,3555909.62,3555909.62
17223,11,4,37,8,2022-01-31,1,2106089.59,2106089.59
17224,19,2,47,2,2023-01-26,3,2116817.75,6350453.25
17225,26,8,39,9,2023-04-19,1,2789824.58,2789824.58
17226,4,11,10,5,2022-03-14,1,1241311.39,1241311.39
17227,25,1,40,7,2022-08-17,1,3246055.84,3246055.84
17228,11,2,46,7,2022-02-09,1,1355348.07,1355348.07
17229,43,5,30,1,2025-06-08,1,5322929.28,5322929.28
17230,8,12,37,3,2022-12-28,1,642760.14,642760.14
17231,27,2,52,8,2022-07-01,1,2321437.34,2321437.34
17232,7,1,22,9,2024-07-24,1,3185801.01,3185801.01
17233,10,2,53,6,2024-02-19,2,3205398.32,6410796.64
17234,15,5,17,11,2023-11-07,2,3305027.33,6610054.66
17235,38,4,22,1,2024-03-17,1,2365896.44,2365896.44
17236,8,1,48,4,2022-01-07,1,930122.86,930122.86
17237,8,2,3,6,2022-10-17,1,843811.34,843811.34
17238,29,12,31,1,2024-01-28,2,700112.85,1400225.7
17239,39,8,28,7,2022-02-11,2,4925235.23,9850470.46
17240,10,2,53,3,2022-02-19,1,2274166.02,2274166.02
17241,43,3,17,7,2022-07-13,1,3909189.78,3909189.78
17242,19,2,24,7,2025-07-22,1,975722.3,975722.3
17243,3,8,31,3,2024-04-23,1,451416.18,451416.18
17244,26,7,15,5,2024-08-18,1,2929020.5,2929020.5
17245,17,12,28,1,2022-07-07,1,461839.76,461839.76
17246,2,9,42,5,2024-09-06,1,1331215.16,1331215.16
17247,9,2,25,12,2025-03-18,1,2483922.92,2483922.92
17248,27,2,41,11,2023-11-13,1,2309221.0,2309221.0
17249,38,1,31,2,2024-05-03,1,4787768.53,4787768.53
17250,20,13,55,5,2022-04-20,1,4057436.85,4057436.85
17251,16,4,6,8,2022-12-02,1,549156.55,549156.55
17252,23,6,38,5,2022-08-15,1,4800643.32,4800643.32
17253,9,1,18,11,2023-09-06,1,1998680.89,1998680.89
17254,23,15,30,1,2025-10-12,1,2648230.06,2648230.06
17255,2,1,2,9,2025-01-10,1,1226161.63,1226161.63
17256,18,5,27,7,2025-08-03,1,1336355.47,1336355.47
17257,30,4,14,1,2024-02-26,1,3773168.1,3773168.1
17258,6,6,40,8,2023-09-12,3,1337482.57,4012447.71
17259,14,3,32,3,2024-02-17,1,1573844.15,1573844.15
17260,37,1,43,7,2025-09-19,1,1612702.58,1612702.58
17261,26,4,38,8,2024-05-28,1,2241416.75,2241416.75
17262,1,2,6,8,2025-06-04,2,1092204.63,2184409.26
17263,27,2,6,8,2022-03-05,1,2877057.3,2877057.3
17264,34,15,15,6,2023-03-10,1,1665733.13,1665733.13
17265,24,5,17,6,2023-04-15,1,3023005.13,3023005.13
17266,21,14,6,3,2025-05-30,1,1098015.54,1098015.54
17267,33,1,3,1,2024-02-17,1,2031417.45,2031417.45
17268,19,5,41,3,2025-05-13,1,1533369.0,1533369.0
17269,25,5,18,7,2022-10-18,1,2734138.81,2734138.81
17270,12,3,42,9,2025-05-15,1,3487398.78,3487398.78
17271,28,8,20,3,2022-09-21,1,2106444.69,2106444.69
17272,37,11,37,12,2024-02-17,1,4161692.36,4161692.36
17273,38,9,22,7,2025-10-12,1,3689655.69,3689655.69
17274,15,3,43,2,2022-09-08,1,1662754.81,1662754.81
17275,15,10,19,8,2022-12-23,1,2757278.54,2757278.54
17276,24,1,22,3,2024-07-09,1,1389232.08,1389232.08
17277,27,9,22,7,2023-01-03,1,1107380.51,1107380.51
17278,29,4,55,11,2025-08-13,1,535778.6,535778.6
17279,39,12,50,7,2023-01-28,1,1404983.38,1404983.38
17280,26,12,31,7,2025-05-22,1,1846969.83,1846969.83
17281,4,3,36,11,2025-01-28,1,1434584.52,1434584.52
17282,26,6,49,9,2025-06-12,1,3183260.55,3183260.55
17283,43,2,3,6,2024-01-01,1,2465148.63,2465148.63
17284,28,12,23,3,2022-03-09,1,1516889.99,1516889.99
17285,19,12,44,6,2025-09-28,1,1564439.65,1564439.65
17286,19,12,14,9,2022-12-27,2,1728794.96,3457589.92
17287,26,4,41,9,2025-11-16,1,2099943.18,2099943.18
17288,14,8,30,12,2025-09-07,2,1592441.19,3184882.38
17289,25,6,23,10,2025-10-18,1,2304776.23,2304776.23
17290,32,5,38,11,2025-01-03,1,3511093.61,3511093.61
17291,22,1,42,1,2023-02-22,1,1749094.02,1749094.02
17292,9,11,43,7,2025-05-13,3,2496936.91,7490810.73
17293,6,8,28,3,2023-04-21,1,3315492.32,3315492.32
17294,39,1,18,3,2025-06-13,1,4827429.85,4827429.85
17295,16,9,18,6,2024-03-05,1,640169.8,640169.8
17296,23,8,17,7,2025-07-04,1,4793903.61,4793903.61
17297,29,4,39,6,2024-03-16,1,496065.98,496065.98
17298,28,2,12,8,2022-01-12,1,1621428.09,1621428.09
17299,20,1,10,3,2025-04-03,1,1512311.91,1512311.91
17300,21,2,24,1,2022-05-07,1,918586.81,918586.81
17301,27,2,30,6,2022-07-25,1,2426446.97,2426446.97
17302,40,1,18,8,2023-08-09,1,3456543.24,3456543.24
17303,33,14,53,7,2022-06-04,1,4218923.97,4218923.97
17304,2,6,2,8,2022-10-14,1,1146203.68,1146203.68
17305,28,11,12,6,2024-04-12,1,1110680.63,1110680.63
17306,31,10,1,4,2025-09-02,1,1106603.18,1106603.18
17307,25,1,49,4,2022-01-11,1,2423612.83,2423612.83
17308,18,3,2,9,2023-02-11,1,2143007.47,2143007.47
17309,26,2,52,6,2025-03-18,1,1454814.21,1454814.21
17310,9,3,55,1,2025-08-07,1,2211168.81,2211168.81
17311,25,12,19,5,2025-02-07,1,2018620.82,2018620.82
17312,35,4,24,9,2025-06-22,1,1948136.94,1948136.94
17313,43,1,35,3,2023-11-27,1,5077357.86,5077357.86
17314,12,4,22,6,2022-12-02,1,2000160.02,2000160.02
17315,14,6,26,6,2022-02-24,1,1048454.49,1048454.49
17316,43,11,38,7,2022-05-07,2,2332825.49,4665650.98
17317,29,9,14,4,2023-09-21,1,747484.64,747484.64
17318,29,6,20,6,2025-11-28,1,768797.51,768797.51
17319,38,3,54,6,2025-03-16,1,2267646.77,2267646.77
17320,13,14,24,5,2025-02-26,1,621457.53,621457.53
17321,16,2,28,6,2024-08-25,1,575193.83,575193.83
17322,40,11,54,3,2023-12-29,1,2124805.86,2124805.86
17323,12,7,34,9,2023-09-20,1,4065778.06,4065778.06
17324,39,9,4,6,2022-05-21,1,2999925.09,2999925.09
17325,12,5,22,10,2025-05-27,2,1770532.71,3541065.42
17326,31,6,2,4,2022-07-20,2,4585784.18,9171568.36
17327,26,1,30,6,2024-01-24,1,1936236.83,1936236.83
17328,22,2,53,6,2023-12-27,1,1787143.93,1787143.93
17329,19,2,30,6,2025-03-16,1,1571906.32,1571906.32
17330,29,15,19,7,2024-12-25,2,747793.41,1495586.82
17331,27,1,52,3,2025-11-27,1,3098378.55,3098378.55
17332,17,1,6,5,2022-11-18,1,567744.84,567744.84
17333,12,6,54,8,2023-12-20,1,1262389.44,1262389.44
17334,3,2,25,6,2022-01-24,1,828050.88,828050.88
17335,20,3,37,2,2023-01-25,2,2939348.71,5878697.42
17336,27,5,5,8,2024-04-29,1,2679932.33,2679932.33
17337,16,14,4,3,2023-05-18,2,714530.71,1429061.42
17338,1,8,10,1,2025-01-13,2,3589750.15,7179500.3
17339,9,3,31,7,2022-02-10,1,1149621.82,1149621.82
17340,41,6,9,3,2024-03-27,1,3385104.88,3385104.88
17341,1,5,5,1,2024-09-18,1,4006604.12,4006604.12
17342,13,3,19,3,2025-06-11,1,730763.42,730763.42
17343,25,2,21,5,2024-02-18,1,2865080.64,2865080.64
17344,12,3,6,6,2024-04-30,1,1361744.77,1361744.77
17345,17,6,45,3,2022-08-06,1,451790.78,451790.78
17346,33,3,49,5,2025-06-30,1,1903207.43,1903207.43
17347,17,3,47,4,2024-05-17,1,517402.15,517402.15
17348,9,3,54,9,2022-09-10,1,2518907.9,2518907.9
17349,4,3,51,5,2022-03-19,1,1346832.68,1346832.68
17350,8,11,30,4,2024-03-13,1,808919.68,808919.68
17351,39,10,21,3,2022-06-09,1,1450782.63,1450782.63
17352,9,10,8,1,2023-12-12,1,1730120.91,1730120.91
17353,40,11,19,11,2024-08-11,1,4051589.86,4051589.86
17354,37,4,20,6,2025-04-23,1,2095900.54,2095900.54
17355,6,12,11,1,2023-09-07,1,1431749.1,1431749.1
17356,19,11,23,3,2025-07-30,1,1281723.91,1281723.91
17357,17,9,26,5,2023-10-23,2,420701.62,841403.24
17358,22,4,21,4,2022-01-05,2,972319.81,1944639.62
17359,30,3,26,8,2022-07-26,2,3922211.6,7844423.2
17360,26,1,42,6,2025-08-02,1,1579705.8,1579705.8
17361,11,2,38,7,2022-02-03,1,4481014.33,4481014.33
17362,26,2,36,1,2025-05-04,1,2418726.84,2418726.84
17363,40,11,1,4,2023-05-30,1,5198506.39,5198506.39
17364,39,4,44,4,2025-01-11,1,2112220.27,2112220.27
17365,15,1,46,9,2023-08-19,1,3433032.36,3433032.36
17366,43,6,26,6,2024-05-08,1,5318211.91,5318211.91
17367,15,7,45,7,2023-07-03,2,1778612.55,3557225.1
17368,10,1,26,4,2025-04-03,2,2376440.41,4752880.82
17369,18,2,17,3,2024-11-26,1,3872837.96,3872837.96
17370,37,1,38,7,2025-07-11,1,5291879.39,5291879.39
17371,32,1,35,6,2025-05-27,1,1213556.88,1213556.88
17372,11,12,50,9,2022-10-09,1,2371924.4,2371924.4
17373,17,2,40,1,2024-03-07,2,496876.63,993753.26
17374,4,5,16,3,2024-03-01,1,1356823.16,1356823.16
17375,19,1,8,6,2022-07-01,1,879486.66,879486.66
17376,18,2,46,1,2024-04-05,1,2467960.29,2467960.29
17377,6,2,50,6,2025-01-03,1,2076110.09,2076110.09
17378,9,13,36,3,2025-04-30,1,2331722.9,2331722.9
17379,10,9,33,6,2025-02-03,1,2706634.21,2706634.21
17380,17,6,21,7,2025-08-30,1,661078.64,661078.64
17381,18,10,19,3,2025-07-12,1,4005618.99,4005618.99
17382,17,11,14,3,2023-05-09,1,739499.08,739499.08
17383,29,8,47,6,2023-08-12,1,426233.92,426233.92
17384,37,3,26,7,2025-08-01,1,5379681.07,5379681.07
17385,15,3,27,4,2022-09-10,1,1197062.06,1197062.06
17386,2,3,38,12,2024-03-03,1,4960537.16,4960537.16
17387,11,13,36,6,2022-10-11,1,1864146.92,1864146.92
17388,27,14,50,6,2024-02-28,1,871265.58,871265.58
17389,39,10,19,3,2023-06-19,1,1941501.66,1941501.66
17390,22,2,7,3,2022-10-29,1,1587409.68,1587409.68
17391,16,5,17,5,2025-09-18,2,524924.69,1049849.38
17392,31,3,54,8,2024-09-08,1,1171489.12,1171489.12
17393,39,11,18,10,2023-10-29,1,1112621.77,1112621.77
17394,37,5,32,9,2023-05-06,1,2632434.44,2632434.44
17395,26,13,35,1,2025-09-27,1,2279562.02,2279562.02
17396,15,6,35,4,2022-07-08,1,3335832.06,3335832.06
17397,43,4,40,10,2024-03-17,2,4896312.11,9792624.22
17398,12,1,41,6,2025-09-04,1,1207929.07,1207929.07
17399,8,2,52,6,2025-03-20,1,886895.95,886895.95
17400,24,10,33,5,2025-12-22,2,1555218.69,3110437.38
17401,11,13,52,10,2025-09-15,1,1888986.99,1888986.99
17402,2,2,33,8,2023-02-28,1,1060826.12,1060826.12
17403,25,9,38,3,2023-05-20,1,3330489.86,3330489.86
17404,30,14,34,7,2023-01-01,1,2346577.45,2346577.45
17405,18,1,7,3,2024-02-20,1,1717413.02,1717413.02
17406,18,4,40,1,2022-05-04,1,1347047.58,1347047.58
17407,32,1,12,8,2024-02-19,1,1785728.03,1785728.03
17408,23,4,22,1,2024-10-15,1,1658360.48,1658360.48
17409,40,4,33,11,2022-02-04,1,1779085.86,1779085.86
17410,43,10,43,5,2024-10-05,2,1344086.88,2688173.76
17411,6,5,57,3,2024-06-01,1,1368104.42,1368104.42
17412,31,6,47,7,2024-07-05,1,3948798.0,3948798.0
17413,7,3,17,7,2023-06-30,1,2457365.58,2457365.58
17414,5,1,55,9,2022-11-04,1,6619469.44,6619469.44
17415,12,12,5,2,2025-06-21,3,3438840.43,10316521.29
17416,27,9,35,10,2022-05-28,1,3820920.52,3820920.52
17417,19,3,30,7,2022-01-18,1,1346810.02,1346810.02
17418,16,4,26,8,2023-10-02,1,630751.06,630751.06
17419,26,4,20,5,2023-08-03,1,3647834.08,3647834.08
17420,27,3,31,8,2024-04-14,1,2843723.3,2843723.3
17421,17,14,24,6,2024-02-03,1,607257.91,607257.91
17422,19,1,31,7,2023-01-05,1,1437717.34,1437717.34
17423,18,10,2,10,2025-02-05,1,975814.01,975814.01
17424,16,2,3,1,2025-07-09,1,684493.49,684493.49
17425,10,2,52,10,2022-08-07,1,2235809.46,2235809.46
17426,26,3,7,5,2022-10-07,1,3427599.89,3427599.89
17427,28,5,54,7,2022-08-13,1,3774337.02,3774337.02
17428,43,10,20,10,2025-03-21,1,4782940.07,4782940.07
17429,30,7,16,7,2025-06-06,1,1283218.8,1283218.8
17430,18,11,12,3,2022-03-19,1,1605504.68,1605504.68
17431,12,4,6,3,2022-02-23,1,2525378.71,2525378.71
17432,25,6,26,3,2024-06-28,2,3076595.12,6153190.24
17433,17,5,14,3,2023-09-13,1,625178.97,625178.97
17434,6,3,27,3,2022-08-31,1,1576663.93,1576663.93
17435,3,2,16,12,2024-12-03,2,534460.25,1068920.5
17436,22,3,3,6,2022-01-13,1,1290317.64,1290317.64
17437,7,7,44,8,2024-12-27,1,1440081.94,1440081.94
17438,12,3,52,4,2023-09-20,1,1651221.53,1651221.53
17439,6,12,36,3,2024-11-14,1,2197583.07,2197583.07
17440,37,2,46,9,2023-04-17,1,2139569.6,2139569.6
17441,1,1,4,1,2023-04-05,1,1750053.02,1750053.02
17442,29,2,16,3,2022-10-24,1,691839.98,691839.98
17443,30,1,46,6,2025-08-11,1,2885681.08,2885681.08
17444,17,2,48,5,2023-03-28,1,727148.92,727148.92
17445,30,7,13,8,2023-09-04,1,1541523.31,1541523.31
17446,12,3,1,8,2022-08-07,1,2820102.99,2820102.99
17447,13,3,51,1,2025-01-14,1,621436.97,621436.97
17448,17,6,24,7,2022-05-17,1,726198.4,726198.4
17449,11,2,47,8,2024-05-28,1,3839789.16,3839789.16
17450,37,12,14,4,2024-04-10,1,5311823.86,5311823.86
17451,23,6,37,8,2025-11-04,1,3815366.68,3815366.68
17452,9,4,19,4,2024-05-17,1,1123198.76,1123198.76
17453,10,4,32,3,2022-03-05,1,4391690.33,4391690.33
17454,15,6,23,12,2024-10-12,1,1342278.73,1342278.73
17455,35,8,55,7,2023-01-05,1,4100006.38,4100006.38
17456,16,6,39,8,2023-06-08,1,676154.88,676154.88
17457,24,4,22,6,2022-05-24,1,2843944.35,2843944.35
17458,15,2,46,4,2025-04-29,2,4460461.44,8920922.88
17459,20,7,30,2,2022-07-05,1,4366832.67,4366832.67
17460,30,1,54,8,2024-03-14,1,2223986.92,2223986.92
17461,12,1,15,1,2025-05-26,1,3661103.92,3661103.92
17462,27,5,53,5,2024-08-05,1,1039528.77,1039528.77
17463,24,1,26,7,2022-10-29,1,2882792.06,2882792.06
17464,8,8,12,11,2025-05-22,1,607108.81,607108.81
17465,12,6,45,10,2022-01-18,1,835020.5,835020.5
17466,25,3,48,2,2022-01-08,1,3536004.57,3536004.57
17467,10,2,39,1,2025-08-25,1,3166761.48,3166761.48
17468,28,3,15,3,2025-04-27,3,1990090.92,5970272.76
17469,27,6,44,8,2022-01-13,1,2998969.27,2998969.27
17470,42,2,13,6,2025-07-19,1,856790.99,856790.99
17471,19,3,5,3,2022-06-05,1,2139658.97,2139658.97
17472,23,2,49,1,2022-02-05,1,1560810.99,1560810.99
17473,1,2,48,1,2025-08-18,1,2727042.33,2727042.33
17474,35,12,50,2,2024-01-02,1,1592443.37,1592443.37
17475,15,7,46,12,2023-12-26,2,1394785.51,2789571.02
17476,41,8,43,5,2023-08-11,2,4586297.35,9172594.7
17477,11,2,17,6,2023-06-24,1,2608705.12,2608705.12
17478,25,6,6,7,2023-09-17,2,1930548.27,3861096.54
17479,32,8,35,9,2024-11-21,1,2736350.57,2736350.57
17480,20,7,36,3,2023-03-15,1,3237059.02,3237059.02
17481,32,10,18,1,2025-06-30,1,3135917.17,3135917.17
17482,13,1,11,7,2023-06-09,1,590227.47,590227.47
17483,24,12,5,7,2025-02-26,1,2932075.35,2932075.35
17484,10,1,29,8,2023-10-06,3,4047734.78,12143204.34
17485,4,7,42,4,2023-07-18,1,1566382.55,1566382.55
17486,29,3,1,8,2023-05-05,1,582805.6,582805.6
17487,30,4,29,1,2023-08-08,1,2873781.28,2873781.28
17488,20,3,27,6,2024-06-23,1,2981228.0,2981228.0
17489,17,2,31,6,2023-08-11,1,742938.53,742938.53
17490,12,11,2,10,2025-07-17,3,4540950.8,13622852.4
17491,30,6,45,9,2024-04-21,1,3841056.28,3841056.28
17492,40,2,54,8,2022-12-06,2,6674371.49,13348742.98
17493,11,8,48,9,2024-04-08,1,3983223.99,3983223.99
17494,42,1,21,3,2024-08-02,1,1272371.82,1272371.82
17495,18,2,41,6,2025-11-05,1,1824675.82,1824675.82
17496,34,8,2,3,2024-08-03,2,1906633.04,3813266.08
17497,10,10,15,3,2022-11-25,1,2641457.77,2641457.77
17498,12,5,3,8,2022-11-20,1,4366371.14,4366371.14
17499,15,1,37,9,2025-01-09,1,4591630.68,4591630.68
17500,28,7,38,3,2023-01-11,1,985571.52,985571.52
17501,7,1,50,11,2024-02-04,1,3542175.41,3542175.41
17502,38,1,31,8,2024-03-18,1,1879628.59,1879628.59
17503,16,1,10,5,2023-05-18,1,406443.03,406443.03
17504,18,4,13,6,2023-06-07,2,3562649.7,7125299.4
17505,22,1,50,6,2024-08-22,1,1341851.14,1341851.14
17506,13,2,8,1,2023-03-06,1,864221.52,864221.52
17507,32,3,9,6,2022-07-23,1,1598810.57,1598810.57
17508,8,4,50,7,2024-03-30,1,702069.91,702069.91
17509,37,2,52,6,2025-05-18,1,2002017.45,2002017.45
17510,8,1,5,6,2022-02-03,2,736501.98,1473003.96
17511,6,5,7,1,2023-07-25,2,2306160.77,4612321.54
17512,15,3,1,1,2023-03-25,1,1229754.47,1229754.47
17513,6,4,3,3,2022-02-05,1,2387649.12,2387649.12
17514,15,11,53,6,2024-12-16,1,2192046.17,2192046.17
17515,26,2,5,6,2022-12-14,1,774679.54,774679.54
17516,37,2,19,3,2024-10-21,1,5303879.98,5303879.98
17517,35,10,48,6,2025-07-19,1,2295904.44,2295904.44
17518,27,2,43,1,2024-01-20,1,3766250.15,3766250.15
17519,32,5,30,5,2023-01-09,2,3778014.47,7556028.94
17520,39,1,26,8,2025-10-09,1,3914202.61,3914202.61
17521,13,7,4,3,2023-10-04,2,528388.84,1056777.68
17522,19,4,49,8,2022-01-24,1,1086640.07,1086640.07
17523,2,1,28,3,2024-08-21,1,3306980.4,3306980.4
17524,2,3,52,2,2024-05-08,1,3483866.19,3483866.19
17525,6,1,5,6,2022-09-21,1,2910170.05,2910170.05
17526,3,5,9,7,2022-11-04,1,653413.59,653413.59
17527,30,6,55,5,2025-01-11,2,3647957.2,7295914.4
17528,15,11,3,11,2025-12-28,1,4565132.31,4565132.31
17529,19,7,35,12,2024-04-27,1,1283000.57,1283000.57
17530,22,8,34,6,2023-03-17,1,1863435.94,1863435.94
17531,8,4,17,3,2023-12-07,1,628631.29,628631.29
17532,4,6,27,1,2023-12-11,1,1450565.77,1450565.77
17533,2,1,1,8,2023-03-23,1,2481526.58,2481526.58
17534,2,5,22,12,2022-04-15,1,1639443.81,1639443.81
17535,38,6,17,11,2023-03-21,1,3110396.61,3110396.61
17536,23,4,47,7,2022-08-22,1,1628826.41,1628826.41
17537,42,3,24,11,2022-03-07,1,1854829.42,1854829.42
17538,35,15,14,3,2025-05-12,1,4324539.13,4324539.13
17539,3,12,48,1,2024-06-28,1,751642.67,751642.67
17540,10,5,40,6,2025-07-07,1,4386917.9,4386917.9
17541,9,1,3,1,2023-03-21,1,1813566.57,1813566.57
17542,39,2,9,5,2024-07-07,3,1426674.35,4280023.05
17543,16,13,29,6,2023-03-30,1,711553.4,711553.4
17544,11,11,1,9,2024-12-23,1,4124432.17,4124432.17
17545,43,3,30,7,2022-04-13,1,1169314.77,1169314.77
17546,11,11,50,2,2022-06-20,1,3273975.54,3273975.54
17547,19,5,43,6,2024-04-28,1,1062876.97,1062876.97
17548,29,4,18,12,2023-05-25,1,779619.02,779619.02
17549,31,3,27,1,2025-05-29,2,4156848.39,8313696.78
17550,38,4,43,8,2024-05-15,1,4560583.93,4560583.93
17551,34,7,20,7,2022-01-16,1,4216080.0,4216080.0
17552,13,13,52,3,2023-03-25,1,617992.69,617992.69
17553,30,6,36,6,2024-04-18,1,3614812.74,3614812.74
17554,20,2,15,5,2023-03-18,1,4634402.79,4634402.79
17555,40,3,47,3,2025-12-11,1,5654568.04,5654568.04
17556,17,14,16,7,2022-09-07,1,630750.21,630750.21
17557,6,3,20,4,2022-04-18,1,3317644.56,3317644.56
17558,7,7,3,7,2025-10-28,1,4352979.67,4352979.67
17559,23,6,53,4,2022-06-24,1,1087060.15,1087060.15
17560,43,1,15,7,2024-10-02,1,3626807.22,3626807.22
17561,31,2,19,8,2023-10-02,1,1803514.96,1803514.96
17562,42,3,11,12,2025-03-11,1,951393.51,951393.51
17563,21,4,13,1,2024-11-06,1,1327457.42,1327457.42
17564,14,3,46,7,2022-06-30,1,1574232.67,1574232.67
17565,14,15,7,1,2022-08-04,1,1133167.53,1133167.53
17566,24,3,52,1,2025-05-06,1,910255.5,910255.5
17567,17,2,18,8,2024-01-30,2,530615.16,1061230.32
17568,35,1,14,7,2024-02-20,1,1347014.1,1347014.1
17569,21,2,39,8,2022-02-04,1,961855.54,961855.54
17570,43,3,22,11,2022-03-25,1,2703006.32,2703006.32
17571,17,6,8,1,2024-03-11,2,692293.17,1384586.34
17572,24,4,12,3,2022-07-13,1,1732035.19,1732035.19
17573,18,6,14,2,2022-09-20,1,2533143.69,2533143.69
17574,7,1,17,3,2025-03-27,1,5122182.89,5122182.89
17575,14,6,37,8,2022-10-10,1,1778775.72,1778775.72
17576,4,3,8,9,2022-02-02,1,1426994.7,1426994.7
17577,23,14,1,11,2024-07-14,1,904879.12,904879.12
17578,42,1,51,12,2023-09-03,1,2126242.78,2126242.78
17579,5,1,8,7,2022-08-31,1,7294817.65,7294817.65
17580,30,3,4,1,2023-01-21,1,1163512.06,1163512.06
17581,24,3,6,5,2024-01-24,1,3891968.63,3891968.63
17582,6,2,5,9,2022-08-13,1,3040912.46,3040912.46
17583,28,3,45,11,2022-01-21,1,4172198.36,4172198.36
17584,28,9,25,6,2024-09-14,1,1558804.28,1558804.28
17585,13,6,25,3,2023-06-24,1,702660.34,702660.34
17586,27,2,36,5,2025-04-27,1,2706386.94,2706386.94
17587,14,11,29,12,2023-08-15,1,1830778.89,1830778.89
17588,39,2,27,2,2024-12-23,1,3839068.95,3839068.95
17589,25,2,5,6,2025-07-19,3,1629275.77,4887827.31
17590,13,13,46,8,2024-12-01,1,622469.77,622469.77
17591,35,14,26,5,2025-07-27,1,4251885.14,4251885.14
17592,28,4,50,12,2023-11-05,1,2380804.97,2380804.97
17593,26,4,29,6,2025-03-15,1,3060416.37,3060416.37
17594,1,6,50,1,2023-12-08,1,4413195.62,4413195.62
17595,4,12,52,7,2022-12-07,1,1460239.58,1460239.58
17596,25,2,47,1,2025-08-15,1,940138.33,940138.33
17597,41,12,23,6,2025-02-03,1,2907682.32,2907682.32
17598,11,2,5,3,2023-12-10,2,3209389.96,6418779.92
17599,38,5,40,9,2023-04-11,1,3345280.16,3345280.16
17600,20,12,13,7,2025-12-19,1,942521.02,942521.02
17601,41,2,53,3,2025-06-16,1,3453456.6,3453456.6
17602,42,11,3,1,2024-04-19,1,1500554.7,1500554.7
17603,34,6,24,3,2022-10-25,1,3576556.08,3576556.08
17604,21,6,11,3,2024-09-19,1,1618753.95,1618753.95
17605,10,11,6,9,2022-11-22,2,3689665.48,7379330.96
17606,30,6,44,5,2025-12-27,1,1805456.01,1805456.01
17607,19,10,8,9,2024-01-17,1,2000657.64,2000657.64
17608,27,3,40,12,2025-05-07,1,3399512.74,3399512.74
17609,13,13,7,9,2023-01-13,1,633390.18,633390.18
17610,6,4,19,8,2024-05-16,1,1474022.41,1474022.41
17611,20,3,46,2,2022-01-07,1,3288150.21,3288150.21
17612,43,6,42,1,2023-04-11,1,3764079.57,3764079.57
17613,27,11,36,10,2022-07-24,1,3000188.06,3000188.06
17614,10,1,32,1,2025-03-17,1,3667993.4,3667993.4
17615,6,1,21,12,2025-07-10,1,2379764.46,2379764.46
17616,28,12,2,3,2023-04-15,3,3925473.35,11776420.05
17617,30,2,15,4,2023-09-28,1,3589742.87,3589742.87
17618,6,2,8,9,2025-09-04,1,1843952.2,1843952.2
17619,17,5,22,6,2025-02-21,1,727369.87,727369.87
17620,14,7,17,4,2024-04-29,1,1847598.52,1847598.52
17621,43,4,8,3,2024-10-08,1,4289761.78,4289761.78
17622,20,8,21,3,2024-05-22,1,2670158.52,2670158.52
17623,7,13,55,5,2024-09-30,1,5130538.55,5130538.55
17624,25,14,16,3,2025-03-30,1,3489117.01,3489117.01
17625,34,1,25,1,2024-05-06,1,3408871.0,3408871.0
17626,10,5,11,7,2024-07-10,1,2827995.76,2827995.76
17627,13,2,28,3,2022-07-14,1,552532.43,552532.43
17628,25,3,2,3,2023-10-27,1,1393135.99,1393135.99
17629,16,11,27,6,2024-09-09,1,591102.49,591102.49
17630,39,8,10,1,2025-07-11,1,2032312.36,2032312.36
17631,32,12,54,11,2025-01-01,1,3717111.64,3717111.64
17632,16,2,8,3,2022-01-19,1,445870.3,445870.3
17633,25,5,37,10,2024-01-02,1,1813730.6,1813730.6
17634,20,13,28,6,2025-04-13,1,4725108.6,4725108.6
17635,38,2,7,3,2025-08-02,2,3374341.67,6748683.34
17636,12,7,48,4,2025-04-29,1,2784218.02,2784218.02
17637,16,6,2,1,2024-12-12,1,442457.74,442457.74
17638,9,13,41,3,2023-03-10,1,1294265.13,1294265.13
17639,28,6,54,9,2024-02-23,1,2056764.04,2056764.04
17640,12,13,15,5,2024-08-07,1,2859533.26,2859533.26
17641,6,2,18,6,2022-09-19,1,2632556.32,2632556.32
17642,18,5,48,2,2022-10-13,3,3686518.88,11059556.64
17643,14,1,32,4,2025-05-19,1,1782591.4,1782591.4
17644,8,12,15,1,2023-01-19,1,879860.22,879860.22
17645,16,14,22,8,2024-01-12,1,749724.82,749724.82
17646,7,3,22,8,2022-08-13,1,3326324.06,3326324.06
17647,2,3,9,1,2023-01-27,1,3418555.38,3418555.38
17648,42,15,24,1,2023-06-12,1,1857364.33,1857364.33
17649,33,2,51,2,2025-06-01,1,4158003.48,4158003.48
17650,14,6,6,9,2025-09-19,1,1534272.98,1534272.98
17651,11,11,17,10,2025-10-07,1,2097706.55,2097706.55
17652,32,4,18,8,2023-11-24,1,3063220.19,3063220.19
17653,17,5,21,10,2024-05-22,1,523150.39,523150.39
17654,29,11,28,6,2022-02-18,2,469943.01,939886.02
17655,4,3,43,6,2024-10-27,1,727805.59,727805.59
17656,40,1,13,6,2025-05-25,1,1504139.72,1504139.72
17657,26,11,19,3,2023-06-21,1,1280562.4,1280562.4
17658,28,2,4,6,2023-06-17,2,1960096.38,3920192.76
17659,25,4,55,6,2023-01-20,3,3952003.07,11856009.21
17660,5,5,38,9,2024-06-01,1,6859289.39,6859289.39
17661,32,6,46,1,2025-07-04,1,3464603.0,3464603.0
17662,27,2,4,1,2024-08-01,1,2020669.08,2020669.08
17663,22,6,12,8,2022-03-25,1,1525505.39,1525505.39
17664,43,1,7,5,2023-10-18,1,4520670.56,4520670.56
17665,18,6,10,6,2023-06-28,1,3762945.85,3762945.85
17666,1,6,28,4,2025-07-17,1,4268634.5,4268634.5
17667,10,2,28,8,2023-07-29,1,4449450.02,4449450.02
17668,43,3,54,9,2022-02-06,2,1319104.85,2638209.7
17669,12,1,16,1,2025-08-09,1,1349359.63,1349359.63
17670,43,5,43,8,2024-10-05,1,2259357.23,2259357.23
17671,9,13,32,3,2024-12-04,1,2587012.85,2587012.85
17672,25,15,36,3,2024-08-22,1,2194235.7,2194235.7
17673,24,11,3,7,2025-08-22,1,3573497.3,3573497.3
17674,20,3,4,1,2022-03-08,1,4961242.4,4961242.4
17675,6,2,16,1,2022-04-29,2,2955319.44,5910638.88
17676,12,4,31,7,2024-09-13,1,4488568.39,4488568.39
17677,41,3,35,6,2025-09-25,1,2888465.23,2888465.23
17678,33,1,52,11,2024-08-12,1,3951694.48,3951694.48
17679,21,6,40,7,2025-05-23,2,1144590.41,2289180.82
17680,18,8,37,9,2023-09-17,1,1640795.38,1640795.38
17681,1,7,18,10,2022-02-03,1,3720456.64,3720456.64
17682,18,7,51,4,2025-01-10,1,3709492.04,3709492.04
17683,13,4,19,9,2022-07-30,2,620865.89,1241731.78
17684,27,15,22,9,2022-03-10,1,4399279.46,4399279.46
17685,13,3,32,11,2024-08-22,1,753649.46,753649.46
17686,22,9,5,3,2023-11-25,1,1943326.96,1943326.96
17687,18,10,39,9,2025-03-07,1,2342241.35,2342241.35
17688,28,7,18,7,2025-10-31,1,1696922.76,1696922.76
17689,10,3,15,3,2025-11-17,2,2328046.73,4656093.46
17690,8,12,12,12,2025-02-13,2,863799.62,1727599.24
17691,35,14,5,1,2022-06-14,1,1453592.79,1453592.79
17692,35,4,4,8,2023-10-02,1,3743770.7,3743770.7
17693,3,11,14,3,2025-04-05,1,733060.72,733060.72
17694,9,1,35,1,2023-04-03,1,1608424.36,1608424.36
17695,33,8,7,3,2025-01-13,1,3954717.56,3954717.56
17696,12,7,40,6,2025-09-28,1,3064300.76,3064300.76
17697,30,4,32,7,2024-09-29,1,1489950.99,1489950.99
17698,17,5,4,6,2024-04-18,2,615906.9,1231813.8
17699,24,11,26,7,2025-07-11,1,1020288.07,1020288.07
17700,38,11,31,5,2023-01-16,1,3468919.23,3468919.23
17701,18,10,23,3,2022-03-03,1,2325114.74,2325114.74
17702,17,1,58,2,2024-09-04,1,478135.88,478135.88
17703,11,5,1,1,2022-09-11,1,1312107.76,1312107.76
17704,2,5,50,7,2023-08-08,1,4564047.78,4564047.78
17705,2,14,45,6,2025-06-13,1,4781040.71,4781040.71
17706,4,13,40,8,2023-04-09,1,1577863.67,1577863.67
17707,35,2,55,3,2022-11-19,1,2503985.16,2503985.16
17708,6,1,47,5,2023-03-15,2,2568410.1,5136820.2
17709,6,2,48,8,2023-08-25,2,3022634.93,6045269.86
17710,18,2,38,3,2025-08-31,1,1087714.53,1087714.53
17711,31,4,10,6,2024-08-02,1,3313312.26,3313312.26
17712,34,8,43,8,2025-01-16,1,3801316.28,3801316.28
17713,41,4,9,7,2022-05-14,1,1889713.06,1889713.06
17714,24,2,41,9,2022-01-12,1,3963599.03,3963599.03
17715,42,3,36,2,2025-05-21,1,1308127.37,1308127.37
17716,28,2,1,3,2022-02-03,1,2214283.95,2214283.95
17717,11,2,25,8,2024-11-25,3,1448049.74,4344149.22
17718,22,6,47,6,2023-10-17,1,1246163.23,1246163.23
17719,23,12,12,8,2025-06-30,1,4840134.5,4840134.5
17720,14,4,11,1,2025-02-09,1,1321546.7,1321546.7
17721,20,9,2,6,2023-03-19,2,2933722.72,5867445.44
17722,17,6,15,6,2024-03-21,1,702902.86,702902.86
17723,23,3,7,9,2023-09-19,1,938037.51,938037.51
17724,15,6,14,8,2022-12-08,1,3163415.48,3163415.48
17725,19,6,38,11,2024-07-25,1,858719.49,858719.49
17726,9,5,7,4,2025-02-09,1,1710939.88,1710939.88
17727,34,1,41,12,2023-12-03,1,2998641.53,2998641.53
17728,26,8,53,9,2023-01-23,1,1968380.04,1968380.04
17729,40,12,19,7,2023-11-26,1,2137739.64,2137739.64
17730,23,2,15,8,2022-01-30,1,2502878.31,2502878.31
17731,31,1,4,1,2022-12-30,1,1273472.33,1273472.33
17732,27,14,25,3,2024-04-21,1,2909187.77,2909187.77
17733,39,2,12,11,2024-01-30,1,3986737.44,3986737.44
17734,42,6,6,9,2024-12-08,2,2022663.95,4045327.9
17735,12,9,35,8,2024-08-05,1,2992746.45,2992746.45
17736,21,11,1,7,2023-09-01,1,1634781.98,1634781.98
17737,22,3,37,7,2025-05-19,1,1591998.25,1591998.25
17738,35,5,54,6,2024-08-02,1,3457018.24,3457018.24
17739,23,11,40,7,2024-07-12,1,1440829.95,1440829.95
17740,4,6,48,9,2025-08-09,1,1124679.09,1124679.09
17741,40,5,39,10,2025-09-23,3,4276902.42,12830707.26
17742,14,3,29,8,2025-08-31,1,906410.44,906410.44
17743,35,4,4,7,2025-11-30,1,3685600.77,3685600.77
17744,39,2,15,7,2022-03-07,1,1109504.67,1109504.67
17745,39,7,7,7,2023-04-30,1,2619358.82,2619358.82
17746,14,5,53,12,2025-06-17,1,766856.74,766856.74
17747,25,6,26,11,2023-02-16,1,1168199.73,1168199.73
17748,11,1,16,3,2023-08-06,1,2404589.3,2404589.3
17749,9,11,32,6,2023-07-06,1,1151548.57,1151548.57
17750,22,1,6,6,2022-09-02,1,1890999.39,1890999.39
17751,16,12,44,9,2025-02-05,1,412197.02,412197.02
17752,24,1,1,1,2022-01-25,1,3685658.79,3685658.79
17753,42,13,25,5,2024-11-27,1,1116985.37,1116985.37
17754,24,4,33,7,2024-05-01,1,4270423.91,4270423.91
17755,38,7,38,6,2025-05-03,1,4178346.61,4178346.61
17756,19,14,39,6,2023-09-17,1,1423537.37,1423537.37
17757,27,3,27,3,2022-01-28,2,2848728.19,5697456.38
17758,11,4,23,5,2022-09-19,1,1483341.97,1483341.97
17759,37,5,18,3,2024-11-17,1,5349329.16,5349329.16
17760,8,1,36,3,2023-09-28,3,623846.23,1871538.69
17761,24,4,30,10,2024-08-10,1,1006574.51,1006574.51
17762,30,8,20,8,2025-04-14,1,3410063.47,3410063.47
17763,15,3,44,9,2024-01-14,2,2190917.24,4381834.48
17764,29,5,27,1,2022-06-18,1,754454.01,754454.01
17765,13,11,4,6,2024-09-15,1,700960.35,700960.35
17766,6,2,44,3,2025-04-29,1,2324898.45,2324898.45
17767,12,5,42,7,2022-09-21,1,1377320.75,1377320.75
17768,20,4,20,9,2024-11-05,1,2443277.53,2443277.53
17769,13,3,4,1,2023-12-06,1,787149.84,787149.84
17770,25,2,44,3,2023-08-01,1,2124045.96,2124045.96
17771,31,6,25,9,2022-04-08,1,4594129.27,4594129.27
17772,2,5,51,8,2025-09-11,1,3841674.53,3841674.53
17773,24,12,27,1,2025-11-06,3,4190780.73,12572342.19
17774,10,4,28,7,2025-03-24,1,2015797.86,2015797.86
17775,25,5,33,1,2022-07-21,1,3619658.93,3619658.93
17776,39,2,10,6,2022-09-02,2,2358233.16,4716466.32
17777,25,1,5,8,2023-03-18,1,2830877.45,2830877.45
17778,27,5,3,7,2022-06-02,1,3858027.35,3858027.35
17779,27,14,40,3,2025-04-21,1,1378996.03,1378996.03
17780,6,1,35,7,2022-12-06,1,3206872.53,3206872.53
17781,28,11,50,1,2023-09-27,1,2059038.17,2059038.17
17782,6,5,49,6,2025-04-06,2,2712169.75,5424339.5
17783,23,12,16,8,2024-06-09,1,3252753.64,3252753.64
17784,13,1,14,12,2025-10-05,1,869301.16,869301.16
17785,12,5,29,8,2023-10-24,1,3676695.17,3676695.17
17786,24,4,52,6,2024-11-27,1,3551751.49,3551751.49
17787,38,7,51,7,2023-03-10,1,3350559.9,3350559.9
17788,11,2,27,8,2025-05-15,2,2428377.56,4856755.12
17789,23,7,22,12,2025-10-21,1,4214042.2,4214042.2
17790,30,2,51,5,2022-10-04,1,932968.87,932968.87
17791,29,3,33,1,2022-11-14,1,710424.7,710424.7
17792,31,4,33,8,2023-03-07,1,3311406.71,3311406.71
17793,33,11,16,3,2025-07-04,1,3396194.26,3396194.26
17794,8,1,33,8,2023-06-24,1,823498.9,823498.9
17795,27,2,20,12,2022-12-15,1,3535091.28,3535091.28
17796,20,2,42,7,2024-05-11,1,4933257.83,4933257.83
17797,12,2,38,6,2024-07-12,1,2155752.26,2155752.26
17798,18,5,21,9,2024-01-01,1,3806252.25,3806252.25
17799,34,4,2,3,2024-06-30,1,1363453.28,1363453.28
17800,19,4,1,12,2025-08-11,1,1047137.32,1047137.32
17801,14,11,21,8,2024-09-02,1,742601.01,742601.01
17802,24,1,30,9,2023-09-03,1,3387667.04,3387667.04
17803,33,1,42,3,2023-04-14,1,3356373.53,3356373.53
17804,15,2,23,8,2025-07-20,1,1480810.35,1480810.35
17805,38,4,26,5,2024-02-03,2,4293222.49,8586444.98
17806,41,2,24,7,2022-01-07,1,2057860.27,2057860.27
17807,31,2,27,6,2023-06-14,1,3273703.0,3273703.0
17808,37,4,25,8,2024-02-24,1,4011790.5,4011790.5
17809,17,14,52,3,2022-05-15,1,498883.69,498883.69
17810,36,5,41,7,2023-04-02,1,1873423.75,1873423.75
17811,15,1,10,6,2023-02-06,1,1456936.4,1456936.4
17812,13,9,29,1,2024-11-03,1,776706.41,776706.41
17813,39,8,11,1,2024-04-10,1,1841827.16,1841827.16
17814,28,14,45,5,2025-03-08,1,4675167.34,4675167.34
17815,37,1,6,1,2025-05-18,1,6047968.51,6047968.51
17816,17,1,28,12,2023-08-24,1,530135.15,530135.15
17817,18,3,18,1,2025-10-23,1,3064328.25,3064328.25
17818,2,2,8,8,2023-12-14,1,2345889.96,2345889.96
17819,16,7,34,8,2024-04-20,1,743646.81,743646.81
17820,8,1,21,8,2025-11-20,3,646781.66,1940344.98
17821,5,1,30,3,2024-03-09,1,6702366.04,6702366.04
17822,1,11,23,10,2023-05-26,1,2278034.94,2278034.94
17823,14,15,45,1,2023-01-02,1,908773.23,908773.23
17824,19,6,21,6,2023-11-03,1,1327524.98,1327524.98
17825,29,2,26,8,2025-11-28,2,480008.86,960017.72
17826,1,6,28,6,2022-07-28,1,2482295.59,2482295.59
17827,6,1,15,10,2024-02-17,1,3137105.07,3137105.07
17828,1,1,54,6,2025-10-26,1,1297157.74,1297157.74
17829,1,6,13,3,2025-06-16,1,3972448.09,3972448.09
17830,13,7,36,9,2024-01-22,1,578529.0,578529.0
17831,3,2,32,1,2023-09-23,2,576806.51,1153613.02
17832,15,2,9,3,2022-11-04,1,918694.62,918694.62
17833,27,9,24,6,2024-12-03,1,1800733.5,1800733.5
17834,18,5,16,6,2022-09-27,1,3555163.6,3555163.6
17835,2,4,45,8,2022-01-17,1,2537894.14,2537894.14
17836,34,1,45,3,2025-06-09,1,1559508.7,1559508.7
17837,17,11,54,4,2024-10-20,1,494210.73,494210.73
17838,41,7,7,3,2024-09-23,1,2800134.79,2800134.79
17839,30,5,27,6,2024-03-22,1,4158072.41,4158072.41
17840,18,1,15,10,2024-04-16,1,2717325.28,2717325.28
17841,29,1,55,3,2023-04-14,2,748875.02,1497750.04
17842,15,3,20,6,2024-07-08,1,3707668.13,3707668.13
17843,22,6,6,3,2023-01-07,1,768904.19,768904.19
17844,18,14,4,6,2024-11-28,2,1476826.1,2953652.2
17845,43,5,11,3,2024-07-22,1,2523576.03,2523576.03
17846,36,2,51,9,2024-09-22,1,1941712.84,1941712.84
17847,33,3,2,3,2025-06-27,1,3659614.4,3659614.4
17848,18,3,30,1,2024-03-24,1,2616137.14,2616137.14
17849,34,6,1,7,2023-12-24,1,2841466.0,2841466.0
17850,41,13,39,6,2023-03-27,1,3270351.33,3270351.33
17851,28,2,42,1,2023-03-29,1,2132849.11,2132849.11
17852,42,1,24,5,2024-11-11,3,1496636.73,4489910.19
17853,32,1,5,9,2022-08-31,1,2286816.21,2286816.21
17854,41,10,11,6,2023-12-20,1,4601148.39,4601148.39
17855,12,2,52,3,2024-05-23,2,1333309.22,2666618.44
17856,15,1,37,9,2025-04-10,2,2015730.42,4031460.84
17857,29,11,23,1,2022-07-24,1,735405.91,735405.91
17858,9,5,50,7,2022-07-06,1,2372755.01,2372755.01
17859,26,5,13,9,2025-07-05,1,2715931.31,2715931.31
17860,18,1,36,3,2025-08-30,1,1988717.78,1988717.78
17861,29,5,45,7,2024-09-15,1,710304.09,710304.09
17862,2,1,54,7,2024-09-10,1,3902877.03,3902877.03
17863,7,1,15,2,2024-08-04,1,5394897.21,5394897.21
17864,13,8,11,5,2022-05-21,1,522882.57,522882.57
17865,27,3,43,8,2025-01-28,2,4621524.57,9243049.14
17866,1,3,3,2,2024-09-21,1,4325438.5,4325438.5
17867,7,1,39,10,2023-09-26,1,1294256.75,1294256.75
17868,10,12,19,9,2022-07-18,1,4070580.29,4070580.29
17869,38,1,23,9,2025-11-15,1,3771682.8,3771682.8
17870,19,2,24,4,2023-08-13,1,1729949.79,1729949.79
17871,32,15,47,6,2025-03-23,1,3751095.51,3751095.51
17872,12,7,21,8,2023-07-31,1,2758733.72,2758733.72
17873,23,3,43,3,2023-03-30,1,1100811.31,1100811.31
17874,23,1,13,11,2025-05-13,1,1493158.64,1493158.64
17875,16,8,36,3,2023-09-24,1,402612.21,402612.21
17876,22,2,41,4,2023-11-10,1,1150673.67,1150673.67
17877,39,8,30,10,2022-04-12,1,1853256.63,1853256.63
17878,41,10,35,9,2022-03-19,2,5351247.58,10702495.16
17879,34,1,46,1,2025-08-08,1,4496562.21,4496562.21
17880,8,5,52,11,2022-11-11,1,854127.2,854127.2
17881,21,4,36,8,2024-07-08,1,1250176.51,1250176.51
17882,1,7,26,8,2023-06-12,1,3777023.34,3777023.34
17883,38,3,38,6,2023-02-20,1,3174715.6,3174715.6
17884,16,2,43,11,2022-06-04,1,638672.96,638672.96
17885,43,5,32,3,2025-09-27,1,1289607.58,1289607.58
17886,20,1,25,3,2024-12-24,1,4252296.51,4252296.51
17887,15,12,9,6,2022-07-10,1,3101830.84,3101830.84
17888,33,7,45,1,2025-08-13,1,1831551.71,1831551.71
17889,2,3,55,10,2025-07-28,1,1032769.6,1032769.6
17890,18,4,51,9,2022-10-23,1,1259315.35,1259315.35
17891,18,3,26,10,2022-04-25,2,1292982.42,2585964.84
17892,34,12,46,4,2023-02-01,1,4460176.99,4460176.99
17893,25,5,41,8,2024-05-16,1,3978985.59,3978985.59
17894,14,6,43,8,2022-12-11,1,1215200.58,1215200.58
17895,21,12,21,3,2024-06-02,1,1761899.5,1761899.5
17896,10,4,25,4,2025-02-05,1,2834995.06,2834995.06
17897,25,3,49,3,2022-04-02,1,1939693.93,1939693.93
17898,41,6,47,6,2022-10-12,1,5355070.58,5355070.58
17899,39,9,30,7,2023-11-29,1,1930974.45,1930974.45
17900,30,6,41,3,2023-06-12,1,3388921.24,3388921.24
17901,1,1,25,4,2023-01-17,1,2188622.07,2188622.07
17902,43,1,18,1,2023-11-25,1,2896106.08,2896106.08
17903,33,8,35,6,2023-07-27,1,1360801.26,1360801.26
17904,30,2,1,9,2023-05-23,2,1701702.64,3403405.28
17905,33,3,30,9,2023-08-01,1,3821793.59,3821793.59
17906,25,2,29,10,2024-06-29,1,4068928.01,4068928.01
17907,30,5,10,3,2022-03-23,1,4097759.02,4097759.02
17908,33,4,8,11,2023-03-07,1,1244156.41,1244156.41
17909,19,15,46,11,2023-09-09,1,1433888.35,1433888.35
17910,3,9,12,5,2023-02-23,1,731171.81,731171.81
17911,8,12,50,5,2025-08-28,1,915139.31,915139.31
17912,15,5,7,3,2024-03-30,1,1918638.25,1918638.25
17913,31,6,44,1,2024-05-24,1,2215793.24,2215793.24
17914,30,2,52,2,2022-08-05,1,2640597.23,2640597.23
17915,16,4,41,5,2022-02-12,1,513687.88,513687.88
17916,7,11,21,1,2023-09-28,1,3511795.38,3511795.38
17917,37,1,31,8,2023-06-13,2,4887862.46,9775724.92
17918,29,12,27,11,2024-11-30,1,678017.25,678017.25
17919,40,5,55,6,2025-05-20,1,1327529.23,1327529.23
17920,31,5,48,4,2025-08-30,3,3656453.14,10969359.42
17921,16,5,43,10,2025-07-03,1,504284.7,504284.7
17922,31,3,18,3,2023-04-24,1,4572018.87,4572018.87
17923,20,12,54,4,2023-06-18,2,3673574.21,7347148.42
17924,31,4,38,9,2024-06-12,1,4443281.55,4443281.55
17925,12,5,3,3,2022-10-12,1,2122256.91,2122256.91
17926,10,6,20,5,2024-08-16,1,4301435.34,4301435.34
17927,11,12,39,5,2024-09-05,1,4690967.07,4690967.07
17928,4,1,59,3,2025-08-30,1,719559.91,719559.91
17929,18,11,29,8,2025-01-21,3,1981819.34,5945458.02
17930,25,3,44,1,2025-06-03,1,3725098.68,3725098.68
17931,29,6,9,1,2023-05-20,3,708217.73,2124653.19
17932,19,5,9,8,2023-01-05,1,1267167.89,1267167.89
17933,2,1,2,3,2024-11-15,1,4784134.39,4784134.39
17934,39,6,20,8,2023-06-19,1,4327372.49,4327372.49
17935,40,11,51,7,2022-03-12,1,7024901.74,7024901.74
17936,14,4,36,11,2022-01-01,1,1793007.25,1793007.25
17937,29,10,15,3,2023-04-09,1,473965.39,473965.39
17938,19,6,40,3,2025-06-16,1,940513.57,940513.57
17939,33,11,37,1,2023-06-30,1,1416962.26,1416962.26
17940,14,11,11,11,2024-05-05,1,1254861.23,1254861.23
17941,10,11,17,1,2023-11-17,1,2397774.8,2397774.8
17942,28,4,15,3,2024-05-16,1,1250825.28,1250825.28
17943,20,1,10,4,2025-01-04,2,2891903.26,5783806.52
17944,12,2,22,9,2022-06-16,3,2977557.1,8932671.3
17945,18,1,54,3,2023-05-05,1,2251675.81,2251675.81
17946,35,3,33,9,2024-04-26,1,1345300.64,1345300.64
17947,15,11,36,3,2025-04-19,1,1906113.03,1906113.03
17948,15,3,38,3,2025-02-24,1,3596483.51,3596483.51
17949,23,12,4,7,2022-07-27,1,3653619.29,3653619.29
17950,24,15,28,7,2024-11-18,1,3567212.87,3567212.87
17951,11,4,54,8,2024-08-01,1,4002993.61,4002993.61
17952,12,3,49,8,2025-03-31,1,3374984.4,3374984.4
17953,37,3,45,1,2024-04-03,1,2777955.62,2777955.62
17954,11,2,54,3,2022-07-28,1,1822364.07,1822364.07
17955,40,12,53,11,2023-02-25,1,3358444.65,3358444.65
17956,25,15,42,6,2022-07-11,1,3127100.09,3127100.09
17957,15,5,44,7,2023-03-23,1,2169651.27,2169651.27
17958,40,2,29,6,2022-11-28,1,6985328.73,6985328.73
17959,1,11,14,6,2023-04-16,1,3023151.34,3023151.34
17960,24,3,54,3,2024-05-16,1,4170965.51,4170965.51
17961,39,3,3,5,2022-10-31,2,1948834.76,3897669.52
17962,15,8,52,8,2023-05-11,1,2473448.06,2473448.06
17963,38,1,44,3,2023-10-24,2,3372247.75,6744495.5
17964,39,2,19,3,2023-07-06,1,968763.32,968763.32
17965,7,12,24,1,2023-03-31,1,1610814.7,1610814.7
17966,35,11,48,9,2025-12-27,2,2118215.21,4236430.42
17967,39,5,29,5,2023-10-29,1,2812838.57,2812838.57
17968,2,2,36,12,2022-11-21,1,1032605.21,1032605.21
17969,9,5,10,3,2025-05-31,1,1057642.19,1057642.19
17970,25,3,26,3,2023-08-18,1,3545264.94,3545264.94
17971,27,14,40,6,2025-09-01,1,3043021.45,3043021.45
17972,1,1,22,8,2023-09-23,1,852184.71,852184.71
17973,41,13,1,7,2024-06-22,3,5035542.58,15106627.74
17974,9,3,32,9,2022-08-07,1,1431361.16,1431361.16
17975,18,1,9,7,2024-04-20,1,3658626.84,3658626.84
17976,42,4,10,12,2024-07-30,2,1735580.07,3471160.14
17977,34,11,1,3,2023-10-10,1,4349866.43,4349866.43
17978,38,10,6,4,2025-03-05,1,4696205.35,4696205.35
17979,26,3,35,6,2022-11-08,1,3172526.09,3172526.09
17980,3,5,46,8,2022-11-15,1,726803.35,726803.35
17981,20,2,47,6,2023-09-14,1,4989795.13,4989795.13
17982,24,14,12,9,2022-11-12,1,1749378.17,1749378.17
17983,7,15,42,11,2022-07-03,1,3115400.63,3115400.63
17984,29,5,36,10,2024-10-08,1,720339.24,720339.24
17985,19,1,25,8,2024-07-16,1,1245400.41,1245400.41
17986,7,2,6,1,2023-07-17,1,3268881.19,3268881.19
17987,40,4,30,7,2023-11-15,1,6825049.95,6825049.95
17988,34,3,5,8,2023-09-26,1,4178482.61,4178482.61
17989,20,3,10,3,2025-03-04,1,1029637.99,1029637.99
17990,32,4,30,10,2025-03-03,1,1015375.4,1015375.4
17991,38,3,49,1,2024-02-17,1,3088720.41,3088720.41
17992,39,2,25,4,2022-03-30,1,1104728.2,1104728.2
17993,19,13,31,4,2025-05-03,2,932688.72,1865377.44
17994,6,4,53,11,2023-01-23,1,2845007.12,2845007.12
17995,21,1,28,8,2025-04-01,1,1453334.7,1453334.7
17996,7,15,11,12,2023-01-14,1,3362028.02,3362028.02
17997,20,3,38,1,2022-10-12,1,1454011.51,1454011.51
17998,11,9,55,5,2022-11-12,1,4034234.55,4034234.55
17999,23,3,21,3,2025-06-23,1,4191421.73,4191421.73
18000,35,2,33,4,2022-02-08,1,965241.58,965241.58
18001,12,4,51,4,2023-08-04,1,2609322.97,2609322.97
18002,28,11,20,7,2025-01-15,1,4330708.23,4330708.23
18003,1,4,23,9,2025-07-11,1,2929815.96,2929815.96
18004,1,3,24,9,2022-01-19,3,2056909.21,6170727.63
18005,30,5,44,3,2022-12-27,2,1389945.73,2779891.46
18006,19,2,53,3,2025-03-26,1,1385337.42,1385337.42
18007,26,6,31,9,2024-01-02,3,2293862.44,6881587.32
18008,35,7,14,1,2023-05-04,1,1803549.92,1803549.92
18009,38,1,19,6,2023-02-22,1,1239903.7,1239903.7
18010,28,5,46,1,2022-02-03,1,1664900.43,1664900.43
18011,28,7,55,1,2023-08-26,3,1757219.11,5271657.33
18012,42,2,5,6,2023-10-15,1,2010153.11,2010153.11
18013,16,4,9,4,2024-07-27,1,411308.87,411308.87
18014,43,7,45,9,2022-09-06,1,1839580.25,1839580.25
18015,22,14,18,9,2023-08-11,1,1373809.29,1373809.29
18016,41,5,10,3,2022-01-30,1,4762976.13,4762976.13
18017,28,2,37,7,2025-01-11,1,1213943.58,1213943.58
18018,24,5,33,11,2025-01-04,1,3452414.02,3452414.02
18019,23,4,2,4,2024-07-24,1,3679569.44,3679569.44
18020,25,5,21,3,2022-03-02,1,3552049.66,3552049.66
18021,29,12,17,4,2023-09-18,1,652099.13,652099.13
18022,11,2,24,8,2022-03-03,1,1857357.03,1857357.03
18023,29,5,54,7,2024-05-10,1,598886.56,598886.56
18024,1,1,39,1,2022-08-14,1,876360.61,876360.61
18025,39,5,39,6,2025-08-18,1,1923411.49,1923411.49
18026,6,1,29,5,2024-03-04,1,1812360.39,1812360.39
18027,24,5,39,9,2023-01-28,1,1765193.6,1765193.6
18028,37,8,38,7,2024-07-30,2,1591742.92,3183485.84
18029,3,4,22,12,2023-05-19,1,830831.78,830831.78
18030,28,7,6,5,2022-07-13,1,3235662.29,3235662.29
18031,39,1,3,1,2024-11-16,1,4086728.72,4086728.72
18032,8,5,12,3,2025-06-04,1,780582.24,780582.24
18033,28,12,38,1,2022-06-27,1,4317222.57,4317222.57
18034,37,10,7,4,2022-07-17,1,2202575.04,2202575.04
18035,29,1,16,1,2025-09-26,1,508946.32,508946.32
18036,1,4,27,5,2023-08-16,1,3979050.75,3979050.75
18037,40,3,46,9,2022-11-28,1,5094997.62,5094997.62
18038,22,1,53,3,2024-09-13,1,1836219.65,1836219.65
18039,27,2,1,7,2023-03-07,1,1954070.3,1954070.3
18040,38,12,12,8,2023-11-05,1,4416764.51,4416764.51
18041,19,1,49,1,2025-11-09,1,1144193.03,1144193.03
18042,7,1,15,11,2024-04-20,1,3775009.01,3775009.01
18043,1,4,2,9,2022-07-23,1,3452610.46,3452610.46
18044,34,13,55,8,2023-08-28,2,3170545.03,6341090.06
18045,4,2,3,5,2024-02-11,1,1287549.6,1287549.6
18046,42,15,48,3,2023-03-08,1,997018.28,997018.28
18047,2,13,1,6,2024-08-20,1,2323109.59,2323109.59
18048,32,3,3,3,2023-02-04,1,2135164.81,2135164.81
18049,14,4,20,3,2025-11-04,1,991660.71,991660.71
18050,34,15,35,6,2025-02-18,2,1860906.1,3721812.2
18051,15,8,29,7,2025-03-22,1,2857890.46,2857890.46
18052,25,10,4,8,2022-04-12,2,2461940.57,4923881.14
18053,13,5,44,1,2023-09-02,1,693358.1,693358.1
18054,28,1,7,6,2022-09-06,1,2956584.03,2956584.03
18055,12,12,6,8,2023-04-02,1,4284907.43,4284907.43
18056,28,12,4,7,2023-05-23,2,1483470.98,2966941.96
18057,43,5,29,12,2025-01-21,2,4939225.19,9878450.38
18058,7,1,1,11,2023-07-26,1,1735232.18,1735232.18
18059,37,2,16,3,2023-12-06,1,2002752.27,2002752.27
18060,35,5,10,3,2024-05-06,1,1680578.58,1680578.58
18061,36,11,45,1,2024-05-03,2,2616404.53,5232809.06
18062,35,8,2,5,2025-07-08,1,1005302.26,1005302.26
18063,39,9,26,4,2024-02-05,1,1230451.09,1230451.09
18064,27,2,35,9,2022-08-14,2,4609349.36,9218698.72
18065,1,12,48,5,2024-01-27,1,3674620.15,3674620.15
18066,18,6,10,8,2023-12-28,1,2102950.64,2102950.64
18067,13,14,43,10,2024-02-09,1,684017.53,684017.53
18068,25,2,16,6,2022-04-06,1,4258883.64,4258883.64
18069,11,3,40,1,2022-02-04,1,4319174.57,4319174.57
18070,35,2,36,6,2022-03-13,1,2449313.64,2449313.64
18071,10,15,19,11,2025-12-18,1,2970428.1,2970428.1
18072,39,12,45,10,2023-05-17,1,3211909.08,3211909.08
18073,36,2,13,1,2023-08-19,2,1708548.06,3417096.12
18074,19,5,15,5,2023-03-24,1,2392111.25,2392111.25
18075,43,1,20,10,2025-10-24,1,3700130.63,3700130.63
18076,31,3,50,7,2025-02-07,1,4362716.16,4362716.16
18077,22,1,47,1,2023-02-15,1,1507170.15,1507170.15
18078,24,1,22,1,2024-07-11,1,1105877.75,1105877.75
18079,24,4,21,5,2024-01-22,1,3015753.91,3015753.91
18080,11,2,31,6,2022-01-25,2,4351216.2,8702432.4
18081,22,2,40,3,2022-07-01,1,991125.61,991125.61
18082,25,11,14,3,2024-02-13,1,1042721.78,1042721.78
18083,18,8,23,4,2024-10-20,1,2494146.27,2494146.27
18084,12,10,35,6,2023-12-08,2,1196869.88,2393739.76
18085,43,15,13,3,2024-01-06,1,1216988.96,1216988.96
18086,38,1,32,1,2024-08-12,3,2512494.58,7537483.74
18087,41,9,46,3,2025-04-02,2,3027608.29,6055216.58
18088,35,12,18,6,2022-05-02,1,2107544.77,2107544.77
18089,27,3,25,11,2022-04-20,2,943620.32,1887240.64
18090,39,11,48,1,2023-03-11,1,2038304.96,2038304.96
18091,7,4,39,7,2023-04-25,2,4956391.3,9912782.6
18092,28,12,12,9,2025-04-25,1,4552702.13,4552702.13
18093,2,7,51,11,2023-03-24,1,966375.32,966375.32
18094,39,8,53,3,2022-12-06,1,2044933.66,2044933.66
18095,37,3,16,9,2024-01-16,1,1540187.0,1540187.0
18096,13,2,4,6,2024-01-20,2,604041.65,1208083.3
18097,6,5,5,3,2023-09-24,1,1953285.44,1953285.44
18098,27,3,25,1,2024-02-29,1,2440383.81,2440383.81
18099,35,4,11,3,2025-02-24,1,4075798.83,4075798.83
18100,34,1,47,3,2023-08-31,1,895315.61,895315.61
18101,30,8,47,7,2022-08-28,2,2228332.47,4456664.94
18102,12,2,41,10,2023-02-05,1,945101.52,945101.52
18103,30,4,51,7,2025-08-14,1,878182.47,878182.47
18104,31,3,33,8,2024-12-14,1,3322010.56,3322010.56
18105,24,2,40,9,2024-07-24,1,2752412.76,2752412.76
18106,27,1,50,9,2025-03-04,1,1042391.35,1042391.35
18107,25,5,36,5,2025-01-07,1,1093109.93,1093109.93
18108,32,13,34,8,2024-11-26,2,3870719.11,7741438.22
18109,37,1,12,6,2025-05-28,1,1973314.61,1973314.61
18110,43,5,30,8,2025-12-12,2,1621097.44,3242194.88
18111,7,2,22,6,2022-07-23,1,3525282.05,3525282.05
18112,3,5,13,12,2024-05-10,1,766605.91,766605.91
18113,13,11,19,6,2025-11-04,1,760765.57,760765.57
18114,23,4,20,8,2022-09-03,1,3814017.17,3814017.17
18115,30,11,18,6,2024-01-29,1,2143187.75,2143187.75
18116,4,2,4,1,2022-10-07,1,1164610.28,1164610.28
18117,2,10,38,3,2024-05-23,1,1336853.79,1336853.79
18118,35,1,30,8,2023-08-20,1,4494187.65,4494187.65
18119,24,4,54,3,2024-02-29,3,2922651.54,8767954.62
18120,15,12,12,7,2022-12-07,1,4912586.15,4912586.15
18121,16,2,27,4,2024-04-23,1,630749.04,630749.04
18122,20,11,38,2,2024-02-09,1,2916145.9,2916145.9
18123,16,12,48,3,2023-11-13,1,678612.12,678612.12
18124,36,5,40,1,2025-07-23,1,2825031.84,2825031.84
18125,24,1,3,11,2023-01-13,1,1916308.45,1916308.45
18126,17,3,4,8,2024-03-12,1,607067.31,607067.31
18127,33,3,8,11,2025-03-05,1,795070.8,795070.8
18128,8,6,10,4,2025-01-05,1,884093.76,884093.76
18129,13,2,35,6,2022-12-08,1,718451.66,718451.66
18130,17,4,7,1,2022-01-24,1,536182.68,536182.68
18131,14,4,2,1,2023-07-30,2,1645267.08,3290534.16
18132,40,1,43,6,2024-01-04,1,2409956.11,2409956.11
18133,17,1,46,3,2024-07-22,1,527573.42,527573.42
18134,11,9,46,6,2025-06-20,1,2912611.06,2912611.06
18135,20,2,24,7,2023-05-12,1,4145708.61,4145708.61
18136,37,10,35,3,2024-10-24,1,1388755.25,1388755.25
18137,27,9,22,6,2024-06-29,1,904840.36,904840.36
18138,4,11,35,6,2025-09-26,1,1517558.17,1517558.17
18139,24,2,18,6,2022-06-14,1,3768448.57,3768448.57
18140,9,3,54,6,2022-01-03,1,2093367.09,2093367.09
18141,20,1,15,1,2025-05-16,1,1570005.19,1570005.19
18142,4,4,30,4,2023-10-11,1,1538585.12,1538585.12
18143,29,3,34,8,2022-03-03,1,758057.13,758057.13
18144,18,1,27,4,2024-09-02,2,4003139.39,8006278.78
18145,42,4,48,3,2022-03-04,1,1755241.44,1755241.44
18146,19,11,43,10,2024-01-01,1,977751.39,977751.39
18147,8,6,12,6,2024-05-23,1,869758.26,869758.26
18148,37,2,36,8,2022-08-11,1,1612529.25,1612529.25
18149,4,1,34,3,2022-05-11,1,1189024.38,1189024.38
18150,16,11,14,3,2024-12-15,1,434569.26,434569.26
18151,34,6,9,10,2025-10-28,1,2336698.89,2336698.89
18152,38,1,48,6,2024-09-25,1,4551677.09,4551677.09
18153,18,11,50,7,2022-07-03,1,1364169.37,1364169.37
18154,4,2,44,6,2022-06-16,1,1517090.52,1517090.52
18155,33,7,52,6,2023-09-17,2,2607570.12,5215140.24
18156,40,1,16,6,2025-09-21,2,3350106.85,6700213.7
18157,7,5,22,12,2022-06-04,1,2781954.78,2781954.78
18158,34,6,41,5,2022-11-12,1,1273826.26,1273826.26
18159,8,4,52,7,2024-05-09,1,670004.71,670004.71
18160,16,4,5,9,2024-01-26,1,524120.86,524120.86
18161,13,1,47,6,2025-01-24,1,521884.56,521884.56
18162,12,13,16,7,2024-05-10,2,1063121.81,2126243.62
18163,10,5,24,11,2022-06-27,1,3405750.97,3405750.97
18164,30,5,31,7,2025-05-04,1,3758498.85,3758498.85
18165,11,4,11,11,2022-12-26,1,2687219.46,2687219.46
18166,5,1,37,2,2024-06-28,1,9027659.7,9027659.7
18167,15,3,16,2,2024-08-14,1,4599583.33,4599583.33
18168,14,2,40,3,2022-11-11,2,1264957.78,2529915.56
18169,15,3,24,10,2024-04-26,1,4843284.2,4843284.2
18170,25,8,40,3,2025-04-09,1,2690481.94,2690481.94
18171,16,5,55,6,2022-02-16,1,415800.33,415800.33
18172,27,6,54,1,2025-01-17,2,3156149.69,6312299.38
18173,8,2,41,5,2025-12-02,2,737565.88,1475131.76
18174,13,3,19,9,2022-08-29,1,608895.27,608895.27
18175,28,3,2,3,2025-02-01,1,2218737.08,2218737.08
18176,26,3,40,12,2023-02-17,1,1468030.1,1468030.1
18177,5,2,4,2,2022-11-28,1,9919859.31,9919859.31
18178,30,7,21,6,2023-02-06,1,2475012.11,2475012.11
18179,30,4,47,3,2022-03-16,1,2892215.47,2892215.47
18180,4,5,51,7,2024-01-08,1,1308113.64,1308113.64
18181,1,3,40,8,2025-06-25,1,2159686.57,2159686.57
18182,7,2,10,3,2025-06-22,1,1342876.09,1342876.09
18183,20,5,32,2,2023-07-08,1,3776997.54,3776997.54
18184,25,8,5,8,2023-11-11,1,1309175.97,1309175.97
18185,19,3,10,11,2025-08-27,1,2139691.37,2139691.37
18186,16,11,9,1,2022-11-19,2,547994.61,1095989.22
18187,21,4,38,10,2024-02-29,1,1613968.52,1613968.52
18188,36,15,35,9,2022-01-18,1,2874115.18,2874115.18
18189,39,2,22,12,2025-09-29,1,2177169.9,2177169.9
18190,32,6,10,1,2022-01-28,2,3280362.69,6560725.38
18191,21,7,37,4,2023-11-17,1,1462617.23,1462617.23
18192,8,6,2,9,2025-10-11,1,843073.3,843073.3
18193,4,6,13,3,2023-05-11,1,1773306.31,1773306.31
18194,43,1,51,6,2022-01-24,1,4559601.0,4559601.0
18195,27,1,8,6,2023-05-15,1,2874056.75,2874056.75
18196,43,1,39,6,2023-02-07,1,2929035.11,2929035.11
18197,35,9,9,5,2025-03-17,2,1404681.69,2809363.38
18198,32,1,35,2,2023-04-08,1,3782586.11,3782586.11
18199,13,1,37,9,2023-05-18,1,497819.52,497819.52
18200,3,5,22,6,2023-03-02,1,803641.41,803641.41
18201,35,4,50,1,2023-07-13,1,1927138.22,1927138.22
18202,26,6,32,4,2024-01-14,1,3841742.38,3841742.38
18203,1,8,10,9,2025-08-15,2,3216632.52,6433265.04
18204,11,10,4,6,2025-04-28,1,1310157.75,1310157.75
18205,32,11,44,8,2025-08-15,1,3092141.49,3092141.49
18206,11,3,29,8,2024-01-21,1,3921085.22,3921085.22
18207,9,11,43,1,2023-01-16,1,1405685.9,1405685.9
18208,27,12,2,5,2023-02-02,1,2625663.3,2625663.3
18209,9,5,39,8,2024-09-01,1,1088288.23,1088288.23
18210,18,5,4,8,2022-01-20,1,2778184.32,2778184.32
18211,24,5,42,6,2022-04-23,1,1999686.86,1999686.86
18212,12,5,2,4,2025-02-05,1,3131487.34,3131487.34
18213,12,5,4,4,2024-04-14,1,2285951.21,2285951.21
18214,42,3,50,3,2025-06-01,1,1768618.85,1768618.85
18215,26,5,1,12,2022-12-29,1,3246648.25,3246648.25
18216,40,12,26,6,2024-04-01,1,2012477.34,2012477.34
18217,26,5,34,4,2024-03-18,1,1304070.43,1304070.43
18218,12,2,29,3,2023-04-19,2,4096774.11,8193548.22
18219,26,1,22,6,2025-04-07,3,1897717.13,5693151.39
18220,27,5,4,12,2024-05-08,1,2644856.07,2644856.07
18221,3,6,8,7,2023-05-21,1,772987.8,772987.8
18222,13,1,26,5,2023-09-26,2,504588.8,1009177.6
18223,31,1,47,7,2025-01-31,1,1595307.98,1595307.98
18224,40,8,27,8,2025-09-02,1,5966550.89,5966550.89
18225,7,5,41,12,2022-09-25,1,1151516.11,1151516.11
18226,14,4,47,4,2022-07-29,1,986372.24,986372.24
18227,28,8,31,1,2022-09-07,1,3635357.51,3635357.51
18228,12,5,11,5,2022-02-02,1,828019.05,828019.05
18229,12,4,26,5,2024-12-16,1,2588611.59,2588611.59
18230,29,9,39,3,2022-12-23,1,761386.54,761386.54
18231,14,1,19,6,2023-03-29,1,1414713.97,1414713.97
18232,35,7,26,5,2023-07-17,2,3647498.35,7294996.7
18233,2,13,38,10,2023-01-02,1,2289947.12,2289947.12
18234,38,3,16,9,2022-11-06,1,4129228.7,4129228.7
18235,29,5,13,7,2024-09-04,1,774453.0,774453.0
18236,17,2,25,5,2024-09-09,1,608360.21,608360.21
18237,24,9,46,6,2025-10-12,2,1315586.21,2631172.42
18238,12,1,15,1,2024-02-21,1,4207739.43,4207739.43
18239,13,6,39,4,2022-06-02,1,778214.81,778214.81
18240,29,6,26,8,2025-04-07,1,706919.4,706919.4
18241,2,5,17,12,2022-07-02,1,2100348.41,2100348.41
18242,31,6,4,5,2024-08-26,1,2749659.94,2749659.94
18243,28,3,17,10,2023-10-06,1,2056717.01,2056717.01
18244,6,10,30,11,2025-06-19,1,1711457.71,1711457.71
18245,4,12,37,2,2024-06-01,1,1014658.27,1014658.27
18246,19,3,14,8,2022-03-17,1,2136869.9,2136869.9
18247,28,2,44,12,2023-09-30,1,1691210.19,1691210.19
18248,26,3,28,3,2024-04-05,1,2654871.39,2654871.39
18249,36,11,14,3,2024-05-27,1,2780763.65,2780763.65
18250,1,6,5,6,2022-12-01,2,1557858.91,3115717.82
18251,18,4,30,9,2023-10-03,1,1500125.39,1500125.39
18252,2,14,8,6,2024-07-06,2,3096773.96,6193547.92
18253,12,2,20,3,2025-12-25,1,2972129.05,2972129.05
18254,24,10,3,6,2024-10-28,2,4582378.32,9164756.64
18255,4,5,27,1,2022-08-02,1,939171.98,939171.98
18256,24,6,17,12,2025-03-05,1,1898151.26,1898151.26
18257,17,2,39,1,2022-12-26,1,699775.85,699775.85
18258,9,2,50,2,2024-05-13,1,1638901.01,1638901.01
18259,19,1,17,7,2023-06-02,1,2407427.17,2407427.17
18260,41,15,9,3,2024-05-03,1,2127410.32,2127410.32
18261,27,2,23,7,2023-08-05,1,1420576.91,1420576.91
18262,21,1,55,1,2022-04-25,2,1675945.59,3351891.18
18263,13,12,27,12,2023-12-11,1,750415.38,750415.38
18264,3,1,49,6,2023-05-12,1,813505.42,813505.42
18265,17,4,39,2,2024-12-24,1,534607.92,534607.92
18266,20,12,39,1,2024-07-27,1,1133534.62,1133534.62
18267,25,2,27,7,2023-05-23,1,1824885.03,1824885.03
18268,33,2,53,3,2023-05-01,1,1054597.08,1054597.08
18269,13,1,32,3,2025-04-03,1,582419.11,582419.11
18270,41,3,4,8,2025-11-15,1,2121176.46,2121176.46
18271,23,11,13,3,2022-12-04,1,1127072.75,1127072.75
18272,23,1,13,10,2022-02-06,1,3556776.66,3556776.66
18273,42,13,34,6,2024-02-20,1,1730410.33,1730410.33
18274,34,7,11,3,2024-02-11,1,2462950.75,2462950.75
18275,25,2,13,7,2023-07-28,1,3132230.82,3132230.82
18276,30,11,10,9,2022-08-24,2,3124212.2,6248424.4
18277,11,1,37,8,2022-04-08,1,3124852.26,3124852.26
18278,43,11,22,1,2022-08-18,2,4645646.19,9291292.38
18279,31,6,44,3,2022-11-29,1,4366522.69,4366522.69
18280,17,3,14,4,2024-06-24,1,534988.24,534988.24
18281,37,7,35,9,2022-01-07,1,3488866.89,3488866.89
18282,11,6,10,1,2024-08-27,1,4389478.01,4389478.01
18283,27,9,4,11,2022-02-10,1,2720515.01,2720515.01
18284,30,8,24,7,2024-03-23,1,1449544.05,1449544.05
18285,9,5,42,8,2025-02-15,1,2673249.12,2673249.12
18286,14,12,13,3,2022-11-13,1,830567.99,830567.99
18287,32,6,42,6,2025-04-03,1,4364097.06,4364097.06
18288,12,12,20,2,2025-08-26,1,3696576.5,3696576.5
18289,26,6,8,3,2025-10-04,1,4083199.34,4083199.34
18290,41,11,16,5,2024-07-18,1,4177428.99,4177428.99
18291,12,14,40,6,2025-02-19,1,2398769.98,2398769.98
18292,27,6,2,7,2022-09-07,1,2546051.44,2546051.44
18293,4,1,14,8,2023-11-22,3,816547.96,2449643.88
18294,4,3,22,3,2022-05-22,1,858905.39,858905.39
18295,42,6,8,1,2022-07-04,1,1914109.56,1914109.56
18296,16,4,4,11,2025-07-03,1,573534.73,573534.73
18297,29,6,39,9,2022-11-06,1,729649.26,729649.26
18298,7,14,54,8,2025-07-18,1,1965741.08,1965741.08
18299,29,5,36,7,2023-11-16,1,543810.1,543810.1
18300,16,4,13,9,2024-04-09,1,680367.57,680367.57
18301,43,4,3,3,2022-05-28,1,2017419.41,2017419.41
18302,6,1,16,9,2025-01-08,1,3167138.73,3167138.73
18303,7,1,4,4,2024-10-21,1,5464262.0,5464262.0
18304,7,2,37,6,2022-06-17,1,4333196.14,4333196.14
18305,38,1,46,7,2022-03-27,1,2035135.48,2035135.48
18306,15,1,6,6,2022-09-09,1,2943655.94,2943655.94
18307,1,6,34,11,2023-08-21,1,3667181.34,3667181.34
18308,9,8,31,12,2025-09-04,2,1755096.23,3510192.46
18309,42,2,45,8,2024-09-21,1,1837551.42,1837551.42
18310,28,14,26,4,2024-11-07,1,3300627.19,3300627.19
18311,12,11,11,5,2025-09-19,1,2629441.12,2629441.12
18312,38,14,38,1,2022-03-15,1,4577297.57,4577297.57
18313,3,5,41,9,2024-01-16,1,699043.19,699043.19
18314,42,5,46,1,2023-02-25,1,975867.91,975867.91
18315,20,6,26,8,2025-03-08,1,3979826.73,3979826.73
18316,15,3,33,4,2025-05-03,1,1046928.99,1046928.99
18317,29,11,52,4,2022-05-01,1,659187.77,659187.77
18318,14,14,36,4,2025-08-16,2,1311451.55,2622903.1
18319,14,5,1,3,2023-08-04,1,1596386.61,1596386.61
18320,7,9,23,2,2023-08-10,3,2222470.33,6667410.99
18321,2,4,40,6,2025-07-06,1,2269827.23,2269827.23
18322,2,5,21,10,2023-01-01,1,3481545.78,3481545.78
18323,16,1,14,3,2022-05-31,1,671433.79,671433.79
18324,5,5,31,5,2025-10-20,1,8929126.88,8929126.88
18325,16,11,28,6,2025-04-22,1,540291.99,540291.99
18326,37,12,7,3,2023-09-23,1,4594423.14,4594423.14
18327,12,6,22,12,2024-02-02,1,968402.45,968402.45
18328,32,3,14,9,2023-04-23,1,2082361.17,2082361.17
18329,21,2,46,8,2025-05-02,1,1316008.48,1316008.48
18330,14,2,32,6,2024-06-17,1,1630672.47,1630672.47
18331,10,1,40,3,2025-01-09,1,4034965.59,4034965.59
18332,9,2,7,9,2023-10-30,1,1554448.11,1554448.11
18333,29,1,51,9,2022-05-21,1,673028.06,673028.06
18334,34,5,46,9,2024-09-19,1,2952487.5,2952487.5
18335,18,5,11,9,2025-08-09,1,2518961.71,2518961.71
18336,23,12,19,6,2025-03-24,1,3046981.11,3046981.11
18337,17,13,13,9,2022-09-09,1,544549.38,544549.38
18338,17,7,11,6,2023-08-22,1,726034.67,726034.67
18339,12,1,23,6,2024-12-03,1,1464685.09,1464685.09
18340,26,1,41,5,2025-06-25,2,3590083.98,7180167.96
18341,35,4,51,8,2022-11-03,2,2571146.78,5142293.56
18342,37,10,18,10,2023-04-28,1,5092601.95,5092601.95
18343,13,4,24,5,2022-04-25,1,589850.41,589850.41
18344,20,6,36,1,2025-08-05,1,2185738.71,2185738.71
18345,6,1,3,8,2025-08-16,1,2844081.15,2844081.15
18346,21,12,10,6,2024-02-05,2,1315747.91,2631495.82
18347,12,5,3,3,2024-03-04,1,4559953.69,4559953.69
18348,28,6,39,3,2022-11-03,1,2058527.16,2058527.16
18349,18,1,36,6,2022-06-18,1,2643472.48,2643472.48
18350,17,6,41,11,2022-07-18,1,515804.25,515804.25
18351,27,7,44,7,2025-02-09,1,2136090.05,2136090.05
18352,32,3,24,4,2024-11-19,1,2286334.12,2286334.12
18353,41,2,41,8,2024-10-20,1,2552984.53,2552984.53
18354,29,1,46,6,2023-05-26,1,548124.3,548124.3
18355,28,4,38,8,2024-12-18,1,2377469.17,2377469.17
18356,17,1,43,5,2024-05-01,1,461506.1,461506.1
18357,13,9,38,1,2023-03-13,1,840575.79,840575.79
18358,20,1,2,4,2022-07-25,2,4613394.25,9226788.5
18359,7,3,10,3,2023-05-06,1,2413778.73,2413778.73
18360,35,2,42,1,2022-08-13,1,2404531.21,2404531.21
18361,15,6,40,3,2022-02-21,1,2747331.51,2747331.51
18362,10,2,17,4,2022-09-14,3,4180121.18,12540363.54
18363,11,2,25,1,2022-08-13,1,3104360.44,3104360.44
18364,12,4,48,5,2025-08-15,1,3637171.2,3637171.2
18365,25,1,50,6,2024-10-19,3,1631725.52,4895176.56
18366,41,3,7,3,2023-03-30,1,3535505.33,3535505.33
18367,9,12,44,8,2022-07-24,1,1084270.88,1084270.88
18368,13,5,10,8,2022-09-27,1,597811.42,597811.42
18369,20,13,43,6,2024-09-27,1,2999828.6,2999828.6
18370,6,15,10,8,2025-12-04,1,3433935.4,3433935.4
18371,15,1,28,4,2023-10-12,1,4823419.45,4823419.45
18372,2,11,49,3,2025-03-19,1,2895414.55,2895414.55
18373,39,6,8,6,2024-03-07,1,1079627.07,1079627.07
18374,13,2,51,6,2025-07-17,1,864621.16,864621.16
18375,25,2,38,3,2023-07-31,1,2545084.61,2545084.61
18376,29,13,31,10,2024-04-12,1,705637.74,705637.74
18377,19,12,29,5,2024-04-05,1,1562680.11,1562680.11
18378,18,6,18,4,2025-08-15,1,2018892.2,2018892.2
18379,5,15,47,7,2023-11-08,1,6502011.52,6502011.52
18380,14,1,8,9,2024-04-12,1,1714674.38,1714674.38
18381,29,1,48,5,2024-04-06,2,720201.66,1440403.32
18382,18,7,9,3,2022-06-22,2,1760963.68,3521927.36
18383,12,14,4,1,2025-11-22,2,1345001.69,2690003.38
18384,39,13,8,3,2024-01-15,1,4250352.98,4250352.98
18385,2,5,15,3,2024-12-27,1,2912578.46,2912578.46
18386,15,1,29,6,2025-04-21,1,3834416.27,3834416.27
18387,11,2,58,6,2024-04-25,1,2648522.91,2648522.91
18388,30,2,13,1,2022-08-26,1,3114637.05,3114637.05
18389,16,12,4,6,2022-12-15,1,518281.23,518281.23
18390,23,6,7,6,2024-09-21,1,3464810.57,3464810.57
18391,35,2,26,3,2024-11-05,2,1057954.05,2115908.1
18392,2,1,10,6,2024-12-24,1,1832905.7,1832905.7
18393,19,7,6,1,2024-11-14,1,1032304.37,1032304.37
18394,43,3,52,12,2023-11-14,1,3908630.5,3908630.5
18395,33,12,44,1,2022-06-12,1,2901440.96,2901440.96
18396,31,4,3,4,2023-07-03,1,2959794.3,2959794.3
18397,16,1,53,6,2024-04-18,1,465315.72,465315.72
18398,43,4,27,6,2022-05-25,1,2107597.07,2107597.07
18399,13,2,8,8,2024-04-12,1,823797.6,823797.6
18400,29,3,52,7,2023-03-06,2,637935.18,1275870.36
18401,4,2,37,6,2024-02-25,1,700513.14,700513.14
18402,11,11,50,1,2025-08-16,1,2754967.22,2754967.22
18403,43,1,19,3,2024-01-28,1,3353015.13,3353015.13
18404,5,3,36,9,2022-08-07,1,8639837.68,8639837.68
18405,35,12,24,8,2024-01-08,1,1668551.88,1668551.88
18406,38,2,12,7,2025-07-06,1,1880614.24,1880614.24
18407,30,2,22,2,2025-10-23,1,3451293.05,3451293.05
18408,35,12,13,1,2024-11-08,1,1206203.48,1206203.48
18409,27,12,32,8,2025-09-23,2,3253699.79,6507399.58
18410,3,7,20,3,2023-11-14,1,709528.69,709528.69
18411,20,9,34,9,2024-07-30,1,2664222.52,2664222.52
18412,13,3,54,1,2024-03-24,1,591480.04,591480.04
18413,29,3,5,7,2022-07-01,1,583929.62,583929.62
18414,42,14,19,9,2024-05-31,1,1217781.81,1217781.81
18415,28,8,34,6,2025-08-31,2,2120840.42,4241680.84
18416,27,4,6,5,2023-03-20,1,928553.22,928553.22
18417,26,2,42,6,2023-04-11,2,1116942.94,2233885.88
18418,2,13,19,11,2024-11-11,1,2997664.22,2997664.22
18419,1,2,32,4,2025-10-11,1,960204.19,960204.19
18420,14,6,10,2,2025-10-31,1,1883263.85,1883263.85
18421,6,3,43,6,2024-04-25,1,1647901.36,1647901.36
18422,35,1,38,4,2024-12-02,1,2923297.09,2923297.09
18423,9,2,30,1,2022-10-09,1,1276607.3,1276607.3
18424,13,6,16,3,2024-12-06,3,493197.47,1479592.41
18425,19,3,46,8,2023-08-14,1,1221671.54,1221671.54
18426,41,2,51,3,2024-04-02,1,2372605.36,2372605.36
18427,17,9,15,6,2022-01-28,1,702425.52,702425.52
18428,2,7,42,6,2022-10-07,1,4013624.47,4013624.47
18429,41,11,3,8,2023-04-18,1,3830249.55,3830249.55
18430,19,5,28,6,2025-12-09,1,1198383.49,1198383.49
18431,26,9,30,6,2023-09-21,1,3508196.16,3508196.16
18432,15,11,51,7,2023-08-11,1,4167910.86,4167910.86
18433,9,6,33,1,2023-08-24,1,2246127.08,2246127.08
18434,29,2,45,12,2025-12-23,1,680216.41,680216.41
18435,1,12,34,6,2022-11-24,1,2358479.73,2358479.73
18436,26,14,6,5,2022-06-23,1,3531986.83,3531986.83
18437,26,2,49,11,2025-01-11,1,1710086.77,1710086.77
18438,20,8,23,8,2022-01-05,1,1821393.81,1821393.81
18439,32,3,49,7,2022-10-20,3,3625463.29,10876389.87
18440,27,7,33,7,2023-02-13,1,1936292.67,1936292.67
18441,1,5,20,10,2025-10-04,1,1247158.76,1247158.76
18442,12,14,47,8,2023-05-20,1,3794114.88,3794114.88
18443,18,8,36,7,2022-06-27,1,2297485.19,2297485.19
18444,37,11,8,3,2023-01-31,1,3510151.98,3510151.98
18445,34,3,12,7,2022-06-17,1,4517873.33,4517873.33
18446,24,4,37,3,2024-04-29,1,3067359.69,3067359.69
18447,19,3,48,9,2025-03-07,1,1625068.89,1625068.89
18448,31,4,36,7,2024-02-07,3,4527580.97,13582742.91
18449,16,11,48,2,2023-09-18,1,520295.42,520295.42
18450,11,1,2,1,2022-09-29,1,2054520.4,2054520.4
18451,42,5,5,1,2022-03-03,2,1011470.9,2022941.8
18452,1,4,42,3,2023-10-11,1,3604292.38,3604292.38
18453,1,12,6,1,2022-03-16,1,1490255.7,1490255.7
18454,20,15,26,6,2022-09-09,2,901003.46,1802006.92
18455,10,1,29,8,2022-12-17,2,2354858.79,4709717.58
18456,7,6,12,11,2022-06-20,1,4013861.85,4013861.85
18457,43,11,24,11,2022-03-03,1,4849728.66,4849728.66
18458,25,2,55,5,2024-04-28,1,4002662.96,4002662.96
18459,26,4,12,1,2024-01-09,1,3237832.95,3237832.95
18460,43,1,27,11,2022-01-06,2,4715499.07,9430998.14
18461,34,13,40,4,2023-06-05,1,3284480.24,3284480.24
18462,34,3,51,7,2024-07-04,1,1238610.1,1238610.1
18463,17,6,37,6,2024-09-04,1,678497.45,678497.45
18464,28,11,44,8,2022-07-29,1,3934341.44,3934341.44
18465,10,6,17,6,2025-05-11,1,3290195.83,3290195.83
18466,18,15,14,7,2023-01-01,1,854002.46,854002.46
18467,33,15,52,3,2023-09-28,1,4140005.07,4140005.07
18468,30,3,25,3,2024-04-30,2,3720530.45,7441060.9
18469,36,12,31,1,2024-04-16,1,1514530.36,1514530.36
18470,26,6,13,7,2023-12-22,1,1425530.51,1425530.51
18471,17,3,8,3,2023-01-05,1,641854.38,641854.38
18472,18,1,33,1,2022-03-29,1,2335142.54,2335142.54
18473,37,2,15,4,2025-02-25,1,6684483.44,6684483.44
18474,39,1,5,12,2022-04-29,2,2302791.71,4605583.42
18475,41,1,55,8,2025-05-02,1,3600609.91,3600609.91
18476,27,4,25,4,2023-04-18,1,2920778.87,2920778.87
18477,39,10,14,3,2023-01-29,1,4015104.55,4015104.55
18478,20,5,50,10,2025-08-15,1,1767606.74,1767606.74
18479,35,6,51,9,2025-01-01,1,3846653.24,3846653.24
18480,11,7,37,2,2023-01-19,1,1654026.55,1654026.55
18481,23,12,28,8,2024-08-21,1,2749663.92,2749663.92
18482,8,11,15,7,2025-01-21,1,616446.2,616446.2
18483,19,3,21,3,2022-09-29,1,1176953.19,1176953.19
18484,23,5,45,1,2024-08-30,1,3871831.55,3871831.55
18485,20,14,15,9,2023-08-03,1,1100977.17,1100977.17
18486,1,1,43,10,2024-03-27,1,1838282.8,1838282.8
18487,11,10,27,6,2024-01-12,1,1589648.21,1589648.21
18488,28,6,47,8,2024-06-15,1,3348178.26,3348178.26
18489,20,10,44,8,2023-05-15,2,2545546.79,5091093.58
18490,42,6,41,1,2025-05-02,3,1387986.86,4163960.58
18491,26,4,35,6,2025-07-20,1,2213600.19,2213600.19
18492,19,1,4,8,2023-02-10,1,2347180.2,2347180.2
18493,17,13,2,9,2025-06-23,1,646764.13,646764.13
18494,29,10,35,6,2025-11-10,2,767321.98,1534643.96
18495,43,10,23,3,2022-09-10,1,4701261.68,4701261.68
18496,11,2,33,11,2022-01-03,1,3276277.84,3276277.84
18497,40,6,14,11,2025-11-14,1,1315258.84,1315258.84
18498,20,2,45,7,2025-05-22,1,2362650.92,2362650.92
18499,43,3,44,1,2025-09-16,1,1595458.44,1595458.44
18500,29,3,1,3,2024-08-03,1,440564.38,440564.38
18501,17,3,47,10,2025-03-30,1,716831.06,716831.06
18502,2,4,51,11,2023-06-02,1,4815609.0,4815609.0
18503,33,3,11,6,2022-12-27,3,929930.31,2789790.93
18504,13,1,54,4,2022-02-20,1,471062.35,471062.35
18505,25,13,9,5,2024-05-04,2,1043586.53,2087173.06
18506,9,6,44,4,2025-10-01,1,1259931.95,1259931.95
18507,10,13,52,10,2025-10-31,1,4235600.55,4235600.55
18508,15,2,52,6,2024-01-11,1,3965741.56,3965741.56
18509,7,3,38,2,2024-08-11,2,3972931.24,7945862.48
18510,7,2,12,7,2025-01-15,1,2775135.11,2775135.11
18511,1,2,20,1,2022-06-05,1,2710215.07,2710215.07
18512,26,14,53,11,2022-02-12,1,3453713.57,3453713.57
18513,9,8,31,8,2022-06-29,1,1065248.22,1065248.22
18514,1,1,22,8,2024-07-02,2,2621623.11,5243246.22
18515,37,6,13,6,2024-05-18,1,3697122.71,3697122.71
18516,1,15,31,7,2024-12-22,1,2404397.11,2404397.11
18517,39,6,40,9,2023-08-12,1,968909.88,968909.88
18518,24,6,27,8,2025-08-08,1,2822685.24,2822685.24
18519,10,2,25,5,2023-03-03,1,2534415.47,2534415.47
18520,23,1,4,11,2025-10-08,1,2788033.29,2788033.29
18521,23,1,54,9,2024-06-06,1,1883979.89,1883979.89
18522,43,3,37,4,2023-03-20,1,4490970.94,4490970.94
18523,20,11,39,9,2023-03-22,2,1083422.58,2166845.16
18524,31,4,31,12,2022-03-11,1,1015960.45,1015960.45
18525,9,11,39,8,2024-01-03,1,2649379.07,2649379.07
18526,25,2,30,7,2025-02-03,1,1681469.13,1681469.13
18527,25,14,21,8,2022-07-25,1,3718531.56,3718531.56
18528,28,6,39,2,2024-07-15,1,1011625.37,1011625.37
18529,17,9,50,9,2022-03-21,1,399609.52,399609.52
18530,7,5,16,9,2025-12-15,1,3183123.22,3183123.22
18531,41,7,35,3,2025-09-07,1,4559822.85,4559822.85
18532,31,13,6,9,2022-07-21,1,4353654.47,4353654.47
18533,3,1,1,1,2022-09-02,1,816593.3,816593.3
18534,25,2,54,8,2025-04-01,2,2195162.3,4390324.6
18535,7,9,47,9,2025-08-10,1,1736231.99,1736231.99
18536,29,2,30,3,2022-11-20,1,769516.65,769516.65
18537,34,6,12,9,2024-01-06,1,4376607.34,4376607.34
18538,38,8,55,12,2025-01-11,1,3632802.44,3632802.44
18539,27,4,23,6,2025-08-08,1,953312.86,953312.86
18540,35,6,1,11,2024-08-02,1,3794291.76,3794291.76
18541,15,3,22,9,2024-08-24,1,2185644.95,2185644.95
18542,6,1,24,10,2024-12-09,1,3009416.51,3009416.51
18543,17,9,45,3,2025-11-01,1,416758.91,416758.91
18544,14,5,1,12,2024-08-21,1,817685.41,817685.41
18545,26,4,7,3,2025-09-08,3,3267912.07,9803736.21
18546,33,1,43,3,2022-06-15,2,2048344.33,4096688.66
18547,24,1,48,5,2022-10-29,1,3396498.68,3396498.68
18548,14,1,8,11,2023-12-02,1,1017150.41,1017150.41
18549,7,1,42,3,2022-07-12,1,1849272.99,1849272.99
18550,9,1,39,2,2025-07-12,1,2154847.82,2154847.82
18551,29,2,34,8,2022-05-14,1,477474.56,477474.56
18552,7,3,49,3,2024-08-14,1,4785354.08,4785354.08
18553,19,1,12,8,2022-05-31,1,1453172.54,1453172.54
18554,40,1,28,6,2022-11-06,1,5229884.01,5229884.01
18555,24,8,3,6,2025-05-17,3,4586170.15,13758510.45
18556,18,3,10,6,2024-11-08,1,2425393.1,2425393.1
18557,26,1,16,6,2024-10-05,1,3924277.43,3924277.43
18558,11,4,11,2,2022-03-07,3,1109257.95,3327773.85
18559,29,5,50,9,2024-09-21,1,618750.98,618750.98
18560,7,4,16,4,2025-12-06,1,1635383.7,1635383.7
18561,30,4,28,10,2023-02-11,1,2727127.74,2727127.74
18562,38,7,49,3,2022-12-21,1,882346.09,882346.09
18563,8,2,39,6,2023-07-25,1,867856.06,867856.06
18564,28,8,49,1,2022-07-22,1,1602767.45,1602767.45
18565,13,1,3,6,2022-04-27,1,471558.07,471558.07
18566,35,2,20,7,2024-12-24,1,2254860.87,2254860.87
18567,1,4,47,7,2023-02-12,1,2386064.6,2386064.6
18568,28,4,14,1,2023-01-14,1,1699178.8,1699178.8
18569,38,2,1,7,2022-12-22,3,2732015.42,8196046.26
18570,27,5,41,9,2023-09-26,1,1927585.11,1927585.11
18571,39,12,52,1,2024-10-13,1,4144863.6,4144863.6
18572,10,2,10,8,2023-05-29,1,2562514.5,2562514.5
18573,12,1,39,3,2022-11-14,1,4645861.69,4645861.69
18574,41,8,14,3,2023-07-24,1,2427804.44,2427804.44
18575,15,1,2,6,2023-10-09,1,4206849.11,4206849.11
18576,28,7,15,1,2024-07-15,1,1056504.5,1056504.5
18577,7,13,10,11,2024-10-21,1,5167232.86,5167232.86
18578,14,3,40,10,2024-07-01,1,1060935.23,1060935.23
18579,6,2,32,5,2022-04-23,1,1178972.13,1178972.13
18580,18,1,34,2,2022-08-23,1,3068198.88,3068198.88
18581,8,2,53,3,2025-07-02,1,587846.44,587846.44
18582,26,2,10,3,2024-12-27,1,2294139.17,2294139.17
18583,38,9,34,9,2025-08-04,1,1415983.14,1415983.14
18584,28,12,52,7,2024-04-23,2,1371351.36,2742702.72
18585,43,1,26,3,2022-01-09,1,5092979.77,5092979.77
18586,13,4,38,11,2025-05-26,1,643732.92,643732.92
18587,13,1,24,11,2022-07-19,1,535526.65,535526.65
18588,25,4,41,6,2023-09-07,1,1844104.28,1844104.28
18589,14,13,42,6,2023-06-13,1,1631234.45,1631234.45
18590,24,4,52,9,2023-04-14,1,4043965.32,4043965.32
18591,12,3,5,8,2022-11-15,1,1731134.51,1731134.51
18592,20,1,9,5,2024-05-27,1,2294603.66,2294603.66
18593,39,11,37,2,2024-01-04,1,2589531.16,2589531.16
18594,23,12,30,10,2022-07-06,1,3654340.88,3654340.88
18595,18,4,6,11,2022-03-13,1,3914190.19,3914190.19
18596,2,5,13,6,2024-08-15,1,3103558.13,3103558.13
18597,34,2,14,3,2024-12-01,1,868640.44,868640.44
18598,41,4,22,7,2022-04-17,1,2735909.11,2735909.11
18599,14,2,37,7,2025-04-26,2,1070018.61,2140037.22
18600,25,2,14,8,2023-05-23,1,1451689.83,1451689.83
18601,42,6,1,12,2025-10-01,1,1850404.2,1850404.2
18602,42,1,49,10,2022-01-13,1,2105938.14,2105938.14
18603,23,9,50,12,2022-04-22,1,2662212.92,2662212.92
18604,13,1,1,8,2022-06-06,1,759951.33,759951.33
18605,7,14,24,12,2023-06-04,2,4506821.37,9013642.74
18606,33,6,33,3,2023-11-07,1,3433762.44,3433762.44
18607,19,2,7,1,2025-12-13,2,1454003.64,2908007.28
18608,15,7,2,8,2023-05-29,1,4553258.22,4553258.22
18609,38,1,4,12,2023-11-01,1,3385506.74,3385506.74
18610,9,12,10,5,2023-11-13,1,1256026.63,1256026.63
18611,24,2,42,8,2022-12-02,1,1932633.78,1932633.78
18612,16,2,31,5,2024-03-15,1,724693.96,724693.96
18613,42,3,22,9,2025-07-23,1,1529987.55,1529987.55
18614,15,5,10,10,2023-04-14,1,2764755.51,2764755.51
18615,15,11,40,11,2023-01-27,1,3345497.69,3345497.69
18616,13,9,3,1,2022-03-25,1,477530.15,477530.15
18617,41,3,32,7,2025-03-14,1,2815369.81,2815369.81
18618,15,8,52,8,2022-02-04,1,2164179.66,2164179.66
18619,14,1,3,1,2023-01-22,1,1399750.38,1399750.38
18620,42,2,5,4,2023-10-07,1,1669715.01,1669715.01
18621,29,7,8,8,2023-02-11,1,612884.13,612884.13
18622,13,5,13,3,2024-12-15,1,655284.0,655284.0
18623,20,13,24,11,2025-11-30,1,2268523.36,2268523.36
18624,42,11,35,7,2023-11-06,1,1148808.67,1148808.67
18625,11,6,1,5,2025-01-13,2,1190232.4,2380464.8
18626,8,6,16,5,2023-02-14,1,843902.48,843902.48
18627,28,1,25,8,2024-05-11,1,2948136.33,2948136.33
18628,23,1,27,3,2022-10-03,1,4062240.42,4062240.42
18629,13,14,37,1,2025-06-17,1,869434.45,869434.45
18630,30,6,43,4,2025-05-05,1,4144894.25,4144894.25
18631,33,1,36,9,2024-05-26,1,4071431.33,4071431.33
18632,11,5,49,3,2024-03-29,2,1572756.35,3145512.7
18633,22,6,40,6,2024-04-29,1,1395562.84,1395562.84
18634,35,10,25,6,2025-02-10,2,3007175.36,6014350.72
18635,34,7,39,11,2022-02-01,1,4416595.05,4416595.05
18636,11,12,20,11,2023-04-26,1,2822864.61,2822864.61
18637,12,9,11,11,2022-11-28,1,3322999.14,3322999.14
18638,21,6,40,1,2023-05-25,1,1445121.58,1445121.58
18639,13,12,30,2,2025-05-02,1,638478.76,638478.76
18640,6,1,10,8,2024-09-01,1,3002246.53,3002246.53
18641,38,1,15,6,2025-06-26,2,2487117.62,4974235.24
18642,15,11,3,5,2024-02-02,1,3466106.95,3466106.95
18643,5,5,48,3,2025-05-30,1,8347712.59,8347712.59
18644,9,9,15,6,2024-08-09,1,1670121.57,1670121.57
18645,30,1,34,3,2023-01-08,1,838883.46,838883.46
18646,11,13,55,5,2023-02-01,1,3509337.29,3509337.29
18647,9,8,60,3,2024-01-18,1,2067554.28,2067554.28
18648,25,12,23,4,2024-10-07,1,987759.47,987759.47
18649,24,13,23,3,2023-06-01,2,1529457.64,3058915.28
18650,27,10,8,2,2025-10-27,1,1701751.3,1701751.3
18651,23,5,27,3,2023-10-12,1,2781573.13,2781573.13
18652,2,2,42,6,2023-09-21,3,3367455.12,10102365.36
18653,14,4,28,5,2025-06-13,1,1734222.41,1734222.41
18654,28,3,28,8,2025-10-21,1,3017433.64,3017433.64
18655,3,15,23,6,2022-02-10,1,593435.14,593435.14
18656,7,1,27,11,2023-08-20,1,1958379.61,1958379.61
18657,7,12,27,1,2022-07-15,1,1749282.47,1749282.47
18658,15,1,24,6,2025-05-25,1,3396012.83,3396012.83
18659,33,12,50,1,2022-10-01,1,3390957.38,3390957.38
18660,34,6,24,12,2025-01-02,1,3080715.19,3080715.19
18661,33,5,17,8,2025-04-07,1,2297102.54,2297102.54
18662,42,4,6,1,2024-01-02,1,1202712.1,1202712.1
18663,18,8,40,5,2023-06-05,1,3912154.2,3912154.2
18664,11,5,52,6,2024-05-16,1,4011268.45,4011268.45
18665,11,6,42,6,2024-03-24,1,843047.72,843047.72
18666,9,1,39,9,2025-11-17,1,1698774.63,1698774.63
18667,37,12,16,1,2022-09-13,1,4832488.13,4832488.13
18668,11,6,51,3,2024-07-17,1,934199.27,934199.27
18669,11,12,47,2,2023-08-11,1,2757616.77,2757616.77
18670,19,6,7,3,2022-04-10,1,1866754.82,1866754.82
18671,11,3,31,6,2025-09-12,1,1336437.01,1336437.01
18672,37,1,32,3,2025-05-23,1,2073874.97,2073874.97
18673,25,13,3,5,2025-06-10,1,3887877.89,3887877.89
18674,15,1,4,3,2023-03-16,1,3371054.08,3371054.08
18675,9,6,19,7,2025-01-08,1,1536964.35,1536964.35
18676,28,1,43,5,2025-05-22,1,3299237.52,3299237.52
18677,16,7,28,6,2022-10-24,2,696802.19,1393604.38
18678,8,11,53,7,2024-09-20,1,783800.92,783800.92
18679,25,3,13,1,2022-01-26,1,1196087.08,1196087.08
18680,23,6,49,6,2022-08-09,1,4568283.02,4568283.02
18681,25,4,2,10,2023-10-12,1,2961797.08,2961797.08
18682,42,1,9,7,2022-11-27,1,1884323.65,1884323.65
18683,41,13,10,3,2023-07-07,2,4782778.47,9565556.94
18684,15,8,16,1,2025-08-13,1,1251339.94,1251339.94
18685,6,6,22,2,2023-12-02,1,2334357.24,2334357.24
18686,9,1,33,6,2025-08-04,1,2266668.39,2266668.39
18687,22,4,27,6,2025-01-21,1,1223051.75,1223051.75
18688,39,5,32,7,2024-05-27,1,3502121.09,3502121.09
18689,11,1,10,1,2025-07-29,1,1505059.89,1505059.89
18690,27,15,55,10,2022-05-06,1,3801697.55,3801697.55
18691,19,4,31,1,2024-09-21,1,2491026.78,2491026.78
18692,29,12,24,2,2022-01-01,2,510141.75,1020283.5
18693,24,11,16,6,2022-07-23,1,4384825.08,4384825.08
18694,31,4,53,8,2024-07-01,1,1559934.59,1559934.59
18695,6,3,51,4,2025-12-22,1,2647290.07,2647290.07
18696,16,1,24,4,2025-07-19,1,571132.3,571132.3
18697,1,6,10,8,2025-06-08,1,955938.9,955938.9
18698,15,2,47,6,2022-12-03,1,2866691.74,2866691.74
18699,1,2,6,7,2023-02-10,1,1099024.95,1099024.95
18700,40,10,41,7,2022-04-11,1,5053347.31,5053347.31
18701,7,5,11,6,2023-10-18,1,3590706.5,3590706.5
18702,25,3,46,6,2023-04-24,3,3741113.95,11223341.85
18703,7,5,36,7,2025-02-27,1,3863454.74,3863454.74
18704,39,5,7,3,2025-05-03,1,3396693.65,3396693.65
18705,8,1,23,3,2025-08-24,1,932279.85,932279.85
18706,17,2,8,1,2024-12-24,2,428285.8,856571.6
18707,17,2,38,7,2025-06-01,1,437811.83,437811.83
18708,1,7,13,4,2023-07-16,1,2643374.94,2643374.94
18709,9,4,27,6,2024-04-22,1,1833033.76,1833033.76
18710,9,8,47,7,2024-01-03,1,2207559.03,2207559.03
18711,41,6,27,6,2025-03-15,1,1353509.52,1353509.52
18712,36,15,12,9,2025-03-04,1,2863972.83,2863972.83
18713,18,3,46,9,2023-04-24,1,3318444.64,3318444.64
18714,17,9,28,3,2023-07-29,1,604828.74,604828.74
18715,32,3,39,4,2024-08-06,1,1009764.33,1009764.33
18716,3,9,36,3,2025-04-30,1,760508.23,760508.23
18717,25,8,14,5,2024-04-09,1,1299866.82,1299866.82
18718,27,13,54,3,2025-08-09,2,3045739.06,6091478.12
18719,7,4,21,1,2025-05-24,1,5786638.63,5786638.63
18720,36,9,29,3,2023-09-11,2,1372086.5,2744173.0
18721,37,1,25,7,2025-09-12,1,4592434.06,4592434.06
18722,24,1,22,6,2025-09-30,1,4178650.23,4178650.23
18723,21,8,10,3,2023-05-13,2,990693.88,1981387.76
18724,31,11,8,9,2025-06-15,1,3298783.08,3298783.08
18725,29,6,31,12,2025-02-02,1,618917.33,618917.33
18726,41,11,22,8,2024-03-15,1,2024309.96,2024309.96
18727,14,11,28,11,2022-01-26,1,924860.1,924860.1
18728,22,5,5,7,2025-08-03,1,1360113.48,1360113.48
18729,23,11,3,6,2025-02-09,1,4579263.23,4579263.23
18730,43,2,48,8,2023-12-05,1,3547173.24,3547173.24
18731,35,2,51,5,2025-07-15,1,2841430.47,2841430.47
18732,7,6,27,10,2022-10-10,2,5076267.33,10152534.66
18733,8,11,42,2,2022-03-17,1,799738.48,799738.48
18734,21,2,41,12,2023-07-20,1,1076728.73,1076728.73
18735,29,2,41,11,2025-08-14,1,552556.14,552556.14
18736,37,2,37,1,2022-08-14,1,5005757.38,5005757.38
18737,7,11,37,7,2022-10-25,1,4268397.29,4268397.29
18738,15,13,41,6,2024-10-10,1,1194128.73,1194128.73
18739,11,1,21,6,2024-02-16,1,1867882.62,1867882.62
18740,15,1,49,7,2025-09-04,1,3301171.38,3301171.38
18741,11,3,10,6,2024-02-21,1,3054441.93,3054441.93
18742,37,2,2,8,2023-10-19,1,1243125.77,1243125.77
18743,10,13,29,3,2025-04-08,1,2901966.3,2901966.3
18744,14,4,4,5,2025-08-17,2,1302852.8,2605705.6
18745,7,1,48,3,2023-11-29,1,3716657.83,3716657.83
18746,22,3,2,6,2025-12-29,1,1886462.97,1886462.97
18747,41,11,32,6,2023-07-11,1,3042010.78,3042010.78
18748,6,2,35,4,2025-11-10,1,2328885.62,2328885.62
18749,30,10,46,6,2025-05-11,1,4579449.76,4579449.76
18750,27,12,49,9,2025-12-23,1,2037865.04,2037865.04
18751,15,4,50,1,2024-09-19,1,4444861.09,4444861.09
18752,34,2,15,11,2025-05-29,1,2710266.03,2710266.03
18753,11,12,15,6,2025-06-05,1,2255289.11,2255289.11
18754,23,11,55,3,2024-04-13,3,3693372.19,11080116.57
18755,10,1,41,12,2023-06-16,1,3296558.78,3296558.78
18756,16,4,3,6,2022-05-03,1,456773.38,456773.38
18757,27,3,42,3,2024-10-02,1,1431831.8,1431831.8
18758,30,3,45,9,2022-02-14,1,1573008.65,1573008.65
18759,34,5,46,5,2024-10-11,1,3701843.43,3701843.43
18760,12,1,7,11,2022-12-03,1,3722567.67,3722567.67
18761,4,4,20,8,2024-06-26,1,911970.08,911970.08
18762,20,2,46,8,2023-10-31,2,4420605.18,8841210.36
18763,38,9,20,3,2025-01-09,1,1336606.25,1336606.25
18764,1,7,12,5,2022-12-28,1,1528377.3,1528377.3
18765,43,11,11,3,2022-05-25,1,4258166.65,4258166.65
18766,13,3,31,8,2023-11-24,3,598365.63,1795096.89
18767,18,1,44,1,2022-12-04,1,3932602.36,3932602.36
18768,19,12,50,4,2024-12-29,1,1278581.96,1278581.96
18769,43,3,40,4,2023-01-17,1,1900447.16,1900447.16
18770,14,1,5,6,2025-04-08,1,1571424.96,1571424.96
18771,34,2,55,12,2022-05-25,1,3345381.27,3345381.27
18772,12,1,47,5,2023-02-09,1,3259225.26,3259225.26
18773,7,1,40,8,2023-07-18,1,3933739.03,3933739.03
18774,26,13,34,6,2024-09-16,1,1070470.81,1070470.81
18775,17,3,12,1,2023-08-08,1,729903.79,729903.79
18776,37,6,4,8,2024-05-19,1,3711247.66,3711247.66
18777,27,4,4,5,2022-06-01,1,2730294.69,2730294.69
18778,29,2,52,8,2024-04-27,1,538626.28,538626.28
18779,25,1,26,6,2023-08-23,1,3660834.66,3660834.66
18780,7,1,31,8,2024-01-17,1,3201643.03,3201643.03
18781,25,2,20,9,2022-07-07,1,1263887.47,1263887.47
18782,17,4,13,11,2024-11-22,1,653514.18,653514.18
18783,6,3,6,9,2024-02-12,1,1460133.42,1460133.42
18784,31,4,37,5,2022-05-16,1,3019452.65,3019452.65
18785,28,4,22,3,2024-04-07,1,3395253.15,3395253.15
18786,28,6,28,10,2023-05-03,1,2009903.45,2009903.45
18787,19,3,49,3,2023-05-18,2,1014117.83,2028235.66
18788,18,1,32,5,2025-11-09,1,2434082.44,2434082.44
18789,7,7,24,7,2022-04-03,1,4812427.38,4812427.38
18790,12,11,39,4,2024-07-13,2,1017073.64,2034147.28
18791,31,3,12,11,2022-07-21,1,4292825.64,4292825.64
18792,34,1,2,4,2024-05-30,3,2652074.04,7956222.12
18793,21,12,13,6,2025-03-04,2,1191775.83,2383551.66
18794,29,5,9,12,2025-06-07,2,695257.42,1390514.84
18795,6,6,34,9,2025-11-14,1,1551967.8,1551967.8
18796,27,7,24,6,2024-12-08,3,4419893.49,13259680.47
18797,37,1,13,5,2023-10-02,1,2212377.24,2212377.24
18798,31,6,21,6,2023-11-16,2,3400738.87,6801477.74
18799,16,5,1,1,2022-02-17,1,673770.62,673770.62
18800,3,9,45,1,2022-05-20,1,701418.94,701418.94
18801,35,3,5,3,2025-03-01,1,4393821.31,4393821.31
18802,35,8,22,1,2022-05-08,1,4071965.24,4071965.24
18803,11,11,30,9,2024-08-26,1,3689270.24,3689270.24
18804,30,12,5,11,2024-06-25,1,1718791.38,1718791.38
18805,43,14,22,6,2025-12-02,1,5181445.43,5181445.43
18806,36,2,33,1,2025-01-22,2,2304746.8,4609493.6
18807,41,3,21,7,2025-04-06,2,1306861.15,2613722.3
18808,25,1,33,8,2024-08-14,2,3899894.56,7799789.12
18809,38,11,8,6,2023-05-28,2,881682.31,1763364.62
18810,29,10,31,7,2022-07-12,1,518182.38,518182.38
18811,15,3,3,1,2025-09-07,1,1010051.22,1010051.22
18812,15,6,37,12,2025-07-30,1,4854989.65,4854989.65
18813,18,4,25,5,2024-05-06,1,2462391.51,2462391.51
18814,18,9,52,9,2022-03-06,1,3866215.49,3866215.49
18815,30,3,7,6,2025-07-13,1,2657160.96,2657160.96
18816,8,7,51,12,2024-11-01,1,865962.52,865962.52
18817,36,1,50,8,2024-02-06,1,2357874.42,2357874.42
18818,9,6,16,12,2022-12-28,1,2529937.62,2529937.62
18819,15,11,8,10,2023-03-14,1,1869821.28,1869821.28
18820,25,3,15,6,2025-03-23,1,2232519.52,2232519.52
18821,16,4,1,2,2023-07-29,1,405617.42,405617.42
18822,18,6,40,1,2024-07-27,1,874122.3,874122.3
18823,2,6,12,4,2024-01-26,2,2631861.76,5263723.52
18824,4,5,2,7,2022-10-10,2,984323.01,1968646.02
18825,28,9,45,8,2025-02-28,1,1291257.28,1291257.28
18826,27,14,41,6,2023-08-03,1,1012130.45,1012130.45
18827,17,6,45,3,2022-05-26,1,738633.39,738633.39
18828,40,6,12,9,2025-04-18,1,1573448.88,1573448.88
18829,17,2,24,8,2024-10-07,2,665237.14,1330474.28
18830,31,4,34,4,2024-08-28,1,3182501.92,3182501.92
18831,37,1,28,6,2024-12-20,1,6440253.57,6440253.57
18832,2,11,34,8,2024-01-22,1,4735063.9,4735063.9
18833,25,9,34,1,2022-07-26,1,838194.03,838194.03
18834,7,3,14,6,2023-03-23,1,3315295.8,3315295.8
18835,32,15,6,5,2022-12-03,1,4679589.46,4679589.46
18836,12,2,44,1,2024-11-03,1,4051900.48,4051900.48
18837,35,2,53,10,2025-04-07,1,2248945.67,2248945.67
18838,22,6,35,3,2024-04-28,1,1285235.77,1285235.77
18839,11,13,26,11,2024-10-14,1,1827578.85,1827578.85
18840,38,8,46,5,2023-03-18,1,2540735.4,2540735.4
18841,3,2,24,11,2024-01-10,1,668927.59,668927.59
18842,13,6,40,1,2024-02-10,1,766436.76,766436.76
18843,16,4,15,3,2024-09-17,1,700128.66,700128.66
18844,12,5,7,1,2025-05-17,1,1780497.48,1780497.48
18845,20,1,14,1,2025-03-08,1,1607499.58,1607499.58
18846,13,6,10,11,2025-05-13,1,849565.3,849565.3
18847,12,11,14,6,2024-03-29,1,3338034.15,3338034.15
18848,43,1,12,3,2022-05-11,1,3446915.12,3446915.12
18849,28,10,4,1,2025-10-07,1,1211843.52,1211843.52
18850,36,10,30,6,2022-08-05,1,1130191.85,1130191.85
18851,22,4,37,5,2024-10-11,1,1113099.72,1113099.72
18852,1,5,38,8,2024-11-17,1,2544944.13,2544944.13
18853,16,1,43,7,2022-06-26,2,687377.51,1374755.02
18854,32,1,27,6,2025-09-11,1,1492677.62,1492677.62
18855,13,1,34,6,2025-09-21,1,805371.43,805371.43
18856,4,4,35,1,2024-06-08,3,808118.08,2424354.24
18857,28,4,22,3,2025-10-26,1,4683271.09,4683271.09
18858,41,11,42,6,2025-05-07,1,4382292.3,4382292.3
18859,43,5,2,1,2025-09-07,3,1405114.92,4215344.76
18860,22,5,27,3,2025-05-13,1,1276443.39,1276443.39
18861,40,1,21,6,2025-07-19,1,4662800.97,4662800.97
18862,6,3,47,3,2023-06-29,1,1983425.64,1983425.64
18863,19,3,35,3,2024-05-14,1,1391781.08,1391781.08
18864,32,12,41,3,2023-05-14,1,2132469.14,2132469.14
18865,3,5,8,3,2025-04-24,1,668831.76,668831.76
18866,15,11,31,6,2023-10-18,1,4485443.39,4485443.39
18867,25,2,4,8,2023-11-09,1,3592932.5,3592932.5
18868,31,1,37,12,2024-04-22,1,2086338.89,2086338.89
18869,25,9,22,12,2024-02-25,1,4089139.39,4089139.39
18870,26,1,1,3,2022-01-01,1,3949634.22,3949634.22
18871,41,6,24,3,2024-06-24,1,1258598.5,1258598.5
18872,16,3,8,4,2022-05-06,1,490629.76,490629.76
18873,8,9,55,3,2023-06-12,1,602068.09,602068.09
18874,20,1,22,12,2022-04-11,1,1510612.75,1510612.75
18875,29,5,53,2,2024-04-16,1,600081.58,600081.58
18876,35,10,52,3,2024-03-03,1,4107680.56,4107680.56
18877,11,5,33,8,2023-01-17,1,3523898.46,3523898.46
18878,7,4,41,8,2024-04-16,1,1332138.88,1332138.88
18879,37,2,13,2,2022-08-31,2,1409763.05,2819526.1
18880,6,2,7,8,2025-01-13,1,2257944.76,2257944.76
18881,20,4,29,7,2023-01-20,1,2753091.32,2753091.32
18882,14,12,40,6,2025-10-02,2,1152171.72,2304343.44
18883,34,4,8,12,2022-03-24,1,2133340.18,2133340.18
18884,2,3,34,8,2023-02-10,1,4716402.82,4716402.82
18885,13,6,19,8,2024-05-17,1,618608.72,618608.72
18886,34,1,1,7,2022-04-21,1,4380293.64,4380293.64
18887,41,9,9,3,2024-06-21,3,4262216.32,12786648.96
18888,16,1,5,6,2024-02-26,1,493292.16,493292.16
18889,21,6,30,3,2023-04-11,1,1536885.24,1536885.24
18890,19,12,49,3,2023-09-24,1,1420465.85,1420465.85
18891,19,2,20,4,2025-05-15,1,1912655.24,1912655.24
18892,6,4,40,1,2025-03-23,1,3359600.6,3359600.6
18893,11,8,34,10,2025-05-31,1,4390213.57,4390213.57
18894,6,4,22,9,2024-03-09,1,1806084.81,1806084.81
18895,13,1,47,5,2025-11-24,1,733190.77,733190.77
18896,31,1,47,1,2022-04-22,2,2281462.37,4562924.74
18897,21,5,13,9,2024-01-24,1,1935825.15,1935825.15
18898,25,2,54,9,2023-05-28,1,2847559.83,2847559.83
18899,23,4,6,6,2022-12-09,1,3367348.95,3367348.95
18900,4,8,52,12,2025-08-30,1,1150945.94,1150945.94
18901,18,2,21,3,2025-03-18,1,1687722.21,1687722.21
18902,26,4,13,9,2023-09-02,1,3160933.11,3160933.11
18903,3,4,55,3,2025-10-19,1,755284.91,755284.91
18904,22,11,2,7,2022-10-13,1,1165743.47,1165743.47
18905,8,1,37,7,2024-05-31,2,698354.31,1396708.62
18906,24,6,22,11,2025-12-20,1,4249652.66,4249652.66
18907,16,1,14,3,2025-10-05,1,659320.85,659320.85
18908,15,4,35,8,2023-02-05,2,1200396.8,2400793.6
18909,43,12,34,8,2024-05-06,1,1596860.23,1596860.23
18910,18,6,51,9,2025-07-19,2,1079403.47,2158806.94
18911,2,6,28,4,2023-08-06,1,4953656.7,4953656.7
18912,20,3,31,6,2022-01-31,1,3438941.65,3438941.65
18913,20,3,42,3,2022-01-11,2,5056658.66,10113317.32
18914,43,14,46,3,2025-01-20,1,1704843.38,1704843.38
18915,39,6,14,9,2022-01-11,1,2764393.98,2764393.98
18916,25,6,14,1,2022-05-11,1,3771297.45,3771297.45
18917,29,4,28,6,2022-12-03,1,573682.47,573682.47
18918,14,3,16,3,2022-04-22,2,1034514.92,2069029.84
18919,24,4,52,3,2023-02-21,1,989475.08,989475.08
18920,28,3,14,9,2024-05-01,1,2916680.19,2916680.19
18921,23,11,15,4,2025-04-15,1,4475315.41,4475315.41
18922,8,6,55,1,2022-03-14,1,949800.03,949800.03
18923,26,11,42,1,2022-01-07,1,3097099.47,3097099.47
18924,19,2,26,1,2022-08-02,1,2467869.42,2467869.42
18925,31,4,26,3,2023-07-12,1,1766596.65,1766596.65
18926,36,1,24,8,2022-06-03,1,2375082.27,2375082.27
18927,41,4,10,6,2023-02-23,1,997465.76,997465.76
18928,9,5,52,9,2023-01-17,1,1906853.57,1906853.57
18929,40,6,9,8,2024-12-23,1,7133573.95,7133573.95
18930,6,2,13,7,2022-06-29,2,2417936.31,4835872.62
18931,37,5,30,7,2025-04-13,1,5740779.79,5740779.79
18932,17,2,17,6,2025-07-02,1,421380.37,421380.37
18933,34,3,48,7,2024-12-24,2,4424055.68,8848111.36
18934,18,13,36,6,2024-08-28,1,3448928.1,3448928.1
18935,24,1,3,9,2024-08-26,1,4680373.93,4680373.93
18936,37,1,27,5,2025-05-05,1,3631926.1,3631926.1
18937,35,2,18,2,2022-04-03,1,4073816.74,4073816.74
18938,32,6,45,11,2025-01-08,1,1841644.93,1841644.93
18939,17,3,28,3,2022-12-27,1,467485.65,467485.65
18940,20,5,43,3,2024-03-13,1,2807633.65,2807633.65
18941,2,11,54,3,2023-12-21,1,3131830.86,3131830.86
18942,7,3,19,1,2025-05-30,1,2897541.62,2897541.62
18943,28,14,52,3,2025-02-07,1,3494158.53,3494158.53
18944,2,2,47,8,2023-03-27,1,3333280.65,3333280.65
18945,6,13,44,7,2025-09-02,1,1932006.9,1932006.9
18946,2,5,10,1,2025-08-13,1,4585871.46,4585871.46
18947,17,4,9,6,2022-08-07,1,608554.91,608554.91
18948,25,15,46,4,2025-03-13,1,1745207.35,1745207.35
18949,30,7,60,3,2025-02-02,1,2139035.86,2139035.86
18950,20,8,27,3,2025-07-08,1,3978388.42,3978388.42
18951,32,1,44,2,2024-08-14,2,3246706.53,6493413.06
18952,2,2,30,1,2022-09-10,1,4103580.99,4103580.99
18953,13,12,38,7,2023-11-09,2,818542.6,1637085.2
18954,19,4,17,6,2025-05-29,1,2422011.14,2422011.14
18955,28,12,19,8,2022-11-27,1,3408730.86,3408730.86
18956,1,8,43,8,2025-08-29,2,1598045.78,3196091.56
18957,35,2,53,8,2025-09-14,1,4363827.75,4363827.75
18958,26,11,46,3,2024-04-06,1,4077896.43,4077896.43
18959,32,6,40,6,2024-06-18,2,4096438.7,8192877.4
18960,40,15,49,11,2023-11-04,1,2268653.11,2268653.11
18961,9,5,10,9,2022-12-09,1,1396617.42,1396617.42
18962,16,8,46,5,2022-06-28,1,726763.65,726763.65
18963,26,2,23,5,2022-05-27,1,1815018.28,1815018.28
18964,12,13,44,7,2025-05-01,1,3251380.81,3251380.81
18965,12,2,34,3,2025-04-07,2,2578337.28,5156674.56
18966,42,6,34,5,2025-08-05,1,1751543.87,1751543.87
18967,8,12,19,5,2023-10-17,1,836387.2,836387.2
18968,14,5,45,6,2023-10-23,1,1575770.33,1575770.33
18969,28,7,26,9,2023-08-20,1,999900.12,999900.12
18970,12,10,1,7,2023-07-17,1,3754907.4,3754907.4
18971,20,3,23,3,2022-06-29,1,3888139.14,3888139.14
18972,3,2,20,1,2025-04-27,1,551048.92,551048.92
18973,14,2,34,10,2024-09-14,1,1486435.97,1486435.97
18974,10,7,46,3,2025-10-09,2,2918194.64,5836389.28
18975,14,3,8,6,2025-03-30,2,1443218.77,2886437.54
18976,7,14,35,10,2025-01-19,1,1461303.56,1461303.56
18977,13,2,13,11,2024-10-13,1,533564.47,533564.47
18978,35,7,38,12,2025-06-15,3,4279354.0,12838062.0
18979,14,12,50,3,2025-03-30,1,1276752.31,1276752.31
18980,43,2,55,5,2022-06-21,1,3359576.2,3359576.2
18981,36,3,34,1,2022-02-06,1,2597961.33,2597961.33
18982,3,3,7,6,2022-05-28,2,740964.65,1481929.3
18983,25,2,20,6,2025-07-22,1,2020094.09,2020094.09
18984,13,4,31,11,2022-04-03,1,565105.54,565105.54
18985,2,2,1,9,2024-06-07,1,2182699.51,2182699.51
18986,32,12,51,3,2025-04-17,1,3974835.07,3974835.07
18987,27,9,9,5,2025-06-22,1,1787279.94,1787279.94
18988,16,4,11,8,2025-11-16,1,719181.29,719181.29
18989,31,3,35,6,2023-03-21,1,2264329.13,2264329.13
18990,41,2,5,7,2024-10-17,1,4957724.76,4957724.76
18991,26,3,53,7,2025-08-04,1,2422095.21,2422095.21
18992,37,2,49,6,2023-01-03,1,3085598.93,3085598.93
18993,27,2,49,3,2024-06-18,1,3347813.49,3347813.49
18994,18,1,44,8,2024-03-14,1,3870653.57,3870653.57
18995,16,4,9,3,2022-06-27,2,719527.81,1439055.62
18996,25,9,21,1,2023-08-30,1,3259376.62,3259376.62
18997,3,1,45,1,2023-07-16,1,800732.01,800732.01
18998,26,4,51,12,2024-08-13,1,2705600.27,2705600.27
18999,37,3,3,9,2022-10-14,1,6276800.78,6276800.78
19000,9,2,50,11,2024-10-11,1,1102945.08,1102945.08
19001,15,13,16,9,2025-09-12,3,4321600.32,12964800.96
19002,8,7,25,4,2023-03-21,1,618491.07,618491.07
19003,31,1,1,3,2025-02-07,2,2206526.86,4413053.72
19004,29,12,32,6,2022-06-06,1,767478.05,767478.05
19005,29,3,40,7,2023-06-17,1,544064.85,544064.85
19006,28,1,9,6,2022-02-26,3,3756865.98,11270597.94
19007,42,4,10,3,2023-06-22,1,1047136.53,1047136.53
19008,2,2,20,3,2022-03-10,1,2605271.13,2605271.13
19009,7,3,30,4,2022-11-10,1,3879979.63,3879979.63
19010,27,10,27,8,2024-07-16,1,2649197.35,2649197.35
19011,11,8,32,6,2025-02-13,1,2634527.97,2634527.97
19012,25,4,48,7,2024-12-08,1,3422150.6,3422150.6
19013,26,1,50,4,2023-04-03,1,2819237.37,2819237.37
19014,37,3,7,9,2023-02-19,1,1558316.68,1558316.68
19015,2,4,19,2,2022-02-20,1,4068304.03,4068304.03
19016,1,15,22,5,2024-08-13,1,3138561.15,3138561.15
19017,3,2,28,3,2022-06-01,1,801039.03,801039.03
19018,9,13,8,6,2024-12-05,1,2148176.1,2148176.1
19019,10,2,52,8,2023-05-08,1,2373894.43,2373894.43
19020,20,1,24,3,2023-06-20,1,3538568.68,3538568.68
19021,12,1,24,11,2024-08-03,1,4381044.07,4381044.07
19022,15,5,50,3,2024-07-24,1,1352054.86,1352054.86
19023,12,13,33,2,2024-12-27,1,2206046.8,2206046.8
19024,39,3,51,4,2023-07-12,1,2229374.09,2229374.09
19025,32,12,52,6,2023-08-24,1,4076783.84,4076783.84
19026,43,2,34,3,2024-03-20,1,2078809.83,2078809.83
19027,9,4,26,5,2022-02-16,1,1880058.74,1880058.74
19028,14,2,12,3,2024-07-30,1,1709583.67,1709583.67
19029,7,2,33,12,2023-09-07,2,1628860.37,3257720.74
19030,32,15,20,3,2022-05-31,1,3220091.07,3220091.07
19031,32,8,23,6,2022-10-14,1,2490218.22,2490218.22
19032,24,1,40,7,2024-03-25,1,4435135.51,4435135.51
19033,11,3,28,11,2025-03-20,1,2786804.7,2786804.7
19034,14,13,19,11,2024-10-02,2,1647748.38,3295496.76
19035,8,11,26,1,2022-02-22,1,701552.23,701552.23
19036,12,6,7,3,2022-04-08,1,2669549.09,2669549.09
19037,32,9,17,9,2022-06-04,1,2123487.31,2123487.31
19038,33,4,51,11,2025-04-09,2,2974550.89,5949101.78
19039,11,8,40,3,2022-01-13,1,3770752.3,3770752.3
19040,22,1,39,2,2025-05-17,1,1013761.92,1013761.92
19041,33,13,54,7,2025-07-28,1,4016195.16,4016195.16
19042,40,7,26,6,2023-10-25,1,5437942.1,5437942.1
19043,28,1,12,4,2024-05-28,1,4034086.57,4034086.57
19044,19,3,7,6,2025-08-09,1,1867232.57,1867232.57
19045,6,5,54,8,2022-09-16,1,2091510.82,2091510.82
19046,7,5,38,6,2024-06-01,1,3285837.03,3285837.03
19047,9,2,16,8,2023-11-05,1,2271161.31,2271161.31
19048,26,5,22,5,2024-10-23,1,2290743.94,2290743.94
19049,43,1,18,5,2025-12-12,1,2014931.58,2014931.58
19050,41,2,55,5,2022-04-08,1,3955815.43,3955815.43
19051,17,12,42,3,2022-07-12,1,513844.6,513844.6
19052,43,5,1,6,2023-04-08,1,2036016.28,2036016.28
19053,9,4,14,1,2023-11-06,1,2198462.7,2198462.7
19054,2,10,51,6,2023-04-22,1,3009199.27,3009199.27
19055,15,1,40,5,2023-09-04,1,3898793.93,3898793.93
19056,9,5,21,2,2024-04-03,1,1482461.09,1482461.09
19057,39,2,52,1,2024-10-14,1,2650811.8,2650811.8
19058,18,13,36,9,2023-11-27,1,2336158.21,2336158.21
19059,5,3,19,6,2022-06-02,1,9218045.13,9218045.13
19060,27,7,37,1,2025-10-30,1,4500638.86,4500638.86
19061,32,6,51,3,2022-06-23,1,2383785.3,2383785.3
19062,15,1,18,1,2024-07-16,1,1333825.59,1333825.59
19063,29,13,9,4,2022-01-09,1,585733.42,585733.42
19064,24,11,48,6,2022-02-08,1,3441590.27,3441590.27
19065,11,6,38,2,2024-03-28,1,1738089.05,1738089.05
19066,21,5,41,3,2025-03-03,1,1256358.58,1256358.58
19067,10,1,43,7,2024-10-22,1,2545282.66,2545282.66
19068,41,7,48,7,2022-05-05,2,2368625.9,4737251.8
19069,38,2,43,9,2024-08-02,1,911757.16,911757.16
19070,31,4,25,8,2024-10-14,1,2822946.12,2822946.12
19071,5,6,42,7,2023-11-16,1,7703400.33,7703400.33
19072,36,1,51,7,2022-03-19,1,1692288.49,1692288.49
19073,27,1,29,5,2024-06-18,1,1426027.19,1426027.19
19074,2,6,7,6,2023-03-12,1,4223343.58,4223343.58
19075,41,11,13,7,2022-05-11,1,1530314.43,1530314.43
19076,11,7,38,2,2023-07-22,2,2359471.83,4718943.66
19077,23,1,55,3,2024-09-17,2,2985808.8,5971617.6
19078,31,3,40,9,2023-07-17,1,2744064.49,2744064.49
19079,20,1,49,10,2023-08-18,1,912801.33,912801.33
19080,24,2,8,6,2025-07-01,1,3105671.77,3105671.77
19081,43,1,29,1,2023-09-12,1,1868516.44,1868516.44
19082,6,6,33,9,2025-03-16,1,1668500.62,1668500.62
19083,24,11,32,4,2024-08-22,1,2542582.31,2542582.31
19084,4,3,18,6,2024-05-07,1,1787554.88,1787554.88
19085,22,4,28,7,2022-10-25,1,1575006.68,1575006.68
19086,14,5,29,10,2022-11-11,1,1342510.58,1342510.58
19087,24,10,28,6,2025-04-14,1,1196603.57,1196603.57
19088,19,2,19,3,2024-03-12,1,2267088.09,2267088.09
19089,43,1,8,6,2022-06-13,1,2074560.91,2074560.91
19090,11,2,28,3,2025-05-12,2,3284904.4,6569808.8
19091,21,11,39,8,2022-12-07,1,776166.97,776166.97
19092,7,2,49,8,2024-01-12,1,3789304.91,3789304.91
19093,29,2,12,5,2024-04-20,1,761807.11,761807.11
19094,37,3,30,7,2022-10-24,1,1585354.18,1585354.18
19095,27,6,22,6,2024-03-28,1,4250908.88,4250908.88
19096,20,11,45,2,2024-08-23,2,3364056.41,6728112.82
19097,26,13,28,5,2024-03-05,1,2843805.53,2843805.53
19098,18,11,54,7,2022-11-17,1,2518794.21,2518794.21
19099,7,1,31,8,2022-03-27,1,1090878.77,1090878.77
19100,34,9,39,8,2023-04-21,1,2111261.91,2111261.91
19101,9,3,50,1,2024-12-03,1,2419913.36,2419913.36
19102,15,2,1,2,2024-03-16,2,1767097.51,3534195.02
19103,31,12,55,6,2022-11-08,1,3229332.23,3229332.23
19104,12,2,8,3,2024-02-24,1,1768596.39,1768596.39
19105,18,15,22,6,2025-05-06,1,1671856.13,1671856.13
19106,26,3,20,4,2023-12-01,1,1515540.58,1515540.58
19107,13,2,24,8,2024-09-23,1,594552.49,594552.49
19108,25,15,35,12,2022-06-11,2,3077147.66,6154295.32
19109,1,2,11,6,2023-01-09,2,4101879.85,8203759.7
19110,3,4,59,5,2025-06-07,1,533523.19,533523.19
19111,31,4,32,11,2023-08-10,1,2949076.49,2949076.49
19112,19,11,32,6,2025-11-25,1,1074700.28,1074700.28
19113,36,1,9,10,2023-08-27,3,1210984.2,3632952.6
19114,1,8,8,4,2023-11-30,2,3586821.66,7173643.32
19115,20,15,25,5,2022-08-27,1,2721345.0,2721345.0
19116,9,5,51,11,2025-06-30,1,2440585.21,2440585.21
19117,8,1,28,5,2022-03-28,1,545711.89,545711.89
19118,15,12,39,8,2023-03-24,1,3096163.48,3096163.48
19119,27,14,52,6,2025-07-18,3,3169302.17,9507906.51
19120,25,11,55,8,2024-05-15,1,1448825.43,1448825.43
19121,10,7,33,9,2023-07-01,1,3396722.91,3396722.91
19122,26,2,4,4,2022-09-15,1,3626274.75,3626274.75
19123,16,4,47,7,2024-03-28,1,456860.72,456860.72
19124,15,2,5,4,2024-08-27,1,1855622.57,1855622.57
19125,3,1,26,4,2025-04-23,1,654700.35,654700.35
19126,12,12,4,8,2024-11-17,1,2783062.6,2783062.6
19127,29,2,17,6,2023-04-05,1,533417.92,533417.92
19128,37,3,18,7,2023-09-07,2,3024590.98,6049181.96
19129,23,1,23,8,2024-05-24,1,3092724.02,3092724.02
19130,29,1,6,7,2025-01-13,1,423237.65,423237.65
19131,15,3,45,9,2022-03-06,1,3546993.57,3546993.57
19132,31,8,43,3,2024-07-22,1,2213934.37,2213934.37
19133,14,4,13,6,2025-06-22,1,1377041.32,1377041.32
19134,21,7,32,4,2022-07-31,1,1565433.41,1565433.41
19135,15,3,4,1,2023-12-30,2,4304996.84,8609993.68
19136,42,14,16,2,2024-09-06,2,1161099.72,2322199.44
19137,36,1,50,5,2024-03-24,1,2333643.19,2333643.19
19138,21,1,29,12,2025-12-05,1,1625537.95,1625537.95
19139,10,4,31,3,2022-02-11,1,2613991.07,2613991.07
19140,31,3,20,3,2023-03-28,1,1924371.48,1924371.48
19141,8,3,22,3,2024-07-22,1,545380.43,545380.43
19142,31,2,9,7,2023-08-02,1,5007357.37,5007357.37
19143,42,8,21,4,2023-09-14,1,1422873.41,1422873.41
19144,15,2,14,3,2024-10-17,1,4389768.35,4389768.35
19145,25,5,30,6,2024-01-18,1,1914187.32,1914187.32
19146,40,6,20,8,2023-11-21,1,2492071.5,2492071.5
19147,19,14,19,1,2024-06-09,1,2028518.4,2028518.4
19148,25,2,7,7,2022-10-29,1,3818632.7,3818632.7
19149,34,1,48,7,2025-09-18,1,3057601.73,3057601.73
19150,9,4,33,2,2023-08-12,1,1707697.28,1707697.28
19151,7,1,30,4,2023-05-08,1,4977847.08,4977847.08
19152,5,2,2,10,2024-04-05,1,6903767.83,6903767.83
19153,1,2,25,3,2024-09-08,2,2436815.06,4873630.12
19154,23,12,13,8,2024-10-06,1,3004511.33,3004511.33
19155,31,5,44,1,2022-06-29,1,3017737.45,3017737.45
19156,19,5,33,3,2024-04-26,1,1369775.66,1369775.66
19157,24,2,3,8,2023-08-02,1,4864752.22,4864752.22
19158,2,12,52,5,2022-08-23,1,1731100.32,1731100.32
19159,18,6,45,8,2023-03-08,1,1814804.49,1814804.49
19160,12,1,28,7,2025-12-13,1,2323908.11,2323908.11
19161,15,8,8,1,2023-05-18,1,3563535.27,3563535.27
19162,31,14,43,11,2025-03-04,1,2166686.31,2166686.31
19163,12,9,7,6,2023-04-28,1,4161872.64,4161872.64
19164,28,12,34,9,2023-03-15,1,1334141.77,1334141.77
19165,41,2,22,1,2024-09-18,1,3825615.87,3825615.87
19166,1,5,53,12,2022-10-13,1,2052425.57,2052425.57
19167,6,12,1,4,2024-03-23,3,2803689.05,8411067.15
19168,16,4,45,9,2024-08-07,1,546803.93,546803.93
19169,33,7,38,6,2022-01-27,1,1238412.36,1238412.36
19170,33,4,55,1,2024-03-06,1,2929138.39,2929138.39
19171,40,8,41,9,2025-12-22,1,5131932.96,5131932.96
19172,15,2,12,3,2023-06-12,1,4534743.05,4534743.05
19173,35,7,43,8,2025-04-17,1,1930943.15,1930943.15
19174,14,1,30,5,2022-12-18,1,1094681.66,1094681.66
19175,33,9,37,6,2023-09-24,1,1099666.87,1099666.87
19176,33,1,8,6,2022-01-27,1,4078863.39,4078863.39
19177,13,5,43,10,2022-04-12,1,495568.61,495568.61
19178,8,11,48,8,2024-05-16,1,740955.94,740955.94
19179,17,5,7,5,2023-08-26,2,555411.69,1110823.38
19180,30,11,36,9,2023-02-21,1,2957866.86,2957866.86
19181,25,2,44,3,2024-05-19,1,3328118.41,3328118.41
19182,3,5,53,9,2023-07-08,1,747713.64,747713.64
19183,19,6,43,1,2024-10-21,1,964619.03,964619.03
19184,29,3,21,6,2024-05-11,1,642826.87,642826.87
19185,32,4,3,4,2022-03-30,1,2039398.12,2039398.12
19186,42,2,42,2,2024-05-08,1,2052429.22,2052429.22
19187,35,11,53,3,2022-05-15,1,2867170.8,2867170.8
19188,33,6,48,2,2024-10-22,1,1869974.94,1869974.94
19189,28,5,14,6,2025-12-22,1,1924029.86,1924029.86
19190,3,1,52,4,2025-10-01,1,807773.66,807773.66
19191,16,7,37,5,2023-02-01,1,650946.33,650946.33
19192,11,10,12,4,2023-03-21,1,1095619.97,1095619.97
19193,31,2,10,4,2024-02-15,1,1860002.42,1860002.42
19194,17,12,23,7,2024-01-25,1,501906.62,501906.62
19195,16,3,3,5,2022-03-05,1,522363.26,522363.26
19196,28,9,26,5,2025-06-06,1,1834542.12,1834542.12
19197,33,11,3,2,2024-09-10,1,815965.04,815965.04
19198,29,15,26,4,2023-06-12,1,558492.51,558492.51
19199,25,5,29,4,2023-04-08,1,1851440.09,1851440.09
19200,12,13,11,7,2025-04-08,1,2568019.66,2568019.66
19201,13,6,21,9,2022-03-04,1,600519.32,600519.32
19202,16,3,19,9,2023-02-21,1,598941.39,598941.39
19203,21,4,20,3,2023-08-15,1,949249.29,949249.29
19204,34,9,30,1,2025-02-13,1,1609915.51,1609915.51
19205,21,5,5,9,2024-07-27,1,1737583.9,1737583.9
19206,15,12,9,9,2024-08-26,3,4270506.31,12811518.93
19207,15,3,16,3,2023-09-05,1,2510183.8,2510183.8
19208,1,15,48,3,2024-06-01,1,4318410.02,4318410.02
19209,13,11,49,4,2022-06-19,1,805061.39,805061.39
19210,11,3,39,5,2022-04-18,1,2223912.01,2223912.01
19211,13,9,32,5,2024-06-30,1,482224.94,482224.94
19212,11,2,54,12,2022-01-03,1,3844060.08,3844060.08
19213,25,5,35,11,2024-04-11,1,1051144.94,1051144.94
19214,26,7,35,3,2023-09-21,1,1149721.58,1149721.58
19215,24,5,31,4,2025-08-17,1,1823131.45,1823131.45
19216,16,5,26,10,2023-12-15,2,712505.45,1425010.9
19217,24,1,43,1,2022-06-29,1,2960472.87,2960472.87
19218,20,11,39,2,2022-12-01,1,3938328.82,3938328.82
19219,38,11,39,1,2022-05-20,2,2189884.96,4379769.92
19220,29,7,4,6,2023-07-02,1,706398.76,706398.76
19221,16,10,10,10,2023-12-16,1,407708.96,407708.96
19222,18,5,25,3,2023-09-04,1,1930195.12,1930195.12
19223,14,1,4,7,2023-01-02,1,1425224.16,1425224.16
19224,20,2,12,6,2022-10-02,1,4309968.45,4309968.45
19225,34,1,51,8,2022-11-05,1,2569316.1,2569316.1
19226,34,13,12,4,2025-04-17,1,3941751.43,3941751.43
19227,30,4,9,5,2025-02-17,1,2106734.14,2106734.14
19228,3,1,43,3,2024-12-22,1,506230.04,506230.04
19229,18,3,29,5,2022-04-10,1,920522.4,920522.4
19230,19,4,43,1,2023-04-02,1,2302723.18,2302723.18
19231,33,11,37,1,2024-08-11,2,1910584.47,3821168.94
19232,35,12,1,1,2023-02-08,1,2189323.18,2189323.18
19233,32,11,19,12,2023-04-17,1,1480758.79,1480758.79
19234,23,2,58,5,2022-11-06,1,1770553.04,1770553.04
19235,29,1,24,8,2025-09-11,1,544913.47,544913.47
19236,7,1,48,8,2025-11-28,1,1381794.45,1381794.45
19237,10,10,3,8,2023-04-21,1,1992893.31,1992893.31
19238,28,1,6,8,2024-10-08,2,2367461.97,4734923.94
19239,21,2,36,12,2022-06-21,1,1444891.54,1444891.54
19240,7,5,31,6,2025-05-22,1,1639796.67,1639796.67
19241,38,4,27,8,2025-12-27,1,2630654.52,2630654.52
19242,22,1,33,9,2022-02-27,1,1739341.82,1739341.82
19243,17,6,9,8,2022-09-08,1,640395.23,640395.23
19244,9,5,47,4,2023-01-15,1,1823626.74,1823626.74
19245,27,6,45,3,2022-10-07,1,1194465.71,1194465.71
19246,6,1,5,3,2024-01-19,2,1418049.85,2836099.7
19247,1,10,34,3,2025-05-28,2,2473580.27,4947160.54
19248,4,3,48,10,2022-10-30,2,1291597.41,2583194.82
19249,9,1,29,9,2022-08-13,1,1803861.06,1803861.06
19250,18,2,40,4,2022-10-16,1,3930926.44,3930926.44
19251,31,2,1,6,2024-03-15,1,1315093.19,1315093.19
19252,30,4,21,6,2023-12-27,1,1801797.31,1801797.31
19253,29,3,22,6,2024-02-28,1,430957.58,430957.58
19254,9,2,36,3,2025-10-12,2,1930370.8,3860741.6
19255,9,6,49,1,2023-10-12,1,1998040.73,1998040.73
19256,10,1,11,4,2024-08-20,1,2054282.3,2054282.3
19257,24,6,3,1,2025-02-25,1,4653625.95,4653625.95
19258,24,3,51,6,2023-12-23,1,916428.8,916428.8
19259,43,1,48,7,2022-01-20,1,2564863.03,2564863.03
19260,38,2,1,7,2025-06-25,3,1715782.86,5147348.58
19261,2,12,45,1,2025-05-22,1,3890547.87,3890547.87
19262,15,1,22,8,2022-08-18,1,5086063.72,5086063.72
19263,25,13,20,11,2024-12-07,1,2050212.41,2050212.41
19264,7,6,23,12,2024-03-12,2,3262000.85,6524001.7
19265,8,1,41,7,2025-11-22,2,733871.57,1467743.14
19266,10,15,49,11,2025-10-02,1,3372055.94,3372055.94
19267,15,13,50,7,2023-12-28,1,1926311.8,1926311.8
19268,7,1,12,8,2022-04-21,1,4507574.97,4507574.97
19269,39,11,1,6,2022-06-22,1,4479734.45,4479734.45
19270,9,4,3,7,2022-10-27,1,2400842.27,2400842.27
19271,6,2,4,6,2023-05-14,1,2062414.27,2062414.27
19272,15,11,21,1,2024-08-18,1,5014595.31,5014595.31
19273,35,2,58,11,2023-12-08,2,3733050.91,7466101.82
19274,7,3,25,6,2024-11-11,1,1082588.26,1082588.26
19275,12,2,13,1,2024-03-25,1,2546990.36,2546990.36
19276,29,1,47,7,2024-05-16,1,730941.09,730941.09
19277,15,6,26,1,2023-09-27,1,3265372.01,3265372.01
19278,40,15,42,8,2022-09-08,2,4995973.69,9991947.38
19279,7,4,23,6,2024-10-05,2,5660251.74,11320503.48
19280,20,6,28,1,2025-07-31,1,5022844.28,5022844.28
19281,24,2,25,9,2023-03-08,1,4334715.93,4334715.93
19282,25,1,44,10,2025-09-01,2,933533.0,1867066.0
19283,13,2,53,7,2025-04-02,1,494958.56,494958.56
19284,8,1,7,9,2024-12-01,1,770484.81,770484.81
19285,6,6,6,6,2023-02-19,3,1781773.81,5345321.43
19286,10,5,33,5,2024-06-22,1,2049026.68,2049026.68
19287,17,7,17,12,2024-06-06,1,520437.46,520437.46
19288,9,3,15,3,2023-12-16,2,2551230.53,5102461.06
19289,40,2,19,4,2022-07-22,2,5202804.7,10405609.4
19290,10,5,10,5,2022-10-31,1,2577812.44,2577812.44
19291,15,2,53,6,2022-01-21,1,1945761.29,1945761.29
19292,19,2,52,6,2024-10-04,3,1643914.19,4931742.57
19293,22,5,36,3,2023-04-20,1,1371440.86,1371440.86
19294,41,1,16,10,2022-05-25,1,2694757.6,2694757.6
19295,3,6,37,11,2024-01-18,1,720184.97,720184.97
19296,16,6,49,3,2023-06-09,1,621275.3,621275.3
19297,14,4,50,9,2025-01-23,1,1708203.99,1708203.99
19298,20,3,27,10,2025-10-01,1,4057916.5,4057916.5
19299,28,1,46,11,2023-09-14,1,2044411.64,2044411.64
19300,15,1,53,8,2025-04-22,1,4536211.72,4536211.72
19301,13,2,20,7,2022-03-26,1,783730.17,783730.17
19302,29,11,29,9,2023-07-08,2,557790.35,1115580.7
19303,29,12,20,11,2023-11-15,1,570832.51,570832.51
19304,2,2,26,12,2024-01-07,1,3114467.28,3114467.28
19305,11,3,28,6,2024-04-23,1,3697856.34,3697856.34
19306,12,1,7,1,2024-10-03,3,1366071.55,4098214.65
19307,36,3,35,8,2024-06-17,1,1257201.32,1257201.32
19308,12,1,41,3,2025-07-13,2,1141329.55,2282659.1
19309,25,5,33,6,2025-01-11,1,1838790.63,1838790.63
19310,34,13,17,1,2024-09-02,1,4547327.54,4547327.54
19311,42,5,24,3,2024-04-05,1,886379.05,886379.05
19312,4,4,6,4,2023-11-25,1,1327549.74,1327549.74
19313,12,2,17,3,2024-08-21,1,4151228.56,4151228.56
19314,6,1,33,9,2024-05-02,1,2367284.17,2367284.17
19315,12,7,46,5,2023-08-02,1,1793409.2,1793409.2
19316,42,1,52,1,2024-02-26,1,1089152.96,1089152.96
19317,19,3,12,4,2025-07-25,2,1158380.37,2316760.74
19318,7,15,44,8,2022-09-08,1,5081023.12,5081023.12
19319,39,6,16,1,2024-08-15,1,4032790.42,4032790.42
19320,17,2,14,8,2023-01-31,1,636219.84,636219.84
19321,37,4,50,3,2023-10-04,3,2513101.25,7539303.75
19322,31,10,27,4,2022-03-02,1,2323256.99,2323256.99
19323,27,2,37,1,2023-08-13,1,4667667.05,4667667.05
19324,2,5,21,3,2023-06-05,1,2034867.86,2034867.86
19325,1,2,12,5,2024-02-29,2,1802008.36,3604016.72
19326,35,4,52,4,2022-10-12,1,2323753.89,2323753.89
19327,7,1,41,7,2022-07-29,1,3799465.62,3799465.62
19328,23,1,49,9,2022-05-24,1,1279767.52,1279767.52
19329,7,2,35,1,2024-02-11,1,2031708.28,2031708.28
19330,7,5,33,6,2022-06-01,1,2264309.54,2264309.54
19331,7,2,31,6,2023-11-26,1,3173700.97,3173700.97
19332,14,12,51,9,2023-09-03,1,1848518.59,1848518.59
19333,23,11,11,1,2024-01-24,3,3482007.76,10446023.28
19334,26,12,43,9,2025-04-08,1,2248102.62,2248102.62
19335,20,9,7,8,2022-05-31,1,3004098.56,3004098.56
19336,12,1,49,7,2025-10-04,1,4414215.98,4414215.98
19337,15,2,33,6,2023-01-24,1,3540070.1,3540070.1
19338,18,11,8,3,2025-06-17,2,1545887.12,3091774.24
19339,17,12,8,3,2024-02-10,1,520828.67,520828.67
19340,18,12,14,8,2025-04-27,1,1414132.64,1414132.64
19341,28,7,35,8,2023-10-23,1,2553359.21,2553359.21
19342,12,3,43,1,2022-06-24,1,4319103.37,4319103.37
19343,7,2,50,1,2025-07-30,1,4741809.13,4741809.13
19344,20,15,42,7,2025-02-23,1,4211135.86,4211135.86
19345,24,13,2,8,2022-03-21,2,2981001.87,5962003.74
19346,30,10,16,8,2024-11-04,1,1478897.46,1478897.46
19347,10,14,45,1,2024-01-31,1,4262892.9,4262892.9
19348,15,2,23,11,2024-07-02,1,1623448.39,1623448.39
19349,30,6,12,6,2023-08-03,1,3539988.75,3539988.75
19350,36,12,52,1,2023-08-13,1,2664955.49,2664955.49
19351,20,2,36,6,2024-12-02,1,2520441.86,2520441.86
19352,28,2,40,12,2022-06-26,1,2078637.63,2078637.63
19353,28,5,49,3,2024-08-23,1,4093337.08,4093337.08
19354,29,8,32,3,2023-02-22,1,646929.16,646929.16
19355,8,4,38,6,2023-05-21,1,925969.48,925969.48
19356,33,4,44,8,2024-01-05,1,1043023.43,1043023.43
19357,6,13,29,5,2022-04-14,1,2829946.9,2829946.9
19358,13,15,33,8,2023-10-04,1,685176.97,685176.97
19359,31,7,24,6,2022-10-25,1,3605801.6,3605801.6
19360,20,2,17,10,2023-09-18,1,2419214.33,2419214.33
19361,22,4,47,6,2024-10-10,1,1083524.99,1083524.99
19362,20,13,22,12,2025-11-27,2,4568579.07,9137158.14
19363,41,6,1,8,2024-07-28,1,2255114.22,2255114.22
19364,1,11,34,6,2024-12-19,1,2791587.87,2791587.87
19365,8,12,22,5,2025-03-22,1,816481.69,816481.69
19366,16,7,13,8,2025-05-26,1,620330.38,620330.38
19367,9,1,55,3,2025-10-06,1,1356010.84,1356010.84
19368,28,8,6,12,2025-12-14,1,1483775.05,1483775.05
19369,9,1,7,8,2023-07-04,1,1545183.79,1545183.79
19370,4,2,36,7,2023-07-05,1,1534792.73,1534792.73
19371,17,1,39,2,2025-09-02,1,621148.71,621148.71
19372,32,13,55,3,2025-12-11,1,1954681.82,1954681.82
19373,14,1,7,9,2023-06-24,1,1559979.88,1559979.88
19374,10,5,18,1,2024-03-22,1,3354474.04,3354474.04
19375,6,11,39,3,2025-10-23,1,1595988.37,1595988.37
19376,30,12,14,1,2023-10-05,1,1449097.8,1449097.8
19377,33,8,28,8,2024-07-27,1,2835840.73,2835840.73
19378,17,6,5,12,2025-09-24,2,581752.54,1163505.08
19379,29,13,20,11,2024-01-28,1,584119.6,584119.6
19380,25,9,34,1,2025-10-02,1,2806189.57,2806189.57
19381,6,2,27,3,2025-11-17,1,1349491.75,1349491.75
19382,3,8,35,4,2024-05-07,1,540593.07,540593.07
19383,27,3,14,3,2022-03-29,1,1689342.48,1689342.48
19384,13,5,27,7,2025-07-20,1,581188.66,581188.66
19385,22,4,40,2,2025-04-16,1,1734552.86,1734552.86
19386,27,5,1,8,2024-01-14,1,3839523.86,3839523.86
19387,7,9,22,3,2025-08-07,1,4608341.75,4608341.75
19388,26,5,5,12,2025-08-11,1,4204500.45,4204500.45
19389,29,9,38,6,2025-07-27,1,506745.45,506745.45
19390,32,14,51,6,2022-09-14,2,3918488.99,7836977.98
19391,16,13,14,4,2024-10-08,1,583723.92,583723.92
19392,19,3,8,6,2024-12-02,1,1356981.85,1356981.85
19393,20,2,47,6,2023-01-24,1,2348541.7,2348541.7
19394,24,5,48,8,2025-04-29,1,4181149.28,4181149.28
19395,9,1,22,8,2022-05-20,1,1967597.75,1967597.75
19396,27,11,48,4,2023-04-21,3,4731172.42,14193517.26
19397,14,6,54,10,2024-03-02,1,1603403.06,1603403.06
19398,5,7,23,7,2022-09-06,1,7824605.84,7824605.84
19399,11,1,2,8,2022-11-02,1,1301073.17,1301073.17
19400,38,1,28,5,2023-07-31,1,2705682.57,2705682.57
19401,28,8,6,3,2024-03-28,1,3413915.66,3413915.66
19402,9,7,17,7,2023-02-05,1,2546409.51,2546409.51
19403,9,2,52,9,2025-05-20,1,2530297.33,2530297.33
19404,32,1,20,7,2022-04-17,1,4619670.61,4619670.61
19405,30,3,17,7,2023-12-02,1,3060843.63,3060843.63
19406,12,1,55,9,2022-01-09,2,2061567.58,4123135.16
19407,11,15,43,1,2025-08-17,1,2250441.12,2250441.12
19408,38,2,55,8,2023-01-28,1,4477199.98,4477199.98
19409,16,6,9,3,2023-03-20,2,418491.98,836983.96
19410,8,1,11,7,2023-10-03,1,885294.93,885294.93
19411,27,4,18,12,2024-03-04,1,4090867.99,4090867.99
19412,28,6,37,8,2024-12-13,1,1356326.82,1356326.82
19413,4,3,38,9,2024-12-30,1,916528.49,916528.49
19414,12,2,50,8,2024-04-08,2,3452352.23,6904704.46
19415,17,13,1,1,2023-03-22,3,650873.26,1952619.78
19416,18,1,46,7,2024-12-12,1,1700943.54,1700943.54
19417,23,1,46,2,2022-10-07,3,4636375.37,13909126.11
19418,36,11,10,3,2024-05-23,2,1609518.75,3219037.5
19419,42,14,40,9,2024-03-02,2,1442713.48,2885426.96
19420,15,1,6,11,2022-01-07,2,3414642.91,6829285.82
19421,33,5,43,8,2022-04-18,3,3996879.34,11990638.02
19422,18,11,15,4,2022-04-18,1,3516243.16,3516243.16
19423,22,6,4,6,2024-03-19,2,1909523.55,3819047.1
19424,10,12,33,8,2023-03-17,1,3953488.09,3953488.09
19425,31,4,5,3,2022-01-08,1,3430925.88,3430925.88
19426,1,4,54,7,2022-09-17,1,2040569.84,2040569.84
19427,16,7,2,10,2024-10-12,1,474421.2,474421.2
19428,38,3,34,6,2023-04-16,1,4059551.16,4059551.16
19429,43,4,3,7,2024-10-28,1,1086291.29,1086291.29
19430,38,1,29,11,2024-02-18,1,4200460.23,4200460.23
19431,20,1,29,1,2025-02-28,1,5029025.05,5029025.05
19432,13,15,48,8,2022-02-19,1,757343.07,757343.07
19433,34,11,28,12,2023-04-03,2,1754468.7,3508937.4
19434,24,2,26,12,2022-04-13,1,3345617.19,3345617.19
19435,21,3,17,1,2023-01-03,1,1742208.41,1742208.41
19436,13,2,36,8,2025-12-10,2,754278.8,1508557.6
19437,42,2,47,7,2024-06-30,1,1917051.55,1917051.55
19438,1,5,22,4,2022-06-08,1,1339420.37,1339420.37
19439,11,1,33,4,2025-03-24,1,3711825.4,3711825.4
19440,18,4,34,9,2024-06-23,1,3989081.79,3989081.79
19441,33,2,35,6,2024-03-24,1,2123546.06,2123546.06
19442,27,7,25,5,2025-01-21,1,2866853.56,2866853.56
19443,30,4,20,6,2022-09-06,1,1541409.14,1541409.14
19444,1,1,40,8,2024-10-07,1,3388585.86,3388585.86
19445,34,1,48,8,2023-07-08,1,1599564.21,1599564.21
19446,1,2,35,3,2025-08-25,1,1660556.42,1660556.42
19447,40,6,2,7,2023-07-05,1,4283905.6,4283905.6
19448,20,5,19,7,2025-02-27,1,1754389.41,1754389.41
19449,39,11,44,5,2025-04-24,1,3146937.27,3146937.27
19450,8,3,4,6,2022-01-11,2,892556.61,1785113.22
19451,40,12,1,8,2025-08-20,1,3720220.37,3720220.37
19452,23,3,13,2,2022-10-09,2,4026929.69,8053859.38
19453,3,10,26,9,2024-05-11,1,780546.11,780546.11
19454,16,7,22,7,2023-10-25,1,551961.04,551961.04
19455,40,2,24,6,2022-01-04,2,1361807.04,2723614.08
19456,39,9,4,2,2025-07-01,1,924174.12,924174.12
19457,11,13,26,3,2023-02-03,1,1185437.25,1185437.25
19458,2,2,30,8,2023-09-23,1,4820883.07,4820883.07
19459,8,8,28,6,2023-10-19,1,640034.48,640034.48
19460,25,12,44,4,2022-06-14,1,1516795.3,1516795.3
19461,32,12,51,2,2024-01-12,1,3779025.63,3779025.63
19462,6,2,42,3,2024-01-13,1,3273226.38,3273226.38
19463,33,6,23,3,2025-01-17,1,1510637.04,1510637.04
19464,19,14,44,6,2023-01-31,2,1221874.59,2443749.18
19465,28,9,47,3,2024-01-03,1,1263706.1,1263706.1
19466,38,1,8,4,2024-07-21,1,1217466.17,1217466.17
19467,16,13,44,3,2024-11-02,1,655781.25,655781.25
19468,3,6,29,3,2025-08-28,3,629737.29,1889211.87
19469,27,12,34,1,2022-07-23,1,1050631.41,1050631.41
19470,28,5,8,9,2025-06-19,1,3216368.85,3216368.85
19471,3,12,2,2,2023-09-28,1,560208.17,560208.17
19472,43,12,46,1,2023-12-18,1,5005874.29,5005874.29
19473,28,2,43,4,2023-09-01,1,1976157.01,1976157.01
19474,35,4,3,11,2025-12-21,2,1571750.17,3143500.34
19475,8,11,15,1,2024-10-07,1,751658.02,751658.02
19476,8,3,43,12,2023-07-29,1,828085.9,828085.9
19477,3,3,4,8,2023-02-17,1,592758.48,592758.48
19478,11,2,22,7,2022-05-24,3,1743277.55,5229832.65
19479,26,2,53,10,2025-09-17,1,1768826.54,1768826.54
19480,28,1,37,10,2024-12-14,1,4366226.37,4366226.37
19481,40,3,26,9,2025-02-08,1,6337719.85,6337719.85
19482,12,3,31,8,2023-04-24,1,4018972.23,4018972.23
19483,37,7,8,9,2025-05-27,1,2405938.75,2405938.75
19484,29,1,16,10,2023-05-16,1,584597.28,584597.28
19485,34,3,29,1,2022-12-06,2,2091804.82,4183609.64
19486,32,11,14,1,2025-02-05,1,1270965.54,1270965.54
19487,31,1,49,8,2024-01-09,1,3345119.83,3345119.83
19488,7,9,7,8,2023-01-28,1,1173665.32,1173665.32
19489,12,10,24,3,2023-12-26,1,1373411.44,1373411.44
19490,42,2,55,5,2023-09-18,1,2040344.95,2040344.95
19491,10,10,22,5,2024-08-06,1,2646017.82,2646017.82
19492,17,4,49,10,2024-02-18,2,707202.31,1414404.62
19493,8,4,49,1,2024-08-20,1,521234.63,521234.63
19494,9,5,12,4,2025-10-06,1,2553587.85,2553587.85
19495,19,7,23,6,2023-10-25,1,2395104.78,2395104.78
19496,40,3,31,9,2025-09-10,1,1519447.32,1519447.32
19497,43,3,19,3,2024-08-31,1,3967393.59,3967393.59
19498,30,2,31,12,2023-01-03,1,1268371.19,1268371.19
19499,13,1,6,6,2023-11-01,1,767639.88,767639.88
19500,33,15,3,4,2025-11-21,1,2128304.0,2128304.0
19501,10,11,1,3,2023-11-04,1,4005339.56,4005339.56
19502,26,11,15,8,2024-09-03,3,2397512.04,7192536.12
19503,4,2,4,9,2025-11-28,1,1692907.36,1692907.36
19504,12,15,48,1,2022-02-16,1,3924511.32,3924511.32
19505,16,12,25,7,2024-03-14,1,475486.94,475486.94
19506,4,9,16,5,2022-10-29,2,1414878.48,2829756.96
19507,12,4,25,1,2025-01-23,1,3860491.72,3860491.72
19508,24,5,28,3,2025-03-24,2,3311270.46,6622540.92
19509,35,12,21,8,2023-04-18,1,3575925.71,3575925.71
19510,28,2,43,3,2025-07-13,1,3063529.24,3063529.24
19511,13,1,55,7,2022-03-26,1,619299.94,619299.94
19512,18,1,41,3,2025-10-06,1,2943449.62,2943449.62
19513,23,1,2,3,2024-05-23,1,4416198.87,4416198.87
19514,3,4,27,8,2023-04-14,2,543485.31,1086970.62
19515,12,3,42,12,2023-01-20,2,3386626.08,6773252.16
19516,29,12,47,3,2022-02-13,1,635000.72,635000.72
19517,27,8,52,8,2024-11-25,2,2955980.98,5911961.96
19518,28,8,25,6,2025-12-16,1,2484849.43,2484849.43
19519,13,1,27,2,2022-11-01,1,851503.36,851503.36
19520,1,3,11,7,2022-02-13,1,1188731.19,1188731.19
19521,43,5,55,7,2025-03-26,1,4669522.01,4669522.01
19522,8,7,41,12,2025-05-28,3,689051.76,2067155.28
19523,20,1,18,4,2024-03-20,1,1104725.91,1104725.91
19524,19,5,53,5,2025-05-05,1,2307233.53,2307233.53
19525,25,1,15,3,2023-06-10,1,2445185.43,2445185.43
19526,19,11,46,3,2025-04-19,1,2183345.94,2183345.94
19527,26,15,43,10,2025-04-25,1,1932508.47,1932508.47
19528,33,1,5,12,2024-03-20,1,1832226.23,1832226.23
19529,27,10,9,7,2025-03-24,2,1615908.67,3231817.34
19530,20,5,40,6,2025-02-26,1,1028966.1,1028966.1
19531,36,11,31,12,2024-02-21,1,1265985.75,1265985.75
19532,18,10,2,7,2023-04-15,1,3879188.92,3879188.92
19533,9,7,18,6,2022-01-08,1,2656564.01,2656564.01
19534,13,11,51,7,2024-06-16,1,689951.37,689951.37
19535,12,14,51,4,2023-03-26,1,2040934.47,2040934.47
19536,30,2,21,5,2022-06-01,1,1274766.6,1274766.6
19537,21,2,27,6,2023-09-11,1,1706465.61,1706465.61
19538,41,13,13,6,2023-01-13,1,2178774.7,2178774.7
19539,28,2,3,8,2024-07-16,2,1340854.83,2681709.66
19540,20,6,21,8,2024-03-01,1,1802859.2,1802859.2
19541,6,2,34,6,2024-06-18,2,1811133.52,3622267.04
19542,9,2,51,11,2024-05-07,1,2601228.4,2601228.4
19543,28,9,11,7,2024-12-28,1,3184448.81,3184448.81
19544,7,1,27,7,2022-04-05,1,3584966.96,3584966.96
19545,6,15,30,4,2022-05-17,1,1312149.68,1312149.68
19546,3,5,27,7,2024-04-27,2,741830.64,1483661.28
19547,20,2,55,11,2022-06-01,1,4153650.11,4153650.11
19548,22,2,44,8,2023-09-22,1,1158940.36,1158940.36
19549,43,7,3,7,2025-09-01,1,2915741.03,2915741.03
19550,14,13,53,8,2024-02-07,1,864044.09,864044.09
19551,21,6,20,1,2024-01-14,1,1418020.51,1418020.51
19552,29,5,55,1,2023-05-31,1,767536.68,767536.68
19553,32,14,7,12,2025-08-08,1,1706149.13,1706149.13
19554,40,2,18,8,2025-06-15,1,5996876.14,5996876.14
19555,27,5,48,9,2022-08-19,1,4203514.61,4203514.61
19556,30,1,26,1,2025-06-25,1,2215636.89,2215636.89
19557,25,3,22,8,2022-09-02,1,2679067.12,2679067.12
19558,18,1,8,7,2024-05-14,1,1898509.23,1898509.23
19559,7,1,38,3,2023-05-02,2,4391892.23,8783784.46
19560,27,5,43,12,2022-10-21,1,3596841.15,3596841.15
19561,2,2,1,6,2024-01-26,1,3840660.68,3840660.68
19562,7,6,24,5,2024-08-02,1,4282434.19,4282434.19
19563,18,4,21,8,2023-10-24,1,1719080.08,1719080.08
19564,27,4,38,6,2025-12-17,1,1187337.94,1187337.94
19565,11,2,44,7,2023-07-06,1,4251271.49,4251271.49
19566,8,2,12,1,2022-01-21,1,865032.41,865032.41
19567,1,11,23,3,2025-07-06,1,1479294.62,1479294.62
19568,39,5,7,5,2022-04-26,1,4008031.21,4008031.21
19569,7,4,22,8,2024-07-24,1,3370745.7,3370745.7
19570,27,12,34,1,2022-02-26,1,4330902.35,4330902.35
19571,25,5,15,11,2024-01-20,1,787332.6,787332.6
19572,43,13,2,3,2025-01-09,1,2519829.64,2519829.64
19573,32,12,7,5,2023-03-08,1,904017.11,904017.11
19574,4,11,12,1,2024-05-09,1,990223.68,990223.68
19575,7,2,26,12,2025-02-18,1,4593992.53,4593992.53
19576,28,4,29,4,2023-08-30,1,3299154.76,3299154.76
19577,8,6,6,8,2023-07-06,1,622432.74,622432.74
19578,43,10,51,7,2022-11-29,1,2541505.1,2541505.1
19579,39,2,7,1,2025-05-07,1,2945121.62,2945121.62
19580,39,12,44,1,2022-04-28,1,1292686.39,1292686.39
19581,29,2,41,8,2024-01-20,1,646190.35,646190.35
19582,15,8,22,12,2023-08-27,1,2076080.91,2076080.91
19583,9,14,18,5,2024-05-20,1,2008518.78,2008518.78
19584,39,3,9,3,2024-04-15,1,3808762.51,3808762.51
19585,21,7,18,6,2024-11-23,1,803692.47,803692.47
19586,29,11,35,10,2024-05-04,1,634357.72,634357.72
19587,40,8,55,8,2025-02-28,1,6334890.84,6334890.84
19588,39,4,29,3,2023-09-01,2,4043265.35,8086530.7
19589,27,11,43,1,2025-03-10,2,4063173.42,8126346.84
19590,40,1,12,4,2022-01-22,1,1649196.52,1649196.52
19591,26,8,37,6,2025-10-30,1,2262449.28,2262449.28
19592,35,3,5,8,2022-01-18,1,2549904.13,2549904.13
19593,37,5,43,8,2024-05-03,1,4956514.17,4956514.17
19594,43,3,5,9,2025-05-09,1,2037510.69,2037510.69
19595,15,3,46,4,2025-05-08,1,4109611.01,4109611.01
19596,26,2,30,5,2023-06-23,1,2704495.32,2704495.32
19597,21,8,39,1,2025-12-08,1,1232207.61,1232207.61
19598,26,6,5,2,2025-07-24,1,1239686.44,1239686.44
19599,43,9,23,11,2022-05-07,3,4282855.57,12848566.71
19600,37,15,45,4,2024-09-17,1,2521474.19,2521474.19
19601,34,4,37,3,2024-11-23,1,1527992.82,1527992.82
19602,26,1,22,7,2022-07-01,1,1051494.5,1051494.5
19603,29,5,15,1,2024-05-01,1,439785.28,439785.28
19604,40,3,44,6,2022-08-04,1,2959475.41,2959475.41
19605,25,2,9,9,2025-01-10,1,1475057.98,1475057.98
19606,43,5,36,2,2024-09-29,2,4060782.43,8121564.86
19607,2,4,34,11,2024-09-23,1,4158416.18,4158416.18
19608,9,1,23,4,2022-09-25,1,2251793.71,2251793.71
19609,23,9,29,7,2023-08-23,1,4062142.54,4062142.54
19610,21,10,35,1,2024-03-24,1,1330922.73,1330922.73
19611,30,1,8,8,2023-03-02,1,4116844.36,4116844.36
19612,9,2,29,8,2025-10-23,1,1230160.21,1230160.21
19613,23,5,28,3,2025-02-27,1,4842672.07,4842672.07
19614,17,11,31,7,2025-09-30,1,699999.08,699999.08
19615,32,1,45,6,2025-12-01,2,1078499.57,2156999.14
19616,28,9,26,3,2023-03-27,1,1008549.9,1008549.9
19617,27,1,34,1,2023-09-26,1,1007463.49,1007463.49
19618,35,2,50,6,2024-07-08,1,897190.53,897190.53
19619,1,14,2,3,2024-06-11,1,4348531.39,4348531.39
19620,24,5,18,2,2024-01-07,2,1534118.9,3068237.8
19621,9,11,12,3,2025-11-17,1,1149105.11,1149105.11
19622,15,8,17,7,2025-02-18,1,5055493.4,5055493.4
19623,32,1,35,7,2023-07-19,1,3161387.52,3161387.52
19624,27,4,11,5,2024-08-18,1,3513125.12,3513125.12
19625,39,11,32,7,2024-05-12,1,3330415.45,3330415.45
19626,20,1,16,5,2023-05-02,1,2733954.37,2733954.37
19627,8,2,52,8,2022-11-12,1,545059.6,545059.6
19628,20,11,6,1,2022-09-16,1,1881929.34,1881929.34
19629,3,2,18,3,2023-10-30,1,625447.9,625447.9
19630,23,2,44,6,2022-07-06,1,4556629.1,4556629.1
19631,18,4,17,6,2025-08-09,1,3890713.33,3890713.33
19632,17,12,54,7,2022-12-28,1,536589.2,536589.2
19633,27,4,30,11,2025-10-06,2,1577561.76,3155123.52
19634,37,11,46,8,2024-03-29,1,5766933.63,5766933.63
19635,13,4,51,11,2023-05-05,1,833325.27,833325.27
19636,13,4,35,12,2023-02-07,1,734539.55,734539.55
19637,27,2,52,10,2024-08-13,1,3255923.91,3255923.91
19638,26,5,5,5,2024-10-01,2,3810306.2,7620612.4
19639,33,12,30,1,2024-08-31,1,2279349.99,2279349.99
19640,5,15,45,7,2023-11-02,1,10886305.49,10886305.49
19641,22,6,11,8,2023-04-24,1,906024.84,906024.84
19642,6,9,24,3,2025-05-27,2,1280284.46,2560568.92
19643,3,7,30,8,2024-08-02,1,746162.67,746162.67
19644,11,2,30,1,2025-02-20,1,4382094.67,4382094.67
19645,27,1,30,3,2025-07-02,1,1562698.87,1562698.87
19646,41,3,33,6,2025-05-19,2,2925508.53,5851017.06
19647,18,2,35,10,2022-07-03,1,890353.88,890353.88
19648,33,12,10,8,2025-10-02,1,1621535.89,1621535.89
19649,38,9,23,4,2023-05-27,1,3909008.85,3909008.85
19650,2,14,24,6,2025-09-09,3,1784626.13,5353878.39
19651,37,3,53,5,2023-09-16,1,5406469.08,5406469.08
19652,16,3,44,5,2025-04-13,1,739028.56,739028.56
19653,40,1,38,3,2024-01-24,1,2005133.78,2005133.78
19654,17,1,48,1,2022-02-14,2,672710.46,1345420.92
19655,1,15,25,7,2023-11-05,2,1494021.48,2988042.96
19656,34,2,37,5,2024-12-28,1,3895031.33,3895031.33
19657,2,5,17,7,2025-05-01,1,3670223.34,3670223.34
19658,20,11,16,5,2023-07-17,1,3730449.53,3730449.53
19659,11,2,26,5,2024-08-23,1,861890.99,861890.99
19660,13,3,8,6,2022-12-08,1,509208.26,509208.26
19661,23,12,48,8,2024-06-21,1,2093309.38,2093309.38
19662,35,5,53,6,2024-10-03,1,2496718.72,2496718.72
19663,4,14,53,6,2025-03-18,1,1462230.92,1462230.92
19664,19,6,30,6,2025-03-24,1,1049299.79,1049299.79
19665,38,11,48,8,2025-07-30,1,3933006.12,3933006.12
19666,28,4,27,1,2023-10-12,1,1107736.47,1107736.47
19667,40,6,27,5,2025-01-04,1,5357281.66,5357281.66
19668,18,5,16,9,2025-08-14,1,1300274.9,1300274.9
19669,31,4,7,6,2022-04-01,1,4096956.66,4096956.66
19670,4,6,55,11,2023-07-16,1,791071.02,791071.02
19671,27,3,53,5,2024-05-30,1,1132121.52,1132121.52
19672,32,1,39,11,2022-08-13,1,4177142.94,4177142.94
19673,32,1,44,3,2025-07-25,1,1756157.66,1756157.66
19674,3,6,50,6,2022-01-16,1,681600.99,681600.99
19675,35,12,43,11,2024-01-01,1,1863495.41,1863495.41
19676,31,6,19,3,2024-03-10,3,1563110.16,4689330.48
19677,16,5,3,12,2024-09-26,1,461031.63,461031.63
19678,35,1,21,7,2023-04-14,1,3950528.76,3950528.76
19679,28,2,9,8,2022-02-06,1,2228171.97,2228171.97
19680,38,12,53,10,2025-05-12,1,3021093.6,3021093.6
19681,11,12,43,12,2023-05-15,1,3135141.59,3135141.59
19682,22,3,38,7,2024-10-04,1,1686338.25,1686338.25
19683,4,4,12,5,2023-05-15,1,1671171.3,1671171.3
19684,9,12,36,3,2023-03-22,1,2242647.64,2242647.64
19685,24,1,6,9,2025-04-21,1,3579073.13,3579073.13
19686,43,3,20,2,2022-01-21,1,3203988.06,3203988.06
19687,17,2,11,3,2024-09-29,1,589600.01,589600.01
19688,9,8,20,10,2023-05-15,1,1420487.56,1420487.56
19689,23,4,35,2,2023-01-14,1,3272975.52,3272975.52
19690,1,8,7,5,2025-09-20,1,1325431.14,1325431.14
19691,8,15,8,7,2023-01-15,1,637556.08,637556.08
19692,26,2,31,6,2023-09-14,2,2369027.03,4738054.06
19693,31,3,9,3,2025-03-18,1,3377132.5,3377132.5
19694,9,3,21,11,2022-05-06,1,2716272.08,2716272.08
19695,38,4,22,1,2022-07-13,1,3978082.12,3978082.12
19696,39,4,24,4,2023-12-18,1,1286569.16,1286569.16
19697,41,4,47,2,2023-02-14,2,5172644.21,10345288.42
19698,27,10,20,4,2022-02-20,2,4349783.81,8699567.62
19699,35,12,39,1,2022-10-04,1,2618038.99,2618038.99
19700,30,2,41,7,2025-04-01,1,2297703.77,2297703.77
19701,37,13,46,6,2022-07-12,1,2104364.21,2104364.21
19702,24,7,1,10,2024-03-02,1,3453010.73,3453010.73
19703,34,4,48,1,2022-12-18,1,2458887.19,2458887.19
19704,12,5,54,6,2022-08-07,1,1579888.11,1579888.11
19705,7,5,51,9,2024-02-21,1,5109675.08,5109675.08
19706,35,6,43,1,2023-10-15,2,1758220.34,3516440.68
19707,42,2,43,2,2022-07-25,1,1390374.27,1390374.27
19708,14,2,53,7,2025-09-05,1,1680650.9,1680650.9
19709,22,3,20,7,2025-12-14,1,1849005.71,1849005.71
19710,29,2,28,11,2022-08-11,1,457751.55,457751.55
19711,3,2,43,3,2024-05-15,1,572239.53,572239.53
19712,23,8,32,1,2024-07-05,1,2479339.8,2479339.8
19713,34,5,8,5,2024-05-27,1,1821263.04,1821263.04
19714,12,9,19,8,2025-09-02,1,4512459.91,4512459.91
19715,12,8,55,8,2025-06-28,1,3176012.76,3176012.76
19716,11,3,9,6,2025-07-29,1,2764799.46,2764799.46
19717,12,6,15,8,2023-04-22,1,4290787.67,4290787.67
19718,32,4,33,1,2023-06-06,1,3153433.45,3153433.45
19719,15,2,41,3,2025-09-05,1,4520299.42,4520299.42
19720,13,1,20,8,2022-06-25,1,532928.2,532928.2
19721,25,2,25,9,2023-12-15,1,910821.54,910821.54
19722,26,5,7,11,2024-11-08,1,3250700.44,3250700.44
19723,6,3,38,9,2022-08-09,1,3518526.96,3518526.96
19724,25,2,4,5,2022-08-27,1,3586513.54,3586513.54
19725,13,4,32,7,2023-07-24,1,592963.65,592963.65
19726,7,13,27,3,2022-02-25,1,4772834.89,4772834.89
19727,41,4,22,6,2024-01-23,1,1107531.12,1107531.12
19728,15,7,1,8,2023-08-17,1,2815857.79,2815857.79
19729,5,2,9,8,2025-03-07,1,10135499.37,10135499.37
19730,28,12,39,10,2022-03-07,1,2809357.87,2809357.87
19731,3,12,7,9,2023-06-08,1,564958.12,564958.12
19732,11,3,53,12,2022-01-08,1,4444601.92,4444601.92
19733,28,1,55,5,2024-03-13,1,1620008.03,1620008.03
19734,8,9,22,3,2023-04-08,1,713294.79,713294.79
19735,11,8,31,1,2022-09-12,1,4404441.33,4404441.33
19736,31,2,4,4,2023-02-07,1,3607465.43,3607465.43
19737,1,2,22,1,2025-04-08,1,1369966.25,1369966.25
19738,7,10,30,7,2025-12-22,1,4925097.76,4925097.76
19739,41,11,3,5,2024-05-31,2,1374109.29,2748218.58
19740,3,1,21,7,2023-06-06,1,455589.06,455589.06
19741,13,10,54,5,2025-05-28,2,514671.39,1029342.78
19742,3,2,22,3,2024-10-23,2,642890.73,1285781.46
19743,34,12,32,3,2024-09-23,1,3517838.67,3517838.67
19744,13,4,28,5,2022-03-27,1,825320.1,825320.1
19745,28,1,21,12,2025-04-24,2,1048118.14,2096236.28
19746,26,7,43,9,2023-09-22,1,3745470.77,3745470.77
19747,26,4,19,8,2022-07-28,1,1335572.47,1335572.47
19748,6,5,12,6,2023-11-17,1,2889161.89,2889161.89
19749,4,2,1,8,2022-10-29,1,911444.57,911444.57
19750,12,3,25,3,2022-02-11,2,1226314.27,2452628.54
19751,13,2,18,5,2025-08-18,1,711313.3,711313.3
19752,14,3,26,3,2024-11-29,1,1684478.4,1684478.4
19753,24,5,48,7,2023-04-05,1,1698691.17,1698691.17
19754,14,11,14,4,2023-07-07,1,1622652.57,1622652.57
19755,16,4,35,5,2023-02-25,2,485829.73,971659.46
19756,35,5,43,11,2025-08-15,1,1534718.02,1534718.02
19757,30,11,29,3,2022-04-19,1,2548919.7,2548919.7
19758,11,1,15,3,2025-07-18,1,2192845.94,2192845.94
19759,7,2,14,11,2022-02-19,1,4203540.98,4203540.98
19760,17,13,17,7,2023-02-23,3,510308.25,1530924.75
19761,12,1,5,4,2024-05-12,1,3927366.41,3927366.41
19762,42,9,52,8,2022-05-16,1,966324.05,966324.05
19763,8,15,27,1,2023-08-07,1,839842.1,839842.1
19764,8,2,48,6,2022-06-21,1,767663.28,767663.28
19765,41,1,20,3,2023-02-06,1,2252486.49,2252486.49
19766,23,11,33,8,2025-12-04,1,4762121.69,4762121.69
19767,7,12,48,2,2025-12-09,1,4111060.24,4111060.24
19768,18,10,24,9,2025-07-19,2,3726478.31,7452956.62
19769,20,1,2,1,2024-01-18,1,3431773.81,3431773.81
19770,39,6,35,7,2024-05-22,1,3557399.73,3557399.73
19771,19,4,23,7,2025-09-03,1,1734654.93,1734654.93
19772,7,3,44,2,2023-05-09,1,2826180.99,2826180.99
19773,7,2,10,4,2024-10-22,1,1872901.32,1872901.32
19774,40,11,37,11,2024-06-23,1,6879017.56,6879017.56
19775,27,10,47,5,2025-02-15,1,3990251.56,3990251.56
19776,8,2,16,6,2023-08-28,1,519745.29,519745.29
19777,16,7,28,10,2022-07-09,1,523104.3,523104.3
19778,17,3,37,7,2022-08-30,1,463472.67,463472.67
19779,33,2,52,8,2025-09-28,3,1385943.82,4157831.46
19780,20,12,52,6,2025-06-05,1,3210372.97,3210372.97
19781,40,5,54,1,2023-10-13,1,3149931.31,3149931.31
19782,11,4,4,12,2022-02-16,1,3119142.49,3119142.49
19783,18,2,47,12,2025-08-09,1,3964813.21,3964813.21
19784,16,9,36,1,2023-08-17,1,419345.79,419345.79
19785,16,15,10,1,2023-01-21,1,540086.7,540086.7
19786,29,1,16,7,2022-02-26,1,668296.62,668296.62
19787,8,13,14,1,2022-11-25,1,775868.3,775868.3
19788,24,9,49,3,2023-11-05,1,1621367.84,1621367.84
19789,15,1,35,1,2023-07-27,1,3144891.08,3144891.08
19790,6,4,25,12,2023-04-21,1,2979122.9,2979122.9
19791,42,3,30,8,2025-02-13,1,1060702.58,1060702.58
19792,27,1,45,7,2025-04-14,1,3818126.5,3818126.5
19793,41,12,23,3,2022-12-21,1,2561206.56,2561206.56
19794,19,1,1,6,2024-05-21,1,1400771.3,1400771.3
19795,28,2,5,8,2022-09-08,1,1910005.7,1910005.7
19796,7,11,1,3,2022-02-09,2,4773704.61,9547409.22
19797,27,6,24,9,2025-08-21,1,1218336.63,1218336.63
19798,21,15,35,7,2024-06-04,2,963641.93,1927283.86
19799,12,8,32,6,2024-04-05,1,1950644.46,1950644.46
19800,38,11,39,6,2025-06-02,1,1551732.95,1551732.95
19801,25,11,21,5,2025-01-05,1,1428026.8,1428026.8
19802,13,4,38,2,2024-12-06,1,722001.21,722001.21
19803,3,10,2,8,2024-02-01,1,645678.94,645678.94
19804,9,4,54,8,2025-01-11,2,2397530.88,4795061.76
19805,41,12,32,4,2024-12-12,1,5381079.95,5381079.95
19806,17,3,42,4,2024-07-27,1,463356.97,463356.97
19807,20,2,33,8,2024-10-29,2,2989405.35,5978810.7
19808,43,6,17,6,2024-05-05,1,2093216.31,2093216.31
19809,17,14,20,3,2025-11-12,1,612065.74,612065.74
19810,12,4,13,1,2025-09-01,1,2474698.44,2474698.44
19811,33,11,28,1,2022-05-06,1,1096737.29,1096737.29
19812,8,5,3,1,2024-09-02,1,906571.12,906571.12
19813,9,8,11,5,2023-08-22,2,2060640.87,4121281.74
19814,7,3,36,5,2023-05-04,3,5333067.69,15999203.07
19815,35,5,29,8,2024-03-24,1,4574773.25,4574773.25
19816,31,3,16,6,2025-12-01,1,2425814.09,2425814.09
19817,18,1,3,3,2024-04-15,3,2566708.62,7700125.86
19818,13,2,23,1,2025-05-10,1,709574.77,709574.77
19819,11,1,20,7,2025-07-12,1,3478016.23,3478016.23
19820,34,1,28,8,2025-01-20,1,1991995.85,1991995.85
19821,33,2,36,1,2022-12-11,1,2715641.68,2715641.68
19822,28,9,49,7,2024-12-14,1,4284210.74,4284210.74
19823,8,15,29,11,2025-04-19,1,757408.14,757408.14
19824,2,2,25,3,2024-12-04,1,3820672.84,3820672.84
19825,26,10,41,1,2023-01-08,2,3478012.57,6956025.14
19826,18,14,49,10,2024-05-28,1,3706176.95,3706176.95
19827,17,6,42,1,2023-07-09,1,526219.07,526219.07
19828,20,14,46,6,2025-06-11,1,3882455.79,3882455.79
19829,11,6,47,11,2024-08-19,1,4112776.99,4112776.99
19830,24,14,24,6,2023-02-09,2,1675524.91,3351049.82
19831,40,7,31,1,2024-02-09,1,3469536.37,3469536.37
19832,3,3,36,8,2023-11-05,1,739891.27,739891.27
19833,37,1,19,1,2025-02-08,2,5849323.46,11698646.92
19834,27,5,17,9,2024-07-20,3,3526241.01,10578723.03
19835,12,5,41,5,2024-12-23,2,4511825.09,9023650.18
19836,7,3,18,7,2024-04-17,1,3805549.61,3805549.61
19837,26,1,31,9,2024-05-30,1,2341503.66,2341503.66
19838,34,12,45,4,2024-08-28,1,2872575.57,2872575.57
19839,37,14,37,9,2023-03-26,1,6221740.08,6221740.08
19840,13,12,45,8,2024-05-15,1,828083.77,828083.77
19841,18,5,10,8,2024-04-09,1,3879328.64,3879328.64
19842,9,1,10,8,2025-10-16,1,1898261.48,1898261.48
19843,9,3,32,10,2024-03-25,1,2452996.39,2452996.39
19844,23,5,6,1,2025-12-10,1,2186446.12,2186446.12
19845,14,5,47,12,2024-08-23,2,1855001.63,3710003.26
19846,19,3,47,9,2023-07-14,1,2319933.56,2319933.56
19847,38,5,38,7,2024-02-29,1,4506908.04,4506908.04
19848,27,6,5,1,2024-01-12,1,1127029.56,1127029.56
19849,36,9,7,9,2022-05-11,1,2465514.03,2465514.03
19850,33,7,54,3,2022-10-13,1,1360377.74,1360377.74
19851,18,1,22,6,2024-08-27,1,2709500.84,2709500.84
19852,32,2,44,5,2022-03-24,1,1511620.21,1511620.21
19853,25,4,53,1,2025-10-05,1,3950414.38,3950414.38
19854,7,12,16,1,2024-04-22,1,5869340.54,5869340.54
19855,26,4,19,2,2023-02-03,1,1231743.75,1231743.75
19856,11,4,16,2,2025-06-08,1,3589675.68,3589675.68
19857,42,4,9,4,2023-05-11,1,1258314.31,1258314.31
19858,10,10,3,11,2024-04-08,1,3373825.88,3373825.88
19859,4,5,43,12,2022-01-25,1,889518.19,889518.19
19860,39,6,47,9,2023-03-09,1,995079.89,995079.89
19861,34,8,30,6,2022-01-13,1,4317931.84,4317931.84
19862,18,13,10,9,2023-11-16,1,1338853.14,1338853.14
19863,11,3,26,6,2025-09-20,1,1395914.62,1395914.62
19864,40,6,49,5,2022-02-10,1,1670746.06,1670746.06
19865,8,2,52,8,2024-09-05,1,708752.1,708752.1
19866,34,7,41,1,2024-05-30,1,3904060.83,3904060.83
19867,24,1,30,3,2024-10-20,1,3935861.7,3935861.7
19868,11,6,12,8,2022-08-31,2,1248200.44,2496400.88
19869,8,7,37,3,2025-04-12,1,672163.13,672163.13
19870,29,3,23,5,2023-07-31,1,784108.91,784108.91
19871,30,9,17,7,2022-08-09,1,2207361.83,2207361.83
19872,24,9,2,6,2024-07-26,1,2685517.93,2685517.93
19873,2,10,1,5,2022-08-07,1,3865694.77,3865694.77
19874,19,1,55,5,2025-04-10,2,1435554.02,2871108.04
19875,34,1,12,3,2023-12-06,1,3770501.36,3770501.36
19876,18,1,52,5,2023-12-03,1,2182445.16,2182445.16
19877,6,1,37,2,2022-05-17,1,1622690.25,1622690.25
19878,4,2,7,9,2024-05-10,1,735061.91,735061.91
19879,17,12,54,11,2022-03-28,1,740005.95,740005.95
19880,23,2,41,7,2024-09-19,1,2224244.97,2224244.97
19881,14,2,46,8,2025-03-29,1,1725250.69,1725250.69
19882,24,10,17,5,2022-07-06,2,891553.95,1783107.9
19883,35,2,15,12,2023-07-30,1,1730088.48,1730088.48
19884,15,10,34,2,2023-06-21,1,2661895.36,2661895.36
19885,11,3,47,9,2024-03-01,1,2334116.58,2334116.58
19886,13,6,21,3,2024-07-31,1,669343.49,669343.49
19887,43,2,39,7,2025-03-02,1,1088863.83,1088863.83
19888,39,11,30,1,2022-04-08,1,1807349.37,1807349.37
19889,17,2,52,3,2023-02-21,1,701727.38,701727.38
19890,23,10,35,2,2025-11-22,1,4295393.29,4295393.29
19891,23,5,35,8,2024-11-09,1,2750815.31,2750815.31
19892,21,5,19,1,2025-02-11,2,930655.99,1861311.98
19893,10,1,53,1,2024-10-10,1,3957482.99,3957482.99
19894,17,1,18,3,2024-10-26,2,474507.65,949015.3
19895,32,1,50,3,2023-05-07,1,2409520.29,2409520.29
19896,43,2,18,2,2023-09-03,2,1444685.27,2889370.54
19897,18,1,9,3,2024-11-13,1,1259115.64,1259115.64
19898,29,10,55,4,2022-05-24,1,790621.02,790621.02
19899,12,5,34,6,2022-01-20,1,4023446.69,4023446.69
19900,7,7,2,12,2024-05-25,1,2904518.19,2904518.19
19901,41,6,45,11,2022-05-13,1,1324524.83,1324524.83
19902,38,5,13,6,2023-02-17,1,3767159.25,3767159.25
19903,29,1,22,3,2023-05-03,1,541818.54,541818.54
19904,12,1,7,1,2024-03-26,2,3553930.8,7107861.6
19905,43,12,16,2,2023-06-24,1,1463683.28,1463683.28
19906,1,2,19,3,2022-11-02,1,3494011.56,3494011.56
19907,22,6,26,3,2025-05-08,1,1195634.07,1195634.07
19908,15,3,37,5,2022-11-08,1,2112916.41,2112916.41
19909,16,4,54,7,2024-09-08,1,564177.24,564177.24
19910,1,5,14,6,2024-01-22,1,2314749.72,2314749.72
19911,28,5,51,6,2023-06-06,2,3314163.68,6628327.36
19912,31,4,6,9,2023-05-25,1,2442389.21,2442389.21
19913,17,3,7,6,2023-11-20,1,692812.7,692812.7
19914,13,1,9,6,2024-10-16,1,747647.0,747647.0
19915,14,4,6,3,2025-08-15,1,1584781.07,1584781.07
19916,8,9,26,4,2022-04-07,1,749374.79,749374.79
19917,11,6,38,4,2022-07-15,1,1105100.36,1105100.36
19918,28,2,5,12,2023-12-27,2,3288948.07,6577896.14
19919,34,12,3,7,2025-04-19,1,1214284.65,1214284.65
19920,18,3,26,7,2022-06-30,1,1835981.5,1835981.5
19921,36,6,39,3,2025-09-02,1,1412537.35,1412537.35
19922,32,1,36,7,2022-06-18,1,3708624.51,3708624.51
19923,33,1,49,3,2023-05-24,1,4025882.61,4025882.61
19924,11,1,2,5,2022-07-10,1,1611282.22,1611282.22
19925,31,12,53,10,2022-02-05,1,4357883.27,4357883.27
19926,18,7,30,8,2023-02-26,1,2336187.86,2336187.86
19927,38,11,16,8,2024-08-11,1,4891198.56,4891198.56
19928,7,11,24,6,2023-10-18,2,2424794.95,4849589.9
19929,5,10,2,8,2022-06-20,1,7989257.16,7989257.16
19930,6,1,50,9,2023-12-09,1,2767855.19,2767855.19
19931,24,14,21,9,2025-08-14,1,2797569.99,2797569.99
19932,27,15,50,12,2024-11-04,1,3529089.97,3529089.97
19933,12,2,42,6,2024-03-15,1,2820341.92,2820341.92
19934,1,3,8,3,2022-04-24,1,3255218.96,3255218.96
19935,18,4,36,6,2024-01-28,1,3569546.5,3569546.5
19936,16,5,8,8,2023-05-20,1,667542.44,667542.44
19937,33,15,48,6,2025-11-02,2,896083.81,1792167.62
19938,21,13,11,3,2024-09-20,1,1881427.01,1881427.01
19939,30,1,26,6,2022-06-03,1,1939554.79,1939554.79
19940,7,11,22,7,2024-01-31,1,5899778.2,5899778.2
19941,12,2,10,6,2025-07-25,1,3532722.87,3532722.87
19942,29,12,28,11,2022-04-16,2,525293.86,1050587.72
19943,11,12,5,7,2022-03-16,1,4282059.69,4282059.69
19944,11,3,32,3,2023-05-13,1,3941790.54,3941790.54
19945,15,4,40,12,2024-02-15,2,1046378.65,2092757.3
19946,31,12,16,3,2025-12-17,1,3468510.0,3468510.0
19947,21,2,35,6,2024-06-08,1,1084955.54,1084955.54
19948,29,3,54,8,2025-01-18,1,537869.61,537869.61
19949,25,5,46,12,2023-01-14,2,2577482.88,5154965.76
19950,43,3,33,10,2023-09-21,2,3587014.14,7174028.28
19951,17,1,10,3,2022-05-21,1,430734.66,430734.66
19952,28,15,32,6,2025-04-02,1,2861802.54,2861802.54
19953,18,2,1,7,2024-02-13,1,1330772.5,1330772.5
19954,20,3,8,7,2023-01-29,1,2877675.82,2877675.82
19955,4,2,49,6,2022-05-18,1,1349343.42,1349343.42
19956,38,2,49,1,2025-04-09,2,4665964.24,9331928.48
19957,12,9,24,5,2024-07-14,1,3463253.3,3463253.3
19958,13,7,43,11,2023-08-09,1,666836.57,666836.57
19959,18,4,40,3,2025-04-16,1,1831656.77,1831656.77
19960,25,12,20,6,2024-11-04,1,2922979.81,2922979.81
19961,8,1,42,5,2023-06-15,3,895259.71,2685779.13
19962,19,5,5,3,2022-06-06,1,1316299.62,1316299.62
19963,39,8,48,1,2022-06-22,1,4906623.59,4906623.59
19964,15,1,28,11,2022-12-14,2,4761705.77,9523411.54
19965,26,5,27,8,2023-05-08,1,1231842.31,1231842.31
19966,13,2,53,7,2025-03-09,1,672225.22,672225.22
19967,34,6,7,5,2025-06-23,1,3769684.09,3769684.09
19968,35,6,7,1,2023-12-21,1,4113048.57,4113048.57
19969,23,10,34,1,2023-06-28,1,3705755.13,3705755.13
19970,6,8,22,7,2022-12-12,2,2348770.48,4697540.96
19971,11,3,34,6,2022-06-17,2,2033410.83,4066821.66
19972,16,11,17,8,2025-07-23,1,586365.1,586365.1
19973,35,1,53,6,2022-02-16,1,4105723.33,4105723.33
19974,37,14,44,7,2022-03-17,1,5552723.34,5552723.34
19975,12,13,42,6,2025-05-20,1,1531325.97,1531325.97
19976,15,1,42,2,2022-02-15,3,4232456.52,12697369.56
19977,28,5,11,9,2025-02-06,1,4186629.7,4186629.7
19978,28,5,23,3,2024-04-11,1,2148507.6,2148507.6
19979,41,12,42,1,2025-06-09,1,2583619.74,2583619.74
19980,8,1,52,1,2023-09-08,2,687323.48,1374646.96
19981,33,4,25,3,2022-05-24,1,2123966.61,2123966.61
19982,9,11,52,5,2024-11-09,1,2062305.17,2062305.17
19983,9,3,4,7,2023-07-09,1,1700672.01,1700672.01
19984,27,2,16,1,2022-06-23,1,1105827.17,1105827.17
19985,26,8,54,6,2022-03-26,1,2048684.37,2048684.37
19986,37,3,6,10,2024-05-04,1,5060708.03,5060708.03
19987,38,9,18,2,2024-02-11,1,967237.16,967237.16
19988,30,2,5,3,2023-02-02,1,3734525.56,3734525.56
19989,22,12,17,9,2025-01-04,1,1488291.36,1488291.36
19990,39,2,47,12,2022-04-25,2,2582436.12,5164872.24
19991,7,12,45,9,2025-03-01,1,4728542.79,4728542.79
19992,10,1,53,8,2022-11-12,1,3796395.44,3796395.44
19993,23,3,30,3,2023-07-31,1,1626519.8,1626519.8
19994,29,4,24,7,2023-08-15,2,514780.82,1029561.64
19995,27,11,8,5,2022-07-11,1,3098792.58,3098792.58
19996,39,11,5,6,2022-07-27,1,2991003.74,2991003.74
19997,8,5,50,1,2022-08-16,1,820866.8,820866.8
19998,43,2,30,9,2024-01-15,1,4292880.61,4292880.61
19999,29,11,47,3,2023-02-01,1,527692.34,527692.34
20000,1,13,50,7,2023-01-04,1,2874724.17,2874724.17
