policy_id,policy_number,product_id,agent_id,region_id,customer_key,inception_date,expiry_date,policy_status,coverage_tier,sum_insured,cancelled_flag
1,POL00000001,3,114,1,CUST0000592,2025-01-24,2025-12-31,Cancelled,Standard,1547839.31,True
2,POL00000002,4,28,2,CUST0002809,2025-01-25,2025-12-31,Expired,Standard,1501443.07,False
3,POL00000003,4,64,2,CUST0000514,2025-03-02,2026-02-28,Expired,Standard,1584578.42,False
4,POL00000004,4,111,2,CUST0003200,2024-03-19,2025-02-28,Expired,Standard,937319.65,False
5,POL00000005,1,99,4,CUST0000267,2023-08-24,2024-07-31,Expired,Basic,597821.48,False
6,POL00000006,1,90,4,CUST0003427,2025-05-19,2026-04-30,Expired,Standard,509451.01,False
7,POL00000007,2,10,4,CUST0003013,2026-02-25,2027-01-31,Active,Standard,656581.45,False
8,POL00000008,5,47,1,CUST0000837,2025-04-19,2026-03-31,Expired,Basic,642706.5,False
9,POL00000009,10,25,2,CUST0001315,2025-09-26,2027-08-31,Active,Standard,1949601.8,False
10,POL00000010,6,10,2,CUST0001878,2024-10-10,2025-09-30,Expired,Premium,585003.49,False
11,POL00000011,1,24,1,CUST0003363,2024-10-20,2025-09-30,Expired,Basic,565868.69,False
12,POL00000012,5,102,3,CUST0002681,2024-07-31,2025-06-30,Cancelled,Standard,538834.6,True
13,POL00000013,2,40,4,CUST0001220,2024-10-13,2025-09-30,Expired,Standard,735177.61,False
14,POL00000014,8,71,2,CUST0001996,2025-01-19,2025-12-31,Expired,Standard,6710681.85,False
15,POL00000015,5,2,1,CUST0001682,2024-05-26,2025-04-30,Cancelled,Premium,506872.56,True
16,POL00000016,5,37,1,CUST0001113,2024-08-09,2025-07-31,Expired,Premium,567125.2,False
17,POL00000017,3,79,3,CUST0000297,2025-11-27,2026-10-31,Active,Standard,1960141.51,False
18,POL00000018,6,14,2,CUST0002213,2025-03-25,2026-02-28,Expired,Premium,721407.82,False
19,POL00000019,6,77,3,CUST0003501,2024-06-02,2025-05-31,Cancelled,Standard,834231.86,True
20,POL00000020,3,119,4,CUST0001647,2024-02-21,2025-01-31,Expired,Standard,1892162.78,False
21,POL00000021,9,29,4,CUST0003051,2023-08-06,2024-07-31,Cancelled,Basic,8795354.55,True
22,POL00000022,6,86,4,CUST0002958,2025-06-21,2026-05-31,Cancelled,Basic,908262.75,True
23,POL00000023,8,115,1,CUST0002443,2024-11-13,2025-10-31,Cancelled,Standard,6634722.08,True
24,POL00000024,1,81,4,CUST0001393,2024-11-23,2025-10-31,Expired,Standard,635607.73,False
25,POL00000025,1,104,4,CUST0002135,2023-12-30,2024-11-30,Expired,Standard,822381.38,False
26,POL00000026,2,120,2,CUST0000548,2024-12-02,2025-11-30,Expired,Standard,614156.94,False
27,POL00000027,2,27,4,CUST0002220,2024-10-27,2025-09-30,Expired,Basic,462761.93,False
28,POL00000028,3,3,3,CUST0001374,2025-11-05,2026-10-31,Active,Standard,1617899.47,False
29,POL00000029,2,47,4,CUST0000863,2024-02-15,2025-01-31,Expired,Standard,670792.41,False
30,POL00000030,5,71,1,CUST0000966,2025-10-11,2026-09-30,Active,Premium,449136.43,False
31,POL00000031,4,71,3,CUST0001023,2025-08-03,2026-07-31,Active,Premium,1406661.88,False
32,POL00000032,8,98,3,CUST0000741,2024-10-01,2025-09-30,Expired,Standard,6843723.0,False
33,POL00000033,4,17,2,CUST0002289,2023-08-04,2025-07-31,Expired,Basic,1046695.95,False
34,POL00000034,3,8,2,CUST0001251,2025-08-09,2026-07-31,Active,Standard,1113554.87,False
35,POL00000035,5,118,1,CUST0001660,2024-04-20,2025-03-31,Expired,Basic,389224.63,False
36,POL00000036,1,104,2,CUST0001959,2024-03-24,2025-02-28,Expired,Standard,837747.69,False
37,POL00000037,1,72,2,CUST0000988,2024-02-22,2025-01-31,Expired,Basic,605484.76,False
38,POL00000038,1,112,2,CUST0002847,2025-10-20,2026-09-30,Cancelled,Basic,873064.55,True
39,POL00000039,1,98,1,CUST0000923,2023-07-31,2024-06-30,Expired,Basic,713991.48,False
40,POL00000040,7,71,1,CUST0003414,2024-03-30,2025-02-28,Expired,Standard,519537.63,False
41,POL00000041,1,67,4,CUST0000594,2024-09-16,2025-08-31,Expired,Standard,824987.5,False
42,POL00000042,6,39,3,CUST0000866,2024-04-15,2025-03-31,Expired,Basic,576707.47,False
43,POL00000043,2,85,1,CUST0000497,2023-12-09,2024-11-30,Expired,Standard,507103.97,False
44,POL00000044,5,107,1,CUST0000575,2025-07-27,2026-06-30,Active,Standard,697121.07,False
45,POL00000045,1,67,1,CUST0001661,2026-02-23,2027-01-31,Active,Premium,855573.04,False
46,POL00000046,5,65,1,CUST0000203,2025-06-03,2026-05-31,Expired,Standard,642685.81,False
47,POL00000047,1,19,3,CUST0002102,2024-02-11,2025-01-31,Expired,Standard,706861.08,False
48,POL00000048,5,48,3,CUST0002268,2025-07-14,2026-06-30,Active,Standard,530104.07,False
49,POL00000049,1,44,3,CUST0000641,2024-11-19,2025-10-31,Expired,Premium,634728.29,False
50,POL00000050,1,82,4,CUST0000714,2024-03-15,2025-02-28,Expired,Premium,551527.07,False
51,POL00000051,3,78,3,CUST0002136,2025-11-03,2026-10-31,Active,Standard,1817692.78,False
52,POL00000052,4,94,1,CUST0003616,2025-07-29,2026-06-30,Active,Basic,1011693.79,False
53,POL00000053,6,26,1,CUST0002507,2026-02-09,2027-01-31,Active,Premium,780992.74,False
54,POL00000054,5,39,3,CUST0001637,2024-07-10,2025-06-30,Expired,Standard,418859.76,False
55,POL00000055,2,93,2,CUST0002910,2023-11-05,2024-10-31,Expired,Standard,752635.88,False
56,POL00000056,1,30,3,CUST0003525,2025-01-20,2025-12-31,Expired,Basic,692515.6,False
57,POL00000057,3,16,1,CUST0003535,2023-08-14,2024-07-31,Expired,Standard,1570281.88,False
58,POL00000058,1,14,1,CUST0003060,2024-04-30,2025-03-31,Expired,Premium,901976.84,False
59,POL00000059,9,50,1,CUST0002972,2023-11-12,2024-10-31,Expired,Basic,9690434.03,False
60,POL00000060,4,75,1,CUST0001014,2023-09-18,2024-08-31,Expired,Standard,1457508.72,False
61,POL00000061,2,101,2,CUST0001634,2024-07-29,2025-06-30,Expired,Basic,747492.46,False
62,POL00000062,8,15,1,CUST0001059,2024-07-10,2025-06-30,Expired,Standard,5074507.55,False
63,POL00000063,1,17,3,CUST0001333,2025-10-08,2026-09-30,Active,Standard,568024.91,False
64,POL00000064,1,30,4,CUST0003552,2023-09-11,2024-08-31,Expired,Standard,696034.28,False
65,POL00000065,4,44,2,CUST0000587,2023-11-06,2024-10-31,Expired,Standard,1640692.64,False
66,POL00000066,4,20,1,CUST0001013,2023-12-08,2024-11-30,Expired,Premium,1110087.71,False
67,POL00000067,5,117,2,CUST0003268,2024-07-25,2025-06-30,Expired,Premium,636407.75,False
68,POL00000068,3,89,1,CUST0003683,2025-09-16,2026-08-31,Cancelled,Standard,1884179.88,True
69,POL00000069,5,77,3,CUST0003016,2025-08-12,2026-07-31,Active,Standard,573654.78,False
70,POL00000070,10,1,1,CUST0000249,2025-11-03,2026-10-31,Active,Basic,2285195.94,False
71,POL00000071,2,78,4,CUST0000292,2024-05-07,2025-04-30,Expired,Standard,615882.71,False
72,POL00000072,9,57,2,CUST0000709,2024-12-23,2025-11-30,Expired,Basic,7610571.61,False
73,POL00000073,8,34,3,CUST0002859,2026-02-22,2027-01-31,Active,Standard,6816374.6,False
74,POL00000074,6,44,2,CUST0002248,2025-11-18,2026-10-31,Active,Premium,794808.55,False
75,POL00000075,5,84,2,CUST0000526,2024-08-01,2025-07-31,Expired,Basic,583621.47,False
76,POL00000076,5,79,1,CUST0001307,2025-11-12,2026-10-31,Active,Premium,436338.13,False
77,POL00000077,5,105,1,CUST0002967,2024-03-25,2025-02-28,Expired,Standard,668614.42,False
78,POL00000078,4,25,3,CUST0003812,2025-07-19,2026-06-30,Active,Standard,1109212.58,False
79,POL00000079,10,53,2,CUST0001451,2025-04-29,2026-03-31,Expired,Premium,2254318.42,False
80,POL00000080,9,54,4,CUST0001289,2024-05-15,2025-04-30,Expired,Standard,7004084.15,False
81,POL00000081,1,115,4,CUST0000933,2025-12-17,2026-11-30,Active,Standard,802923.59,False
82,POL00000082,3,92,2,CUST0000961,2025-05-13,2026-04-30,Expired,Standard,1665259.44,False
83,POL00000083,3,79,1,CUST0001818,2025-09-03,2026-08-31,Active,Basic,1402936.47,False
84,POL00000084,7,96,1,CUST0003098,2025-05-13,2026-04-30,Expired,Premium,333925.43,False
85,POL00000085,1,49,2,CUST0002355,2025-02-24,2027-01-31,Active,Basic,517788.87,False
86,POL00000086,1,95,4,CUST0002654,2024-02-04,2025-01-31,Expired,Basic,647690.4,False
87,POL00000087,4,36,2,CUST0000424,2025-04-30,2026-03-31,Expired,Premium,1273825.9,False
88,POL00000088,6,12,4,CUST0001274,2024-05-08,2025-04-30,Expired,Basic,936468.08,False
89,POL00000089,2,82,3,CUST0002858,2025-09-19,2026-08-31,Active,Standard,673296.0,False
90,POL00000090,3,97,4,CUST0000576,2024-03-17,2025-02-28,Expired,Basic,1610532.01,False
91,POL00000091,1,28,1,CUST0002987,2023-07-01,2024-06-30,Expired,Basic,751777.21,False
92,POL00000092,1,99,1,CUST0003444,2023-09-02,2024-08-31,Expired,Premium,497204.02,False
93,POL00000093,2,71,3,CUST0001237,2024-03-08,2025-02-28,Expired,Standard,563901.66,False
94,POL00000094,1,45,1,CUST0003006,2025-03-24,2026-02-28,Expired,Basic,534782.66,False
95,POL00000095,7,84,2,CUST0000735,2026-02-20,2027-01-31,Active,Standard,390017.09,False
96,POL00000096,10,106,4,CUST0000770,2024-09-16,2025-08-31,Expired,Standard,2428615.18,False
97,POL00000097,4,47,2,CUST0001489,2025-09-15,2026-08-31,Cancelled,Basic,1345309.1,True
98,POL00000098,1,59,2,CUST0003032,2024-03-09,2025-02-28,Expired,Standard,578167.03,False
99,POL00000099,4,55,2,CUST0002393,2024-12-31,2025-11-30,Expired,Basic,1018312.8,False
100,POL00000100,5,108,1,CUST0003562,2025-09-26,2026-08-31,Active,Premium,370820.34,False
101,POL00000101,1,56,3,CUST0000419,2024-01-07,2024-12-31,Expired,Basic,549178.25,False
102,POL00000102,1,51,1,CUST0003442,2025-03-27,2026-02-28,Expired,Basic,617603.18,False
103,POL00000103,1,51,3,CUST0000204,2024-01-17,2024-12-31,Expired,Basic,503868.35,False
104,POL00000104,5,14,1,CUST0003410,2024-01-11,2024-12-31,Expired,Standard,698837.02,False
105,POL00000105,1,8,2,CUST0003206,2024-05-11,2026-04-30,Expired,Premium,532505.24,False
106,POL00000106,3,118,2,CUST0003884,2024-04-08,2025-03-31,Expired,Standard,1184455.24,False
107,POL00000107,2,118,1,CUST0001759,2023-10-09,2024-09-30,Expired,Standard,542337.71,False
108,POL00000108,5,52,4,CUST0003732,2025-08-21,2026-07-31,Active,Standard,548776.98,False
109,POL00000109,3,43,3,CUST0001223,2024-12-22,2025-11-30,Expired,Standard,1149371.76,False
110,POL00000110,6,20,2,CUST0000859,2025-10-19,2026-09-30,Active,Standard,1023002.33,False
111,POL00000111,9,13,3,CUST0003686,2025-04-13,2026-03-31,Expired,Standard,10100477.1,False
112,POL00000112,1,70,1,CUST0002722,2025-12-29,2026-11-30,Cancelled,Standard,842726.13,True
113,POL00000113,3,55,2,CUST0003404,2023-07-06,2024-06-30,Expired,Premium,1441713.62,False
114,POL00000114,1,68,1,CUST0003100,2024-08-27,2025-07-31,Expired,Premium,893428.86,False
115,POL00000115,8,112,1,CUST0002022,2025-01-30,2025-12-31,Expired,Basic,6338370.16,False
116,POL00000116,4,58,4,CUST0002429,2025-06-11,2026-05-31,Expired,Standard,939455.23,False
117,POL00000117,6,9,4,CUST0002026,2024-04-03,2025-03-31,Expired,Basic,851456.17,False
118,POL00000118,5,56,1,CUST0002674,2025-03-02,2026-02-28,Expired,Basic,511604.52,False
119,POL00000119,4,54,1,CUST0000795,2023-11-14,2024-10-31,Expired,Basic,1635748.63,False
120,POL00000120,7,49,4,CUST0000323,2024-02-25,2025-01-31,Expired,Standard,400127.31,False
121,POL00000121,3,25,1,CUST0002181,2024-12-03,2026-11-30,Active,Basic,1791086.85,False
122,POL00000122,8,37,1,CUST0003744,2024-04-29,2025-03-31,Expired,Basic,6421476.83,False
123,POL00000123,1,9,2,CUST0000689,2025-12-09,2026-11-30,Active,Standard,483718.31,False
124,POL00000124,2,117,1,CUST0001145,2024-11-12,2026-10-31,Active,Premium,657519.9,False
125,POL00000125,7,75,4,CUST0001553,2025-09-29,2027-08-31,Active,Standard,432789.19,False
126,POL00000126,8,66,4,CUST0002820,2024-08-30,2025-07-31,Expired,Standard,4765596.6,False
127,POL00000127,2,87,1,CUST0000348,2023-09-14,2024-08-31,Expired,Premium,620705.09,False
128,POL00000128,1,5,1,CUST0003903,2024-04-01,2025-03-31,Expired,Premium,899622.69,False
129,POL00000129,1,43,1,CUST0001044,2023-11-27,2024-10-31,Expired,Standard,870164.2,False
130,POL00000130,5,65,1,CUST0003203,2024-11-06,2025-10-31,Expired,Premium,471765.27,False
131,POL00000131,1,49,1,CUST0001693,2024-08-30,2026-07-31,Active,Standard,700916.89,False
132,POL00000132,2,22,3,CUST0002692,2023-12-17,2024-11-30,Expired,Standard,450016.12,False
133,POL00000133,9,99,1,CUST0001108,2023-10-13,2024-09-30,Expired,Standard,7542504.32,False
134,POL00000134,3,120,2,CUST0001688,2025-12-15,2026-11-30,Active,Basic,1719489.43,False
135,POL00000135,1,3,4,CUST0002879,2024-09-30,2025-08-31,Expired,Basic,829107.16,False
136,POL00000136,6,78,2,CUST0002552,2024-09-17,2025-08-31,Expired,Standard,931016.57,False
137,POL00000137,5,85,4,CUST0001960,2024-06-26,2025-05-31,Expired,Standard,607800.58,False
138,POL00000138,1,56,3,CUST0000525,2024-06-05,2025-05-31,Expired,Standard,862082.99,False
139,POL00000139,1,12,1,CUST0000757,2026-01-18,2026-12-31,Active,Standard,695873.07,False
140,POL00000140,6,106,3,CUST0000701,2025-09-23,2026-08-31,Active,Basic,713120.63,False
141,POL00000141,2,85,1,CUST0002327,2024-12-18,2025-11-30,Expired,Standard,686151.31,False
142,POL00000142,7,90,2,CUST0003283,2024-09-01,2025-08-31,Expired,Basic,410895.67,False
143,POL00000143,2,110,1,CUST0002804,2025-07-02,2026-06-30,Active,Basic,553946.36,False
144,POL00000144,2,37,1,CUST0003053,2024-12-07,2026-11-30,Active,Standard,718861.33,False
145,POL00000145,10,53,3,CUST0002842,2025-11-14,2027-10-31,Active,Standard,1513615.6,False
146,POL00000146,3,2,2,CUST0001630,2024-10-22,2025-09-30,Expired,Premium,1164089.96,False
147,POL00000147,1,9,3,CUST0000513,2025-10-04,2027-09-30,Active,Premium,598028.31,False
148,POL00000148,1,49,3,CUST0003756,2025-03-05,2026-02-28,Expired,Standard,532258.99,False
149,POL00000149,1,76,1,CUST0002960,2026-01-11,2026-12-31,Active,Standard,542324.13,False
150,POL00000150,7,22,1,CUST0003654,2025-12-15,2026-11-30,Active,Premium,345871.79,False
151,POL00000151,1,68,4,CUST0002434,2024-03-14,2025-02-28,Expired,Standard,807984.94,False
152,POL00000152,2,93,4,CUST0000853,2025-09-28,2026-08-31,Active,Premium,399878.06,False
153,POL00000153,1,88,2,CUST0000947,2025-08-28,2026-07-31,Active,Standard,624052.16,False
154,POL00000154,1,23,2,CUST0001918,2024-08-28,2025-07-31,Expired,Standard,902259.16,False
155,POL00000155,3,30,2,CUST0001657,2025-12-17,2026-11-30,Active,Standard,1152677.4,False
156,POL00000156,1,57,1,CUST0001856,2024-07-28,2025-06-30,Expired,Premium,820237.88,False
157,POL00000157,1,15,1,CUST0001612,2024-03-05,2025-02-28,Expired,Standard,557233.71,False
158,POL00000158,2,102,1,CUST0000648,2023-09-21,2024-08-31,Expired,Basic,738197.3,False
159,POL00000159,8,9,4,CUST0002151,2024-02-07,2025-01-31,Expired,Standard,5666207.33,False
160,POL00000160,1,92,3,CUST0003755,2023-12-03,2024-11-30,Expired,Premium,694993.22,False
161,POL00000161,6,20,4,CUST0002690,2025-06-30,2026-05-31,Expired,Basic,841609.96,False
162,POL00000162,5,61,2,CUST0003148,2025-09-19,2027-08-31,Active,Standard,587290.15,False
163,POL00000163,4,41,1,CUST0001570,2025-08-14,2027-07-31,Active,Premium,1666715.62,False
164,POL00000164,5,43,2,CUST0003947,2023-09-08,2024-08-31,Expired,Premium,449417.96,False
165,POL00000165,6,74,2,CUST0000942,2026-02-10,2027-01-31,Active,Standard,748639.66,False
166,POL00000166,5,73,4,CUST0000098,2026-01-10,2026-12-31,Active,Standard,523461.78,False
167,POL00000167,1,99,2,CUST0001440,2025-10-21,2026-09-30,Active,Premium,478150.73,False
168,POL00000168,1,90,4,CUST0002985,2024-02-03,2025-01-31,Expired,Standard,809567.82,False
169,POL00000169,1,49,1,CUST0003713,2023-07-27,2025-06-30,Expired,Standard,793517.6,False
170,POL00000170,3,64,2,CUST0002562,2023-08-29,2024-07-31,Expired,Premium,1417041.79,False
171,POL00000171,4,32,1,CUST0001164,2026-02-03,2028-01-31,Active,Standard,982073.15,False
172,POL00000172,1,26,1,CUST0000286,2024-07-05,2026-06-30,Active,Basic,831400.84,False
173,POL00000173,5,5,3,CUST0001659,2025-03-07,2026-02-28,Expired,Standard,599462.39,False
174,POL00000174,2,54,2,CUST0000679,2023-09-05,2024-08-31,Expired,Basic,479845.61,False
175,POL00000175,7,115,2,CUST0003011,2025-04-29,2026-03-31,Expired,Standard,366146.33,False
176,POL00000176,5,26,4,CUST0001181,2023-10-17,2024-09-30,Expired,Standard,567651.71,False
177,POL00000177,5,111,3,CUST0003006,2023-11-09,2024-10-31,Expired,Standard,375924.69,False
178,POL00000178,3,54,1,CUST0000890,2026-02-26,2027-01-31,Active,Basic,1921237.41,False
179,POL00000179,4,116,3,CUST0003836,2024-10-03,2025-09-30,Expired,Premium,1253122.57,False
180,POL00000180,5,64,3,CUST0000288,2023-10-26,2024-09-30,Expired,Premium,522727.3,False
181,POL00000181,3,62,4,CUST0002585,2024-09-12,2025-08-31,Expired,Basic,1050596.54,False
182,POL00000182,6,52,3,CUST0000129,2025-05-22,2026-04-30,Expired,Premium,653724.4,False
183,POL00000183,5,48,2,CUST0003778,2025-03-17,2026-02-28,Expired,Basic,667027.15,False
184,POL00000184,6,61,4,CUST0003996,2024-06-15,2025-05-31,Expired,Standard,707207.95,False
185,POL00000185,5,2,4,CUST0001290,2026-02-20,2027-01-31,Active,Premium,676526.71,False
186,POL00000186,4,25,4,CUST0001213,2024-02-05,2025-01-31,Expired,Premium,1601129.72,False
187,POL00000187,6,5,1,CUST0001651,2024-05-08,2025-04-30,Expired,Standard,916535.36,False
188,POL00000188,6,49,2,CUST0001323,2024-08-17,2025-07-31,Expired,Premium,809918.11,False
189,POL00000189,1,119,3,CUST0003568,2024-12-22,2025-11-30,Expired,Basic,753422.15,False
190,POL00000190,1,34,1,CUST0002327,2025-12-17,2026-11-30,Active,Basic,730987.68,False
191,POL00000191,3,46,2,CUST0002376,2023-09-09,2024-08-31,Expired,Basic,1237534.38,False
192,POL00000192,4,109,1,CUST0000812,2025-11-21,2026-10-31,Active,Standard,1640644.64,False
193,POL00000193,3,111,2,CUST0001929,2024-10-08,2025-09-30,Expired,Basic,1419823.12,False
194,POL00000194,1,86,2,CUST0002577,2024-12-12,2025-11-30,Expired,Premium,778826.15,False
195,POL00000195,1,75,2,CUST0000650,2025-02-08,2026-01-31,Cancelled,Basic,661976.95,True
196,POL00000196,1,50,4,CUST0003703,2025-01-04,2025-12-31,Expired,Basic,875857.93,False
197,POL00000197,9,105,1,CUST0003158,2025-07-13,2027-06-30,Active,Premium,8139198.4,False
198,POL00000198,7,10,3,CUST0002459,2025-12-31,2026-11-30,Active,Basic,487135.61,False
199,POL00000199,1,23,3,CUST0000522,2025-10-05,2026-09-30,Active,Standard,896103.66,False
200,POL00000200,2,88,1,CUST0000879,2024-07-02,2025-06-30,Expired,Standard,467868.84,False
201,POL00000201,8,24,2,CUST0000381,2025-10-08,2026-09-30,Active,Premium,4402629.03,False
202,POL00000202,10,84,1,CUST0000354,2024-09-12,2025-08-31,Expired,Basic,2065427.87,False
203,POL00000203,6,62,1,CUST0003204,2024-05-22,2025-04-30,Expired,Premium,809978.12,False
204,POL00000204,5,115,1,CUST0003541,2024-06-09,2025-05-31,Expired,Basic,590636.88,False
205,POL00000205,1,55,1,CUST0001703,2023-11-14,2024-10-31,Expired,Standard,582234.53,False
206,POL00000206,5,4,2,CUST0002606,2024-05-16,2025-04-30,Cancelled,Basic,509791.56,True
207,POL00000207,2,1,3,CUST0003027,2024-07-03,2025-06-30,Expired,Basic,583326.35,False
208,POL00000208,3,42,1,CUST0003132,2023-10-03,2025-09-30,Cancelled,Standard,1852036.27,True
209,POL00000209,2,61,3,CUST0003840,2025-03-08,2027-02-28,Active,Basic,556301.04,False
210,POL00000210,1,66,2,CUST0003951,2023-09-28,2024-08-31,Expired,Premium,602375.07,False
211,POL00000211,3,35,4,CUST0003155,2024-10-06,2025-09-30,Cancelled,Premium,1329099.88,True
212,POL00000212,1,61,2,CUST0003721,2023-07-09,2024-06-30,Expired,Standard,684568.08,False
213,POL00000213,8,16,2,CUST0000908,2024-03-29,2025-02-28,Expired,Standard,6917844.73,False
214,POL00000214,2,23,1,CUST0001568,2024-07-28,2025-06-30,Expired,Basic,644802.91,False
215,POL00000215,1,49,2,CUST0000223,2024-06-05,2025-05-31,Expired,Standard,842943.34,False
216,POL00000216,1,69,4,CUST0001371,2024-08-22,2025-07-31,Expired,Basic,563502.23,False
217,POL00000217,6,36,1,CUST0002741,2025-08-25,2027-07-31,Active,Standard,959608.5,False
218,POL00000218,2,120,1,CUST0002077,2023-10-17,2024-09-30,Expired,Standard,390438.02,False
219,POL00000219,9,32,1,CUST0001410,2023-08-08,2024-07-31,Expired,Standard,5422252.5,False
220,POL00000220,1,34,2,CUST0001541,2024-08-11,2025-07-31,Expired,Basic,466468.25,False
221,POL00000221,1,72,3,CUST0000134,2026-02-21,2028-01-31,Active,Standard,598134.61,False
222,POL00000222,6,93,4,CUST0003583,2024-10-09,2025-09-30,Expired,Premium,732737.39,False
223,POL00000223,9,112,1,CUST0002676,2026-02-24,2027-01-31,Active,Standard,5429441.91,False
224,POL00000224,6,93,3,CUST0003428,2024-11-18,2025-10-31,Expired,Standard,583776.45,False
225,POL00000225,3,117,1,CUST0003668,2024-07-17,2025-06-30,Expired,Standard,1988430.29,False
226,POL00000226,2,52,2,CUST0001671,2023-08-20,2024-07-31,Expired,Basic,520493.03,False
227,POL00000227,4,58,2,CUST0002314,2025-09-11,2026-08-31,Active,Standard,1652778.14,False
228,POL00000228,1,101,2,CUST0000680,2024-12-26,2025-11-30,Expired,Standard,877967.53,False
229,POL00000229,1,46,2,CUST0002036,2025-06-03,2026-05-31,Expired,Premium,485724.93,False
230,POL00000230,1,62,3,CUST0000475,2024-07-04,2026-06-30,Active,Basic,602085.98,False
231,POL00000231,5,59,3,CUST0001258,2024-09-04,2025-08-31,Expired,Premium,509373.24,False
232,POL00000232,3,105,4,CUST0000352,2025-12-14,2026-11-30,Active,Premium,1380453.32,False
233,POL00000233,2,89,2,CUST0002450,2024-08-09,2025-07-31,Expired,Standard,656529.88,False
234,POL00000234,1,9,3,CUST0001357,2023-10-08,2024-09-30,Expired,Premium,795574.08,False
235,POL00000235,8,103,1,CUST0001876,2024-05-08,2025-04-30,Expired,Standard,3712207.6,False
236,POL00000236,1,45,2,CUST0000788,2023-12-31,2024-11-30,Expired,Standard,612149.44,False
237,POL00000237,4,3,3,CUST0003648,2024-07-04,2025-06-30,Expired,Standard,1604229.96,False
238,POL00000238,1,96,2,CUST0002794,2026-02-20,2028-01-31,Active,Basic,710714.17,False
239,POL00000239,1,4,3,CUST0001786,2024-11-06,2025-10-31,Expired,Standard,733659.89,False
240,POL00000240,7,91,4,CUST0000146,2023-08-13,2024-07-31,Expired,Premium,461551.35,False
241,POL00000241,3,108,1,CUST0002846,2024-05-26,2025-04-30,Expired,Basic,1982430.2,False
242,POL00000242,1,92,1,CUST0003889,2024-01-06,2024-12-31,Expired,Standard,591101.94,False
243,POL00000243,1,75,3,CUST0000844,2023-08-12,2024-07-31,Expired,Premium,799208.89,False
244,POL00000244,3,57,2,CUST0001299,2023-09-29,2024-08-31,Expired,Standard,1993026.08,False
245,POL00000245,10,48,1,CUST0000405,2024-07-10,2025-06-30,Expired,Standard,1644351.98,False
246,POL00000246,3,92,4,CUST0000131,2025-09-29,2026-08-31,Active,Basic,1325866.08,False
247,POL00000247,10,15,1,CUST0001251,2024-01-10,2024-12-31,Expired,Standard,1927429.39,False
248,POL00000248,1,100,2,CUST0002760,2023-10-02,2024-09-30,Expired,Standard,486458.67,False
249,POL00000249,1,63,1,CUST0002831,2025-06-09,2026-05-31,Expired,Basic,847459.25,False
250,POL00000250,1,101,1,CUST0000226,2025-11-13,2026-10-31,Active,Standard,648941.11,False
251,POL00000251,6,4,2,CUST0001163,2024-10-31,2026-09-30,Active,Premium,588979.86,False
252,POL00000252,8,58,3,CUST0002741,2025-12-12,2026-11-30,Active,Standard,5325051.24,False
253,POL00000253,3,84,2,CUST0000848,2024-04-23,2025-03-31,Expired,Basic,1965709.52,False
254,POL00000254,1,73,3,CUST0003391,2026-01-28,2026-12-31,Active,Basic,476498.9,False
255,POL00000255,6,33,4,CUST0003378,2023-08-13,2024-07-31,Expired,Standard,983402.16,False
256,POL00000256,1,44,3,CUST0003965,2024-01-09,2024-12-31,Expired,Basic,707641.31,False
257,POL00000257,5,84,3,CUST0002985,2025-07-04,2026-06-30,Active,Basic,544557.09,False
258,POL00000258,2,36,4,CUST0002728,2024-12-07,2026-11-30,Active,Standard,572539.44,False
259,POL00000259,1,118,1,CUST0003005,2024-11-26,2025-10-31,Expired,Basic,545081.24,False
260,POL00000260,1,92,4,CUST0002903,2025-12-22,2026-11-30,Active,Standard,799593.99,False
261,POL00000261,7,106,3,CUST0000763,2025-01-22,2025-12-31,Expired,Premium,444506.1,False
262,POL00000262,3,80,3,CUST0003991,2024-07-05,2025-06-30,Expired,Standard,1555444.17,False
263,POL00000263,4,58,1,CUST0000757,2024-07-29,2025-06-30,Expired,Standard,1444981.46,False
264,POL00000264,6,77,3,CUST0002151,2026-01-09,2026-12-31,Active,Standard,855343.88,False
265,POL00000265,8,40,3,CUST0001520,2023-09-27,2024-08-31,Expired,Standard,6396042.98,False
266,POL00000266,5,72,2,CUST0001786,2025-06-08,2026-05-31,Expired,Standard,478881.34,False
267,POL00000267,1,46,1,CUST0003779,2024-01-05,2024-12-31,Expired,Standard,561852.27,False
268,POL00000268,2,13,3,CUST0001534,2025-10-12,2026-09-30,Active,Basic,619334.0,False
269,POL00000269,9,24,2,CUST0002570,2023-08-19,2025-07-31,Expired,Standard,8149328.88,False
270,POL00000270,7,26,2,CUST0000136,2024-01-09,2024-12-31,Expired,Premium,357615.48,False
271,POL00000271,1,80,4,CUST0003489,2025-12-30,2026-11-30,Active,Standard,645993.24,False
272,POL00000272,1,15,1,CUST0003347,2024-05-05,2025-04-30,Expired,Standard,552884.7,False
273,POL00000273,1,97,2,CUST0000199,2024-06-23,2025-05-31,Expired,Basic,870612.32,False
274,POL00000274,7,109,3,CUST0002481,2024-12-06,2025-11-30,Expired,Basic,548265.92,False
275,POL00000275,5,18,3,CUST0002079,2024-07-02,2025-06-30,Expired,Standard,502946.25,False
276,POL00000276,1,41,2,CUST0001502,2025-11-12,2027-10-31,Active,Standard,588752.01,False
277,POL00000277,4,14,2,CUST0000954,2025-03-19,2027-02-28,Active,Standard,861033.77,False
278,POL00000278,3,32,1,CUST0002471,2025-09-03,2026-08-31,Active,Standard,1684141.9,False
279,POL00000279,2,88,1,CUST0002562,2023-10-06,2024-09-30,Expired,Basic,599669.65,False
280,POL00000280,7,91,2,CUST0002480,2023-12-02,2024-11-30,Expired,Basic,539331.01,False
281,POL00000281,1,43,4,CUST0000819,2023-09-13,2024-08-31,Cancelled,Standard,607133.45,True
282,POL00000282,3,20,2,CUST0003071,2025-10-11,2026-09-30,Active,Basic,1360160.33,False
283,POL00000283,9,45,1,CUST0002090,2024-07-31,2026-06-30,Active,Standard,8753833.66,False
284,POL00000284,6,55,1,CUST0000577,2023-10-08,2024-09-30,Expired,Standard,756684.84,False
285,POL00000285,8,64,3,CUST0001506,2024-10-23,2025-09-30,Expired,Standard,4191187.18,False
286,POL00000286,7,104,4,CUST0003510,2024-06-07,2026-05-31,Expired,Premium,439939.69,False
287,POL00000287,3,42,2,CUST0003334,2024-05-30,2025-04-30,Expired,Basic,1571393.14,False
288,POL00000288,5,107,2,CUST0001715,2023-12-28,2024-11-30,Expired,Premium,419434.04,False
289,POL00000289,6,120,3,CUST0003690,2025-01-11,2025-12-31,Expired,Premium,968469.86,False
290,POL00000290,5,96,4,CUST0003973,2023-09-04,2024-08-31,Expired,Standard,508504.56,False
291,POL00000291,9,50,2,CUST0003650,2025-01-02,2025-12-31,Expired,Premium,7331901.79,False
292,POL00000292,1,48,2,CUST0003224,2024-12-30,2025-11-30,Expired,Standard,667609.38,False
293,POL00000293,5,35,2,CUST0003136,2024-07-23,2025-06-30,Expired,Standard,515250.56,False
294,POL00000294,6,99,2,CUST0003203,2025-03-29,2026-02-28,Expired,Standard,719774.72,False
295,POL00000295,6,90,1,CUST0000243,2025-04-15,2026-03-31,Expired,Premium,773532.22,False
296,POL00000296,10,106,4,CUST0000664,2023-12-22,2024-11-30,Cancelled,Standard,2619026.72,True
297,POL00000297,5,3,2,CUST0001245,2024-07-13,2025-06-30,Expired,Standard,662369.52,False
298,POL00000298,1,28,3,CUST0003888,2025-08-20,2026-07-31,Active,Basic,846556.42,False
299,POL00000299,1,64,2,CUST0001007,2026-02-21,2027-01-31,Active,Standard,822388.56,False
300,POL00000300,3,43,1,CUST0002964,2024-03-05,2025-02-28,Expired,Standard,1987550.25,False
301,POL00000301,1,24,1,CUST0000229,2024-12-23,2025-11-30,Expired,Standard,537593.01,False
302,POL00000302,6,64,3,CUST0000373,2026-02-20,2027-01-31,Active,Standard,761916.46,False
303,POL00000303,6,93,1,CUST0002131,2023-12-29,2024-11-30,Cancelled,Basic,965446.86,True
304,POL00000304,1,101,4,CUST0003191,2024-07-30,2025-06-30,Expired,Standard,693917.42,False
305,POL00000305,5,74,4,CUST0000355,2023-10-07,2024-09-30,Expired,Premium,505842.91,False
306,POL00000306,7,82,4,CUST0000648,2024-04-03,2025-03-31,Expired,Basic,491145.36,False
307,POL00000307,2,67,3,CUST0000371,2024-11-13,2025-10-31,Expired,Basic,424779.3,False
308,POL00000308,2,77,1,CUST0002768,2025-07-12,2026-06-30,Active,Premium,533384.48,False
309,POL00000309,7,56,1,CUST0003402,2025-06-21,2027-05-31,Active,Standard,455494.5,False
310,POL00000310,5,43,3,CUST0003993,2024-05-24,2025-04-30,Expired,Standard,391658.45,False
311,POL00000311,1,69,2,CUST0000832,2025-06-12,2026-05-31,Expired,Basic,852324.17,False
312,POL00000312,1,84,1,CUST0002235,2024-10-07,2025-09-30,Expired,Standard,875107.22,False
313,POL00000313,2,74,3,CUST0000981,2023-08-22,2025-07-31,Expired,Standard,564106.8,False
314,POL00000314,7,27,3,CUST0000888,2023-11-04,2024-10-31,Expired,Premium,471476.51,False
315,POL00000315,5,60,3,CUST0002176,2024-03-20,2025-02-28,Cancelled,Standard,501549.38,True
316,POL00000316,1,53,1,CUST0002352,2024-06-26,2025-05-31,Expired,Standard,626293.59,False
317,POL00000317,2,38,2,CUST0003829,2025-09-02,2026-08-31,Active,Premium,639434.26,False
318,POL00000318,6,52,2,CUST0001658,2026-02-10,2027-01-31,Active,Basic,792317.12,False
319,POL00000319,1,79,2,CUST0000068,2024-12-25,2026-11-30,Cancelled,Standard,663269.51,True
320,POL00000320,1,3,1,CUST0000868,2025-11-05,2026-10-31,Active,Standard,455450.45,False
321,POL00000321,1,38,1,CUST0001971,2024-12-17,2025-11-30,Expired,Basic,466024.36,False
322,POL00000322,1,113,1,CUST0000587,2024-01-05,2025-12-31,Expired,Standard,903947.68,False
323,POL00000323,1,49,4,CUST0001230,2024-01-15,2024-12-31,Expired,Standard,878715.71,False
324,POL00000324,10,18,2,CUST0002596,2025-04-11,2027-03-31,Cancelled,Premium,2194935.94,True
325,POL00000325,6,63,1,CUST0001021,2024-12-02,2025-11-30,Expired,Basic,696706.68,False
326,POL00000326,1,103,3,CUST0003998,2025-07-28,2026-06-30,Active,Standard,482295.83,False
327,POL00000327,5,50,3,CUST0003653,2025-01-24,2025-12-31,Expired,Standard,422673.01,False
328,POL00000328,8,68,3,CUST0001888,2025-08-06,2026-07-31,Active,Basic,3539153.64,False
329,POL00000329,10,16,1,CUST0002155,2025-09-02,2026-08-31,Active,Standard,1854167.93,False
330,POL00000330,9,96,4,CUST0000615,2025-12-23,2026-11-30,Active,Premium,7968862.52,False
331,POL00000331,2,63,1,CUST0003647,2023-07-12,2024-06-30,Expired,Standard,758370.58,False
332,POL00000332,5,13,1,CUST0002172,2025-12-20,2026-11-30,Active,Standard,414161.36,False
333,POL00000333,3,31,3,CUST0002721,2023-11-02,2025-10-31,Expired,Premium,1736600.7,False
334,POL00000334,6,86,4,CUST0002455,2023-12-18,2024-11-30,Expired,Standard,597157.57,False
335,POL00000335,1,116,1,CUST0000561,2024-12-17,2025-11-30,Expired,Standard,828955.73,False
336,POL00000336,4,38,2,CUST0001892,2023-08-18,2024-07-31,Expired,Premium,922387.05,False
337,POL00000337,7,57,3,CUST0002137,2024-02-24,2025-01-31,Expired,Standard,445195.86,False
338,POL00000338,1,14,3,CUST0001172,2024-03-08,2025-02-28,Expired,Standard,581765.75,False
339,POL00000339,6,30,4,CUST0002371,2023-09-28,2024-08-31,Expired,Standard,975706.29,False
340,POL00000340,4,57,2,CUST0000566,2024-08-08,2025-07-31,Expired,Standard,1157510.49,False
341,POL00000341,6,45,1,CUST0003646,2024-03-04,2025-02-28,Expired,Standard,905960.12,False
342,POL00000342,1,1,3,CUST0001519,2025-11-22,2027-10-31,Active,Standard,796029.31,False
343,POL00000343,10,38,2,CUST0003300,2025-03-18,2027-02-28,Active,Premium,1536562.59,False
344,POL00000344,6,78,3,CUST0001983,2025-10-21,2026-09-30,Active,Basic,711143.63,False
345,POL00000345,5,17,2,CUST0002605,2024-02-24,2025-01-31,Expired,Standard,493395.38,False
346,POL00000346,6,22,2,CUST0000066,2024-05-04,2026-04-30,Expired,Standard,1046691.45,False
347,POL00000347,8,1,2,CUST0000999,2025-02-15,2026-01-31,Expired,Basic,3898675.39,False
348,POL00000348,6,80,3,CUST0001266,2024-12-08,2025-11-30,Expired,Standard,1074688.79,False
349,POL00000349,8,22,4,CUST0001286,2025-10-07,2027-09-30,Active,Basic,3792467.11,False
350,POL00000350,1,47,1,CUST0003813,2025-12-31,2026-11-30,Active,Standard,746630.28,False
351,POL00000351,5,86,2,CUST0001504,2025-03-22,2026-02-28,Expired,Standard,439315.28,False
352,POL00000352,5,86,2,CUST0002530,2024-10-06,2025-09-30,Expired,Standard,445492.59,False
353,POL00000353,1,97,2,CUST0001013,2024-05-18,2025-04-30,Expired,Basic,701491.05,False
354,POL00000354,5,16,4,CUST0001708,2023-10-30,2025-09-30,Expired,Basic,602479.11,False
355,POL00000355,6,68,4,CUST0001865,2023-08-25,2024-07-31,Expired,Standard,656893.4,False
356,POL00000356,1,120,4,CUST0002558,2024-07-30,2025-06-30,Expired,Premium,538625.39,False
357,POL00000357,1,37,3,CUST0003410,2024-06-10,2025-05-31,Expired,Standard,486956.18,False
358,POL00000358,9,7,2,CUST0003929,2025-07-26,2027-06-30,Active,Standard,8404225.67,False
359,POL00000359,5,8,1,CUST0000696,2023-12-31,2024-11-30,Expired,Premium,585194.59,False
360,POL00000360,10,86,3,CUST0000161,2024-05-28,2025-04-30,Expired,Basic,2110127.85,False
361,POL00000361,9,98,1,CUST0000585,2024-10-22,2025-09-30,Cancelled,Basic,9066807.26,True
362,POL00000362,1,104,1,CUST0000781,2024-04-09,2025-03-31,Expired,Standard,749784.25,False
363,POL00000363,2,70,2,CUST0003252,2023-09-30,2024-08-31,Expired,Standard,740254.55,False
364,POL00000364,5,111,4,CUST0001667,2025-10-04,2026-09-30,Active,Basic,383373.71,False
365,POL00000365,2,117,3,CUST0002444,2025-08-09,2026-07-31,Active,Standard,521598.74,False
366,POL00000366,2,2,2,CUST0001097,2025-09-22,2026-08-31,Active,Standard,438516.96,False
367,POL00000367,7,56,3,CUST0000528,2024-01-06,2024-12-31,Expired,Standard,311394.49,False
368,POL00000368,1,63,1,CUST0000531,2023-07-16,2025-06-30,Expired,Standard,601546.68,False
369,POL00000369,8,86,2,CUST0001127,2025-12-13,2026-11-30,Active,Standard,4709379.47,False
370,POL00000370,8,97,2,CUST0003886,2023-10-27,2024-09-30,Expired,Standard,3630586.02,False
371,POL00000371,7,98,1,CUST0001192,2024-04-27,2025-03-31,Cancelled,Basic,474912.58,True
372,POL00000372,3,9,2,CUST0000913,2023-09-01,2024-08-31,Expired,Premium,1197188.73,False
373,POL00000373,9,21,3,CUST0001666,2025-03-17,2026-02-28,Expired,Premium,7788210.42,False
374,POL00000374,2,65,1,CUST0002659,2025-03-11,2026-02-28,Expired,Basic,458429.96,False
375,POL00000375,5,17,3,CUST0002915,2024-08-14,2025-07-31,Expired,Standard,602160.7,False
376,POL00000376,3,70,2,CUST0003866,2023-07-10,2024-06-30,Expired,Standard,1077803.06,False
377,POL00000377,9,54,2,CUST0000824,2024-03-06,2026-02-28,Expired,Basic,5574898.75,False
378,POL00000378,5,4,1,CUST0003734,2023-10-22,2025-09-30,Expired,Standard,452163.04,False
379,POL00000379,1,105,3,CUST0003190,2023-10-08,2024-09-30,Expired,Basic,652486.21,False
380,POL00000380,7,85,3,CUST0003388,2024-01-12,2024-12-31,Expired,Standard,342450.12,False
381,POL00000381,9,84,1,CUST0002251,2023-07-26,2024-06-30,Expired,Standard,8004504.42,False
382,POL00000382,2,106,2,CUST0001361,2023-12-30,2024-11-30,Expired,Basic,578653.17,False
383,POL00000383,5,17,3,CUST0003579,2025-01-25,2025-12-31,Expired,Basic,390634.76,False
384,POL00000384,2,5,2,CUST0001426,2024-04-18,2025-03-31,Expired,Standard,641780.43,False
385,POL00000385,2,34,2,CUST0001317,2025-01-21,2025-12-31,Expired,Standard,652207.33,False
386,POL00000386,1,78,2,CUST0003571,2023-07-03,2024-06-30,Expired,Basic,685798.13,False
387,POL00000387,3,80,1,CUST0001931,2025-12-09,2026-11-30,Active,Standard,1959589.56,False
388,POL00000388,4,111,1,CUST0002741,2024-12-29,2025-11-30,Expired,Standard,1065551.46,False
389,POL00000389,1,29,3,CUST0002919,2026-02-04,2027-01-31,Active,Premium,489025.6,False
390,POL00000390,5,14,3,CUST0000276,2025-10-08,2026-09-30,Active,Premium,657296.81,False
391,POL00000391,7,45,2,CUST0002161,2024-03-02,2025-02-28,Expired,Standard,317513.62,False
392,POL00000392,1,62,1,CUST0000929,2025-02-21,2026-01-31,Expired,Basic,841879.08,False
393,POL00000393,8,33,2,CUST0003490,2025-04-03,2026-03-31,Expired,Standard,3802258.86,False
394,POL00000394,9,106,4,CUST0002251,2025-06-09,2026-05-31,Expired,Basic,5648728.92,False
395,POL00000395,4,54,2,CUST0000189,2024-05-10,2025-04-30,Expired,Standard,997801.18,False
396,POL00000396,2,5,4,CUST0001347,2023-11-22,2024-10-31,Expired,Standard,701331.68,False
397,POL00000397,5,77,2,CUST0000796,2023-07-01,2024-06-30,Expired,Standard,678147.84,False
398,POL00000398,1,109,3,CUST0001805,2024-03-08,2025-02-28,Cancelled,Standard,796852.32,True
399,POL00000399,6,47,3,CUST0003175,2024-04-19,2025-03-31,Expired,Standard,810390.31,False
400,POL00000400,3,67,2,CUST0001730,2025-05-02,2026-04-30,Expired,Premium,1642511.02,False
401,POL00000401,3,10,3,CUST0001223,2025-09-25,2026-08-31,Active,Standard,1760213.47,False
402,POL00000402,1,90,2,CUST0002354,2024-04-12,2025-03-31,Expired,Standard,513757.03,False
403,POL00000403,7,90,3,CUST0001541,2025-07-09,2026-06-30,Active,Standard,439742.56,False
404,POL00000404,5,1,3,CUST0002269,2023-07-29,2024-06-30,Expired,Standard,447325.91,False
405,POL00000405,9,15,3,CUST0003396,2026-02-18,2028-01-31,Active,Standard,8449504.18,False
406,POL00000406,4,21,3,CUST0002084,2024-11-26,2025-10-31,Expired,Standard,1265010.11,False
407,POL00000407,3,112,1,CUST0000105,2023-11-27,2024-10-31,Expired,Basic,1067315.82,False
408,POL00000408,1,57,3,CUST0003182,2024-04-16,2025-03-31,Expired,Basic,593130.11,False
409,POL00000409,8,65,2,CUST0003900,2025-11-10,2026-10-31,Active,Standard,5180280.26,False
410,POL00000410,1,120,4,CUST0003455,2024-09-21,2025-08-31,Expired,Standard,588072.81,False
411,POL00000411,6,65,2,CUST0000304,2025-12-19,2026-11-30,Active,Standard,842202.46,False
412,POL00000412,1,109,4,CUST0003249,2024-05-09,2025-04-30,Expired,Premium,594582.21,False
413,POL00000413,6,28,1,CUST0001689,2024-04-25,2025-03-31,Expired,Standard,1019258.66,False
414,POL00000414,6,31,1,CUST0003063,2023-08-14,2024-07-31,Expired,Standard,1072477.51,False
415,POL00000415,7,14,2,CUST0000920,2024-10-15,2025-09-30,Expired,Premium,371859.92,False
416,POL00000416,1,97,1,CUST0003991,2024-10-06,2025-09-30,Expired,Premium,654433.92,False
417,POL00000417,2,1,1,CUST0000989,2024-10-31,2025-09-30,Expired,Basic,440130.74,False
418,POL00000418,1,30,1,CUST0002625,2024-06-12,2025-05-31,Expired,Premium,729163.33,False
419,POL00000419,5,43,2,CUST0002914,2023-12-03,2024-11-30,Expired,Standard,447128.89,False
420,POL00000420,7,55,3,CUST0002243,2024-05-28,2025-04-30,Expired,Standard,333135.08,False
421,POL00000421,1,63,4,CUST0000293,2025-02-03,2026-01-31,Expired,Basic,829067.91,False
422,POL00000422,7,26,2,CUST0001107,2025-03-21,2026-02-28,Expired,Basic,294505.43,False
423,POL00000423,6,29,2,CUST0003643,2024-07-14,2025-06-30,Expired,Standard,677707.84,False
424,POL00000424,1,38,2,CUST0000332,2025-10-28,2026-09-30,Active,Premium,481067.29,False
425,POL00000425,1,58,4,CUST0001337,2025-11-14,2026-10-31,Active,Standard,551105.55,False
426,POL00000426,2,16,3,CUST0001440,2025-11-08,2026-10-31,Active,Standard,689409.33,False
427,POL00000427,8,112,2,CUST0003963,2025-01-08,2025-12-31,Cancelled,Standard,4098512.19,True
428,POL00000428,3,52,1,CUST0000379,2025-07-12,2026-06-30,Active,Standard,1450480.74,False
429,POL00000429,1,75,3,CUST0002371,2023-09-28,2024-08-31,Expired,Standard,591232.23,False
430,POL00000430,1,6,2,CUST0003534,2025-06-26,2026-05-31,Expired,Standard,482677.59,False
431,POL00000431,1,29,2,CUST0003831,2025-04-14,2026-03-31,Expired,Premium,800059.39,False
432,POL00000432,6,120,4,CUST0003330,2025-11-22,2026-10-31,Active,Premium,826116.13,False
433,POL00000433,5,82,2,CUST0002433,2025-10-07,2026-09-30,Active,Standard,686660.14,False
434,POL00000434,6,30,3,CUST0003746,2024-12-12,2026-11-30,Active,Standard,653683.09,False
435,POL00000435,10,58,1,CUST0000109,2025-06-06,2026-05-31,Expired,Basic,1664544.54,False
436,POL00000436,4,103,1,CUST0002869,2023-10-17,2024-09-30,Expired,Standard,1008227.5,False
437,POL00000437,1,91,2,CUST0001130,2024-09-12,2025-08-31,Expired,Standard,574052.99,False
438,POL00000438,9,34,1,CUST0003953,2023-11-25,2024-10-31,Expired,Basic,5556675.49,False
439,POL00000439,6,27,2,CUST0001603,2024-05-24,2025-04-30,Expired,Premium,1098305.89,False
440,POL00000440,7,82,3,CUST0001966,2024-06-11,2025-05-31,Expired,Standard,549313.24,False
441,POL00000441,1,34,4,CUST0002111,2025-12-26,2026-11-30,Active,Premium,891902.83,False
442,POL00000442,2,16,3,CUST0000887,2023-07-14,2024-06-30,Cancelled,Basic,601496.86,True
443,POL00000443,5,59,3,CUST0000307,2025-07-28,2026-06-30,Active,Basic,422320.44,False
444,POL00000444,1,38,1,CUST0000630,2023-08-19,2024-07-31,Expired,Premium,818166.57,False
445,POL00000445,4,106,1,CUST0000316,2024-12-31,2025-11-30,Expired,Standard,1199363.6,False
446,POL00000446,5,34,4,CUST0003075,2025-03-09,2026-02-28,Expired,Basic,603026.9,False
447,POL00000447,4,16,1,CUST0003138,2024-05-15,2026-04-30,Expired,Standard,1361574.26,False
448,POL00000448,3,50,1,CUST0001760,2023-09-15,2024-08-31,Cancelled,Standard,1347128.52,True
449,POL00000449,5,62,3,CUST0002551,2025-03-28,2026-02-28,Expired,Standard,606311.69,False
450,POL00000450,1,85,1,CUST0001697,2024-11-27,2025-10-31,Expired,Standard,729758.38,False
451,POL00000451,1,18,3,CUST0003550,2024-08-30,2025-07-31,Expired,Standard,467839.89,False
452,POL00000452,2,82,4,CUST0001297,2024-12-22,2025-11-30,Expired,Standard,564811.3,False
453,POL00000453,2,20,1,CUST0000623,2023-10-17,2024-09-30,Expired,Standard,385742.94,False
454,POL00000454,1,115,2,CUST0002870,2024-06-13,2026-05-31,Expired,Standard,898371.13,False
455,POL00000455,1,11,4,CUST0001934,2025-10-06,2027-09-30,Active,Basic,756808.45,False
456,POL00000456,4,62,4,CUST0002481,2026-01-12,2026-12-31,Active,Basic,1001543.79,False
457,POL00000457,1,92,3,CUST0001836,2025-05-18,2026-04-30,Expired,Standard,824871.93,False
458,POL00000458,4,106,3,CUST0002046,2023-12-01,2024-11-30,Expired,Standard,1172566.65,False
459,POL00000459,2,111,2,CUST0000700,2024-12-13,2025-11-30,Expired,Basic,718734.19,False
460,POL00000460,9,42,1,CUST0002241,2024-05-03,2025-04-30,Expired,Basic,10027170.16,False
461,POL00000461,4,29,3,CUST0001161,2024-11-09,2025-10-31,Expired,Standard,1127858.07,False
462,POL00000462,3,78,1,CUST0000293,2024-06-15,2025-05-31,Expired,Standard,1236705.19,False
463,POL00000463,8,90,1,CUST0002527,2023-09-27,2024-08-31,Expired,Standard,6856592.34,False
464,POL00000464,6,114,1,CUST0002374,2023-08-15,2025-07-31,Expired,Basic,781741.69,False
465,POL00000465,2,16,1,CUST0002656,2025-05-08,2026-04-30,Expired,Basic,576717.51,False
466,POL00000466,3,19,1,CUST0003816,2025-03-05,2026-02-28,Expired,Basic,1130179.89,False
467,POL00000467,1,79,1,CUST0000211,2023-11-13,2024-10-31,Expired,Basic,655663.47,False
468,POL00000468,1,70,2,CUST0000288,2024-01-29,2024-12-31,Expired,Premium,908300.6,False
469,POL00000469,10,87,2,CUST0003387,2023-09-17,2024-08-31,Expired,Basic,1533327.05,False
470,POL00000470,2,55,1,CUST0002865,2025-03-21,2026-02-28,Expired,Basic,592281.49,False
471,POL00000471,1,96,2,CUST0000758,2023-11-26,2024-10-31,Expired,Standard,533427.09,False
472,POL00000472,1,112,2,CUST0002194,2024-03-03,2025-02-28,Expired,Basic,783177.92,False
473,POL00000473,1,50,1,CUST0002791,2024-05-03,2026-04-30,Expired,Premium,751642.87,False
474,POL00000474,3,80,4,CUST0002044,2024-07-15,2025-06-30,Expired,Standard,1180220.81,False
475,POL00000475,2,99,2,CUST0002782,2025-10-03,2026-09-30,Active,Standard,675097.72,False
476,POL00000476,9,17,2,CUST0001040,2024-11-22,2025-10-31,Expired,Standard,9016977.55,False
477,POL00000477,9,22,3,CUST0001243,2024-12-15,2025-11-30,Expired,Premium,6788447.79,False
478,POL00000478,2,115,3,CUST0003868,2024-10-16,2025-09-30,Expired,Standard,430729.19,False
479,POL00000479,6,89,1,CUST0002409,2025-05-08,2027-04-30,Active,Standard,922386.52,False
480,POL00000480,1,51,1,CUST0001627,2025-09-01,2026-08-31,Active,Basic,660065.52,False
481,POL00000481,2,36,1,CUST0000090,2025-06-11,2026-05-31,Expired,Premium,592621.25,False
482,POL00000482,1,75,1,CUST0000404,2024-10-08,2025-09-30,Expired,Basic,554768.65,False
483,POL00000483,2,18,3,CUST0001757,2025-02-26,2026-01-31,Expired,Standard,638622.21,False
484,POL00000484,2,68,4,CUST0000382,2025-04-19,2026-03-31,Expired,Premium,584653.53,False
485,POL00000485,2,107,4,CUST0001417,2025-07-21,2026-06-30,Active,Standard,611959.94,False
486,POL00000486,2,104,2,CUST0003805,2025-05-15,2026-04-30,Expired,Standard,768654.52,False
487,POL00000487,1,97,2,CUST0000201,2024-10-10,2025-09-30,Expired,Standard,740201.39,False
488,POL00000488,4,52,2,CUST0000082,2024-05-31,2025-04-30,Expired,Standard,1508395.24,False
489,POL00000489,2,96,2,CUST0000396,2023-08-02,2024-07-31,Expired,Standard,397027.78,False
490,POL00000490,3,83,2,CUST0001000,2026-02-16,2027-01-31,Active,Standard,1659914.92,False
491,POL00000491,1,5,4,CUST0002106,2023-09-08,2024-08-31,Expired,Standard,582504.7,False
492,POL00000492,2,104,3,CUST0000996,2023-08-01,2024-07-31,Expired,Standard,561925.65,False
493,POL00000493,9,37,3,CUST0002227,2026-02-25,2027-01-31,Active,Standard,8461741.86,False
494,POL00000494,5,119,4,CUST0002904,2023-12-26,2024-11-30,Expired,Standard,671579.3,False
495,POL00000495,7,110,1,CUST0003979,2023-11-08,2024-10-31,Expired,Basic,482629.93,False
496,POL00000496,7,67,1,CUST0002077,2026-02-22,2027-01-31,Active,Basic,308661.43,False
497,POL00000497,1,102,3,CUST0002723,2023-10-12,2024-09-30,Expired,Standard,541477.7,False
498,POL00000498,3,8,1,CUST0002798,2025-07-13,2026-06-30,Active,Basic,1645927.8,False
499,POL00000499,1,41,3,CUST0002988,2023-09-08,2025-08-31,Expired,Basic,461413.06,False
500,POL00000500,1,41,1,CUST0003492,2025-01-03,2025-12-31,Expired,Standard,571380.2,False
501,POL00000501,10,57,1,CUST0003228,2025-06-14,2026-05-31,Expired,Basic,1938029.32,False
502,POL00000502,4,105,3,CUST0003133,2025-03-11,2026-02-28,Expired,Standard,1443124.92,False
503,POL00000503,1,38,4,CUST0000612,2023-07-21,2024-06-30,Expired,Standard,523173.94,False
504,POL00000504,4,23,4,CUST0000283,2025-04-20,2026-03-31,Expired,Premium,1074368.23,False
505,POL00000505,9,53,4,CUST0001991,2024-04-02,2025-03-31,Expired,Standard,7470309.75,False
506,POL00000506,6,98,3,CUST0003994,2024-11-06,2025-10-31,Expired,Premium,678497.45,False
507,POL00000507,1,113,2,CUST0000514,2025-10-13,2026-09-30,Active,Basic,616690.82,False
508,POL00000508,1,74,4,CUST0000626,2025-12-27,2027-11-30,Active,Premium,730160.66,False
509,POL00000509,1,24,1,CUST0000699,2023-09-12,2024-08-31,Expired,Standard,657400.27,False
510,POL00000510,4,71,3,CUST0001888,2025-09-07,2026-08-31,Active,Standard,850260.99,False
511,POL00000511,1,22,2,CUST0000931,2024-05-31,2026-04-30,Expired,Standard,818107.97,False
512,POL00000512,7,32,1,CUST0002479,2024-09-06,2026-08-31,Active,Premium,391147.31,False
513,POL00000513,7,5,2,CUST0000072,2025-02-23,2026-01-31,Expired,Standard,296464.3,False
514,POL00000514,7,89,4,CUST0000408,2026-01-04,2027-12-31,Active,Standard,515270.29,False
515,POL00000515,1,115,1,CUST0002731,2023-07-25,2024-06-30,Expired,Basic,511697.67,False
516,POL00000516,1,69,3,CUST0003799,2024-05-30,2025-04-30,Expired,Standard,833705.28,False
517,POL00000517,1,84,1,CUST0002065,2025-03-31,2026-02-28,Expired,Standard,888251.33,False
518,POL00000518,3,38,3,CUST0000972,2025-05-23,2026-04-30,Expired,Premium,1831938.46,False
519,POL00000519,1,94,2,CUST0001625,2025-01-25,2025-12-31,Expired,Standard,509066.53,False
520,POL00000520,1,62,3,CUST0000679,2024-01-22,2024-12-31,Expired,Premium,466925.26,False
521,POL00000521,4,36,2,CUST0002060,2024-02-05,2025-01-31,Expired,Premium,1094728.84,False
522,POL00000522,6,19,3,CUST0000805,2024-12-06,2025-11-30,Expired,Standard,761229.86,False
523,POL00000523,3,54,1,CUST0002038,2025-07-07,2026-06-30,Active,Standard,1833931.01,False
524,POL00000524,1,3,2,CUST0002383,2025-11-29,2027-10-31,Active,Premium,529360.33,False
525,POL00000525,2,86,1,CUST0003754,2025-06-23,2026-05-31,Expired,Standard,590865.94,False
526,POL00000526,1,2,2,CUST0001220,2024-04-06,2025-03-31,Expired,Basic,724454.25,False
527,POL00000527,2,69,1,CUST0003203,2023-11-12,2024-10-31,Cancelled,Standard,732252.56,True
528,POL00000528,2,100,3,CUST0002270,2023-07-06,2024-06-30,Expired,Standard,501187.39,False
529,POL00000529,1,19,2,CUST0001978,2025-11-02,2027-10-31,Active,Standard,628513.75,False
530,POL00000530,4,59,1,CUST0003369,2023-11-05,2025-10-31,Expired,Standard,1283503.08,False
531,POL00000531,2,81,1,CUST0001434,2025-01-20,2025-12-31,Expired,Standard,544680.38,False
532,POL00000532,9,40,1,CUST0000606,2025-10-21,2026-09-30,Active,Premium,6486244.64,False
533,POL00000533,8,3,1,CUST0003596,2025-03-23,2026-02-28,Expired,Standard,5377119.22,False
534,POL00000534,7,29,4,CUST0001837,2024-09-10,2025-08-31,Expired,Basic,522046.11,False
535,POL00000535,2,22,3,CUST0000848,2023-10-18,2024-09-30,Expired,Standard,712416.01,False
536,POL00000536,1,120,1,CUST0001431,2023-07-16,2024-06-30,Expired,Premium,805604.48,False
537,POL00000537,1,93,2,CUST0003441,2025-02-22,2026-01-31,Expired,Standard,642303.34,False
538,POL00000538,6,23,2,CUST0002356,2025-07-03,2026-06-30,Active,Basic,623987.28,False
539,POL00000539,2,104,2,CUST0003835,2024-04-17,2025-03-31,Expired,Basic,544312.93,False
540,POL00000540,8,93,3,CUST0002232,2023-07-30,2024-06-30,Expired,Basic,5427656.12,False
541,POL00000541,6,74,2,CUST0001676,2025-03-29,2026-02-28,Expired,Basic,933081.61,False
542,POL00000542,1,104,2,CUST0000195,2025-12-14,2026-11-30,Active,Standard,616761.15,False
543,POL00000543,1,25,4,CUST0000941,2024-03-02,2025-02-28,Expired,Basic,765890.86,False
544,POL00000544,5,1,1,CUST0002985,2023-11-28,2024-10-31,Expired,Basic,596307.82,False
545,POL00000545,10,2,1,CUST0000848,2024-03-24,2025-02-28,Expired,Standard,2457036.93,False
546,POL00000546,4,5,3,CUST0001214,2024-10-31,2025-09-30,Expired,Standard,1552881.7,False
547,POL00000547,1,111,4,CUST0003785,2023-09-16,2024-08-31,Expired,Standard,814723.68,False
548,POL00000548,10,102,3,CUST0003077,2024-12-10,2025-11-30,Expired,Standard,2636971.97,False
549,POL00000549,1,117,2,CUST0000861,2025-06-11,2026-05-31,Expired,Premium,652747.71,False
550,POL00000550,2,22,2,CUST0002493,2024-09-15,2026-08-31,Active,Standard,654470.11,False
551,POL00000551,2,108,4,CUST0000294,2024-01-29,2024-12-31,Expired,Premium,501903.38,False
552,POL00000552,3,82,2,CUST0001148,2024-12-19,2025-11-30,Expired,Standard,1587795.74,False
553,POL00000553,1,91,4,CUST0003480,2025-03-14,2026-02-28,Expired,Standard,841505.13,False
554,POL00000554,1,40,1,CUST0001092,2024-06-21,2025-05-31,Expired,Standard,750073.1,False
555,POL00000555,1,8,2,CUST0000065,2025-05-03,2026-04-30,Expired,Basic,455421.38,False
556,POL00000556,1,57,1,CUST0003980,2025-01-08,2026-12-31,Active,Standard,665985.58,False
557,POL00000557,7,55,3,CUST0000444,2023-11-01,2024-10-31,Expired,Premium,526983.8,False
558,POL00000558,4,13,1,CUST0002745,2024-04-07,2026-03-31,Expired,Basic,1326573.52,False
559,POL00000559,3,113,3,CUST0003971,2024-05-27,2025-04-30,Expired,Basic,1371804.4,False
560,POL00000560,2,5,3,CUST0000570,2025-04-22,2026-03-31,Expired,Basic,721734.63,False
561,POL00000561,9,42,1,CUST0001123,2025-07-11,2026-06-30,Active,Standard,6748922.21,False
562,POL00000562,8,55,3,CUST0001887,2023-07-06,2024-06-30,Expired,Premium,4899829.31,False
563,POL00000563,5,21,2,CUST0003055,2024-10-09,2025-09-30,Expired,Premium,505528.16,False
564,POL00000564,2,42,1,CUST0001188,2025-09-29,2026-08-31,Active,Basic,518366.6,False
565,POL00000565,6,32,1,CUST0001685,2025-02-16,2027-01-31,Active,Basic,753069.07,False
566,POL00000566,4,71,1,CUST0001788,2024-08-11,2025-07-31,Expired,Standard,898934.48,False
567,POL00000567,2,31,3,CUST0000497,2024-03-09,2025-02-28,Expired,Standard,737710.7,False
568,POL00000568,1,42,4,CUST0002984,2024-07-05,2025-06-30,Cancelled,Basic,745444.68,True
569,POL00000569,1,55,1,CUST0002331,2025-07-29,2026-06-30,Active,Basic,656645.98,False
570,POL00000570,8,75,1,CUST0000787,2025-12-14,2026-11-30,Active,Standard,6734436.27,False
571,POL00000571,4,76,2,CUST0001925,2026-02-19,2027-01-31,Active,Standard,1263155.32,False
572,POL00000572,4,111,2,CUST0001090,2025-04-20,2026-03-31,Expired,Basic,1435906.85,False
573,POL00000573,5,78,2,CUST0001873,2023-07-05,2024-06-30,Cancelled,Basic,500713.47,True
574,POL00000574,1,10,3,CUST0001235,2024-12-19,2026-11-30,Active,Standard,894960.95,False
575,POL00000575,8,86,2,CUST0003019,2025-06-30,2026-05-31,Expired,Standard,3558890.79,False
576,POL00000576,9,33,2,CUST0000726,2024-02-13,2025-01-31,Expired,Premium,9229509.27,False
577,POL00000577,3,52,1,CUST0002920,2023-08-14,2024-07-31,Expired,Standard,1479030.81,False
578,POL00000578,3,72,3,CUST0002071,2023-12-22,2024-11-30,Expired,Premium,1499429.59,False
579,POL00000579,1,87,1,CUST0001893,2024-10-31,2025-09-30,Expired,Standard,579964.9,False
580,POL00000580,6,80,2,CUST0001609,2024-04-13,2025-03-31,Expired,Standard,1069024.88,False
581,POL00000581,5,5,1,CUST0001611,2025-04-26,2026-03-31,Expired,Premium,375793.54,False
582,POL00000582,1,2,1,CUST0003516,2023-07-15,2024-06-30,Expired,Standard,634652.61,False
583,POL00000583,2,15,1,CUST0000297,2025-03-31,2026-02-28,Expired,Basic,666577.95,False
584,POL00000584,1,97,1,CUST0003799,2023-11-04,2024-10-31,Expired,Basic,581813.13,False
585,POL00000585,4,35,4,CUST0001594,2024-03-21,2025-02-28,Expired,Basic,1086435.15,False
586,POL00000586,3,29,3,CUST0001734,2024-06-05,2025-05-31,Expired,Standard,1595279.6,False
587,POL00000587,4,69,1,CUST0003042,2025-04-24,2026-03-31,Expired,Basic,1341343.36,False
588,POL00000588,2,73,4,CUST0003382,2023-11-02,2024-10-31,Expired,Standard,769890.22,False
589,POL00000589,1,57,1,CUST0003949,2024-09-04,2025-08-31,Expired,Standard,555499.87,False
590,POL00000590,8,61,3,CUST0001996,2025-05-25,2026-04-30,Expired,Premium,5985584.29,False
591,POL00000591,4,62,4,CUST0000159,2023-10-27,2024-09-30,Expired,Basic,1231111.15,False
592,POL00000592,9,47,2,CUST0003260,2023-09-02,2024-08-31,Expired,Premium,7391604.12,False
593,POL00000593,2,88,1,CUST0002626,2024-03-25,2025-02-28,Expired,Standard,468203.14,False
594,POL00000594,6,59,1,CUST0003031,2024-11-28,2025-10-31,Expired,Standard,913375.76,False
595,POL00000595,1,106,2,CUST0000981,2025-06-06,2026-05-31,Expired,Premium,479274.7,False
596,POL00000596,10,72,2,CUST0003203,2024-12-22,2025-11-30,Expired,Standard,2367584.82,False
597,POL00000597,1,75,3,CUST0002083,2024-02-17,2026-01-31,Expired,Basic,845696.27,False
598,POL00000598,2,30,3,CUST0000635,2024-02-03,2025-01-31,Expired,Basic,475728.31,False
599,POL00000599,1,3,2,CUST0000676,2024-05-06,2025-04-30,Expired,Standard,487214.21,False
600,POL00000600,8,39,3,CUST0001648,2024-08-03,2025-07-31,Expired,Premium,6699016.47,False
601,POL00000601,9,79,1,CUST0002216,2024-04-28,2025-03-31,Expired,Standard,8573805.12,False
602,POL00000602,9,23,1,CUST0000028,2024-09-15,2025-08-31,Expired,Standard,8376373.46,False
603,POL00000603,1,116,1,CUST0001046,2024-10-02,2025-09-30,Expired,Basic,756632.1,False
604,POL00000604,1,93,1,CUST0001759,2025-03-29,2026-02-28,Expired,Standard,638291.9,False
605,POL00000605,1,10,2,CUST0003139,2024-01-16,2024-12-31,Expired,Standard,685477.87,False
606,POL00000606,5,59,2,CUST0003678,2025-01-31,2025-12-31,Expired,Standard,572252.77,False
607,POL00000607,5,52,2,CUST0000272,2024-05-10,2025-04-30,Cancelled,Basic,648074.64,True
608,POL00000608,4,6,3,CUST0000793,2024-02-16,2025-01-31,Expired,Premium,1480911.83,False
609,POL00000609,1,22,1,CUST0003240,2024-05-04,2025-04-30,Expired,Premium,559491.81,False
610,POL00000610,1,100,4,CUST0000903,2025-08-25,2026-07-31,Active,Basic,826653.13,False
611,POL00000611,1,85,2,CUST0003627,2024-12-17,2025-11-30,Cancelled,Basic,528342.47,True
612,POL00000612,1,37,4,CUST0002052,2024-04-02,2025-03-31,Expired,Standard,683945.61,False
613,POL00000613,2,28,2,CUST0001900,2024-09-14,2025-08-31,Expired,Basic,572870.82,False
614,POL00000614,2,18,3,CUST0000698,2025-09-28,2026-08-31,Active,Basic,744233.97,False
615,POL00000615,3,119,3,CUST0003342,2024-08-09,2026-07-31,Active,Standard,1846807.45,False
616,POL00000616,2,42,4,CUST0002223,2023-07-23,2024-06-30,Expired,Premium,716802.66,False
617,POL00000617,4,82,1,CUST0003290,2023-07-23,2024-06-30,Expired,Standard,978353.16,False
618,POL00000618,4,35,4,CUST0000688,2024-06-05,2025-05-31,Expired,Premium,938031.1,False
619,POL00000619,9,98,3,CUST0000426,2025-07-17,2026-06-30,Active,Standard,6860877.66,False
620,POL00000620,4,52,2,CUST0000168,2025-01-19,2025-12-31,Expired,Premium,1660327.19,False
621,POL00000621,2,80,1,CUST0000937,2024-01-31,2024-12-31,Expired,Standard,406325.94,False
622,POL00000622,1,5,4,CUST0002486,2025-05-26,2026-04-30,Expired,Premium,605686.1,False
623,POL00000623,7,94,4,CUST0003930,2024-10-14,2025-09-30,Expired,Standard,304629.85,False
624,POL00000624,1,57,1,CUST0000015,2024-06-10,2025-05-31,Expired,Standard,592305.03,False
625,POL00000625,10,61,4,CUST0001192,2023-10-31,2024-09-30,Expired,Standard,1912921.02,False
626,POL00000626,1,90,2,CUST0002866,2025-03-17,2026-02-28,Expired,Basic,534348.23,False
627,POL00000627,1,73,1,CUST0002355,2023-07-05,2024-06-30,Expired,Standard,630135.16,False
628,POL00000628,5,1,1,CUST0003465,2023-10-30,2024-09-30,Expired,Premium,550371.35,False
629,POL00000629,5,90,3,CUST0001074,2023-10-28,2024-09-30,Expired,Premium,505068.2,False
630,POL00000630,6,42,2,CUST0001030,2026-02-23,2027-01-31,Active,Standard,655269.67,False
631,POL00000631,1,41,1,CUST0000565,2025-12-23,2026-11-30,Active,Standard,566520.63,False
632,POL00000632,9,116,2,CUST0001795,2025-01-13,2025-12-31,Cancelled,Standard,5894035.72,True
633,POL00000633,1,105,2,CUST0000213,2023-10-05,2024-09-30,Expired,Standard,517623.83,False
634,POL00000634,1,1,1,CUST0003201,2026-02-05,2028-01-31,Active,Standard,779178.98,False
635,POL00000635,5,48,1,CUST0000439,2023-10-13,2024-09-30,Expired,Basic,452645.72,False
636,POL00000636,1,37,2,CUST0002613,2025-10-18,2026-09-30,Active,Basic,828951.06,False
637,POL00000637,3,47,1,CUST0001409,2024-03-08,2025-02-28,Expired,Premium,1682192.22,False
638,POL00000638,3,51,1,CUST0002604,2026-02-20,2027-01-31,Active,Premium,1436891.61,False
639,POL00000639,1,108,2,CUST0002384,2025-10-26,2027-09-30,Active,Premium,853235.02,False
640,POL00000640,8,100,2,CUST0003026,2026-02-15,2027-01-31,Active,Basic,6059878.69,False
641,POL00000641,9,117,2,CUST0002430,2026-02-16,2027-01-31,Active,Basic,9371050.04,False
642,POL00000642,2,67,3,CUST0001329,2025-06-21,2026-05-31,Expired,Standard,678524.71,False
643,POL00000643,5,78,4,CUST0003013,2024-02-21,2025-01-31,Expired,Standard,564675.73,False
644,POL00000644,2,88,1,CUST0002529,2024-06-15,2026-05-31,Expired,Basic,493480.28,False
645,POL00000645,3,117,1,CUST0000315,2024-06-03,2025-05-31,Expired,Standard,1092032.83,False
646,POL00000646,3,111,2,CUST0000346,2024-10-25,2025-09-30,Expired,Basic,1202536.09,False
647,POL00000647,1,31,3,CUST0001132,2025-12-15,2026-11-30,Active,Standard,792868.92,False
648,POL00000648,1,30,2,CUST0003103,2024-03-30,2025-02-28,Expired,Premium,581094.29,False
649,POL00000649,2,74,1,CUST0003006,2025-10-25,2026-09-30,Active,Basic,663512.66,False
650,POL00000650,5,90,1,CUST0003653,2024-10-07,2025-09-30,Expired,Standard,666525.2,False
651,POL00000651,9,40,3,CUST0003393,2024-08-10,2025-07-31,Expired,Standard,5655646.66,False
652,POL00000652,8,18,4,CUST0003808,2024-08-20,2025-07-31,Expired,Premium,4604939.17,False
653,POL00000653,1,99,4,CUST0002944,2023-07-30,2024-06-30,Expired,Standard,571310.62,False
654,POL00000654,1,87,4,CUST0000877,2024-01-13,2024-12-31,Expired,Basic,563283.85,False
655,POL00000655,6,24,1,CUST0003304,2024-01-02,2024-12-31,Expired,Standard,777099.59,False
656,POL00000656,3,118,2,CUST0001647,2025-02-21,2026-01-31,Expired,Standard,1092877.38,False
657,POL00000657,5,75,1,CUST0000639,2024-07-09,2025-06-30,Expired,Standard,474129.45,False
658,POL00000658,1,20,3,CUST0001071,2025-11-22,2026-10-31,Active,Basic,785925.39,False
659,POL00000659,3,16,1,CUST0003056,2026-01-21,2026-12-31,Active,Standard,1563901.39,False
660,POL00000660,1,95,4,CUST0002584,2023-11-07,2025-10-31,Expired,Premium,728455.25,False
661,POL00000661,2,98,2,CUST0001909,2025-04-02,2026-03-31,Expired,Basic,704544.86,False
662,POL00000662,9,25,1,CUST0000517,2023-09-11,2024-08-31,Expired,Standard,10292784.94,False
663,POL00000663,1,49,4,CUST0002055,2024-06-08,2025-05-31,Expired,Basic,716380.3,False
664,POL00000664,1,90,4,CUST0002122,2025-02-20,2026-01-31,Expired,Basic,483907.67,False
665,POL00000665,5,5,1,CUST0001854,2023-10-12,2024-09-30,Cancelled,Premium,628652.07,True
666,POL00000666,4,17,1,CUST0002531,2024-06-27,2025-05-31,Expired,Basic,1413631.51,False
667,POL00000667,1,12,1,CUST0001581,2024-09-12,2025-08-31,Expired,Basic,455143.06,False
668,POL00000668,2,43,4,CUST0003651,2024-03-10,2025-02-28,Expired,Standard,672165.79,False
669,POL00000669,2,107,3,CUST0001245,2024-02-17,2025-01-31,Expired,Standard,756264.77,False
670,POL00000670,1,37,1,CUST0000685,2025-10-05,2026-09-30,Active,Standard,853079.08,False
671,POL00000671,2,58,1,CUST0000350,2024-07-25,2025-06-30,Expired,Basic,591817.05,False
672,POL00000672,2,57,1,CUST0003925,2024-01-16,2024-12-31,Expired,Basic,604524.32,False
673,POL00000673,3,26,1,CUST0000549,2024-08-22,2025-07-31,Expired,Premium,1371663.55,False
674,POL00000674,9,24,3,CUST0001373,2025-06-11,2026-05-31,Expired,Standard,9657960.85,False
675,POL00000675,6,27,1,CUST0000059,2025-02-11,2026-01-31,Cancelled,Premium,867792.28,True
676,POL00000676,5,72,2,CUST0001161,2025-01-14,2026-12-31,Active,Standard,509177.47,False
677,POL00000677,2,40,1,CUST0002240,2024-06-06,2025-05-31,Expired,Premium,501560.62,False
678,POL00000678,5,40,1,CUST0003718,2024-03-09,2025-02-28,Expired,Basic,676461.13,False
679,POL00000679,1,105,3,CUST0002741,2023-11-30,2024-10-31,Expired,Basic,463531.52,False
680,POL00000680,8,61,2,CUST0000513,2023-07-05,2025-06-30,Expired,Premium,6132483.95,False
681,POL00000681,5,72,2,CUST0000278,2024-05-12,2025-04-30,Expired,Premium,549030.94,False
682,POL00000682,3,36,3,CUST0001707,2024-08-05,2025-07-31,Expired,Basic,1648331.88,False
683,POL00000683,5,5,4,CUST0001159,2024-08-07,2025-07-31,Expired,Standard,373556.42,False
684,POL00000684,9,108,2,CUST0002227,2024-08-23,2025-07-31,Expired,Standard,8972479.06,False
685,POL00000685,1,95,3,CUST0000336,2024-04-05,2025-03-31,Expired,Basic,655405.82,False
686,POL00000686,5,101,1,CUST0001772,2025-03-08,2026-02-28,Expired,Standard,353639.34,False
687,POL00000687,5,75,3,CUST0003893,2025-07-19,2026-06-30,Active,Standard,412920.1,False
688,POL00000688,1,51,1,CUST0002675,2024-08-12,2025-07-31,Expired,Basic,711029.89,False
689,POL00000689,2,76,3,CUST0003297,2025-08-03,2026-07-31,Active,Basic,608456.63,False
690,POL00000690,3,10,1,CUST0003534,2026-02-15,2027-01-31,Active,Standard,1353178.09,False
691,POL00000691,1,96,4,CUST0001165,2025-08-18,2026-07-31,Active,Standard,462005.48,False
692,POL00000692,1,64,1,CUST0002785,2026-02-23,2027-01-31,Active,Standard,833688.99,False
693,POL00000693,5,83,4,CUST0003951,2024-06-17,2025-05-31,Expired,Premium,407720.39,False
694,POL00000694,6,70,2,CUST0003471,2025-09-26,2026-08-31,Active,Standard,795518.09,False
695,POL00000695,1,78,1,CUST0000966,2024-01-07,2024-12-31,Expired,Standard,503032.29,False
696,POL00000696,8,65,3,CUST0001165,2023-07-06,2024-06-30,Expired,Premium,3688003.78,False
697,POL00000697,7,101,1,CUST0001788,2023-08-31,2024-07-31,Expired,Standard,533081.41,False
698,POL00000698,1,101,3,CUST0003090,2024-12-11,2025-11-30,Expired,Standard,502385.07,False
699,POL00000699,1,27,4,CUST0001234,2026-02-26,2027-01-31,Active,Standard,484281.2,False
700,POL00000700,8,9,3,CUST0003527,2025-07-25,2026-06-30,Active,Premium,4545532.34,False
701,POL00000701,1,17,4,CUST0003853,2025-04-24,2026-03-31,Expired,Premium,733797.68,False
702,POL00000702,9,81,2,CUST0002879,2024-02-18,2025-01-31,Expired,Premium,8820319.49,False
703,POL00000703,1,113,1,CUST0001170,2026-01-16,2027-12-31,Active,Basic,629013.92,False
704,POL00000704,6,92,1,CUST0002438,2024-05-12,2025-04-30,Expired,Basic,589770.26,False
705,POL00000705,1,42,4,CUST0003346,2025-06-26,2027-05-31,Active,Standard,618075.32,False
706,POL00000706,2,74,3,CUST0003206,2025-09-02,2026-08-31,Active,Standard,471026.18,False
707,POL00000707,1,81,3,CUST0000734,2024-12-17,2025-11-30,Expired,Premium,907428.6,False
708,POL00000708,8,56,1,CUST0002951,2023-09-27,2024-08-31,Expired,Premium,5120593.21,False
709,POL00000709,7,41,3,CUST0002425,2023-11-07,2024-10-31,Expired,Standard,425425.31,False
710,POL00000710,5,109,2,CUST0001656,2025-11-15,2026-10-31,Active,Standard,528066.31,False
711,POL00000711,6,93,3,CUST0002577,2025-09-17,2026-08-31,Active,Standard,601828.15,False
712,POL00000712,6,82,2,CUST0003176,2025-02-08,2026-01-31,Expired,Standard,789628.29,False
713,POL00000713,5,58,4,CUST0002914,2025-06-02,2026-05-31,Expired,Basic,590353.47,False
714,POL00000714,4,30,3,CUST0002684,2024-07-15,2025-06-30,Expired,Standard,1301552.91,False
715,POL00000715,1,107,4,CUST0002451,2024-11-11,2025-10-31,Expired,Standard,606435.31,False
716,POL00000716,4,33,2,CUST0003557,2023-10-11,2025-09-30,Expired,Basic,1499683.54,False
717,POL00000717,10,13,4,CUST0002646,2023-07-24,2024-06-30,Cancelled,Premium,2213969.77,True
718,POL00000718,4,62,1,CUST0002407,2024-10-01,2025-09-30,Expired,Standard,1405342.06,False
719,POL00000719,2,57,4,CUST0002307,2025-05-28,2026-04-30,Expired,Standard,496425.21,False
720,POL00000720,1,15,1,CUST0001912,2023-10-17,2024-09-30,Expired,Standard,582860.74,False
721,POL00000721,2,60,1,CUST0001915,2025-08-04,2027-07-31,Active,Basic,485319.19,False
722,POL00000722,7,19,1,CUST0003866,2023-10-23,2024-09-30,Expired,Premium,287713.33,False
723,POL00000723,6,18,1,CUST0002812,2025-09-27,2026-08-31,Active,Premium,575295.91,False
724,POL00000724,6,17,2,CUST0003526,2024-03-18,2025-02-28,Expired,Standard,634861.09,False
725,POL00000725,9,67,1,CUST0003531,2024-11-27,2025-10-31,Expired,Standard,9439154.12,False
726,POL00000726,8,94,1,CUST0001864,2024-12-01,2025-11-30,Expired,Standard,5465227.37,False
727,POL00000727,1,88,3,CUST0003417,2025-09-04,2026-08-31,Cancelled,Premium,567739.63,True
728,POL00000728,1,38,1,CUST0002211,2024-02-08,2025-01-31,Expired,Standard,835391.92,False
729,POL00000729,5,96,3,CUST0002153,2023-11-22,2024-10-31,Cancelled,Standard,369970.62,True
730,POL00000730,2,81,3,CUST0001389,2025-12-02,2026-11-30,Active,Basic,550637.21,False
731,POL00000731,5,11,2,CUST0003935,2023-09-12,2024-08-31,Expired,Basic,404458.44,False
732,POL00000732,2,60,3,CUST0000963,2024-02-04,2025-01-31,Expired,Standard,692698.31,False
733,POL00000733,2,89,1,CUST0001450,2024-12-04,2026-11-30,Active,Basic,675943.16,False
734,POL00000734,1,42,3,CUST0002004,2025-11-30,2026-10-31,Active,Standard,758528.12,False
735,POL00000735,2,49,1,CUST0002732,2024-07-03,2026-06-30,Active,Basic,649813.33,False
736,POL00000736,8,116,3,CUST0001506,2023-09-28,2024-08-31,Expired,Premium,6365953.6,False
737,POL00000737,3,72,1,CUST0003928,2025-01-05,2025-12-31,Expired,Standard,1738142.12,False
738,POL00000738,6,103,4,CUST0003041,2024-07-11,2025-06-30,Cancelled,Standard,627469.81,True
739,POL00000739,1,54,1,CUST0002931,2025-09-10,2026-08-31,Active,Premium,861444.21,False
740,POL00000740,8,16,4,CUST0003485,2023-10-11,2024-09-30,Expired,Premium,4108393.27,False
741,POL00000741,2,32,2,CUST0000693,2023-10-30,2024-09-30,Expired,Premium,736250.1,False
742,POL00000742,1,35,2,CUST0001814,2024-07-28,2025-06-30,Expired,Premium,695554.35,False
743,POL00000743,2,69,2,CUST0000219,2023-10-02,2024-09-30,Expired,Standard,594838.38,False
744,POL00000744,1,102,1,CUST0000153,2024-06-20,2025-05-31,Expired,Premium,858496.7,False
745,POL00000745,5,34,2,CUST0003176,2023-11-28,2024-10-31,Expired,Premium,520351.78,False
746,POL00000746,2,28,1,CUST0003675,2024-05-21,2025-04-30,Cancelled,Basic,697186.5,True
747,POL00000747,4,79,3,CUST0000469,2024-06-13,2025-05-31,Expired,Basic,867769.73,False
748,POL00000748,1,69,1,CUST0003202,2025-04-30,2026-03-31,Expired,Standard,786804.65,False
749,POL00000749,1,7,1,CUST0000220,2025-02-20,2026-01-31,Expired,Standard,484610.32,False
750,POL00000750,5,65,1,CUST0002212,2024-12-04,2025-11-30,Expired,Premium,500370.18,False
751,POL00000751,9,1,4,CUST0001918,2023-11-04,2024-10-31,Expired,Basic,7258941.4,False
752,POL00000752,9,32,2,CUST0003051,2023-09-10,2024-08-31,Expired,Premium,5252188.81,False
753,POL00000753,1,16,2,CUST0003881,2025-04-30,2026-03-31,Expired,Standard,566466.29,False
754,POL00000754,4,1,1,CUST0001150,2023-10-09,2024-09-30,Expired,Standard,1116522.68,False
755,POL00000755,1,79,4,CUST0003128,2024-01-02,2024-12-31,Expired,Basic,526302.35,False
756,POL00000756,5,12,3,CUST0002601,2025-05-02,2026-04-30,Expired,Premium,606621.61,False
757,POL00000757,7,24,3,CUST0002046,2024-06-14,2025-05-31,Expired,Basic,406358.54,False
758,POL00000758,1,6,4,CUST0002758,2023-11-26,2024-10-31,Expired,Standard,860666.98,False
759,POL00000759,5,89,3,CUST0002249,2024-09-21,2025-08-31,Expired,Premium,498665.19,False
760,POL00000760,3,48,2,CUST0003963,2024-02-05,2025-01-31,Expired,Standard,1502336.77,False
761,POL00000761,1,47,2,CUST0000520,2025-08-30,2026-07-31,Active,Standard,782353.67,False
762,POL00000762,5,32,3,CUST0003360,2023-08-16,2024-07-31,Expired,Standard,365450.8,False
763,POL00000763,3,73,3,CUST0001240,2023-11-22,2024-10-31,Expired,Standard,1573240.02,False
764,POL00000764,1,68,1,CUST0002710,2025-09-30,2026-08-31,Active,Basic,839952.98,False
765,POL00000765,1,42,3,CUST0001388,2024-07-07,2025-06-30,Expired,Basic,697691.54,False
766,POL00000766,1,84,2,CUST0001779,2024-07-30,2025-06-30,Expired,Basic,686935.87,False
767,POL00000767,1,19,2,CUST0003853,2024-04-29,2025-03-31,Expired,Premium,677920.7,False
768,POL00000768,1,99,2,CUST0000301,2023-10-03,2024-09-30,Expired,Premium,712491.28,False
769,POL00000769,5,52,1,CUST0002526,2023-08-06,2024-07-31,Expired,Basic,678146.81,False
770,POL00000770,5,116,2,CUST0003333,2023-12-18,2024-11-30,Expired,Standard,669445.0,False
771,POL00000771,9,100,3,CUST0002634,2023-10-16,2024-09-30,Expired,Premium,5976614.69,False
772,POL00000772,6,7,2,CUST0003354,2024-06-25,2025-05-31,Expired,Basic,575719.21,False
773,POL00000773,3,74,1,CUST0002629,2025-01-29,2025-12-31,Cancelled,Standard,1270673.42,True
774,POL00000774,6,79,1,CUST0003080,2024-07-15,2025-06-30,Expired,Basic,1029632.79,False
775,POL00000775,4,26,2,CUST0003426,2026-01-30,2026-12-31,Active,Standard,1619963.63,False
776,POL00000776,10,109,1,CUST0003185,2023-10-19,2024-09-30,Expired,Standard,2751207.58,False
777,POL00000777,1,102,2,CUST0001789,2024-11-20,2025-10-31,Expired,Basic,770359.49,False
778,POL00000778,2,102,3,CUST0000628,2025-10-14,2026-09-30,Active,Basic,651365.9,False
779,POL00000779,4,43,2,CUST0002947,2025-05-19,2026-04-30,Expired,Basic,1157945.54,False
780,POL00000780,1,104,3,CUST0000738,2024-06-30,2025-05-31,Expired,Standard,568670.23,False
781,POL00000781,3,33,4,CUST0002246,2024-11-08,2025-10-31,Expired,Standard,1498795.15,False
782,POL00000782,1,41,3,CUST0003493,2024-11-25,2026-10-31,Active,Standard,584250.12,False
783,POL00000783,5,51,4,CUST0000410,2025-06-08,2026-05-31,Expired,Standard,671744.24,False
784,POL00000784,3,92,1,CUST0002000,2025-11-08,2026-10-31,Active,Standard,1545659.15,False
785,POL00000785,2,111,3,CUST0000939,2024-11-19,2025-10-31,Expired,Standard,551542.7,False
786,POL00000786,4,25,3,CUST0003525,2024-09-19,2025-08-31,Expired,Standard,1078810.89,False
787,POL00000787,1,81,1,CUST0001461,2025-10-31,2026-09-30,Active,Standard,851755.39,False
788,POL00000788,6,80,1,CUST0003510,2023-12-31,2024-11-30,Expired,Premium,672918.36,False
789,POL00000789,1,119,3,CUST0001855,2024-05-06,2025-04-30,Expired,Standard,815905.26,False
790,POL00000790,4,19,3,CUST0000645,2025-11-02,2026-10-31,Cancelled,Standard,1003532.63,True
791,POL00000791,6,14,4,CUST0002107,2024-01-20,2024-12-31,Expired,Basic,984790.35,False
792,POL00000792,9,53,2,CUST0000630,2025-12-24,2026-11-30,Active,Premium,8877241.7,False
793,POL00000793,2,84,2,CUST0000928,2025-04-13,2026-03-31,Expired,Basic,429064.29,False
794,POL00000794,3,48,1,CUST0001645,2025-12-20,2026-11-30,Active,Premium,1679103.22,False
795,POL00000795,2,105,2,CUST0002510,2024-05-02,2025-04-30,Expired,Standard,735690.88,False
796,POL00000796,7,101,1,CUST0000613,2023-07-18,2024-06-30,Expired,Standard,492975.62,False
797,POL00000797,2,111,1,CUST0000395,2024-10-21,2025-09-30,Expired,Standard,566734.99,False
798,POL00000798,4,87,3,CUST0000900,2025-12-15,2026-11-30,Active,Standard,1307015.63,False
799,POL00000799,8,104,1,CUST0003060,2025-06-17,2027-05-31,Active,Standard,5625227.07,False
800,POL00000800,4,120,1,CUST0000182,2023-07-08,2024-06-30,Expired,Basic,1132044.51,False
801,POL00000801,6,119,2,CUST0000056,2025-10-24,2026-09-30,Active,Premium,702546.44,False
802,POL00000802,1,80,4,CUST0001045,2024-06-19,2025-05-31,Expired,Basic,840785.1,False
803,POL00000803,1,31,2,CUST0001058,2024-10-03,2025-09-30,Expired,Premium,603780.05,False
804,POL00000804,8,70,3,CUST0000163,2024-01-10,2025-12-31,Cancelled,Standard,5513737.67,True
805,POL00000805,6,94,1,CUST0003623,2023-12-22,2024-11-30,Expired,Standard,969722.93,False
806,POL00000806,1,79,2,CUST0003876,2023-09-02,2024-08-31,Cancelled,Basic,610807.97,True
807,POL00000807,10,33,2,CUST0001228,2023-07-26,2024-06-30,Expired,Standard,2789336.45,False
808,POL00000808,1,85,2,CUST0000687,2024-11-07,2025-10-31,Expired,Standard,793004.3,False
809,POL00000809,8,19,1,CUST0000207,2025-12-16,2026-11-30,Active,Premium,3624354.71,False
810,POL00000810,6,68,1,CUST0003454,2024-04-12,2025-03-31,Expired,Basic,649559.45,False
811,POL00000811,2,84,4,CUST0000438,2023-11-18,2024-10-31,Expired,Standard,520802.75,False
812,POL00000812,9,15,2,CUST0002762,2025-12-25,2026-11-30,Active,Standard,9966297.11,False
813,POL00000813,5,108,2,CUST0003757,2025-03-21,2026-02-28,Expired,Standard,505249.43,False
814,POL00000814,9,91,4,CUST0003283,2024-06-08,2025-05-31,Expired,Basic,7764846.9,False
815,POL00000815,1,4,1,CUST0001630,2026-01-28,2026-12-31,Active,Standard,770303.72,False
816,POL00000816,7,53,4,CUST0001397,2025-07-22,2026-06-30,Active,Basic,390332.94,False
817,POL00000817,1,120,1,CUST0000440,2024-03-21,2025-02-28,Expired,Basic,849027.32,False
818,POL00000818,1,27,1,CUST0002861,2024-10-29,2025-09-30,Expired,Basic,903309.65,False
819,POL00000819,1,22,2,CUST0000996,2025-10-08,2026-09-30,Active,Premium,579369.54,False
820,POL00000820,3,1,1,CUST0003640,2024-01-12,2024-12-31,Expired,Basic,1784943.49,False
821,POL00000821,5,76,1,CUST0003706,2025-11-05,2026-10-31,Active,Standard,392716.73,False
822,POL00000822,6,85,2,CUST0000095,2025-03-27,2026-02-28,Expired,Standard,911809.36,False
823,POL00000823,1,36,1,CUST0002520,2023-07-26,2025-06-30,Expired,Standard,905102.04,False
824,POL00000824,4,81,2,CUST0001508,2025-12-12,2026-11-30,Active,Standard,1196350.36,False
825,POL00000825,2,40,4,CUST0003811,2023-11-10,2024-10-31,Expired,Standard,695394.92,False
826,POL00000826,1,58,4,CUST0001471,2023-07-11,2024-06-30,Expired,Standard,765788.76,False
827,POL00000827,1,120,2,CUST0001973,2025-11-16,2026-10-31,Active,Standard,858908.54,False
828,POL00000828,7,72,1,CUST0001412,2024-05-06,2026-04-30,Expired,Standard,413136.73,False
829,POL00000829,3,24,1,CUST0001922,2025-11-17,2026-10-31,Active,Standard,1410066.64,False
830,POL00000830,6,15,2,CUST0000937,2025-12-08,2026-11-30,Active,Basic,816751.61,False
831,POL00000831,3,53,1,CUST0003533,2024-11-30,2025-10-31,Expired,Basic,1949166.15,False
832,POL00000832,5,38,3,CUST0003357,2024-07-08,2025-06-30,Expired,Standard,507310.01,False
833,POL00000833,2,48,2,CUST0001002,2024-08-11,2025-07-31,Expired,Standard,398310.09,False
834,POL00000834,6,34,3,CUST0003225,2025-04-09,2026-03-31,Expired,Standard,615039.36,False
835,POL00000835,10,110,1,CUST0001221,2025-02-01,2026-01-31,Expired,Standard,1906971.54,False
836,POL00000836,1,8,1,CUST0000394,2024-06-14,2025-05-31,Expired,Standard,769824.27,False
837,POL00000837,1,4,1,CUST0001171,2025-07-27,2027-06-30,Active,Basic,818421.58,False
838,POL00000838,3,107,1,CUST0000176,2026-01-29,2026-12-31,Active,Standard,1383111.03,False
839,POL00000839,5,44,4,CUST0003573,2024-10-06,2025-09-30,Expired,Standard,554046.02,False
840,POL00000840,10,56,2,CUST0001541,2024-11-27,2025-10-31,Expired,Standard,2412069.24,False
841,POL00000841,2,70,2,CUST0002564,2025-02-21,2026-01-31,Expired,Standard,559415.05,False
842,POL00000842,6,87,4,CUST0001500,2024-06-05,2025-05-31,Expired,Standard,913808.87,False
843,POL00000843,4,118,3,CUST0001182,2024-01-02,2024-12-31,Expired,Standard,1397754.81,False
844,POL00000844,2,60,4,CUST0003092,2024-03-24,2025-02-28,Expired,Standard,688408.08,False
845,POL00000845,1,10,1,CUST0002343,2024-05-25,2025-04-30,Expired,Basic,743554.58,False
846,POL00000846,1,23,4,CUST0002633,2024-06-23,2026-05-31,Expired,Basic,716338.88,False
847,POL00000847,4,78,1,CUST0000485,2025-10-17,2026-09-30,Active,Standard,1359458.05,False
848,POL00000848,10,31,2,CUST0000650,2025-12-09,2026-11-30,Active,Premium,2654112.3,False
849,POL00000849,6,12,4,CUST0000308,2025-06-04,2026-05-31,Expired,Basic,684142.19,False
850,POL00000850,1,51,4,CUST0003983,2024-06-03,2025-05-31,Expired,Standard,518476.69,False
851,POL00000851,2,22,1,CUST0001483,2024-05-15,2025-04-30,Expired,Basic,733716.46,False
852,POL00000852,2,11,2,CUST0001419,2024-04-22,2025-03-31,Cancelled,Standard,601939.34,True
853,POL00000853,5,39,2,CUST0003595,2024-08-30,2025-07-31,Expired,Standard,359118.36,False
854,POL00000854,5,40,1,CUST0000252,2026-01-29,2026-12-31,Active,Premium,678058.96,False
855,POL00000855,9,85,2,CUST0003903,2024-03-14,2025-02-28,Expired,Standard,6939337.72,False
856,POL00000856,1,8,1,CUST0000496,2023-10-08,2025-09-30,Cancelled,Standard,886100.58,True
857,POL00000857,2,87,2,CUST0003329,2025-05-09,2026-04-30,Expired,Premium,671961.93,False
858,POL00000858,10,98,2,CUST0002989,2024-08-29,2025-07-31,Expired,Standard,2449623.84,False
859,POL00000859,8,6,2,CUST0002347,2025-03-29,2026-02-28,Expired,Standard,6268503.8,False
860,POL00000860,4,51,2,CUST0000677,2024-02-03,2025-01-31,Expired,Standard,1658797.84,False
861,POL00000861,1,115,3,CUST0003528,2025-01-10,2025-12-31,Expired,Standard,867023.91,False
862,POL00000862,1,68,1,CUST0002833,2024-03-12,2025-02-28,Expired,Standard,629096.32,False
863,POL00000863,6,111,3,CUST0001521,2025-05-27,2026-04-30,Expired,Standard,1101560.43,False
864,POL00000864,5,15,3,CUST0001909,2023-08-01,2024-07-31,Expired,Standard,668193.42,False
865,POL00000865,2,94,1,CUST0003409,2025-01-12,2025-12-31,Expired,Standard,592070.87,False
866,POL00000866,5,21,2,CUST0003095,2025-06-17,2026-05-31,Expired,Premium,546426.13,False
867,POL00000867,1,105,4,CUST0002286,2024-01-08,2024-12-31,Expired,Premium,894338.58,False
868,POL00000868,6,33,2,CUST0002517,2026-02-14,2027-01-31,Cancelled,Basic,592347.85,True
869,POL00000869,1,92,1,CUST0002109,2025-12-01,2026-11-30,Active,Premium,789399.11,False
870,POL00000870,8,47,3,CUST0002973,2024-07-24,2026-06-30,Active,Standard,6615568.95,False
871,POL00000871,3,15,3,CUST0002363,2023-08-22,2024-07-31,Expired,Basic,2075370.16,False
872,POL00000872,6,1,1,CUST0003871,2025-09-10,2026-08-31,Cancelled,Basic,869889.09,True
873,POL00000873,10,97,4,CUST0000320,2024-05-24,2025-04-30,Expired,Standard,2239582.24,False
874,POL00000874,5,31,4,CUST0000004,2025-08-29,2026-07-31,Active,Basic,408135.42,False
875,POL00000875,5,97,1,CUST0001619,2025-06-20,2026-05-31,Expired,Standard,419088.74,False
876,POL00000876,1,11,4,CUST0003850,2026-02-12,2027-01-31,Active,Standard,587718.08,False
877,POL00000877,10,64,1,CUST0003563,2024-06-24,2025-05-31,Expired,Standard,2599423.01,False
878,POL00000878,5,17,2,CUST0000683,2024-09-03,2025-08-31,Expired,Basic,481868.96,False
879,POL00000879,7,63,3,CUST0002449,2026-01-09,2026-12-31,Active,Standard,340772.96,False
880,POL00000880,4,37,3,CUST0001848,2024-07-19,2025-06-30,Expired,Basic,1642946.68,False
881,POL00000881,7,48,4,CUST0000852,2025-08-14,2026-07-31,Active,Standard,488792.02,False
882,POL00000882,1,33,2,CUST0001920,2024-07-12,2025-06-30,Expired,Standard,762648.49,False
883,POL00000883,1,35,2,CUST0003316,2024-05-23,2025-04-30,Cancelled,Standard,571532.9,True
884,POL00000884,1,69,1,CUST0000180,2024-06-14,2025-05-31,Expired,Standard,522037.24,False
885,POL00000885,9,85,3,CUST0001771,2025-04-23,2026-03-31,Expired,Premium,7259230.35,False
886,POL00000886,1,83,3,CUST0001597,2025-07-14,2026-06-30,Active,Premium,587330.63,False
887,POL00000887,10,97,2,CUST0003747,2024-09-20,2025-08-31,Expired,Standard,2331822.03,False
888,POL00000888,3,16,2,CUST0002708,2024-09-23,2025-08-31,Expired,Standard,1214035.59,False
889,POL00000889,3,30,3,CUST0001400,2025-07-16,2026-06-30,Active,Standard,1406259.32,False
890,POL00000890,6,92,3,CUST0002234,2024-01-21,2024-12-31,Expired,Standard,1012882.01,False
891,POL00000891,6,104,4,CUST0000692,2026-01-16,2026-12-31,Active,Standard,811605.24,False
892,POL00000892,6,69,4,CUST0001670,2023-08-29,2024-07-31,Expired,Standard,572210.68,False
893,POL00000893,4,20,2,CUST0003528,2025-06-17,2026-05-31,Expired,Basic,937008.13,False
894,POL00000894,9,117,2,CUST0001036,2024-09-08,2025-08-31,Expired,Standard,5603292.7,False
895,POL00000895,3,77,1,CUST0002767,2024-05-12,2025-04-30,Expired,Standard,1334406.27,False
896,POL00000896,3,67,3,CUST0003824,2024-04-24,2025-03-31,Expired,Standard,1777181.22,False
897,POL00000897,2,106,2,CUST0000190,2023-07-06,2025-06-30,Expired,Standard,594351.0,False
898,POL00000898,1,5,3,CUST0002058,2025-01-12,2025-12-31,Expired,Standard,825945.9,False
899,POL00000899,1,108,3,CUST0000633,2025-05-28,2026-04-30,Expired,Basic,545154.09,False
900,POL00000900,1,63,3,CUST0000421,2025-05-18,2026-04-30,Expired,Basic,904841.24,False
901,POL00000901,2,93,1,CUST0002116,2024-01-08,2024-12-31,Expired,Standard,525361.86,False
902,POL00000902,3,76,4,CUST0002277,2026-01-15,2026-12-31,Active,Premium,1538712.69,False
903,POL00000903,10,1,4,CUST0001171,2024-01-09,2024-12-31,Expired,Standard,2119514.02,False
904,POL00000904,5,103,2,CUST0000196,2025-02-16,2026-01-31,Expired,Standard,367833.89,False
905,POL00000905,8,112,4,CUST0001309,2024-12-15,2025-11-30,Expired,Basic,4621326.36,False
906,POL00000906,9,76,2,CUST0003441,2024-03-16,2026-02-28,Cancelled,Basic,8976777.07,True
907,POL00000907,6,43,2,CUST0002895,2025-04-01,2026-03-31,Expired,Standard,608087.65,False
908,POL00000908,1,19,4,CUST0003655,2023-12-20,2024-11-30,Expired,Standard,540189.93,False
909,POL00000909,2,16,1,CUST0000132,2025-09-16,2026-08-31,Active,Premium,649516.01,False
910,POL00000910,8,10,3,CUST0001826,2024-01-21,2024-12-31,Expired,Standard,5359625.19,False
911,POL00000911,3,98,1,CUST0000494,2025-08-06,2026-07-31,Active,Standard,1344042.83,False
912,POL00000912,5,49,2,CUST0000691,2025-01-20,2025-12-31,Expired,Standard,464456.9,False
913,POL00000913,1,59,1,CUST0001540,2024-07-18,2026-06-30,Active,Standard,895461.12,False
914,POL00000914,1,52,2,CUST0000847,2025-01-22,2025-12-31,Expired,Standard,632016.48,False
915,POL00000915,8,117,3,CUST0002527,2024-10-19,2025-09-30,Expired,Standard,4497685.41,False
916,POL00000916,1,106,2,CUST0002148,2025-06-09,2026-05-31,Expired,Standard,514187.81,False
917,POL00000917,1,69,1,CUST0001068,2026-01-15,2026-12-31,Active,Standard,777331.17,False
918,POL00000918,1,17,3,CUST0001917,2025-01-09,2025-12-31,Expired,Premium,538814.51,False
919,POL00000919,1,101,1,CUST0003492,2025-08-02,2027-07-31,Active,Standard,837355.33,False
920,POL00000920,7,65,2,CUST0000584,2025-04-03,2026-03-31,Expired,Standard,378145.78,False
921,POL00000921,2,76,2,CUST0003105,2026-01-07,2026-12-31,Active,Standard,596522.65,False
922,POL00000922,1,16,1,CUST0001044,2025-12-05,2026-11-30,Active,Standard,844222.33,False
923,POL00000923,8,78,2,CUST0000672,2024-05-07,2026-04-30,Expired,Standard,4391700.01,False
924,POL00000924,4,39,2,CUST0000055,2025-08-27,2027-07-31,Active,Standard,1017635.75,False
925,POL00000925,6,88,3,CUST0000461,2023-10-01,2024-09-30,Expired,Premium,675411.06,False
926,POL00000926,3,106,1,CUST0000423,2023-11-26,2024-10-31,Expired,Standard,1836188.76,False
927,POL00000927,1,65,4,CUST0002936,2023-12-05,2024-11-30,Expired,Premium,749789.59,False
928,POL00000928,1,86,1,CUST0001737,2024-08-19,2025-07-31,Expired,Basic,871937.76,False
929,POL00000929,8,103,3,CUST0001475,2025-05-27,2026-04-30,Cancelled,Standard,5747903.48,True
930,POL00000930,3,45,2,CUST0000960,2024-12-05,2025-11-30,Expired,Standard,2053610.17,False
931,POL00000931,4,75,3,CUST0002963,2025-08-25,2026-07-31,Active,Standard,1320841.99,False
932,POL00000932,8,5,4,CUST0000014,2024-06-08,2025-05-31,Expired,Standard,5593280.21,False
933,POL00000933,1,44,3,CUST0001760,2024-06-09,2025-05-31,Expired,Standard,673464.82,False
934,POL00000934,3,33,4,CUST0002012,2024-11-27,2026-10-31,Active,Standard,1358270.88,False
935,POL00000935,6,102,1,CUST0001070,2023-07-20,2024-06-30,Cancelled,Premium,1119987.13,True
936,POL00000936,1,92,4,CUST0002976,2025-04-15,2026-03-31,Expired,Standard,465942.97,False
937,POL00000937,4,69,3,CUST0002700,2023-12-31,2024-11-30,Expired,Standard,1650141.12,False
938,POL00000938,5,102,3,CUST0002413,2023-11-04,2024-10-31,Cancelled,Standard,600717.88,True
939,POL00000939,4,57,4,CUST0000144,2025-04-16,2026-03-31,Cancelled,Basic,1135510.54,True
940,POL00000940,1,56,1,CUST0000921,2023-10-30,2024-09-30,Expired,Standard,533425.79,False
941,POL00000941,1,26,1,CUST0001346,2024-07-16,2025-06-30,Expired,Premium,685914.6,False
942,POL00000942,1,99,1,CUST0003787,2024-09-23,2025-08-31,Expired,Premium,705608.43,False
943,POL00000943,2,33,2,CUST0002675,2023-08-23,2024-07-31,Cancelled,Premium,643442.97,True
944,POL00000944,1,36,3,CUST0003679,2025-11-01,2026-10-31,Active,Premium,861486.0,False
945,POL00000945,9,15,1,CUST0002644,2023-10-26,2024-09-30,Expired,Premium,5442333.44,False
946,POL00000946,8,77,4,CUST0002601,2023-10-20,2025-09-30,Expired,Standard,3530501.44,False
947,POL00000947,10,79,4,CUST0002283,2023-07-28,2024-06-30,Expired,Standard,2585705.19,False
948,POL00000948,6,20,2,CUST0001510,2026-01-25,2026-12-31,Active,Standard,806054.05,False
949,POL00000949,2,111,4,CUST0002084,2025-09-08,2026-08-31,Active,Premium,500222.17,False
950,POL00000950,3,85,3,CUST0003993,2023-08-04,2025-07-31,Expired,Standard,1992187.86,False
951,POL00000951,10,17,3,CUST0000398,2023-09-02,2024-08-31,Expired,Standard,2439126.3,False
952,POL00000952,3,81,2,CUST0003236,2025-10-30,2026-09-30,Active,Standard,1936783.79,False
953,POL00000953,2,55,3,CUST0002149,2023-10-12,2024-09-30,Expired,Basic,749863.85,False
954,POL00000954,1,109,4,CUST0002036,2024-10-26,2025-09-30,Expired,Standard,507928.83,False
955,POL00000955,1,95,2,CUST0000216,2026-01-11,2026-12-31,Active,Basic,871315.63,False
956,POL00000956,6,40,3,CUST0001016,2023-09-20,2024-08-31,Expired,Standard,952143.58,False
957,POL00000957,7,51,1,CUST0003976,2024-11-27,2025-10-31,Expired,Standard,502151.53,False
958,POL00000958,1,94,2,CUST0001691,2025-07-28,2027-06-30,Active,Premium,521134.39,False
959,POL00000959,3,57,3,CUST0003197,2024-06-23,2025-05-31,Expired,Premium,1232566.17,False
960,POL00000960,3,113,2,CUST0002115,2023-08-21,2024-07-31,Expired,Premium,2071550.36,False
961,POL00000961,10,68,3,CUST0001343,2024-09-13,2025-08-31,Cancelled,Premium,2096200.43,True
962,POL00000962,2,81,2,CUST0000127,2023-08-13,2024-07-31,Expired,Basic,480219.46,False
963,POL00000963,5,81,2,CUST0003964,2025-09-17,2026-08-31,Active,Basic,534884.22,False
964,POL00000964,5,67,2,CUST0002038,2025-07-20,2026-06-30,Active,Standard,583145.89,False
965,POL00000965,3,88,3,CUST0000894,2024-08-19,2025-07-31,Expired,Basic,1616914.75,False
966,POL00000966,6,100,2,CUST0000785,2024-08-18,2025-07-31,Cancelled,Standard,1039704.48,True
967,POL00000967,2,45,1,CUST0000600,2024-03-16,2025-02-28,Expired,Standard,553692.34,False
968,POL00000968,1,41,4,CUST0001587,2024-11-29,2025-10-31,Expired,Basic,655430.22,False
969,POL00000969,4,71,2,CUST0003434,2025-09-03,2027-08-31,Active,Standard,1294817.97,False
970,POL00000970,2,78,3,CUST0003428,2024-09-06,2025-08-31,Expired,Premium,548427.41,False
971,POL00000971,8,64,1,CUST0002995,2023-07-28,2024-06-30,Expired,Standard,6797237.07,False
972,POL00000972,2,31,3,CUST0000016,2024-04-11,2025-03-31,Expired,Premium,651195.77,False
973,POL00000973,1,95,1,CUST0001711,2023-09-24,2025-08-31,Expired,Standard,546219.62,False
974,POL00000974,1,105,3,CUST0003054,2023-09-14,2024-08-31,Expired,Basic,627412.99,False
975,POL00000975,9,111,3,CUST0003418,2025-10-03,2026-09-30,Active,Standard,7877981.79,False
976,POL00000976,3,22,3,CUST0002942,2023-12-01,2024-11-30,Expired,Standard,1334693.55,False
977,POL00000977,1,106,3,CUST0002766,2024-06-10,2025-05-31,Expired,Standard,810370.2,False
978,POL00000978,9,41,1,CUST0000532,2025-08-09,2026-07-31,Active,Standard,8158873.26,False
979,POL00000979,2,42,2,CUST0003728,2025-04-03,2027-03-31,Active,Standard,607545.11,False
980,POL00000980,1,39,4,CUST0000828,2025-02-13,2026-01-31,Expired,Premium,539506.44,False
981,POL00000981,9,44,3,CUST0001023,2023-09-26,2024-08-31,Expired,Standard,6618863.99,False
982,POL00000982,6,87,2,CUST0003505,2025-12-18,2026-11-30,Active,Standard,619959.52,False
983,POL00000983,1,111,2,CUST0000743,2024-04-05,2025-03-31,Expired,Standard,837091.37,False
984,POL00000984,3,70,1,CUST0003169,2025-08-13,2026-07-31,Active,Premium,1828252.15,False
985,POL00000985,5,84,1,CUST0003632,2023-11-02,2024-10-31,Expired,Standard,356052.56,False
986,POL00000986,5,23,3,CUST0000134,2025-10-14,2026-09-30,Active,Basic,539681.18,False
987,POL00000987,1,6,3,CUST0000412,2025-07-27,2027-06-30,Active,Standard,468381.37,False
988,POL00000988,6,40,1,CUST0001439,2025-03-31,2026-02-28,Expired,Standard,929094.32,False
989,POL00000989,4,51,4,CUST0000731,2023-10-09,2024-09-30,Expired,Standard,1330626.61,False
990,POL00000990,9,9,2,CUST0001436,2024-06-14,2025-05-31,Expired,Standard,10262559.98,False
991,POL00000991,1,115,3,CUST0002786,2025-09-16,2026-08-31,Active,Premium,519149.24,False
992,POL00000992,8,50,4,CUST0003922,2025-08-02,2026-07-31,Cancelled,Premium,4998585.17,True
993,POL00000993,5,103,2,CUST0002895,2025-09-01,2026-08-31,Active,Basic,414744.08,False
994,POL00000994,1,53,3,CUST0001185,2025-08-13,2026-07-31,Active,Basic,738400.92,False
995,POL00000995,2,93,1,CUST0000288,2024-02-09,2025-01-31,Expired,Basic,524641.95,False
996,POL00000996,4,83,3,CUST0001004,2023-11-09,2025-10-31,Expired,Standard,1599633.99,False
997,POL00000997,5,35,3,CUST0001703,2025-11-11,2026-10-31,Active,Standard,475997.48,False
998,POL00000998,1,31,4,CUST0000568,2025-05-20,2026-04-30,Expired,Standard,528149.76,False
999,POL00000999,7,70,2,CUST0001964,2025-10-05,2026-09-30,Cancelled,Standard,322006.66,True
1000,POL00001000,1,63,3,CUST0003599,2025-04-25,2026-03-31,Expired,Premium,657028.2,False
1001,POL00001001,2,55,4,CUST0002645,2025-12-20,2027-11-30,Active,Basic,748807.34,False
1002,POL00001002,5,114,4,CUST0002245,2023-12-28,2025-11-30,Expired,Premium,369426.27,False
1003,POL00001003,2,60,1,CUST0003803,2024-10-10,2025-09-30,Expired,Standard,730626.33,False
1004,POL00001004,1,34,3,CUST0002810,2023-07-21,2024-06-30,Expired,Premium,722496.01,False
1005,POL00001005,9,11,3,CUST0000713,2025-04-20,2026-03-31,Cancelled,Basic,9260582.66,True
1006,POL00001006,2,86,3,CUST0000782,2025-03-31,2026-02-28,Expired,Standard,479320.22,False
1007,POL00001007,3,108,2,CUST0000576,2025-06-11,2027-05-31,Active,Standard,1433075.55,False
1008,POL00001008,2,68,1,CUST0003465,2025-05-17,2026-04-30,Expired,Basic,707287.55,False
1009,POL00001009,1,72,2,CUST0000936,2025-09-27,2026-08-31,Active,Basic,780430.94,False
1010,POL00001010,4,118,3,CUST0001573,2025-11-26,2026-10-31,Active,Standard,1626180.12,False
1011,POL00001011,5,48,3,CUST0000741,2024-04-23,2025-03-31,Expired,Standard,431563.73,False
1012,POL00001012,6,66,4,CUST0000627,2024-06-29,2025-05-31,Expired,Basic,1109040.19,False
1013,POL00001013,3,117,2,CUST0003225,2024-02-07,2025-01-31,Expired,Standard,1059265.12,False
1014,POL00001014,10,30,4,CUST0000842,2025-02-08,2026-01-31,Expired,Standard,1576288.98,False
1015,POL00001015,7,26,4,CUST0000421,2023-12-16,2024-11-30,Expired,Standard,298227.37,False
1016,POL00001016,10,32,1,CUST0003436,2023-07-12,2024-06-30,Expired,Standard,2704176.52,False
1017,POL00001017,1,55,1,CUST0003810,2025-06-29,2026-05-31,Expired,Basic,573281.66,False
1018,POL00001018,5,101,3,CUST0001184,2024-12-25,2025-11-30,Expired,Standard,394403.14,False
1019,POL00001019,9,96,3,CUST0003718,2024-05-21,2025-04-30,Expired,Standard,8288410.2,False
1020,POL00001020,1,86,4,CUST0001425,2023-08-09,2024-07-31,Expired,Standard,655254.53,False
1021,POL00001021,5,3,4,CUST0000329,2025-08-19,2026-07-31,Active,Standard,543836.7,False
1022,POL00001022,6,6,2,CUST0001131,2023-12-07,2024-11-30,Expired,Standard,898701.75,False
1023,POL00001023,5,118,1,CUST0002744,2024-01-18,2024-12-31,Expired,Standard,532196.31,False
1024,POL00001024,8,69,3,CUST0003895,2024-05-04,2025-04-30,Expired,Basic,4706709.48,False
1025,POL00001025,2,24,2,CUST0002205,2024-02-12,2025-01-31,Expired,Standard,649928.36,False
1026,POL00001026,1,118,2,CUST0003859,2025-09-22,2026-08-31,Active,Standard,489357.22,False
1027,POL00001027,8,29,3,CUST0003561,2025-01-08,2025-12-31,Expired,Standard,6143626.95,False
1028,POL00001028,1,62,2,CUST0003715,2023-10-19,2024-09-30,Expired,Standard,819762.04,False
1029,POL00001029,5,6,4,CUST0003109,2023-10-20,2025-09-30,Expired,Standard,568659.78,False
1030,POL00001030,3,26,1,CUST0000088,2024-05-14,2026-04-30,Expired,Standard,1365262.9,False
1031,POL00001031,2,81,2,CUST0003020,2024-05-22,2025-04-30,Expired,Standard,759730.79,False
1032,POL00001032,5,81,1,CUST0000252,2023-09-16,2024-08-31,Expired,Standard,634188.56,False
1033,POL00001033,2,41,3,CUST0000627,2024-05-15,2026-04-30,Expired,Basic,653767.23,False
1034,POL00001034,9,20,3,CUST0000924,2023-11-24,2024-10-31,Expired,Standard,9942114.04,False
1035,POL00001035,1,39,4,CUST0000709,2024-11-19,2025-10-31,Expired,Basic,890877.46,False
1036,POL00001036,2,120,4,CUST0000671,2024-06-15,2025-05-31,Expired,Standard,405136.37,False
1037,POL00001037,2,97,1,CUST0002414,2025-06-12,2026-05-31,Expired,Basic,680236.55,False
1038,POL00001038,6,30,2,CUST0001467,2024-11-03,2025-10-31,Expired,Premium,932913.96,False
1039,POL00001039,9,118,4,CUST0001285,2024-01-06,2024-12-31,Expired,Standard,6074068.51,False
1040,POL00001040,6,117,1,CUST0001486,2025-04-06,2026-03-31,Expired,Premium,740006.47,False
1041,POL00001041,3,53,3,CUST0001557,2024-07-18,2025-06-30,Expired,Basic,1471156.32,False
1042,POL00001042,2,110,1,CUST0002972,2026-02-12,2028-01-31,Active,Basic,649937.49,False
1043,POL00001043,3,6,3,CUST0003759,2024-03-27,2025-02-28,Expired,Standard,1462768.95,False
1044,POL00001044,3,27,3,CUST0000478,2025-09-20,2026-08-31,Active,Standard,2068853.0,False
1045,POL00001045,8,39,2,CUST0000373,2023-07-31,2024-06-30,Expired,Standard,6715605.47,False
1046,POL00001046,2,105,2,CUST0000147,2026-02-01,2027-01-31,Active,Premium,718769.53,False
1047,POL00001047,1,2,3,CUST0003840,2025-01-04,2025-12-31,Expired,Basic,746128.75,False
1048,POL00001048,5,10,1,CUST0002740,2024-04-03,2025-03-31,Expired,Standard,606732.56,False
1049,POL00001049,1,41,2,CUST0002973,2025-04-16,2026-03-31,Expired,Standard,740282.65,False
1050,POL00001050,1,17,1,CUST0003616,2025-05-20,2026-04-30,Expired,Basic,694083.69,False
1051,POL00001051,6,100,3,CUST0001995,2023-10-21,2024-09-30,Expired,Basic,1064564.83,False
1052,POL00001052,2,59,2,CUST0003926,2025-11-20,2026-10-31,Active,Standard,430063.97,False
1053,POL00001053,3,33,2,CUST0000770,2024-01-17,2024-12-31,Expired,Standard,1809318.62,False
1054,POL00001054,3,101,2,CUST0001987,2025-04-09,2026-03-31,Expired,Standard,1230486.39,False
1055,POL00001055,2,38,4,CUST0001459,2025-01-19,2025-12-31,Expired,Standard,552457.08,False
1056,POL00001056,6,54,1,CUST0002161,2023-07-04,2024-06-30,Expired,Premium,1005622.68,False
1057,POL00001057,4,82,1,CUST0001198,2025-01-24,2025-12-31,Expired,Premium,998733.63,False
1058,POL00001058,8,86,3,CUST0002744,2026-01-14,2026-12-31,Active,Standard,3810835.3,False
1059,POL00001059,7,112,4,CUST0002109,2025-10-13,2026-09-30,Active,Standard,515993.91,False
1060,POL00001060,9,79,2,CUST0002206,2024-04-26,2025-03-31,Expired,Premium,8360087.78,False
1061,POL00001061,1,55,1,CUST0001596,2025-11-07,2026-10-31,Active,Standard,646309.2,False
1062,POL00001062,9,96,1,CUST0003057,2025-05-29,2026-04-30,Expired,Standard,9784527.48,False
1063,POL00001063,1,75,2,CUST0003871,2025-04-24,2026-03-31,Expired,Premium,496375.34,False
1064,POL00001064,10,19,1,CUST0000316,2024-11-01,2026-10-31,Active,Standard,2172003.3,False
1065,POL00001065,9,67,3,CUST0000191,2025-04-02,2026-03-31,Expired,Standard,7296037.86,False
1066,POL00001066,4,61,2,CUST0001793,2024-04-24,2025-03-31,Expired,Basic,1077736.23,False
1067,POL00001067,1,55,3,CUST0002299,2024-09-11,2025-08-31,Expired,Basic,534284.13,False
1068,POL00001068,4,100,3,CUST0003353,2025-05-08,2027-04-30,Active,Standard,1435363.56,False
1069,POL00001069,1,108,4,CUST0000574,2024-07-29,2025-06-30,Expired,Standard,527583.39,False
1070,POL00001070,4,110,1,CUST0000074,2025-12-13,2026-11-30,Active,Standard,1412108.85,False
1071,POL00001071,1,73,2,CUST0003117,2024-02-20,2026-01-31,Expired,Standard,695610.59,False
1072,POL00001072,9,61,2,CUST0002249,2023-07-10,2025-06-30,Expired,Standard,5804782.83,False
1073,POL00001073,5,89,2,CUST0000990,2026-01-29,2026-12-31,Active,Premium,637303.34,False
1074,POL00001074,6,84,1,CUST0002569,2025-02-03,2026-01-31,Expired,Premium,973971.77,False
1075,POL00001075,1,30,1,CUST0001150,2026-01-11,2026-12-31,Active,Basic,458396.04,False
1076,POL00001076,10,38,2,CUST0002018,2024-11-26,2025-10-31,Expired,Standard,2326290.22,False
1077,POL00001077,5,31,3,CUST0003495,2025-08-18,2026-07-31,Active,Basic,587185.81,False
1078,POL00001078,2,89,4,CUST0001219,2025-11-21,2026-10-31,Active,Basic,544968.45,False
1079,POL00001079,2,111,4,CUST0003794,2024-09-16,2025-08-31,Expired,Standard,748322.38,False
1080,POL00001080,3,97,4,CUST0002099,2024-01-16,2024-12-31,Expired,Standard,1214655.65,False
1081,POL00001081,5,37,2,CUST0000947,2024-12-03,2025-11-30,Expired,Standard,399055.45,False
1082,POL00001082,3,53,3,CUST0002099,2023-07-23,2024-06-30,Expired,Standard,1130837.16,False
1083,POL00001083,6,100,3,CUST0000805,2025-03-25,2026-02-28,Expired,Standard,588332.87,False
1084,POL00001084,10,36,3,CUST0001676,2025-03-20,2026-02-28,Expired,Standard,1627318.15,False
1085,POL00001085,1,85,3,CUST0001535,2025-03-18,2026-02-28,Expired,Standard,714857.83,False
1086,POL00001086,1,83,3,CUST0003745,2023-09-22,2024-08-31,Expired,Standard,611102.17,False
1087,POL00001087,1,75,2,CUST0001517,2025-11-29,2026-10-31,Active,Standard,690224.98,False
1088,POL00001088,5,1,1,CUST0001915,2023-09-08,2024-08-31,Expired,Standard,355062.44,False
1089,POL00001089,2,27,4,CUST0000521,2023-08-25,2024-07-31,Expired,Standard,648640.65,False
1090,POL00001090,3,30,3,CUST0001290,2024-04-19,2026-03-31,Expired,Basic,1411010.88,False
1091,POL00001091,1,79,1,CUST0003697,2024-10-21,2025-09-30,Expired,Standard,581772.82,False
1092,POL00001092,9,120,1,CUST0002627,2024-10-21,2025-09-30,Expired,Standard,9918575.1,False
1093,POL00001093,1,73,2,CUST0000915,2026-02-15,2027-01-31,Active,Standard,808733.0,False
1094,POL00001094,6,81,3,CUST0000544,2023-12-30,2024-11-30,Expired,Premium,697891.74,False
1095,POL00001095,1,93,3,CUST0000769,2024-03-07,2025-02-28,Expired,Standard,603618.08,False
1096,POL00001096,1,2,3,CUST0001959,2025-01-19,2025-12-31,Expired,Basic,506361.11,False
1097,POL00001097,1,60,2,CUST0002260,2024-01-21,2024-12-31,Expired,Standard,513525.65,False
1098,POL00001098,1,5,2,CUST0002876,2025-02-19,2026-01-31,Expired,Standard,456794.29,False
1099,POL00001099,1,71,1,CUST0003355,2023-08-24,2024-07-31,Cancelled,Premium,679297.74,True
1100,POL00001100,6,88,2,CUST0003702,2024-09-03,2026-08-31,Active,Basic,763413.38,False
1101,POL00001101,1,71,2,CUST0003013,2024-07-03,2025-06-30,Expired,Standard,699551.0,False
1102,POL00001102,6,41,3,CUST0000035,2024-07-29,2025-06-30,Expired,Standard,877709.65,False
1103,POL00001103,3,94,3,CUST0003214,2025-10-13,2026-09-30,Active,Standard,1484610.28,False
1104,POL00001104,7,95,1,CUST0000953,2025-11-03,2026-10-31,Active,Standard,334049.3,False
1105,POL00001105,5,98,1,CUST0003676,2024-03-20,2025-02-28,Expired,Standard,629273.84,False
1106,POL00001106,4,119,1,CUST0000412,2026-01-13,2027-12-31,Active,Standard,1407641.56,False
1107,POL00001107,1,19,2,CUST0002285,2025-08-17,2026-07-31,Active,Standard,526481.37,False
1108,POL00001108,1,115,3,CUST0000925,2023-11-11,2024-10-31,Expired,Standard,827569.41,False
1109,POL00001109,8,22,4,CUST0002343,2024-05-18,2025-04-30,Expired,Standard,5170987.8,False
1110,POL00001110,1,73,2,CUST0000711,2023-12-04,2024-11-30,Expired,Basic,810777.81,False
1111,POL00001111,4,4,1,CUST0001384,2025-08-07,2027-07-31,Active,Premium,1673461.81,False
1112,POL00001112,9,71,4,CUST0001253,2024-06-09,2025-05-31,Expired,Standard,9955474.05,False
1113,POL00001113,2,92,2,CUST0002089,2025-03-16,2026-02-28,Expired,Premium,662715.76,False
1114,POL00001114,1,115,4,CUST0000257,2023-07-16,2024-06-30,Expired,Standard,632499.92,False
1115,POL00001115,1,34,3,CUST0001423,2025-06-12,2026-05-31,Expired,Basic,517515.38,False
1116,POL00001116,5,18,3,CUST0002388,2023-07-18,2024-06-30,Expired,Standard,691782.88,False
1117,POL00001117,2,31,1,CUST0000049,2023-11-10,2024-10-31,Expired,Basic,724610.41,False
1118,POL00001118,1,115,1,CUST0000856,2024-12-28,2025-11-30,Expired,Standard,485736.81,False
1119,POL00001119,3,101,1,CUST0001139,2024-07-31,2025-06-30,Expired,Standard,1968492.52,False
1120,POL00001120,6,2,1,CUST0001218,2025-08-30,2026-07-31,Active,Basic,834839.34,False
1121,POL00001121,6,97,4,CUST0001063,2025-03-10,2026-02-28,Expired,Basic,586756.55,False
1122,POL00001122,6,72,1,CUST0003135,2024-04-12,2025-03-31,Expired,Basic,780413.46,False
1123,POL00001123,1,68,1,CUST0000705,2024-04-21,2025-03-31,Expired,Basic,865169.03,False
1124,POL00001124,2,95,4,CUST0000956,2025-05-27,2026-04-30,Expired,Standard,475330.75,False
1125,POL00001125,2,33,2,CUST0003775,2025-02-25,2026-01-31,Expired,Standard,591108.71,False
1126,POL00001126,8,27,3,CUST0001642,2024-10-06,2025-09-30,Cancelled,Standard,5041054.02,True
1127,POL00001127,3,87,3,CUST0000060,2026-01-24,2026-12-31,Active,Standard,1345316.29,False
1128,POL00001128,9,17,3,CUST0003834,2024-09-30,2025-08-31,Cancelled,Standard,10151447.06,True
1129,POL00001129,1,37,1,CUST0003619,2023-09-06,2024-08-31,Expired,Standard,479247.79,False
1130,POL00001130,3,87,1,CUST0001181,2024-02-10,2025-01-31,Expired,Premium,1548478.83,False
1131,POL00001131,2,93,3,CUST0001089,2025-03-26,2026-02-28,Expired,Basic,529464.95,False
1132,POL00001132,4,85,2,CUST0000670,2023-11-26,2024-10-31,Expired,Premium,1288851.18,False
1133,POL00001133,8,116,2,CUST0000768,2025-09-14,2026-08-31,Active,Basic,3610775.63,False
1134,POL00001134,6,111,3,CUST0002130,2025-07-29,2026-06-30,Active,Premium,894257.59,False
1135,POL00001135,6,109,1,CUST0003317,2026-02-07,2027-01-31,Active,Premium,661092.86,False
1136,POL00001136,2,17,2,CUST0003734,2025-09-10,2026-08-31,Active,Premium,632277.19,False
1137,POL00001137,8,5,1,CUST0003482,2024-10-19,2025-09-30,Cancelled,Standard,3914027.68,True
1138,POL00001138,5,66,1,CUST0001795,2025-05-05,2026-04-30,Expired,Standard,690975.79,False
1139,POL00001139,7,11,3,CUST0002434,2024-07-17,2025-06-30,Expired,Standard,557992.42,False
1140,POL00001140,3,110,3,CUST0002097,2024-01-12,2024-12-31,Expired,Basic,1133088.63,False
1141,POL00001141,2,56,4,CUST0001316,2024-07-23,2025-06-30,Expired,Standard,731748.4,False
1142,POL00001142,2,68,1,CUST0000444,2025-12-02,2026-11-30,Active,Standard,503422.19,False
1143,POL00001143,1,11,1,CUST0000084,2024-08-02,2026-07-31,Active,Basic,719407.24,False
1144,POL00001144,6,111,4,CUST0003713,2024-06-22,2025-05-31,Expired,Basic,1027510.22,False
1145,POL00001145,8,60,4,CUST0001321,2024-10-09,2025-09-30,Expired,Standard,4755258.03,False
1146,POL00001146,5,72,2,CUST0000865,2025-03-24,2026-02-28,Expired,Standard,609460.93,False
1147,POL00001147,1,52,3,CUST0003413,2025-05-01,2026-04-30,Expired,Standard,619080.96,False
1148,POL00001148,1,15,1,CUST0000373,2023-07-14,2024-06-30,Expired,Standard,648146.54,False
1149,POL00001149,5,47,2,CUST0000468,2023-11-06,2024-10-31,Expired,Standard,511568.53,False
1150,POL00001150,4,47,4,CUST0001257,2024-07-02,2025-06-30,Expired,Standard,1453443.83,False
1151,POL00001151,6,64,1,CUST0002952,2024-09-10,2025-08-31,Expired,Premium,764280.58,False
1152,POL00001152,3,60,2,CUST0003383,2024-07-29,2025-06-30,Expired,Standard,1943782.37,False
1153,POL00001153,5,95,4,CUST0001420,2025-10-28,2026-09-30,Active,Premium,440019.01,False
1154,POL00001154,2,74,3,CUST0000375,2023-08-04,2024-07-31,Expired,Standard,394957.02,False
1155,POL00001155,5,98,2,CUST0002809,2025-03-01,2026-02-28,Expired,Standard,680392.69,False
1156,POL00001156,5,28,1,CUST0002873,2026-02-16,2027-01-31,Active,Standard,389494.12,False
1157,POL00001157,2,83,2,CUST0000648,2024-11-21,2026-10-31,Active,Premium,562699.7,False
1158,POL00001158,1,13,2,CUST0001302,2023-08-15,2024-07-31,Expired,Standard,678509.45,False
1159,POL00001159,2,52,3,CUST0001667,2023-10-30,2024-09-30,Expired,Basic,645683.01,False
1160,POL00001160,1,3,4,CUST0003991,2026-01-24,2026-12-31,Active,Standard,471466.26,False
1161,POL00001161,3,74,1,CUST0003111,2024-07-25,2026-06-30,Active,Premium,1833351.06,False
1162,POL00001162,6,73,3,CUST0001857,2025-02-17,2026-01-31,Expired,Standard,832538.75,False
1163,POL00001163,1,34,2,CUST0002983,2024-02-25,2025-01-31,Expired,Basic,892882.85,False
1164,POL00001164,2,54,1,CUST0003374,2025-07-26,2026-06-30,Active,Basic,671877.91,False
1165,POL00001165,9,85,2,CUST0003860,2023-11-09,2024-10-31,Cancelled,Standard,10402325.78,True
1166,POL00001166,6,120,1,CUST0003911,2023-11-11,2024-10-31,Expired,Standard,587467.54,False
1167,POL00001167,7,2,4,CUST0003193,2025-07-25,2026-06-30,Active,Basic,501946.88,False
1168,POL00001168,8,72,1,CUST0001221,2024-02-24,2025-01-31,Expired,Standard,6863571.43,False
1169,POL00001169,2,68,2,CUST0003800,2023-07-29,2024-06-30,Expired,Standard,566275.52,False
1170,POL00001170,5,44,4,CUST0000967,2024-02-10,2025-01-31,Expired,Standard,638888.91,False
1171,POL00001171,1,25,2,CUST0002922,2025-11-24,2026-10-31,Active,Premium,506438.95,False
1172,POL00001172,8,85,1,CUST0002858,2023-12-16,2024-11-30,Expired,Premium,6553697.16,False
1173,POL00001173,1,112,3,CUST0000717,2025-12-15,2026-11-30,Active,Basic,844495.03,False
1174,POL00001174,2,6,4,CUST0003799,2024-12-26,2026-11-30,Active,Basic,572858.63,False
1175,POL00001175,1,9,4,CUST0003209,2024-12-28,2025-11-30,Expired,Standard,849117.18,False
1176,POL00001176,1,85,1,CUST0001570,2024-11-30,2025-10-31,Expired,Standard,498144.47,False
1177,POL00001177,6,13,2,CUST0002250,2024-02-24,2025-01-31,Cancelled,Standard,1032530.8,True
1178,POL00001178,2,112,3,CUST0000908,2025-07-11,2026-06-30,Active,Standard,451113.02,False
1179,POL00001179,9,98,4,CUST0001738,2024-05-24,2025-04-30,Expired,Standard,6732910.43,False
1180,POL00001180,5,17,2,CUST0002121,2025-06-28,2026-05-31,Cancelled,Basic,560408.63,True
1181,POL00001181,5,118,1,CUST0003216,2024-07-03,2025-06-30,Expired,Premium,497256.3,False
1182,POL00001182,4,66,2,CUST0000216,2023-12-24,2024-11-30,Expired,Basic,1369413.92,False
1183,POL00001183,4,37,2,CUST0002768,2025-09-20,2026-08-31,Cancelled,Standard,1265879.01,True
1184,POL00001184,6,42,3,CUST0001243,2023-12-13,2025-11-30,Expired,Standard,599133.0,False
1185,POL00001185,1,4,2,CUST0001631,2025-03-06,2026-02-28,Expired,Standard,774481.43,False
1186,POL00001186,6,98,3,CUST0003555,2024-01-18,2024-12-31,Expired,Premium,881244.36,False
1187,POL00001187,1,3,4,CUST0003883,2023-12-18,2024-11-30,Expired,Standard,645588.58,False
1188,POL00001188,9,59,2,CUST0002059,2025-06-29,2026-05-31,Expired,Basic,5317861.26,False
1189,POL00001189,5,31,4,CUST0003496,2024-12-21,2025-11-30,Expired,Standard,547761.39,False
1190,POL00001190,6,104,3,CUST0002660,2023-12-30,2024-11-30,Expired,Standard,957376.26,False
1191,POL00001191,5,86,2,CUST0000209,2023-11-01,2024-10-31,Expired,Standard,474713.11,False
1192,POL00001192,9,30,4,CUST0002245,2025-07-28,2026-06-30,Active,Standard,10373217.93,False
1193,POL00001193,1,41,1,CUST0000971,2025-01-05,2025-12-31,Expired,Standard,517839.94,False
1194,POL00001194,5,53,4,CUST0001986,2024-03-19,2025-02-28,Expired,Standard,620173.9,False
1195,POL00001195,4,65,1,CUST0002096,2025-07-05,2026-06-30,Active,Standard,1636588.85,False
1196,POL00001196,2,85,3,CUST0001131,2024-07-22,2025-06-30,Expired,Basic,518934.26,False
1197,POL00001197,9,73,1,CUST0000147,2025-08-20,2026-07-31,Active,Basic,6323996.45,False
1198,POL00001198,5,22,4,CUST0003509,2024-07-11,2025-06-30,Expired,Basic,691487.24,False
1199,POL00001199,1,100,1,CUST0000627,2025-02-25,2026-01-31,Expired,Standard,499138.28,False
1200,POL00001200,1,3,2,CUST0003901,2024-04-07,2025-03-31,Expired,Standard,782299.27,False
1201,POL00001201,9,114,2,CUST0000331,2026-03-01,2027-02-28,Active,Standard,8626226.54,False
1202,POL00001202,9,62,4,CUST0001587,2025-02-07,2027-01-31,Active,Standard,5681119.02,False
1203,POL00001203,1,74,1,CUST0002328,2023-10-14,2025-09-30,Expired,Standard,744620.36,False
1204,POL00001204,1,76,3,CUST0002503,2025-10-17,2026-09-30,Active,Standard,488325.64,False
1205,POL00001205,5,17,2,CUST0001625,2024-03-01,2025-02-28,Expired,Premium,659597.76,False
1206,POL00001206,2,44,1,CUST0003666,2025-10-08,2026-09-30,Cancelled,Standard,418032.59,True
1207,POL00001207,4,5,2,CUST0001992,2023-09-19,2024-08-31,Expired,Standard,1376792.66,False
1208,POL00001208,3,116,4,CUST0001420,2025-09-21,2026-08-31,Active,Standard,1143042.59,False
1209,POL00001209,10,34,4,CUST0003586,2024-09-04,2025-08-31,Expired,Standard,2344260.01,False
1210,POL00001210,4,84,1,CUST0003677,2026-01-19,2026-12-31,Active,Basic,962724.6,False
1211,POL00001211,1,35,2,CUST0002136,2025-03-15,2026-02-28,Expired,Standard,518779.05,False
1212,POL00001212,5,7,3,CUST0002227,2026-02-24,2027-01-31,Active,Basic,571309.13,False
1213,POL00001213,1,48,3,CUST0000633,2024-08-11,2025-07-31,Cancelled,Standard,520919.44,True
1214,POL00001214,1,82,1,CUST0002853,2024-02-10,2025-01-31,Expired,Premium,823408.18,False
1215,POL00001215,8,24,2,CUST0000418,2024-11-26,2025-10-31,Expired,Standard,3841202.22,False
1216,POL00001216,5,110,2,CUST0001939,2024-01-21,2024-12-31,Expired,Standard,539330.27,False
1217,POL00001217,4,28,1,CUST0000621,2025-05-04,2026-04-30,Expired,Premium,1265710.95,False
1218,POL00001218,10,64,2,CUST0003773,2025-03-23,2026-02-28,Expired,Basic,1472457.94,False
1219,POL00001219,3,84,1,CUST0001565,2023-09-08,2024-08-31,Expired,Basic,1819125.43,False
1220,POL00001220,6,114,3,CUST0002803,2023-11-22,2024-10-31,Expired,Premium,930277.92,False
1221,POL00001221,6,83,4,CUST0002681,2024-02-11,2025-01-31,Expired,Basic,879882.68,False
1222,POL00001222,5,98,1,CUST0002897,2025-09-15,2026-08-31,Active,Basic,652221.9,False
1223,POL00001223,3,4,2,CUST0001204,2024-10-31,2025-09-30,Expired,Premium,1891003.0,False
1224,POL00001224,5,20,4,CUST0003280,2024-08-31,2025-07-31,Cancelled,Premium,488559.79,True
1225,POL00001225,2,71,3,CUST0003808,2024-03-14,2025-02-28,Expired,Standard,756828.95,False
1226,POL00001226,9,120,4,CUST0001116,2024-12-15,2026-11-30,Active,Standard,7360907.69,False
1227,POL00001227,1,30,3,CUST0003740,2025-05-14,2026-04-30,Expired,Standard,467641.76,False
1228,POL00001228,2,115,1,CUST0000022,2025-11-29,2026-10-31,Active,Basic,443612.9,False
1229,POL00001229,3,51,1,CUST0000984,2025-06-17,2026-05-31,Expired,Standard,1538193.81,False
1230,POL00001230,1,51,1,CUST0000260,2024-06-05,2025-05-31,Expired,Standard,594696.62,False
1231,POL00001231,1,71,3,CUST0000281,2025-12-18,2026-11-30,Active,Premium,638924.76,False
1232,POL00001232,6,104,1,CUST0001952,2025-03-27,2026-02-28,Expired,Premium,564451.82,False
1233,POL00001233,6,4,4,CUST0001100,2024-10-12,2025-09-30,Expired,Premium,694541.12,False
1234,POL00001234,5,31,4,CUST0001194,2025-05-16,2026-04-30,Expired,Basic,376938.86,False
1235,POL00001235,5,53,1,CUST0000505,2023-12-23,2024-11-30,Expired,Standard,484311.82,False
1236,POL00001236,5,70,3,CUST0003172,2023-08-07,2024-07-31,Expired,Premium,396636.1,False
1237,POL00001237,9,47,4,CUST0000216,2024-05-08,2025-04-30,Expired,Standard,9185224.98,False
1238,POL00001238,1,63,1,CUST0003531,2024-11-05,2025-10-31,Expired,Standard,660951.11,False
1239,POL00001239,4,116,1,CUST0000332,2025-03-27,2026-02-28,Expired,Standard,1465276.93,False
1240,POL00001240,4,87,3,CUST0000431,2023-12-30,2024-11-30,Expired,Standard,1524202.56,False
1241,POL00001241,1,45,2,CUST0002395,2025-04-05,2026-03-31,Expired,Standard,552574.53,False
1242,POL00001242,1,46,4,CUST0000948,2025-02-23,2026-01-31,Cancelled,Basic,542171.74,True
1243,POL00001243,5,20,1,CUST0000708,2024-04-05,2025-03-31,Expired,Basic,562639.62,False
1244,POL00001244,6,83,1,CUST0003475,2024-01-08,2024-12-31,Cancelled,Standard,989943.64,True
1245,POL00001245,2,82,2,CUST0003124,2025-03-05,2026-02-28,Expired,Basic,395268.72,False
1246,POL00001246,2,1,4,CUST0003280,2025-06-23,2027-05-31,Active,Standard,533556.48,False
1247,POL00001247,1,51,4,CUST0002766,2024-10-26,2025-09-30,Expired,Standard,557134.34,False
1248,POL00001248,6,86,4,CUST0000035,2024-08-07,2025-07-31,Expired,Premium,1100465.44,False
1249,POL00001249,5,110,1,CUST0001932,2023-12-27,2024-11-30,Expired,Standard,642184.18,False
1250,POL00001250,2,47,1,CUST0001017,2025-07-02,2026-06-30,Active,Basic,425720.58,False
1251,POL00001251,1,30,3,CUST0001175,2025-02-17,2026-01-31,Expired,Basic,682774.92,False
1252,POL00001252,9,8,1,CUST0001695,2025-12-31,2026-11-30,Active,Basic,10105809.09,False
1253,POL00001253,1,44,4,CUST0002696,2025-04-01,2026-03-31,Expired,Standard,831923.31,False
1254,POL00001254,1,104,2,CUST0000950,2026-01-04,2026-12-31,Active,Standard,557549.74,False
1255,POL00001255,8,68,3,CUST0000025,2025-07-24,2026-06-30,Active,Standard,5263309.82,False
1256,POL00001256,8,2,2,CUST0003301,2025-12-27,2026-11-30,Active,Standard,6723373.66,False
1257,POL00001257,1,72,1,CUST0004000,2025-05-25,2026-04-30,Expired,Standard,704079.83,False
1258,POL00001258,2,95,4,CUST0000431,2024-06-23,2025-05-31,Expired,Standard,510831.35,False
1259,POL00001259,2,36,2,CUST0002205,2024-08-06,2025-07-31,Expired,Basic,590620.8,False
1260,POL00001260,1,72,1,CUST0003887,2023-11-28,2024-10-31,Cancelled,Standard,686386.98,True
1261,POL00001261,1,49,3,CUST0000043,2024-10-29,2025-09-30,Expired,Standard,584473.27,False
1262,POL00001262,6,33,3,CUST0003613,2025-02-23,2026-01-31,Expired,Standard,732860.58,False
1263,POL00001263,1,79,3,CUST0001338,2024-02-21,2025-01-31,Expired,Basic,907426.35,False
1264,POL00001264,3,98,3,CUST0001907,2025-02-23,2026-01-31,Expired,Standard,1402314.04,False
1265,POL00001265,3,67,2,CUST0002626,2023-11-17,2025-10-31,Cancelled,Basic,1442113.38,True
1266,POL00001266,1,75,2,CUST0002892,2025-10-24,2026-09-30,Active,Standard,747299.01,False
1267,POL00001267,1,42,3,CUST0001428,2025-09-27,2026-08-31,Active,Standard,460430.8,False
1268,POL00001268,5,119,3,CUST0003836,2025-07-06,2026-06-30,Active,Standard,467202.19,False
1269,POL00001269,2,76,2,CUST0002918,2024-06-25,2025-05-31,Expired,Standard,504098.73,False
1270,POL00001270,2,20,2,CUST0002883,2023-08-03,2024-07-31,Expired,Basic,501962.82,False
1271,POL00001271,1,27,2,CUST0000087,2026-02-09,2027-01-31,Active,Standard,686678.17,False
1272,POL00001272,1,6,4,CUST0000413,2025-11-30,2026-10-31,Active,Standard,784910.49,False
1273,POL00001273,1,99,1,CUST0000709,2024-04-30,2026-03-31,Expired,Basic,876189.6,False
1274,POL00001274,8,20,3,CUST0002308,2024-12-03,2025-11-30,Expired,Basic,6998131.39,False
1275,POL00001275,9,113,4,CUST0001358,2025-02-26,2026-01-31,Expired,Basic,7872214.89,False
1276,POL00001276,5,75,2,CUST0001886,2025-05-06,2026-04-30,Expired,Premium,596904.74,False
1277,POL00001277,1,39,1,CUST0003573,2025-05-04,2026-04-30,Expired,Basic,461291.25,False
1278,POL00001278,6,47,4,CUST0003535,2025-08-15,2026-07-31,Active,Basic,880472.51,False
1279,POL00001279,9,33,2,CUST0001733,2026-01-22,2026-12-31,Active,Standard,10013046.08,False
1280,POL00001280,7,38,1,CUST0002983,2025-05-03,2026-04-30,Expired,Standard,479851.71,False
1281,POL00001281,4,79,1,CUST0003577,2023-11-06,2025-10-31,Expired,Premium,1425455.24,False
1282,POL00001282,1,100,2,CUST0002669,2025-04-03,2026-03-31,Expired,Standard,850261.14,False
1283,POL00001283,5,104,1,CUST0001688,2026-02-01,2027-01-31,Active,Premium,619861.55,False
1284,POL00001284,7,113,3,CUST0001139,2023-10-01,2024-09-30,Expired,Premium,380657.33,False
1285,POL00001285,2,98,1,CUST0000524,2024-05-13,2025-04-30,Cancelled,Standard,747993.28,True
1286,POL00001286,3,66,2,CUST0000296,2023-07-18,2024-06-30,Expired,Basic,1221692.37,False
1287,POL00001287,2,15,1,CUST0001962,2026-01-12,2026-12-31,Active,Premium,426028.67,False
1288,POL00001288,7,59,2,CUST0000842,2024-03-14,2025-02-28,Expired,Standard,292962.65,False
1289,POL00001289,1,83,4,CUST0000348,2024-05-09,2025-04-30,Expired,Premium,458858.79,False
1290,POL00001290,3,7,3,CUST0001905,2023-07-15,2024-06-30,Cancelled,Standard,1418915.28,True
1291,POL00001291,2,10,2,CUST0001419,2025-08-09,2026-07-31,Active,Basic,600879.07,False
1292,POL00001292,4,46,1,CUST0003814,2025-08-08,2027-07-31,Active,Premium,963217.81,False
1293,POL00001293,4,100,2,CUST0002084,2025-11-12,2026-10-31,Active,Standard,914675.71,False
1294,POL00001294,1,88,3,CUST0003493,2025-01-27,2025-12-31,Expired,Basic,475299.36,False
1295,POL00001295,1,119,3,CUST0002473,2024-06-04,2025-05-31,Expired,Premium,509061.54,False
1296,POL00001296,3,37,1,CUST0003684,2024-06-11,2025-05-31,Expired,Standard,1899517.05,False
1297,POL00001297,5,28,3,CUST0001689,2024-08-14,2025-07-31,Expired,Standard,529038.49,False
1298,POL00001298,1,25,2,CUST0000038,2025-07-08,2026-06-30,Cancelled,Standard,775333.09,True
1299,POL00001299,4,63,3,CUST0002461,2023-07-01,2024-06-30,Expired,Premium,1442869.32,False
1300,POL00001300,6,80,3,CUST0002898,2024-09-08,2025-08-31,Expired,Basic,762227.17,False
1301,POL00001301,4,51,3,CUST0000288,2024-05-22,2025-04-30,Expired,Basic,1529506.76,False
1302,POL00001302,2,22,2,CUST0001199,2026-02-26,2027-01-31,Active,Standard,505745.58,False
1303,POL00001303,6,101,1,CUST0002978,2024-07-14,2025-06-30,Expired,Standard,1110010.5,False
1304,POL00001304,2,110,3,CUST0001227,2023-12-18,2024-11-30,Expired,Standard,736916.47,False
1305,POL00001305,7,14,4,CUST0000930,2023-09-03,2024-08-31,Expired,Standard,412476.41,False
1306,POL00001306,6,35,1,CUST0002787,2025-05-30,2026-04-30,Expired,Standard,665219.1,False
1307,POL00001307,1,16,3,CUST0003138,2024-09-30,2025-08-31,Expired,Standard,839103.06,False
1308,POL00001308,9,53,1,CUST0000741,2024-05-18,2025-04-30,Expired,Standard,5910378.37,False
1309,POL00001309,2,66,3,CUST0003435,2025-10-02,2026-09-30,Active,Standard,669706.36,False
1310,POL00001310,5,51,4,CUST0000980,2025-09-03,2026-08-31,Active,Standard,654195.35,False
1311,POL00001311,5,52,2,CUST0002498,2023-10-28,2024-09-30,Expired,Basic,520985.91,False
1312,POL00001312,10,69,3,CUST0003395,2023-09-16,2024-08-31,Expired,Premium,1984343.97,False
1313,POL00001313,7,105,2,CUST0001557,2024-02-04,2025-01-31,Expired,Basic,346050.88,False
1314,POL00001314,2,24,4,CUST0001552,2025-07-10,2026-06-30,Active,Basic,457663.63,False
1315,POL00001315,9,81,3,CUST0003068,2025-12-23,2026-11-30,Active,Standard,10372422.91,False
1316,POL00001316,9,3,2,CUST0003352,2026-02-01,2027-01-31,Active,Standard,9599481.1,False
1317,POL00001317,1,32,2,CUST0001261,2024-12-28,2025-11-30,Expired,Standard,675808.81,False
1318,POL00001318,5,80,3,CUST0003294,2024-08-26,2025-07-31,Expired,Standard,376991.33,False
1319,POL00001319,1,44,3,CUST0002198,2024-08-28,2025-07-31,Expired,Basic,463896.5,False
1320,POL00001320,1,14,3,CUST0003104,2025-11-15,2026-10-31,Active,Standard,461805.69,False
1321,POL00001321,5,98,3,CUST0003425,2023-07-22,2024-06-30,Expired,Standard,572381.83,False
1322,POL00001322,1,73,1,CUST0002733,2024-11-25,2026-10-31,Active,Standard,749240.17,False
1323,POL00001323,3,51,1,CUST0002558,2024-07-21,2026-06-30,Active,Premium,1210473.16,False
1324,POL00001324,5,61,1,CUST0000804,2023-11-04,2024-10-31,Expired,Standard,443445.61,False
1325,POL00001325,4,20,1,CUST0002683,2023-11-04,2024-10-31,Expired,Premium,1236047.17,False
1326,POL00001326,1,11,3,CUST0000687,2026-01-31,2026-12-31,Active,Standard,735542.57,False
1327,POL00001327,3,73,1,CUST0002505,2025-08-04,2026-07-31,Active,Basic,1707720.04,False
1328,POL00001328,3,34,1,CUST0003986,2024-11-25,2025-10-31,Expired,Premium,1492050.69,False
1329,POL00001329,2,1,2,CUST0003674,2026-02-19,2027-01-31,Active,Basic,711419.57,False
1330,POL00001330,1,11,1,CUST0001904,2024-11-30,2025-10-31,Expired,Basic,624296.19,False
1331,POL00001331,6,50,2,CUST0000550,2023-12-18,2024-11-30,Expired,Premium,930614.75,False
1332,POL00001332,6,2,1,CUST0003449,2024-11-02,2025-10-31,Expired,Standard,702910.87,False
1333,POL00001333,1,2,3,CUST0001790,2025-07-18,2026-06-30,Active,Basic,675208.62,False
1334,POL00001334,1,53,4,CUST0003897,2023-12-22,2024-11-30,Expired,Standard,573953.5,False
1335,POL00001335,5,33,1,CUST0001142,2023-09-06,2025-08-31,Expired,Standard,507511.88,False
1336,POL00001336,3,115,4,CUST0003476,2025-07-31,2026-06-30,Active,Standard,1859772.46,False
1337,POL00001337,2,110,1,CUST0003661,2023-12-14,2024-11-30,Expired,Standard,609717.41,False
1338,POL00001338,1,11,3,CUST0002198,2023-08-07,2024-07-31,Expired,Standard,873222.03,False
1339,POL00001339,1,42,1,CUST0000676,2025-03-29,2026-02-28,Expired,Premium,795990.83,False
1340,POL00001340,3,3,4,CUST0001735,2024-05-14,2026-04-30,Expired,Basic,1584735.68,False
1341,POL00001341,5,100,1,CUST0000867,2024-06-01,2025-05-31,Expired,Standard,591468.61,False
1342,POL00001342,4,94,4,CUST0003702,2024-11-20,2025-10-31,Expired,Standard,1044237.24,False
1343,POL00001343,7,8,3,CUST0000862,2024-07-19,2025-06-30,Expired,Premium,340021.65,False
1344,POL00001344,1,112,3,CUST0003679,2025-01-16,2025-12-31,Expired,Premium,838503.51,False
1345,POL00001345,2,28,2,CUST0002890,2025-08-28,2026-07-31,Active,Standard,452150.06,False
1346,POL00001346,2,100,4,CUST0002276,2024-09-24,2025-08-31,Expired,Standard,699917.02,False
1347,POL00001347,5,48,3,CUST0001628,2024-08-14,2025-07-31,Expired,Standard,495346.75,False
1348,POL00001348,3,62,2,CUST0002736,2024-03-05,2025-02-28,Expired,Basic,1652195.28,False
1349,POL00001349,1,57,3,CUST0001217,2025-02-20,2026-01-31,Expired,Standard,558642.67,False
1350,POL00001350,1,57,4,CUST0002924,2024-02-02,2025-01-31,Expired,Standard,651492.93,False
1351,POL00001351,1,115,2,CUST0000741,2025-12-27,2027-11-30,Active,Basic,543474.69,False
1352,POL00001352,1,106,3,CUST0001514,2023-08-14,2024-07-31,Expired,Premium,808823.35,False
1353,POL00001353,3,72,2,CUST0002915,2025-12-01,2026-11-30,Active,Standard,1299011.51,False
1354,POL00001354,8,8,3,CUST0000660,2025-02-25,2026-01-31,Expired,Standard,5726392.49,False
1355,POL00001355,1,10,4,CUST0003506,2025-11-17,2026-10-31,Active,Standard,834185.35,False
1356,POL00001356,10,95,3,CUST0001285,2024-01-01,2024-12-31,Expired,Standard,1723971.56,False
1357,POL00001357,6,27,2,CUST0000542,2025-09-04,2026-08-31,Active,Standard,950806.16,False
1358,POL00001358,3,92,2,CUST0000529,2025-02-13,2026-01-31,Expired,Standard,1284267.94,False
1359,POL00001359,5,106,1,CUST0003515,2023-07-30,2024-06-30,Expired,Basic,628461.55,False
1360,POL00001360,6,36,4,CUST0002298,2023-12-31,2024-11-30,Expired,Basic,799798.77,False
1361,POL00001361,3,63,4,CUST0002774,2025-09-01,2026-08-31,Active,Standard,1919273.29,False
1362,POL00001362,3,105,4,CUST0003500,2025-06-15,2026-05-31,Expired,Basic,1865218.51,False
1363,POL00001363,1,1,2,CUST0001123,2025-02-09,2026-01-31,Expired,Standard,640500.88,False
1364,POL00001364,5,18,1,CUST0002246,2023-07-11,2025-06-30,Expired,Standard,587151.42,False
1365,POL00001365,7,55,2,CUST0002555,2024-10-28,2025-09-30,Expired,Standard,422134.93,False
1366,POL00001366,1,92,2,CUST0000694,2023-07-04,2024-06-30,Cancelled,Basic,903916.37,True
1367,POL00001367,10,10,3,CUST0001242,2025-02-16,2026-01-31,Expired,Standard,1449397.6,False
1368,POL00001368,10,86,1,CUST0001854,2024-10-08,2025-09-30,Expired,Standard,1929766.15,False
1369,POL00001369,9,71,3,CUST0001275,2023-07-27,2024-06-30,Expired,Standard,7858291.33,False
1370,POL00001370,3,101,1,CUST0001252,2023-08-12,2024-07-31,Expired,Basic,1727011.06,False
1371,POL00001371,3,87,4,CUST0001544,2024-10-15,2026-09-30,Active,Basic,1770474.67,False
1372,POL00001372,7,26,3,CUST0001177,2023-10-20,2024-09-30,Expired,Premium,502925.25,False
1373,POL00001373,1,23,2,CUST0000407,2024-08-16,2025-07-31,Expired,Standard,857946.64,False
1374,POL00001374,6,58,2,CUST0001860,2025-10-06,2026-09-30,Active,Basic,1114038.16,False
1375,POL00001375,8,9,3,CUST0003843,2023-11-11,2024-10-31,Expired,Premium,6357014.2,False
1376,POL00001376,9,63,1,CUST0002237,2024-06-25,2025-05-31,Expired,Premium,9808462.21,False
1377,POL00001377,1,10,1,CUST0001374,2025-01-30,2025-12-31,Expired,Standard,587390.07,False
1378,POL00001378,1,36,4,CUST0001556,2025-04-05,2026-03-31,Expired,Standard,501155.78,False
1379,POL00001379,1,2,3,CUST0000706,2025-06-08,2026-05-31,Expired,Premium,502470.28,False
1380,POL00001380,3,22,1,CUST0002597,2024-01-11,2024-12-31,Expired,Standard,1505091.87,False
1381,POL00001381,6,17,1,CUST0000430,2024-05-01,2025-04-30,Expired,Basic,753207.52,False
1382,POL00001382,1,86,3,CUST0003102,2024-03-02,2025-02-28,Expired,Premium,552571.34,False
1383,POL00001383,8,47,3,CUST0000537,2023-08-23,2024-07-31,Expired,Standard,4971789.17,False
1384,POL00001384,6,73,4,CUST0001092,2024-02-01,2025-01-31,Expired,Standard,836080.36,False
1385,POL00001385,2,101,3,CUST0000376,2024-04-18,2025-03-31,Expired,Standard,397794.77,False
1386,POL00001386,5,7,4,CUST0001819,2024-12-13,2025-11-30,Expired,Standard,698469.26,False
1387,POL00001387,4,93,1,CUST0003515,2024-10-26,2025-09-30,Expired,Basic,1559882.28,False
1388,POL00001388,8,93,4,CUST0000920,2025-11-11,2026-10-31,Active,Standard,3711426.52,False
1389,POL00001389,2,90,1,CUST0001240,2025-10-26,2026-09-30,Active,Premium,500187.32,False
1390,POL00001390,1,92,1,CUST0000648,2025-12-21,2026-11-30,Active,Standard,566625.76,False
1391,POL00001391,1,74,3,CUST0001330,2023-07-24,2024-06-30,Expired,Standard,726162.04,False
1392,POL00001392,5,79,4,CUST0003858,2023-10-24,2024-09-30,Expired,Premium,350363.36,False
1393,POL00001393,4,17,3,CUST0002494,2025-05-30,2026-04-30,Expired,Basic,1308565.06,False
1394,POL00001394,8,111,2,CUST0001032,2023-11-14,2024-10-31,Expired,Standard,4861605.91,False
1395,POL00001395,1,76,3,CUST0003895,2025-02-22,2026-01-31,Expired,Standard,877803.68,False
1396,POL00001396,3,57,4,CUST0003840,2024-04-05,2026-03-31,Expired,Standard,1270814.26,False
1397,POL00001397,2,83,4,CUST0002454,2024-06-19,2025-05-31,Expired,Premium,749854.55,False
1398,POL00001398,3,67,4,CUST0000873,2024-05-27,2025-04-30,Expired,Standard,1613119.21,False
1399,POL00001399,1,68,2,CUST0003095,2026-01-06,2026-12-31,Active,Standard,858196.01,False
1400,POL00001400,3,110,3,CUST0001117,2024-08-23,2025-07-31,Expired,Standard,1657152.14,False
1401,POL00001401,2,41,1,CUST0001752,2023-11-25,2024-10-31,Expired,Basic,430421.15,False
1402,POL00001402,1,120,4,CUST0002437,2024-12-15,2025-11-30,Expired,Basic,840408.47,False
1403,POL00001403,7,14,2,CUST0002881,2025-07-14,2026-06-30,Active,Premium,291478.82,False
1404,POL00001404,9,106,3,CUST0000480,2024-05-23,2025-04-30,Expired,Standard,9891160.39,False
1405,POL00001405,4,93,4,CUST0003876,2025-04-14,2026-03-31,Expired,Standard,1274074.4,False
1406,POL00001406,1,49,3,CUST0001724,2025-01-14,2026-12-31,Active,Standard,565335.12,False
1407,POL00001407,6,116,1,CUST0002539,2025-09-13,2026-08-31,Active,Standard,707377.22,False
1408,POL00001408,4,120,4,CUST0003645,2024-03-07,2025-02-28,Expired,Standard,1552101.18,False
1409,POL00001409,9,5,2,CUST0002662,2025-06-20,2026-05-31,Expired,Premium,9904053.2,False
1410,POL00001410,2,54,1,CUST0000534,2025-04-15,2026-03-31,Expired,Standard,507157.87,False
1411,POL00001411,6,10,1,CUST0000474,2024-03-06,2026-02-28,Expired,Standard,882980.67,False
1412,POL00001412,2,28,1,CUST0001381,2023-08-20,2024-07-31,Expired,Standard,533833.64,False
1413,POL00001413,9,15,1,CUST0003378,2025-10-28,2026-09-30,Active,Standard,5685090.41,False
1414,POL00001414,1,63,3,CUST0002630,2024-01-07,2024-12-31,Expired,Standard,596655.62,False
1415,POL00001415,10,61,3,CUST0003793,2025-01-26,2025-12-31,Expired,Standard,1732241.84,False
1416,POL00001416,2,82,1,CUST0003265,2025-12-17,2026-11-30,Active,Basic,551539.26,False
1417,POL00001417,8,107,1,CUST0000962,2025-04-11,2026-03-31,Expired,Basic,6299256.27,False
1418,POL00001418,3,55,2,CUST0001543,2023-10-01,2024-09-30,Expired,Standard,1734580.28,False
1419,POL00001419,3,115,1,CUST0001284,2024-06-18,2025-05-31,Expired,Premium,1627894.29,False
1420,POL00001420,1,82,4,CUST0001261,2024-10-22,2025-09-30,Expired,Basic,814471.29,False
1421,POL00001421,1,68,1,CUST0002066,2023-12-25,2025-11-30,Expired,Premium,847084.13,False
1422,POL00001422,3,109,1,CUST0001308,2025-07-21,2026-06-30,Active,Basic,1199144.33,False
1423,POL00001423,5,87,1,CUST0001371,2023-08-17,2024-07-31,Expired,Basic,401206.53,False
1424,POL00001424,6,28,1,CUST0000142,2023-07-14,2025-06-30,Expired,Basic,708591.85,False
1425,POL00001425,1,37,3,CUST0000142,2024-02-29,2026-01-31,Expired,Standard,459066.89,False
1426,POL00001426,6,107,3,CUST0000288,2025-04-09,2026-03-31,Expired,Premium,885063.46,False
1427,POL00001427,4,100,2,CUST0001935,2025-05-14,2027-04-30,Active,Basic,854762.12,False
1428,POL00001428,8,75,1,CUST0001591,2024-05-08,2026-04-30,Expired,Basic,4737797.44,False
1429,POL00001429,3,94,1,CUST0001018,2025-04-05,2026-03-31,Expired,Standard,1067505.67,False
1430,POL00001430,1,21,1,CUST0002942,2025-11-11,2026-10-31,Active,Basic,508831.13,False
1431,POL00001431,1,118,2,CUST0002911,2025-03-21,2026-02-28,Expired,Standard,807097.02,False
1432,POL00001432,1,38,1,CUST0000367,2025-12-31,2026-11-30,Active,Standard,804753.11,False
1433,POL00001433,2,101,3,CUST0003335,2023-09-13,2024-08-31,Expired,Basic,497936.22,False
1434,POL00001434,5,87,3,CUST0000248,2024-02-27,2026-01-31,Cancelled,Premium,609094.13,True
1435,POL00001435,5,5,2,CUST0002325,2025-07-08,2026-06-30,Active,Standard,377494.95,False
1436,POL00001436,5,61,4,CUST0001853,2023-11-27,2024-10-31,Expired,Standard,535053.88,False
1437,POL00001437,3,40,3,CUST0003483,2024-02-20,2025-01-31,Expired,Basic,1290807.66,False
1438,POL00001438,3,43,1,CUST0002243,2025-05-29,2026-04-30,Expired,Standard,1115080.02,False
1439,POL00001439,1,78,2,CUST0000606,2025-04-27,2026-03-31,Expired,Standard,600496.76,False
1440,POL00001440,1,116,1,CUST0001413,2025-11-23,2026-10-31,Active,Standard,594407.97,False
1441,POL00001441,1,57,3,CUST0003160,2024-11-01,2025-10-31,Expired,Standard,892428.26,False
1442,POL00001442,3,112,1,CUST0003340,2024-04-12,2025-03-31,Expired,Standard,1563872.56,False
1443,POL00001443,8,84,3,CUST0002218,2025-11-01,2026-10-31,Active,Standard,6956436.51,False
1444,POL00001444,7,116,3,CUST0002311,2024-03-02,2025-02-28,Expired,Basic,343683.19,False
1445,POL00001445,3,115,3,CUST0000020,2024-12-28,2025-11-30,Expired,Basic,1416144.23,False
1446,POL00001446,5,2,1,CUST0001406,2025-03-20,2026-02-28,Expired,Premium,402286.48,False
1447,POL00001447,2,60,3,CUST0002542,2023-08-13,2024-07-31,Expired,Standard,753255.72,False
1448,POL00001448,3,50,1,CUST0000142,2025-01-04,2025-12-31,Expired,Standard,1278454.15,False
1449,POL00001449,5,6,1,CUST0000608,2024-05-14,2025-04-30,Expired,Standard,607635.38,False
1450,POL00001450,3,7,4,CUST0000215,2023-09-27,2024-08-31,Cancelled,Basic,1535652.77,True
1451,POL00001451,1,58,2,CUST0002489,2025-12-16,2026-11-30,Active,Premium,664422.78,False
1452,POL00001452,2,106,3,CUST0003694,2025-04-23,2026-03-31,Expired,Standard,697984.5,False
1453,POL00001453,1,98,2,CUST0000505,2023-11-03,2025-10-31,Expired,Basic,863661.07,False
1454,POL00001454,5,37,1,CUST0002596,2024-05-14,2025-04-30,Expired,Standard,466775.01,False
1455,POL00001455,1,84,1,CUST0003044,2025-05-19,2026-04-30,Expired,Standard,661736.89,False
1456,POL00001456,3,85,4,CUST0002720,2024-11-22,2025-10-31,Expired,Basic,2076823.67,False
1457,POL00001457,6,91,3,CUST0002272,2023-12-09,2024-11-30,Expired,Standard,938481.32,False
1458,POL00001458,4,45,1,CUST0000621,2023-08-12,2024-07-31,Expired,Standard,1635598.47,False
1459,POL00001459,6,76,3,CUST0002162,2024-11-08,2025-10-31,Expired,Standard,619129.81,False
1460,POL00001460,1,79,1,CUST0002772,2024-06-14,2025-05-31,Expired,Basic,858367.92,False
1461,POL00001461,1,59,1,CUST0001721,2025-06-03,2026-05-31,Expired,Standard,608271.53,False
1462,POL00001462,6,29,4,CUST0001285,2024-05-18,2025-04-30,Expired,Basic,717402.01,False
1463,POL00001463,1,103,3,CUST0003120,2024-03-06,2025-02-28,Expired,Premium,891972.32,False
1464,POL00001464,1,45,3,CUST0000086,2024-06-10,2025-05-31,Cancelled,Premium,457410.17,True
1465,POL00001465,3,105,2,CUST0003064,2025-03-28,2026-02-28,Expired,Standard,1503909.15,False
1466,POL00001466,7,43,3,CUST0001597,2024-05-03,2025-04-30,Cancelled,Basic,295097.17,True
1467,POL00001467,1,117,1,CUST0001526,2025-10-13,2026-09-30,Active,Standard,738948.71,False
1468,POL00001468,5,15,1,CUST0002078,2025-07-21,2027-06-30,Active,Basic,607827.72,False
1469,POL00001469,1,94,1,CUST0001886,2023-07-28,2024-06-30,Expired,Standard,462253.81,False
1470,POL00001470,4,119,2,CUST0002076,2025-07-18,2026-06-30,Active,Standard,1583926.36,False
1471,POL00001471,2,60,2,CUST0003696,2023-07-04,2024-06-30,Expired,Standard,769051.81,False
1472,POL00001472,1,71,1,CUST0001413,2025-04-25,2027-03-31,Active,Basic,714227.59,False
1473,POL00001473,3,118,1,CUST0000922,2025-10-17,2026-09-30,Active,Standard,1129614.37,False
1474,POL00001474,6,87,3,CUST0002311,2024-11-23,2025-10-31,Cancelled,Standard,619116.5,True
1475,POL00001475,1,43,2,CUST0001339,2023-12-08,2024-11-30,Expired,Premium,477553.49,False
1476,POL00001476,7,52,2,CUST0002784,2025-08-07,2026-07-31,Active,Standard,462768.07,False
1477,POL00001477,1,53,4,CUST0001209,2025-01-13,2025-12-31,Expired,Standard,547857.04,False
1478,POL00001478,6,116,3,CUST0003396,2024-04-16,2025-03-31,Expired,Basic,645898.64,False
1479,POL00001479,3,86,2,CUST0002828,2025-06-14,2026-05-31,Expired,Premium,2093001.43,False
1480,POL00001480,8,39,3,CUST0000273,2025-09-18,2026-08-31,Active,Standard,5443546.98,False
1481,POL00001481,3,119,3,CUST0002317,2024-05-20,2025-04-30,Expired,Premium,1865175.21,False
1482,POL00001482,1,27,1,CUST0001692,2025-08-05,2026-07-31,Active,Standard,644611.81,False
1483,POL00001483,1,41,2,CUST0003617,2024-10-07,2025-09-30,Expired,Premium,513039.81,False
1484,POL00001484,10,32,1,CUST0000405,2025-08-07,2026-07-31,Active,Basic,1405239.4,False
1485,POL00001485,1,26,2,CUST0001303,2024-02-11,2025-01-31,Expired,Basic,608344.04,False
1486,POL00001486,2,18,1,CUST0003148,2025-11-20,2026-10-31,Active,Standard,701568.81,False
1487,POL00001487,2,114,1,CUST0000844,2026-02-08,2027-01-31,Active,Standard,582901.34,False
1488,POL00001488,1,28,2,CUST0002044,2025-06-17,2026-05-31,Expired,Premium,896741.56,False
1489,POL00001489,6,12,1,CUST0001598,2024-07-29,2025-06-30,Expired,Basic,886449.05,False
1490,POL00001490,2,42,4,CUST0001688,2025-01-14,2025-12-31,Expired,Standard,467051.78,False
1491,POL00001491,5,61,2,CUST0000205,2025-03-30,2026-02-28,Expired,Standard,496038.0,False
1492,POL00001492,2,37,3,CUST0002622,2025-07-10,2026-06-30,Active,Standard,642765.64,False
1493,POL00001493,3,15,3,CUST0000667,2024-10-05,2025-09-30,Cancelled,Basic,1361259.51,True
1494,POL00001494,4,114,2,CUST0001618,2025-12-30,2026-11-30,Active,Premium,1549098.3,False
1495,POL00001495,7,45,1,CUST0000727,2024-03-18,2025-02-28,Expired,Basic,488958.92,False
1496,POL00001496,1,24,2,CUST0003384,2024-11-21,2025-10-31,Expired,Premium,824882.35,False
1497,POL00001497,2,95,3,CUST0002399,2024-01-18,2024-12-31,Expired,Standard,585340.82,False
1498,POL00001498,3,10,3,CUST0002457,2023-09-23,2024-08-31,Expired,Standard,1934820.01,False
1499,POL00001499,8,56,2,CUST0002204,2025-05-31,2026-04-30,Expired,Basic,5417582.6,False
1500,POL00001500,2,72,1,CUST0000209,2025-07-03,2026-06-30,Active,Standard,454673.39,False
1501,POL00001501,8,35,2,CUST0000448,2026-01-26,2026-12-31,Active,Premium,6379364.34,False
1502,POL00001502,2,98,3,CUST0002318,2023-09-05,2024-08-31,Expired,Standard,544060.45,False
1503,POL00001503,8,19,1,CUST0002900,2023-11-26,2024-10-31,Expired,Premium,3900557.46,False
1504,POL00001504,4,75,3,CUST0002685,2025-07-12,2027-06-30,Active,Standard,1328229.24,False
1505,POL00001505,3,57,2,CUST0000041,2023-09-06,2024-08-31,Expired,Basic,1669652.87,False
1506,POL00001506,1,91,1,CUST0001509,2025-06-16,2026-05-31,Expired,Standard,558010.87,False
1507,POL00001507,1,84,1,CUST0003827,2024-06-01,2025-05-31,Expired,Basic,696179.6,False
1508,POL00001508,5,70,3,CUST0000033,2024-06-06,2025-05-31,Expired,Standard,415927.89,False
1509,POL00001509,6,116,3,CUST0000449,2025-03-27,2026-02-28,Expired,Standard,834069.75,False
1510,POL00001510,1,41,1,CUST0003056,2024-10-21,2025-09-30,Expired,Standard,761747.45,False
1511,POL00001511,5,13,3,CUST0003538,2024-11-17,2025-10-31,Expired,Premium,513269.42,False
1512,POL00001512,10,112,2,CUST0002898,2025-12-31,2026-11-30,Active,Basic,2034697.44,False
1513,POL00001513,6,29,2,CUST0002669,2025-08-03,2026-07-31,Active,Standard,823226.53,False
1514,POL00001514,1,22,1,CUST0000508,2023-08-13,2024-07-31,Expired,Standard,576457.48,False
1515,POL00001515,8,108,2,CUST0003736,2025-12-17,2026-11-30,Cancelled,Premium,6501121.67,True
1516,POL00001516,4,77,2,CUST0001929,2024-11-21,2025-10-31,Expired,Basic,888869.16,False
1517,POL00001517,1,25,1,CUST0001610,2024-06-23,2025-05-31,Expired,Standard,556471.62,False
1518,POL00001518,5,66,2,CUST0003808,2024-09-18,2026-08-31,Active,Premium,478118.47,False
1519,POL00001519,4,90,2,CUST0002174,2025-08-03,2026-07-31,Active,Basic,1351509.33,False
1520,POL00001520,1,83,2,CUST0001508,2024-11-07,2025-10-31,Cancelled,Basic,737195.14,True
1521,POL00001521,5,53,4,CUST0003236,2025-01-28,2026-12-31,Active,Standard,692186.13,False
1522,POL00001522,6,13,1,CUST0001947,2024-03-08,2025-02-28,Expired,Standard,578503.69,False
1523,POL00001523,1,85,2,CUST0001354,2024-03-06,2025-02-28,Expired,Basic,647593.36,False
1524,POL00001524,2,55,1,CUST0002860,2024-09-20,2025-08-31,Expired,Standard,618583.75,False
1525,POL00001525,8,42,4,CUST0002508,2025-12-14,2026-11-30,Active,Premium,6281827.32,False
1526,POL00001526,10,81,2,CUST0002967,2025-03-28,2026-02-28,Expired,Standard,1667058.25,False
1527,POL00001527,2,55,2,CUST0002354,2025-06-29,2026-05-31,Expired,Standard,614473.04,False
1528,POL00001528,5,17,4,CUST0002573,2024-07-09,2025-06-30,Expired,Standard,603151.39,False
1529,POL00001529,4,45,2,CUST0003205,2024-02-19,2025-01-31,Expired,Standard,959324.6,False
1530,POL00001530,4,52,2,CUST0003420,2025-07-06,2026-06-30,Active,Premium,1549786.22,False
1531,POL00001531,5,12,3,CUST0000094,2023-11-02,2024-10-31,Expired,Standard,412293.98,False
1532,POL00001532,1,91,1,CUST0000437,2024-08-02,2025-07-31,Expired,Standard,606170.82,False
1533,POL00001533,6,78,1,CUST0003925,2026-01-03,2026-12-31,Active,Basic,601406.92,False
1534,POL00001534,1,57,4,CUST0002069,2025-04-15,2026-03-31,Expired,Basic,536321.87,False
1535,POL00001535,2,61,1,CUST0002004,2023-12-31,2025-11-30,Expired,Premium,483886.07,False
1536,POL00001536,2,103,1,CUST0003219,2024-07-02,2025-06-30,Expired,Premium,622616.2,False
1537,POL00001537,4,107,2,CUST0001598,2023-09-12,2025-08-31,Expired,Standard,1038169.24,False
1538,POL00001538,6,109,2,CUST0003822,2025-04-12,2026-03-31,Expired,Basic,779033.19,False
1539,POL00001539,1,6,4,CUST0002407,2025-12-08,2026-11-30,Active,Standard,659542.23,False
1540,POL00001540,1,39,3,CUST0002454,2024-12-03,2026-11-30,Active,Standard,687740.32,False
1541,POL00001541,1,52,3,CUST0001178,2025-07-20,2026-06-30,Active,Premium,685016.95,False
1542,POL00001542,6,64,3,CUST0000279,2024-05-27,2025-04-30,Expired,Basic,627899.86,False
1543,POL00001543,6,90,3,CUST0000847,2024-07-07,2025-06-30,Expired,Standard,638505.46,False
1544,POL00001544,3,11,4,CUST0002232,2025-07-13,2026-06-30,Active,Standard,1584603.8,False
1545,POL00001545,1,27,3,CUST0002668,2025-05-13,2026-04-30,Expired,Standard,531595.48,False
1546,POL00001546,1,116,3,CUST0002822,2025-12-13,2026-11-30,Active,Basic,708256.76,False
1547,POL00001547,10,33,2,CUST0000848,2026-02-20,2027-01-31,Active,Premium,2627373.67,False
1548,POL00001548,5,39,4,CUST0003068,2023-12-11,2024-11-30,Expired,Basic,565117.76,False
1549,POL00001549,4,73,1,CUST0002626,2024-04-11,2025-03-31,Expired,Standard,1165325.0,False
1550,POL00001550,8,14,3,CUST0000585,2025-06-21,2026-05-31,Expired,Standard,5631043.66,False
1551,POL00001551,5,5,3,CUST0002772,2023-10-09,2024-09-30,Cancelled,Standard,500300.53,True
1552,POL00001552,1,89,3,CUST0001227,2026-02-13,2027-01-31,Active,Basic,610966.21,False
1553,POL00001553,2,36,3,CUST0000592,2024-01-11,2025-12-31,Expired,Premium,500389.31,False
1554,POL00001554,1,80,4,CUST0002064,2023-08-01,2024-07-31,Expired,Premium,850953.18,False
1555,POL00001555,4,51,2,CUST0003701,2025-07-01,2026-06-30,Active,Standard,1379217.64,False
1556,POL00001556,1,103,2,CUST0000227,2025-01-16,2025-12-31,Expired,Basic,701558.65,False
1557,POL00001557,1,20,4,CUST0000161,2025-09-07,2026-08-31,Active,Basic,839570.32,False
1558,POL00001558,1,86,4,CUST0000091,2023-07-31,2024-06-30,Expired,Standard,487034.85,False
1559,POL00001559,1,98,2,CUST0000237,2026-02-24,2027-01-31,Active,Standard,838164.42,False
1560,POL00001560,4,35,4,CUST0001331,2025-12-11,2026-11-30,Active,Standard,1159765.96,False
1561,POL00001561,2,79,3,CUST0001969,2025-12-24,2026-11-30,Active,Standard,389806.24,False
1562,POL00001562,1,21,1,CUST0002617,2024-10-16,2025-09-30,Expired,Standard,568305.31,False
1563,POL00001563,1,82,1,CUST0001372,2024-03-06,2025-02-28,Expired,Premium,796895.12,False
1564,POL00001564,8,76,2,CUST0002534,2023-12-08,2024-11-30,Expired,Standard,4019110.49,False
1565,POL00001565,6,8,1,CUST0001988,2025-04-18,2026-03-31,Expired,Basic,799913.78,False
1566,POL00001566,10,42,3,CUST0002886,2024-07-14,2025-06-30,Expired,Standard,1492902.43,False
1567,POL00001567,1,87,1,CUST0002417,2024-11-09,2025-10-31,Expired,Standard,876314.46,False
1568,POL00001568,1,21,4,CUST0003612,2025-08-20,2026-07-31,Active,Premium,803232.59,False
1569,POL00001569,5,12,1,CUST0002118,2024-11-12,2025-10-31,Expired,Standard,532977.85,False
1570,POL00001570,4,84,2,CUST0000342,2024-11-23,2025-10-31,Expired,Basic,883936.22,False
1571,POL00001571,8,102,3,CUST0002514,2023-07-05,2024-06-30,Expired,Standard,5140792.38,False
1572,POL00001572,1,56,3,CUST0000413,2025-10-26,2026-09-30,Active,Basic,520175.97,False
1573,POL00001573,8,111,1,CUST0002735,2024-03-28,2025-02-28,Expired,Standard,6802722.64,False
1574,POL00001574,4,80,3,CUST0000162,2025-09-01,2027-08-31,Active,Standard,1367768.21,False
1575,POL00001575,1,18,2,CUST0002209,2025-07-21,2027-06-30,Active,Standard,780974.34,False
1576,POL00001576,5,27,3,CUST0003057,2024-08-04,2026-07-31,Cancelled,Basic,400777.45,True
1577,POL00001577,1,120,2,CUST0000054,2025-11-03,2026-10-31,Active,Standard,600446.81,False
1578,POL00001578,5,101,2,CUST0003657,2024-06-15,2025-05-31,Expired,Standard,586144.8,False
1579,POL00001579,2,92,4,CUST0000066,2024-12-01,2025-11-30,Expired,Standard,544547.9,False
1580,POL00001580,2,13,2,CUST0000723,2026-02-26,2027-01-31,Active,Basic,601020.41,False
1581,POL00001581,1,43,3,CUST0003510,2025-05-04,2026-04-30,Expired,Standard,497268.78,False
1582,POL00001582,6,62,3,CUST0001794,2025-10-17,2027-09-30,Active,Premium,1008072.17,False
1583,POL00001583,3,54,1,CUST0000698,2023-11-29,2025-10-31,Expired,Premium,1578459.98,False
1584,POL00001584,5,56,1,CUST0001714,2025-03-27,2027-02-28,Active,Premium,697973.39,False
1585,POL00001585,1,1,2,CUST0003133,2023-12-15,2024-11-30,Expired,Premium,875806.05,False
1586,POL00001586,4,26,1,CUST0003598,2024-03-10,2025-02-28,Expired,Basic,992836.2,False
1587,POL00001587,1,67,1,CUST0000138,2025-10-24,2026-09-30,Active,Standard,647084.87,False
1588,POL00001588,2,94,2,CUST0001527,2024-11-01,2025-10-31,Expired,Standard,674946.24,False
1589,POL00001589,2,37,2,CUST0002180,2025-07-14,2026-06-30,Active,Standard,471036.57,False
1590,POL00001590,1,45,3,CUST0002687,2025-03-20,2026-02-28,Expired,Standard,880392.34,False
1591,POL00001591,6,116,2,CUST0002915,2024-01-18,2024-12-31,Expired,Standard,997429.87,False
1592,POL00001592,9,110,3,CUST0003864,2025-12-28,2027-11-30,Cancelled,Standard,6186964.4,True
1593,POL00001593,2,117,1,CUST0000899,2024-10-14,2025-09-30,Expired,Basic,635465.05,False
1594,POL00001594,10,107,2,CUST0001041,2023-08-27,2024-07-31,Expired,Premium,2400772.44,False
1595,POL00001595,4,96,1,CUST0001844,2023-07-18,2024-06-30,Expired,Premium,1379536.6,False
1596,POL00001596,1,52,2,CUST0000652,2025-09-09,2026-08-31,Active,Premium,659535.82,False
1597,POL00001597,1,61,4,CUST0003820,2025-05-04,2026-04-30,Expired,Premium,558641.5,False
1598,POL00001598,6,49,1,CUST0003233,2023-09-28,2024-08-31,Expired,Basic,1032096.08,False
1599,POL00001599,6,32,1,CUST0002824,2023-10-22,2024-09-30,Expired,Standard,680715.33,False
1600,POL00001600,1,26,3,CUST0002756,2024-06-28,2025-05-31,Expired,Premium,670096.02,False
1601,POL00001601,8,99,3,CUST0002662,2023-09-21,2024-08-31,Expired,Standard,4130796.02,False
1602,POL00001602,8,53,1,CUST0000001,2024-10-22,2025-09-30,Expired,Premium,5751518.15,False
1603,POL00001603,9,46,2,CUST0000611,2024-07-16,2025-06-30,Expired,Standard,5671885.4,False
1604,POL00001604,8,30,3,CUST0000187,2024-06-03,2025-05-31,Expired,Premium,5888518.55,False
1605,POL00001605,1,58,1,CUST0000623,2024-03-08,2025-02-28,Expired,Standard,688354.58,False
1606,POL00001606,1,40,1,CUST0001604,2026-02-03,2027-01-31,Active,Basic,758068.65,False
1607,POL00001607,1,53,3,CUST0000875,2023-07-12,2024-06-30,Expired,Basic,709302.97,False
1608,POL00001608,3,46,2,CUST0003814,2024-12-06,2025-11-30,Expired,Premium,1747389.85,False
1609,POL00001609,2,4,2,CUST0000869,2023-09-19,2024-08-31,Expired,Standard,711442.59,False
1610,POL00001610,1,24,2,CUST0002137,2024-06-22,2025-05-31,Expired,Standard,881164.85,False
1611,POL00001611,3,39,1,CUST0003555,2024-04-20,2025-03-31,Expired,Standard,1406551.11,False
1612,POL00001612,9,90,2,CUST0000782,2024-11-29,2025-10-31,Expired,Premium,7685308.36,False
1613,POL00001613,5,114,4,CUST0000620,2025-03-05,2026-02-28,Expired,Standard,497822.45,False
1614,POL00001614,1,118,2,CUST0000640,2026-02-16,2027-01-31,Active,Standard,744589.24,False
1615,POL00001615,2,51,1,CUST0001294,2024-10-01,2025-09-30,Expired,Standard,720434.57,False
1616,POL00001616,2,94,3,CUST0002990,2025-07-02,2027-06-30,Active,Standard,536175.58,False
1617,POL00001617,6,18,4,CUST0001654,2025-12-13,2026-11-30,Active,Standard,913365.54,False
1618,POL00001618,2,109,4,CUST0002736,2024-12-08,2025-11-30,Expired,Standard,446007.68,False
1619,POL00001619,6,99,2,CUST0001602,2024-10-07,2025-09-30,Expired,Standard,995715.64,False
1620,POL00001620,5,93,4,CUST0002336,2025-06-11,2026-05-31,Expired,Standard,607909.37,False
1621,POL00001621,2,95,3,CUST0002806,2026-01-14,2026-12-31,Active,Standard,388666.37,False
1622,POL00001622,4,95,2,CUST0002278,2025-03-20,2026-02-28,Expired,Standard,1188849.87,False
1623,POL00001623,8,81,1,CUST0001413,2024-05-12,2025-04-30,Expired,Basic,6162784.65,False
1624,POL00001624,5,13,1,CUST0001889,2023-07-02,2024-06-30,Expired,Premium,427610.85,False
1625,POL00001625,9,79,2,CUST0002375,2024-12-25,2025-11-30,Expired,Standard,5606094.27,False
1626,POL00001626,3,84,4,CUST0001096,2025-08-10,2027-07-31,Active,Standard,1373198.59,False
1627,POL00001627,1,5,1,CUST0003903,2025-03-31,2026-02-28,Expired,Premium,598762.63,False
1628,POL00001628,1,5,1,CUST0001854,2023-10-27,2024-09-30,Expired,Basic,746548.88,False
1629,POL00001629,2,29,3,CUST0001338,2025-12-27,2026-11-30,Active,Premium,651311.47,False
1630,POL00001630,6,91,2,CUST0002145,2023-09-02,2024-08-31,Expired,Standard,773995.43,False
1631,POL00001631,7,52,1,CUST0003494,2023-11-29,2024-10-31,Expired,Standard,344685.0,False
1632,POL00001632,4,79,1,CUST0001034,2025-08-27,2026-07-31,Active,Standard,1035579.42,False
1633,POL00001633,2,84,1,CUST0000556,2023-07-25,2025-06-30,Expired,Basic,720321.17,False
1634,POL00001634,3,80,3,CUST0003740,2024-05-07,2025-04-30,Expired,Premium,1869671.31,False
1635,POL00001635,10,18,2,CUST0000679,2026-01-07,2026-12-31,Active,Premium,1639094.93,False
1636,POL00001636,5,25,4,CUST0000316,2025-09-01,2026-08-31,Active,Standard,468951.38,False
1637,POL00001637,9,70,1,CUST0003593,2025-01-10,2025-12-31,Expired,Standard,6477551.19,False
1638,POL00001638,2,36,2,CUST0003270,2024-09-05,2025-08-31,Expired,Standard,561277.98,False
1639,POL00001639,1,76,1,CUST0000950,2024-05-13,2025-04-30,Expired,Standard,577672.39,False
1640,POL00001640,1,84,2,CUST0000210,2025-07-20,2026-06-30,Cancelled,Standard,803992.22,True
1641,POL00001641,1,77,3,CUST0003433,2025-01-20,2025-12-31,Expired,Standard,778204.5,False
1642,POL00001642,6,94,1,CUST0002616,2024-02-22,2025-01-31,Expired,Basic,668408.59,False
1643,POL00001643,5,1,4,CUST0002122,2023-08-17,2024-07-31,Expired,Premium,579300.33,False
1644,POL00001644,1,13,3,CUST0000863,2023-09-09,2025-08-31,Expired,Premium,588293.44,False
1645,POL00001645,6,56,3,CUST0003081,2023-08-04,2024-07-31,Expired,Standard,1093710.08,False
1646,POL00001646,2,102,2,CUST0000770,2024-05-30,2025-04-30,Expired,Standard,637914.5,False
1647,POL00001647,7,115,4,CUST0000560,2023-12-04,2024-11-30,Expired,Standard,424350.24,False
1648,POL00001648,1,6,1,CUST0000511,2025-03-10,2027-02-28,Active,Standard,908423.08,False
1649,POL00001649,4,62,2,CUST0001749,2025-12-23,2026-11-30,Active,Standard,1198933.46,False
1650,POL00001650,1,96,3,CUST0002843,2025-05-09,2027-04-30,Active,Basic,879261.67,False
1651,POL00001651,5,28,1,CUST0003333,2023-09-14,2024-08-31,Expired,Standard,657952.98,False
1652,POL00001652,1,29,3,CUST0003530,2025-04-02,2026-03-31,Expired,Basic,533218.46,False
1653,POL00001653,8,89,1,CUST0000819,2023-07-24,2024-06-30,Expired,Standard,6299501.41,False
1654,POL00001654,5,22,2,CUST0000418,2024-10-13,2025-09-30,Expired,Premium,671662.48,False
1655,POL00001655,7,52,2,CUST0000772,2024-02-16,2025-01-31,Expired,Standard,511605.98,False
1656,POL00001656,1,34,3,CUST0002361,2025-10-12,2026-09-30,Active,Standard,614255.0,False
1657,POL00001657,1,59,3,CUST0002515,2025-08-05,2027-07-31,Active,Premium,803119.96,False
1658,POL00001658,2,85,1,CUST0002031,2024-04-29,2025-03-31,Expired,Premium,443893.02,False
1659,POL00001659,9,72,2,CUST0002050,2025-09-25,2026-08-31,Active,Standard,10101871.97,False
1660,POL00001660,1,22,4,CUST0000392,2024-09-03,2025-08-31,Expired,Basic,726702.68,False
1661,POL00001661,4,44,3,CUST0001408,2024-10-04,2025-09-30,Expired,Standard,1111689.32,False
1662,POL00001662,6,39,2,CUST0002707,2024-03-08,2025-02-28,Expired,Premium,847872.87,False
1663,POL00001663,3,93,1,CUST0002183,2024-11-15,2025-10-31,Expired,Standard,1185563.01,False
1664,POL00001664,4,29,4,CUST0001203,2025-09-03,2026-08-31,Active,Premium,1549984.53,False
1665,POL00001665,1,29,3,CUST0001174,2025-08-11,2026-07-31,Active,Standard,720531.91,False
1666,POL00001666,1,25,2,CUST0000248,2025-05-24,2026-04-30,Expired,Premium,470503.63,False
1667,POL00001667,1,99,3,CUST0001033,2024-10-30,2025-09-30,Expired,Basic,490557.91,False
1668,POL00001668,5,90,2,CUST0002771,2024-05-20,2026-04-30,Cancelled,Standard,426358.55,True
1669,POL00001669,3,55,2,CUST0000936,2024-07-15,2025-06-30,Expired,Standard,1981556.07,False
1670,POL00001670,7,43,2,CUST0001543,2024-02-15,2025-01-31,Expired,Standard,399117.72,False
1671,POL00001671,4,27,3,CUST0003543,2024-08-18,2025-07-31,Expired,Standard,1348467.31,False
1672,POL00001672,1,119,1,CUST0000708,2025-07-03,2026-06-30,Active,Standard,547861.12,False
1673,POL00001673,8,100,2,CUST0000524,2025-02-12,2026-01-31,Expired,Basic,4785711.28,False
1674,POL00001674,1,57,2,CUST0000026,2024-07-28,2025-06-30,Expired,Basic,457050.27,False
1675,POL00001675,5,101,4,CUST0001201,2025-02-26,2026-01-31,Expired,Premium,513882.09,False
1676,POL00001676,6,13,4,CUST0003115,2023-12-27,2024-11-30,Expired,Premium,600946.83,False
1677,POL00001677,1,24,4,CUST0000803,2023-11-19,2024-10-31,Expired,Basic,466703.49,False
1678,POL00001678,3,68,2,CUST0001219,2024-03-20,2026-02-28,Expired,Premium,1417506.25,False
1679,POL00001679,1,89,3,CUST0002956,2025-09-14,2026-08-31,Active,Standard,521308.91,False
1680,POL00001680,1,67,1,CUST0003468,2025-05-18,2026-04-30,Expired,Standard,907135.89,False
1681,POL00001681,3,115,2,CUST0000263,2024-03-31,2025-02-28,Expired,Standard,1424337.28,False
1682,POL00001682,8,16,4,CUST0001405,2024-12-20,2025-11-30,Expired,Standard,4865463.29,False
1683,POL00001683,4,80,1,CUST0003623,2023-12-18,2024-11-30,Expired,Basic,980814.48,False
1684,POL00001684,6,50,2,CUST0002981,2024-11-01,2025-10-31,Expired,Premium,631053.17,False
1685,POL00001685,3,120,1,CUST0000476,2023-08-21,2024-07-31,Expired,Premium,1620860.98,False
1686,POL00001686,4,114,3,CUST0000738,2025-06-16,2026-05-31,Expired,Premium,1624493.82,False
1687,POL00001687,1,104,3,CUST0000508,2025-03-14,2026-02-28,Expired,Standard,818583.8,False
1688,POL00001688,4,42,1,CUST0003723,2025-01-29,2025-12-31,Expired,Standard,1533663.8,False
1689,POL00001689,6,103,1,CUST0000635,2023-12-26,2024-11-30,Expired,Basic,1099793.45,False
1690,POL00001690,4,19,1,CUST0002950,2023-12-14,2024-11-30,Expired,Standard,1603621.81,False
1691,POL00001691,7,55,2,CUST0001542,2024-09-03,2025-08-31,Cancelled,Basic,337622.7,True
1692,POL00001692,1,100,1,CUST0002517,2023-09-26,2024-08-31,Expired,Standard,558789.72,False
1693,POL00001693,10,35,1,CUST0003747,2025-10-06,2026-09-30,Active,Basic,2100414.48,False
1694,POL00001694,1,43,4,CUST0001854,2025-03-24,2027-02-28,Active,Basic,726192.6,False
1695,POL00001695,1,92,1,CUST0002918,2023-10-01,2024-09-30,Expired,Standard,900180.71,False
1696,POL00001696,2,22,2,CUST0002001,2025-08-26,2026-07-31,Active,Basic,542563.2,False
1697,POL00001697,7,64,1,CUST0002243,2024-12-02,2025-11-30,Expired,Standard,389691.24,False
1698,POL00001698,4,108,4,CUST0002907,2023-08-29,2024-07-31,Expired,Standard,1536002.39,False
1699,POL00001699,1,74,4,CUST0001541,2025-01-16,2025-12-31,Expired,Standard,758792.31,False
1700,POL00001700,1,79,3,CUST0001419,2023-08-22,2024-07-31,Expired,Basic,789303.93,False
1701,POL00001701,3,89,2,CUST0001510,2025-04-16,2026-03-31,Expired,Basic,1165910.8,False
1702,POL00001702,1,81,1,CUST0000525,2025-03-01,2026-02-28,Expired,Basic,590834.14,False
1703,POL00001703,9,7,4,CUST0002007,2024-02-09,2025-01-31,Expired,Standard,5318292.84,False
1704,POL00001704,1,49,3,CUST0000065,2023-09-08,2024-08-31,Expired,Basic,863317.08,False
1705,POL00001705,2,104,1,CUST0003023,2024-02-05,2025-01-31,Expired,Standard,628678.72,False
1706,POL00001706,3,53,3,CUST0001205,2025-05-16,2026-04-30,Expired,Basic,1700895.77,False
1707,POL00001707,9,98,2,CUST0001800,2026-02-07,2027-01-31,Active,Standard,5269526.98,False
1708,POL00001708,1,120,4,CUST0002613,2025-04-08,2027-03-31,Active,Standard,909859.56,False
1709,POL00001709,6,41,2,CUST0001358,2025-03-30,2026-02-28,Cancelled,Standard,803583.68,True
1710,POL00001710,4,28,3,CUST0002624,2025-08-21,2026-07-31,Active,Premium,1360946.97,False
1711,POL00001711,1,107,4,CUST0001904,2023-12-18,2024-11-30,Expired,Standard,765070.05,False
1712,POL00001712,6,2,1,CUST0001186,2023-07-08,2024-06-30,Expired,Standard,582928.84,False
1713,POL00001713,1,9,1,CUST0001664,2025-07-28,2027-06-30,Active,Standard,868170.13,False
1714,POL00001714,1,31,2,CUST0001042,2025-05-01,2026-04-30,Expired,Standard,676277.68,False
1715,POL00001715,2,110,1,CUST0000568,2025-10-23,2026-09-30,Cancelled,Basic,422158.07,True
1716,POL00001716,1,8,1,CUST0003392,2025-12-09,2026-11-30,Active,Standard,784189.57,False
1717,POL00001717,6,89,4,CUST0001128,2025-06-14,2026-05-31,Expired,Standard,679296.12,False
1718,POL00001718,3,11,1,CUST0000678,2025-02-11,2026-01-31,Expired,Premium,1447877.84,False
1719,POL00001719,1,38,2,CUST0002766,2024-04-19,2025-03-31,Expired,Basic,687652.04,False
1720,POL00001720,5,5,4,CUST0003630,2025-03-26,2026-02-28,Expired,Standard,652528.64,False
1721,POL00001721,1,76,2,CUST0003858,2024-02-01,2025-01-31,Expired,Standard,567893.18,False
1722,POL00001722,3,102,4,CUST0003174,2025-06-10,2026-05-31,Expired,Basic,1118280.45,False
1723,POL00001723,9,59,1,CUST0000430,2024-07-16,2025-06-30,Expired,Basic,7697767.05,False
1724,POL00001724,5,44,1,CUST0001956,2023-08-12,2024-07-31,Expired,Basic,419171.15,False
1725,POL00001725,7,17,1,CUST0003783,2025-06-18,2026-05-31,Expired,Standard,526660.96,False
1726,POL00001726,1,48,2,CUST0001543,2025-02-05,2026-01-31,Expired,Standard,660545.75,False
1727,POL00001727,2,18,4,CUST0003605,2024-10-14,2025-09-30,Expired,Premium,552754.15,False
1728,POL00001728,5,42,4,CUST0001995,2023-12-06,2024-11-30,Expired,Standard,391311.53,False
1729,POL00001729,6,32,1,CUST0003750,2024-07-23,2025-06-30,Expired,Standard,1091022.09,False
1730,POL00001730,8,16,1,CUST0001655,2023-11-10,2024-10-31,Expired,Standard,4214005.83,False
1731,POL00001731,4,9,1,CUST0001708,2025-08-15,2026-07-31,Active,Basic,1259810.44,False
1732,POL00001732,1,68,3,CUST0000308,2024-01-09,2024-12-31,Expired,Basic,566724.71,False
1733,POL00001733,5,85,3,CUST0001398,2023-08-20,2024-07-31,Expired,Standard,508823.43,False
1734,POL00001734,6,78,4,CUST0001400,2024-07-17,2025-06-30,Expired,Basic,780777.56,False
1735,POL00001735,8,114,2,CUST0002083,2023-11-23,2024-10-31,Expired,Basic,6222562.33,False
1736,POL00001736,3,99,3,CUST0001730,2025-03-11,2026-02-28,Expired,Basic,1792303.92,False
1737,POL00001737,7,79,2,CUST0001589,2025-01-03,2025-12-31,Expired,Standard,317550.13,False
1738,POL00001738,1,94,3,CUST0001475,2024-08-26,2025-07-31,Expired,Standard,546444.73,False
1739,POL00001739,8,71,2,CUST0000097,2023-10-09,2024-09-30,Expired,Standard,6424627.46,False
1740,POL00001740,1,65,1,CUST0000404,2025-09-21,2026-08-31,Active,Standard,726611.06,False
1741,POL00001741,6,45,1,CUST0000289,2024-01-14,2025-12-31,Expired,Standard,978698.71,False
1742,POL00001742,1,109,4,CUST0000435,2023-10-02,2025-09-30,Expired,Standard,498950.24,False
1743,POL00001743,7,119,4,CUST0000231,2024-04-15,2025-03-31,Expired,Basic,500484.38,False
1744,POL00001744,9,8,4,CUST0000474,2025-10-20,2026-09-30,Active,Premium,9004452.06,False
1745,POL00001745,1,34,1,CUST0000413,2025-08-13,2026-07-31,Active,Standard,647093.8,False
1746,POL00001746,2,18,4,CUST0001325,2023-10-19,2024-09-30,Expired,Standard,593229.85,False
1747,POL00001747,7,6,2,CUST0003802,2026-02-15,2027-01-31,Active,Standard,357208.03,False
1748,POL00001748,5,80,2,CUST0003864,2026-01-09,2026-12-31,Active,Standard,531364.73,False
1749,POL00001749,1,65,3,CUST0001763,2025-03-18,2026-02-28,Expired,Standard,602486.44,False
1750,POL00001750,2,99,3,CUST0002472,2026-01-31,2026-12-31,Active,Basic,461834.7,False
1751,POL00001751,5,81,1,CUST0000945,2026-01-30,2026-12-31,Active,Premium,520335.25,False
1752,POL00001752,5,74,4,CUST0000519,2023-12-25,2024-11-30,Expired,Basic,597868.16,False
1753,POL00001753,5,116,2,CUST0002297,2025-08-05,2027-07-31,Cancelled,Standard,600872.18,True
1754,POL00001754,8,37,2,CUST0000658,2026-02-10,2027-01-31,Active,Basic,6130883.04,False
1755,POL00001755,1,22,1,CUST0000199,2024-03-11,2025-02-28,Expired,Basic,791266.71,False
1756,POL00001756,1,49,1,CUST0003179,2023-11-26,2024-10-31,Expired,Basic,663437.45,False
1757,POL00001757,6,3,1,CUST0001262,2023-12-12,2024-11-30,Expired,Basic,1094209.16,False
1758,POL00001758,5,58,1,CUST0002441,2025-12-30,2026-11-30,Active,Standard,623721.74,False
1759,POL00001759,2,63,3,CUST0002303,2025-12-20,2026-11-30,Active,Premium,741288.38,False
1760,POL00001760,1,25,2,CUST0003983,2025-10-24,2026-09-30,Active,Standard,484300.08,False
1761,POL00001761,1,16,1,CUST0002897,2023-07-28,2024-06-30,Expired,Basic,688070.92,False
1762,POL00001762,2,39,2,CUST0000016,2025-11-18,2026-10-31,Active,Basic,458272.06,False
1763,POL00001763,2,80,1,CUST0002317,2024-06-03,2025-05-31,Expired,Premium,502648.73,False
1764,POL00001764,4,12,1,CUST0003093,2023-07-17,2024-06-30,Expired,Premium,973534.01,False
1765,POL00001765,1,43,3,CUST0003685,2026-02-10,2027-01-31,Active,Basic,746835.7,False
1766,POL00001766,5,31,1,CUST0002100,2025-03-13,2026-02-28,Expired,Standard,646849.89,False
1767,POL00001767,10,95,2,CUST0001573,2025-04-14,2026-03-31,Expired,Standard,1989882.97,False
1768,POL00001768,6,53,4,CUST0003232,2023-09-27,2024-08-31,Expired,Premium,915151.73,False
1769,POL00001769,4,61,3,CUST0002747,2025-03-06,2026-02-28,Expired,Premium,1562159.94,False
1770,POL00001770,1,54,3,CUST0002483,2025-11-12,2026-10-31,Active,Basic,585775.42,False
1771,POL00001771,8,48,4,CUST0003771,2024-08-19,2025-07-31,Expired,Standard,5318492.82,False
1772,POL00001772,2,33,3,CUST0002488,2024-06-30,2025-05-31,Expired,Standard,520342.39,False
1773,POL00001773,9,39,2,CUST0002301,2025-02-10,2026-01-31,Expired,Standard,7529258.33,False
1774,POL00001774,1,102,3,CUST0001600,2024-02-12,2026-01-31,Expired,Basic,836960.62,False
1775,POL00001775,6,70,2,CUST0002710,2024-02-16,2025-01-31,Expired,Standard,1042507.37,False
1776,POL00001776,5,32,1,CUST0002546,2025-01-28,2025-12-31,Expired,Basic,562076.9,False
1777,POL00001777,2,43,3,CUST0001849,2023-10-20,2024-09-30,Expired,Basic,398854.5,False
1778,POL00001778,5,37,4,CUST0000364,2024-08-10,2025-07-31,Expired,Standard,530651.57,False
1779,POL00001779,9,60,2,CUST0002713,2025-09-25,2026-08-31,Active,Premium,10027951.44,False
1780,POL00001780,7,37,1,CUST0002711,2025-08-09,2026-07-31,Active,Standard,282529.28,False
1781,POL00001781,1,119,1,CUST0002912,2024-08-20,2025-07-31,Expired,Standard,822275.84,False
1782,POL00001782,4,45,2,CUST0000453,2025-10-25,2026-09-30,Active,Standard,1466611.39,False
1783,POL00001783,1,115,3,CUST0002412,2024-01-19,2024-12-31,Expired,Standard,676706.16,False
1784,POL00001784,2,33,1,CUST0002281,2023-07-11,2025-06-30,Expired,Standard,716824.04,False
1785,POL00001785,3,18,4,CUST0001519,2024-09-08,2025-08-31,Expired,Basic,1692071.58,False
1786,POL00001786,1,100,4,CUST0001436,2024-01-14,2024-12-31,Expired,Premium,693810.79,False
1787,POL00001787,1,116,1,CUST0001665,2024-03-21,2025-02-28,Expired,Standard,543816.37,False
1788,POL00001788,2,58,2,CUST0002280,2023-07-12,2025-06-30,Expired,Standard,444191.24,False
1789,POL00001789,9,51,4,CUST0001868,2025-11-11,2026-10-31,Active,Standard,7289703.95,False
1790,POL00001790,2,42,2,CUST0001335,2025-03-22,2026-02-28,Expired,Standard,405779.69,False
1791,POL00001791,9,65,2,CUST0000692,2024-09-11,2025-08-31,Expired,Standard,5323067.9,False
1792,POL00001792,1,105,4,CUST0002513,2024-10-30,2025-09-30,Expired,Standard,888634.67,False
1793,POL00001793,6,54,2,CUST0002198,2024-08-23,2026-07-31,Active,Standard,782848.71,False
1794,POL00001794,6,39,3,CUST0003393,2025-01-29,2025-12-31,Expired,Standard,987067.73,False
1795,POL00001795,3,59,4,CUST0002252,2024-05-14,2025-04-30,Expired,Standard,1409738.55,False
1796,POL00001796,1,85,1,CUST0003166,2024-08-19,2025-07-31,Cancelled,Premium,657884.42,True
1797,POL00001797,8,116,3,CUST0000903,2025-11-25,2026-10-31,Active,Standard,4295405.96,False
1798,POL00001798,6,47,1,CUST0003720,2024-05-12,2025-04-30,Expired,Standard,1030747.28,False
1799,POL00001799,9,59,2,CUST0001249,2025-05-10,2026-04-30,Expired,Premium,6800039.95,False
1800,POL00001800,3,3,1,CUST0003275,2025-10-16,2026-09-30,Active,Premium,2004277.72,False
1801,POL00001801,5,16,1,CUST0000548,2025-08-26,2026-07-31,Active,Standard,370568.8,False
1802,POL00001802,7,120,1,CUST0002903,2023-10-11,2024-09-30,Expired,Standard,386773.25,False
1803,POL00001803,1,94,1,CUST0001246,2024-09-16,2025-08-31,Expired,Standard,778555.7,False
1804,POL00001804,1,82,1,CUST0003331,2025-09-29,2026-08-31,Active,Premium,743385.38,False
1805,POL00001805,8,72,2,CUST0002482,2025-08-06,2027-07-31,Active,Standard,4822157.36,False
1806,POL00001806,2,35,4,CUST0002807,2025-07-18,2026-06-30,Active,Standard,599742.42,False
1807,POL00001807,2,110,2,CUST0000961,2025-06-11,2026-05-31,Expired,Standard,650840.75,False
1808,POL00001808,3,29,3,CUST0002746,2025-02-24,2027-01-31,Active,Premium,1376680.46,False
1809,POL00001809,4,90,4,CUST0002931,2025-06-05,2026-05-31,Expired,Standard,1674066.8,False
1810,POL00001810,3,113,1,CUST0001214,2025-08-11,2026-07-31,Active,Premium,1466580.4,False
1811,POL00001811,1,43,2,CUST0001576,2024-07-01,2025-06-30,Expired,Basic,548649.77,False
1812,POL00001812,2,91,2,CUST0002394,2024-04-08,2026-03-31,Expired,Standard,671375.37,False
1813,POL00001813,6,91,3,CUST0002118,2024-10-26,2025-09-30,Expired,Standard,711630.12,False
1814,POL00001814,3,43,3,CUST0002000,2025-01-08,2025-12-31,Expired,Standard,1792272.26,False
1815,POL00001815,2,7,1,CUST0001529,2023-09-21,2024-08-31,Expired,Standard,606069.07,False
1816,POL00001816,5,113,1,CUST0001523,2025-02-26,2026-01-31,Expired,Premium,535153.75,False
1817,POL00001817,1,58,1,CUST0002053,2025-11-30,2027-10-31,Active,Standard,804812.65,False
1818,POL00001818,2,27,3,CUST0003876,2025-10-05,2026-09-30,Active,Basic,540240.76,False
1819,POL00001819,1,65,4,CUST0001058,2023-07-23,2024-06-30,Expired,Standard,583109.09,False
1820,POL00001820,4,49,3,CUST0003762,2024-10-23,2025-09-30,Expired,Premium,1083794.72,False
1821,POL00001821,8,29,4,CUST0001888,2025-10-04,2026-09-30,Active,Standard,5590395.32,False
1822,POL00001822,1,117,3,CUST0002025,2024-06-04,2025-05-31,Expired,Standard,713783.9,False
1823,POL00001823,7,33,2,CUST0001185,2025-12-07,2026-11-30,Active,Standard,404915.93,False
1824,POL00001824,1,110,2,CUST0003122,2025-08-18,2026-07-31,Active,Standard,885926.93,False
1825,POL00001825,3,78,3,CUST0002412,2025-10-04,2026-09-30,Active,Standard,1630220.34,False
1826,POL00001826,4,91,3,CUST0003351,2024-02-08,2025-01-31,Expired,Standard,1030946.49,False
1827,POL00001827,3,88,2,CUST0001634,2025-09-04,2026-08-31,Active,Standard,1929848.49,False
1828,POL00001828,2,69,4,CUST0000623,2024-12-14,2025-11-30,Expired,Standard,706762.51,False
1829,POL00001829,1,41,3,CUST0000936,2025-06-02,2026-05-31,Expired,Standard,541542.22,False
1830,POL00001830,9,38,3,CUST0002156,2025-01-07,2026-12-31,Active,Standard,9881824.6,False
1831,POL00001831,1,17,3,CUST0003953,2026-01-27,2026-12-31,Active,Standard,691621.46,False
1832,POL00001832,1,11,2,CUST0001285,2024-04-11,2025-03-31,Expired,Standard,461174.39,False
1833,POL00001833,3,31,2,CUST0002995,2025-10-08,2027-09-30,Active,Premium,1065077.16,False
1834,POL00001834,6,40,2,CUST0003684,2025-09-08,2026-08-31,Active,Basic,670378.75,False
1835,POL00001835,3,79,4,CUST0002370,2025-01-21,2025-12-31,Cancelled,Basic,1120280.73,True
1836,POL00001836,1,99,2,CUST0002440,2024-05-03,2025-04-30,Expired,Basic,659569.17,False
1837,POL00001837,6,119,1,CUST0003223,2025-05-21,2026-04-30,Expired,Premium,561378.43,False
1838,POL00001838,3,55,4,CUST0002163,2026-02-05,2027-01-31,Active,Basic,1776947.65,False
1839,POL00001839,5,29,4,CUST0002235,2025-10-01,2026-09-30,Active,Premium,630442.45,False
1840,POL00001840,10,106,2,CUST0002868,2025-12-01,2026-11-30,Active,Standard,1999324.99,False
1841,POL00001841,3,84,1,CUST0001433,2025-06-26,2026-05-31,Expired,Basic,1634708.02,False
1842,POL00001842,2,13,2,CUST0003534,2024-08-11,2025-07-31,Expired,Premium,548917.38,False
1843,POL00001843,8,21,1,CUST0001344,2024-06-20,2025-05-31,Expired,Premium,5799331.42,False
1844,POL00001844,1,76,4,CUST0001887,2024-12-06,2025-11-30,Expired,Standard,624032.04,False
1845,POL00001845,1,29,1,CUST0001348,2025-08-27,2026-07-31,Active,Basic,735254.27,False
1846,POL00001846,5,87,2,CUST0002314,2023-12-29,2024-11-30,Expired,Standard,510878.93,False
1847,POL00001847,5,40,2,CUST0003439,2023-12-22,2025-11-30,Expired,Basic,566540.14,False
1848,POL00001848,1,10,1,CUST0000494,2024-08-28,2025-07-31,Expired,Standard,649526.79,False
1849,POL00001849,5,71,2,CUST0001254,2024-08-25,2025-07-31,Expired,Standard,353891.2,False
1850,POL00001850,10,107,4,CUST0000023,2024-03-17,2025-02-28,Expired,Basic,2706002.79,False
1851,POL00001851,6,63,1,CUST0000801,2026-01-25,2026-12-31,Active,Basic,644106.85,False
1852,POL00001852,4,117,1,CUST0003106,2024-11-06,2025-10-31,Expired,Premium,1600688.74,False
1853,POL00001853,5,101,2,CUST0000663,2025-12-19,2026-11-30,Active,Standard,449282.73,False
1854,POL00001854,8,74,2,CUST0002216,2026-01-10,2026-12-31,Active,Basic,3670064.6,False
1855,POL00001855,5,49,2,CUST0002764,2024-08-01,2025-07-31,Cancelled,Standard,497513.64,True
1856,POL00001856,8,54,3,CUST0000878,2026-01-30,2026-12-31,Active,Basic,5999522.34,False
1857,POL00001857,1,100,1,CUST0003298,2025-11-22,2026-10-31,Active,Premium,597223.64,False
1858,POL00001858,2,76,3,CUST0001394,2023-08-20,2024-07-31,Expired,Standard,417342.02,False
1859,POL00001859,5,32,4,CUST0002778,2025-06-22,2026-05-31,Expired,Premium,548239.89,False
1860,POL00001860,9,49,1,CUST0001770,2025-08-20,2026-07-31,Active,Standard,8923216.87,False
1861,POL00001861,2,59,3,CUST0003003,2025-08-24,2026-07-31,Cancelled,Standard,441649.72,True
1862,POL00001862,2,84,3,CUST0000856,2024-03-04,2025-02-28,Expired,Basic,621567.84,False
1863,POL00001863,2,73,3,CUST0001738,2025-04-29,2026-03-31,Expired,Standard,735897.96,False
1864,POL00001864,4,10,3,CUST0000868,2024-12-12,2025-11-30,Expired,Standard,1147583.28,False
1865,POL00001865,5,120,3,CUST0002576,2025-04-01,2026-03-31,Expired,Standard,395727.36,False
1866,POL00001866,2,25,4,CUST0001306,2024-02-14,2025-01-31,Expired,Basic,540093.11,False
1867,POL00001867,6,57,2,CUST0000848,2025-09-26,2026-08-31,Active,Standard,937844.44,False
1868,POL00001868,1,103,2,CUST0002708,2024-05-30,2025-04-30,Expired,Standard,497454.82,False
1869,POL00001869,6,60,3,CUST0000764,2025-11-08,2026-10-31,Active,Standard,1119508.88,False
1870,POL00001870,3,30,4,CUST0000413,2024-02-20,2026-01-31,Expired,Premium,1702439.98,False
1871,POL00001871,5,55,3,CUST0000550,2023-09-04,2024-08-31,Expired,Premium,688912.51,False
1872,POL00001872,5,78,2,CUST0002431,2023-11-06,2024-10-31,Cancelled,Basic,566795.8,True
1873,POL00001873,2,70,2,CUST0002659,2024-01-05,2024-12-31,Expired,Standard,748986.66,False
1874,POL00001874,1,107,1,CUST0000847,2023-10-17,2024-09-30,Expired,Standard,870377.1,False
1875,POL00001875,5,72,2,CUST0003674,2026-02-15,2028-01-31,Active,Standard,692044.55,False
1876,POL00001876,8,73,1,CUST0002217,2026-02-25,2027-01-31,Cancelled,Basic,3576436.23,True
1877,POL00001877,2,4,1,CUST0001716,2024-08-16,2025-07-31,Expired,Standard,397130.07,False
1878,POL00001878,1,101,2,CUST0002068,2024-11-10,2026-10-31,Active,Standard,786837.97,False
1879,POL00001879,4,26,3,CUST0003770,2023-11-18,2024-10-31,Expired,Premium,1111296.81,False
1880,POL00001880,1,29,2,CUST0000896,2023-11-15,2024-10-31,Expired,Basic,581005.1,False
1881,POL00001881,6,39,2,CUST0000563,2024-10-02,2025-09-30,Expired,Standard,969342.87,False
1882,POL00001882,5,35,2,CUST0003707,2025-04-18,2027-03-31,Active,Premium,397776.48,False
1883,POL00001883,5,106,1,CUST0001436,2024-03-27,2025-02-28,Expired,Standard,654310.77,False
1884,POL00001884,9,68,4,CUST0003397,2025-06-24,2026-05-31,Expired,Standard,10374538.17,False
1885,POL00001885,1,77,2,CUST0002449,2024-05-29,2025-04-30,Expired,Basic,618542.81,False
1886,POL00001886,3,86,1,CUST0002444,2023-12-24,2024-11-30,Expired,Standard,2085484.79,False
1887,POL00001887,1,101,3,CUST0003356,2024-12-19,2025-11-30,Expired,Basic,475810.18,False
1888,POL00001888,7,101,1,CUST0002581,2024-12-13,2025-11-30,Expired,Standard,526664.85,False
1889,POL00001889,5,56,3,CUST0001370,2025-03-27,2026-02-28,Expired,Premium,450033.78,False
1890,POL00001890,8,101,3,CUST0002394,2024-05-30,2025-04-30,Expired,Standard,3786542.45,False
1891,POL00001891,1,120,4,CUST0002661,2024-05-19,2025-04-30,Expired,Standard,670249.53,False
1892,POL00001892,4,95,1,CUST0001931,2025-03-21,2026-02-28,Expired,Basic,1022241.37,False
1893,POL00001893,3,48,1,CUST0001889,2024-12-07,2025-11-30,Expired,Basic,1655568.65,False
1894,POL00001894,1,87,3,CUST0003457,2025-01-21,2025-12-31,Expired,Standard,634264.01,False
1895,POL00001895,9,104,1,CUST0003067,2025-01-20,2025-12-31,Expired,Premium,5696122.16,False
1896,POL00001896,1,88,3,CUST0002803,2024-04-16,2025-03-31,Expired,Standard,702454.55,False
1897,POL00001897,10,62,3,CUST0001805,2025-01-24,2025-12-31,Expired,Basic,1866637.4,False
1898,POL00001898,4,42,3,CUST0000718,2026-02-20,2027-01-31,Active,Basic,1393633.95,False
1899,POL00001899,1,117,2,CUST0000961,2025-06-23,2026-05-31,Expired,Premium,557593.31,False
1900,POL00001900,5,87,1,CUST0002967,2025-06-30,2026-05-31,Expired,Premium,522186.71,False
1901,POL00001901,6,115,1,CUST0003231,2023-11-11,2024-10-31,Expired,Standard,977918.72,False
1902,POL00001902,2,61,3,CUST0002468,2024-08-24,2025-07-31,Expired,Standard,746335.76,False
1903,POL00001903,7,46,2,CUST0002605,2024-09-26,2026-08-31,Active,Basic,356805.07,False
1904,POL00001904,8,44,4,CUST0003210,2024-11-11,2025-10-31,Expired,Basic,4979812.18,False
1905,POL00001905,2,17,2,CUST0003843,2024-12-28,2025-11-30,Expired,Premium,414335.77,False
1906,POL00001906,1,60,2,CUST0001110,2025-05-20,2026-04-30,Expired,Standard,833265.16,False
1907,POL00001907,1,44,3,CUST0002754,2024-02-28,2026-01-31,Cancelled,Standard,738130.57,True
1908,POL00001908,7,70,1,CUST0001663,2023-09-29,2024-08-31,Expired,Standard,436230.73,False
1909,POL00001909,6,69,3,CUST0001851,2025-11-12,2026-10-31,Active,Standard,830611.74,False
1910,POL00001910,7,15,3,CUST0000233,2024-05-31,2025-04-30,Expired,Basic,449844.9,False
1911,POL00001911,6,32,2,CUST0002480,2023-07-06,2024-06-30,Cancelled,Premium,709690.89,True
1912,POL00001912,1,105,1,CUST0001806,2024-08-04,2025-07-31,Expired,Standard,616734.62,False
1913,POL00001913,1,69,3,CUST0000340,2024-07-05,2026-06-30,Active,Standard,840935.79,False
1914,POL00001914,3,12,4,CUST0001698,2025-11-21,2026-10-31,Active,Basic,1989310.75,False
1915,POL00001915,2,33,3,CUST0003519,2024-05-15,2025-04-30,Cancelled,Basic,544668.26,True
1916,POL00001916,5,41,1,CUST0000671,2023-09-20,2024-08-31,Expired,Basic,398181.94,False
1917,POL00001917,5,107,3,CUST0000506,2025-04-29,2026-03-31,Expired,Standard,565133.35,False
1918,POL00001918,1,26,2,CUST0000952,2025-02-24,2026-01-31,Expired,Basic,523984.3,False
1919,POL00001919,1,84,2,CUST0001621,2023-07-03,2024-06-30,Expired,Standard,880618.56,False
1920,POL00001920,4,105,2,CUST0002794,2023-08-15,2025-07-31,Expired,Basic,1483514.09,False
1921,POL00001921,1,70,3,CUST0001089,2023-09-21,2024-08-31,Expired,Standard,710665.92,False
1922,POL00001922,8,99,2,CUST0003986,2026-01-09,2026-12-31,Active,Premium,4954495.98,False
1923,POL00001923,8,9,1,CUST0000933,2023-10-17,2024-09-30,Expired,Premium,4909312.74,False
1924,POL00001924,2,11,2,CUST0002574,2025-07-07,2026-06-30,Active,Standard,632368.09,False
1925,POL00001925,1,17,2,CUST0000616,2025-02-18,2026-01-31,Cancelled,Basic,808116.82,True
1926,POL00001926,7,30,2,CUST0001892,2025-10-06,2026-09-30,Active,Basic,309409.07,False
1927,POL00001927,5,92,2,CUST0002622,2025-08-28,2026-07-31,Active,Standard,419799.76,False
1928,POL00001928,1,100,4,CUST0000108,2024-11-26,2025-10-31,Cancelled,Standard,551230.92,True
1929,POL00001929,4,11,4,CUST0001807,2025-03-25,2026-02-28,Expired,Standard,851068.46,False
1930,POL00001930,7,59,2,CUST0003034,2023-12-24,2024-11-30,Expired,Standard,483431.2,False
1931,POL00001931,2,91,1,CUST0003529,2024-05-08,2025-04-30,Expired,Basic,436366.73,False
1932,POL00001932,10,7,2,CUST0002919,2023-09-10,2024-08-31,Expired,Standard,2746077.94,False
1933,POL00001933,6,72,3,CUST0002963,2024-08-25,2025-07-31,Expired,Standard,762716.38,False
1934,POL00001934,8,68,3,CUST0000103,2024-04-07,2025-03-31,Expired,Standard,6514970.27,False
1935,POL00001935,7,13,4,CUST0002042,2024-05-31,2025-04-30,Expired,Premium,321115.62,False
1936,POL00001936,2,22,3,CUST0003500,2023-08-07,2024-07-31,Expired,Standard,714953.86,False
1937,POL00001937,2,14,1,CUST0001104,2024-04-20,2025-03-31,Expired,Basic,505363.46,False
1938,POL00001938,3,115,2,CUST0000613,2025-08-10,2026-07-31,Active,Standard,1507273.74,False
1939,POL00001939,8,37,2,CUST0003799,2025-10-20,2026-09-30,Active,Premium,6654583.47,False
1940,POL00001940,5,91,3,CUST0002831,2024-08-24,2025-07-31,Expired,Standard,555730.96,False
1941,POL00001941,8,86,2,CUST0002866,2023-12-21,2024-11-30,Expired,Basic,6541956.27,False
1942,POL00001942,2,7,3,CUST0001631,2025-08-17,2026-07-31,Active,Standard,609252.5,False
1943,POL00001943,8,84,1,CUST0003769,2024-05-26,2025-04-30,Expired,Premium,6462732.72,False
1944,POL00001944,4,63,4,CUST0003479,2025-06-19,2026-05-31,Expired,Premium,935576.82,False
1945,POL00001945,2,83,4,CUST0003373,2024-12-13,2025-11-30,Expired,Standard,703865.46,False
1946,POL00001946,1,98,2,CUST0000083,2025-03-08,2026-02-28,Expired,Standard,714631.36,False
1947,POL00001947,5,82,2,CUST0003905,2025-05-28,2026-04-30,Expired,Standard,541307.7,False
1948,POL00001948,6,40,2,CUST0003315,2024-05-31,2025-04-30,Expired,Basic,855688.56,False
1949,POL00001949,2,97,3,CUST0003611,2024-01-24,2024-12-31,Expired,Premium,659031.58,False
1950,POL00001950,7,73,1,CUST0002531,2024-01-15,2024-12-31,Expired,Basic,399759.39,False
1951,POL00001951,5,117,2,CUST0003641,2024-02-18,2025-01-31,Expired,Basic,478510.26,False
1952,POL00001952,9,119,1,CUST0002122,2025-10-30,2026-09-30,Active,Standard,7446794.27,False
1953,POL00001953,1,27,2,CUST0002922,2023-11-19,2024-10-31,Expired,Standard,837566.16,False
1954,POL00001954,1,23,2,CUST0003145,2024-07-17,2025-06-30,Expired,Standard,710602.37,False
1955,POL00001955,4,84,1,CUST0002605,2024-02-29,2025-01-31,Expired,Standard,1633689.64,False
1956,POL00001956,3,6,2,CUST0000426,2023-12-27,2025-11-30,Expired,Standard,2044052.44,False
1957,POL00001957,1,19,4,CUST0003761,2025-09-23,2026-08-31,Active,Standard,600281.03,False
1958,POL00001958,5,43,1,CUST0000473,2025-08-17,2026-07-31,Active,Standard,527575.38,False
1959,POL00001959,1,7,1,CUST0002803,2025-03-26,2026-02-28,Expired,Standard,760428.27,False
1960,POL00001960,7,46,1,CUST0003574,2025-09-25,2026-08-31,Cancelled,Standard,342819.18,True
1961,POL00001961,3,81,3,CUST0003824,2025-08-10,2026-07-31,Active,Standard,1091357.81,False
1962,POL00001962,1,99,1,CUST0000281,2024-02-21,2025-01-31,Expired,Standard,724902.79,False
1963,POL00001963,6,15,4,CUST0003357,2023-09-30,2024-08-31,Expired,Basic,767628.0,False
1964,POL00001964,6,75,1,CUST0002672,2026-02-26,2027-01-31,Active,Standard,980051.44,False
1965,POL00001965,6,100,1,CUST0001187,2025-02-25,2026-01-31,Expired,Standard,804035.53,False
1966,POL00001966,1,93,2,CUST0000738,2025-01-11,2025-12-31,Expired,Standard,701623.44,False
1967,POL00001967,2,90,2,CUST0000905,2025-06-26,2026-05-31,Expired,Standard,725522.75,False
1968,POL00001968,4,32,1,CUST0003651,2024-02-25,2025-01-31,Expired,Standard,1078836.24,False
1969,POL00001969,5,2,3,CUST0003508,2023-09-27,2025-08-31,Expired,Premium,632921.98,False
1970,POL00001970,5,36,1,CUST0003017,2024-02-16,2025-01-31,Expired,Basic,406144.17,False
1971,POL00001971,1,24,3,CUST0000839,2023-12-29,2024-11-30,Expired,Standard,883251.2,False
1972,POL00001972,1,59,1,CUST0000076,2024-10-13,2025-09-30,Expired,Basic,501855.77,False
1973,POL00001973,2,7,3,CUST0000641,2023-09-04,2024-08-31,Expired,Premium,455835.0,False
1974,POL00001974,8,96,4,CUST0003235,2025-11-18,2026-10-31,Active,Premium,4243138.15,False
1975,POL00001975,1,19,4,CUST0002122,2023-11-29,2024-10-31,Expired,Standard,496792.38,False
1976,POL00001976,4,88,4,CUST0000754,2025-04-24,2026-03-31,Expired,Basic,1663326.45,False
1977,POL00001977,1,71,1,CUST0000249,2025-08-28,2026-07-31,Active,Standard,636438.18,False
1978,POL00001978,5,101,1,CUST0002392,2024-04-22,2025-03-31,Expired,Standard,495541.54,False
1979,POL00001979,4,35,3,CUST0001858,2023-08-29,2024-07-31,Expired,Standard,1350557.26,False
1980,POL00001980,1,40,4,CUST0001261,2025-10-26,2026-09-30,Active,Standard,575872.32,False
1981,POL00001981,7,51,3,CUST0002253,2023-07-04,2024-06-30,Expired,Basic,453422.81,False
1982,POL00001982,8,25,3,CUST0000837,2023-08-26,2025-07-31,Expired,Basic,5310347.6,False
1983,POL00001983,9,11,2,CUST0003915,2024-08-18,2025-07-31,Expired,Basic,8289370.44,False
1984,POL00001984,6,108,1,CUST0001604,2025-08-12,2026-07-31,Active,Standard,722531.2,False
1985,POL00001985,7,111,2,CUST0002800,2025-04-13,2026-03-31,Expired,Premium,506258.3,False
1986,POL00001986,2,69,1,CUST0003502,2023-10-19,2024-09-30,Expired,Standard,669465.36,False
1987,POL00001987,2,82,4,CUST0000942,2023-08-05,2024-07-31,Expired,Standard,491113.5,False
1988,POL00001988,7,108,1,CUST0002321,2025-04-28,2026-03-31,Expired,Standard,314682.53,False
1989,POL00001989,3,5,1,CUST0001218,2025-10-10,2026-09-30,Active,Premium,1914041.36,False
1990,POL00001990,9,32,1,CUST0001171,2025-01-27,2025-12-31,Expired,Standard,8176020.96,False
1991,POL00001991,8,86,1,CUST0000266,2023-12-13,2024-11-30,Expired,Premium,6011063.44,False
1992,POL00001992,6,96,1,CUST0000563,2024-03-12,2025-02-28,Expired,Standard,565355.25,False
1993,POL00001993,5,71,1,CUST0001655,2024-12-11,2025-11-30,Expired,Standard,658144.2,False
1994,POL00001994,1,87,3,CUST0003165,2024-02-20,2025-01-31,Expired,Premium,554598.89,False
1995,POL00001995,2,13,2,CUST0000502,2024-11-04,2026-10-31,Active,Standard,747484.33,False
1996,POL00001996,1,85,4,CUST0001377,2025-12-18,2026-11-30,Active,Premium,575876.83,False
1997,POL00001997,2,17,3,CUST0001980,2025-11-11,2026-10-31,Active,Premium,684259.39,False
1998,POL00001998,2,42,2,CUST0002696,2024-10-29,2025-09-30,Expired,Basic,700330.69,False
1999,POL00001999,1,27,4,CUST0002618,2023-08-12,2024-07-31,Expired,Basic,637801.74,False
2000,POL00002000,8,79,2,CUST0002130,2024-07-19,2025-06-30,Expired,Basic,4553861.13,False
2001,POL00002001,1,5,1,CUST0000384,2025-01-22,2025-12-31,Expired,Premium,508826.1,False
2002,POL00002002,2,73,4,CUST0002831,2024-06-30,2025-05-31,Expired,Standard,499817.57,False
2003,POL00002003,5,18,3,CUST0001914,2024-04-21,2025-03-31,Expired,Standard,684918.17,False
2004,POL00002004,10,50,1,CUST0003185,2026-01-10,2027-12-31,Active,Basic,1857157.9,False
2005,POL00002005,1,106,3,CUST0000508,2026-02-28,2027-01-31,Active,Standard,714714.9,False
2006,POL00002006,1,69,3,CUST0000353,2025-02-14,2026-01-31,Expired,Basic,743645.06,False
2007,POL00002007,5,6,2,CUST0000453,2025-08-17,2026-07-31,Active,Premium,680415.41,False
2008,POL00002008,9,12,3,CUST0000427,2024-10-23,2025-09-30,Cancelled,Standard,10149235.12,True
2009,POL00002009,2,75,2,CUST0003871,2024-02-07,2025-01-31,Expired,Basic,598092.4,False
2010,POL00002010,6,43,3,CUST0002796,2025-08-12,2026-07-31,Active,Standard,941255.82,False
2011,POL00002011,4,31,4,CUST0000208,2024-02-28,2025-01-31,Expired,Basic,1598482.75,False
2012,POL00002012,9,74,2,CUST0003285,2025-06-04,2026-05-31,Expired,Standard,5265009.86,False
2013,POL00002013,1,106,4,CUST0000876,2024-03-25,2025-02-28,Expired,Standard,905947.52,False
2014,POL00002014,5,6,2,CUST0000307,2026-01-12,2026-12-31,Active,Basic,630358.79,False
2015,POL00002015,5,67,1,CUST0002897,2024-04-05,2025-03-31,Expired,Standard,350990.48,False
2016,POL00002016,3,66,3,CUST0000140,2025-07-27,2026-06-30,Active,Standard,1749886.0,False
2017,POL00002017,1,98,1,CUST0003417,2025-04-27,2026-03-31,Expired,Standard,563784.5,False
2018,POL00002018,1,63,2,CUST0000596,2024-12-20,2025-11-30,Expired,Basic,732876.34,False
2019,POL00002019,6,95,4,CUST0001186,2024-01-15,2024-12-31,Expired,Premium,787840.01,False
2020,POL00002020,6,37,1,CUST0002196,2025-03-15,2026-02-28,Expired,Standard,741993.5,False
2021,POL00002021,5,42,2,CUST0000279,2023-11-08,2024-10-31,Expired,Premium,602141.61,False
2022,POL00002022,3,30,2,CUST0000144,2023-11-09,2024-10-31,Expired,Basic,1939479.42,False
2023,POL00002023,1,31,2,CUST0002483,2025-08-04,2026-07-31,Active,Standard,799706.59,False
2024,POL00002024,2,103,1,CUST0002432,2024-05-21,2025-04-30,Expired,Standard,682676.94,False
2025,POL00002025,9,41,3,CUST0002286,2025-11-28,2026-10-31,Active,Standard,8891917.78,False
2026,POL00002026,1,118,2,CUST0003286,2024-01-26,2024-12-31,Expired,Standard,531813.95,False
2027,POL00002027,1,59,3,CUST0002148,2023-07-16,2024-06-30,Expired,Standard,641330.54,False
2028,POL00002028,7,4,1,CUST0001124,2025-01-28,2026-12-31,Active,Standard,552543.76,False
2029,POL00002029,1,82,1,CUST0002243,2024-08-31,2025-07-31,Expired,Standard,899159.64,False
2030,POL00002030,5,3,1,CUST0003642,2024-07-19,2026-06-30,Active,Premium,570596.45,False
2031,POL00002031,1,9,3,CUST0002649,2026-02-06,2027-01-31,Cancelled,Premium,643362.45,True
2032,POL00002032,6,52,3,CUST0001208,2025-05-23,2026-04-30,Expired,Standard,936585.6,False
2033,POL00002033,8,16,1,CUST0002080,2025-10-15,2026-09-30,Active,Basic,4628478.18,False
2034,POL00002034,9,80,4,CUST0001667,2024-03-27,2025-02-28,Expired,Standard,9646194.72,False
2035,POL00002035,6,109,2,CUST0002645,2026-01-25,2026-12-31,Active,Standard,860447.76,False
2036,POL00002036,5,91,1,CUST0000720,2025-03-18,2026-02-28,Expired,Standard,474427.72,False
2037,POL00002037,1,15,3,CUST0002036,2024-10-27,2025-09-30,Expired,Standard,580749.93,False
2038,POL00002038,6,8,1,CUST0001195,2024-03-08,2026-02-28,Expired,Standard,776424.94,False
2039,POL00002039,2,59,1,CUST0003604,2025-10-11,2026-09-30,Active,Premium,386090.07,False
2040,POL00002040,1,82,2,CUST0003388,2024-03-17,2025-02-28,Expired,Standard,634722.02,False
2041,POL00002041,1,2,3,CUST0001343,2024-10-25,2025-09-30,Expired,Basic,909762.31,False
2042,POL00002042,3,40,3,CUST0002852,2023-07-31,2024-06-30,Expired,Basic,1459919.84,False
2043,POL00002043,5,9,1,CUST0001026,2025-05-30,2026-04-30,Expired,Standard,547924.71,False
2044,POL00002044,10,52,3,CUST0003230,2025-08-31,2026-07-31,Cancelled,Basic,1677710.98,True
2045,POL00002045,5,88,3,CUST0001314,2024-05-13,2026-04-30,Expired,Standard,518306.99,False
2046,POL00002046,1,51,3,CUST0003087,2023-11-13,2024-10-31,Expired,Standard,622278.59,False
2047,POL00002047,5,115,2,CUST0003192,2025-11-03,2026-10-31,Active,Standard,468126.97,False
2048,POL00002048,5,113,1,CUST0002938,2025-08-29,2026-07-31,Active,Premium,593339.55,False
2049,POL00002049,4,1,3,CUST0000467,2024-08-22,2025-07-31,Expired,Standard,1102792.13,False
2050,POL00002050,10,23,4,CUST0001398,2025-04-29,2026-03-31,Expired,Standard,2754903.27,False
2051,POL00002051,8,19,3,CUST0000485,2023-09-26,2024-08-31,Expired,Standard,6585491.51,False
2052,POL00002052,10,49,3,CUST0000387,2023-12-06,2024-11-30,Cancelled,Standard,2681533.7,True
2053,POL00002053,1,99,4,CUST0003773,2023-10-06,2024-09-30,Expired,Standard,864046.8,False
2054,POL00002054,5,119,3,CUST0000128,2024-02-20,2025-01-31,Expired,Premium,587152.3,False
2055,POL00002055,5,60,4,CUST0003893,2023-09-25,2025-08-31,Expired,Standard,570595.78,False
2056,POL00002056,5,41,3,CUST0003315,2023-11-17,2024-10-31,Expired,Basic,521798.14,False
2057,POL00002057,1,91,2,CUST0000149,2025-09-27,2027-08-31,Active,Basic,713451.03,False
2058,POL00002058,2,20,2,CUST0003772,2025-10-24,2026-09-30,Active,Standard,751468.21,False
2059,POL00002059,1,45,3,CUST0003029,2024-01-28,2024-12-31,Expired,Basic,792194.01,False
2060,POL00002060,5,11,3,CUST0003452,2024-05-25,2025-04-30,Expired,Standard,408242.01,False
2061,POL00002061,5,57,2,CUST0000691,2023-09-14,2025-08-31,Expired,Basic,665591.61,False
2062,POL00002062,6,70,1,CUST0001619,2025-05-30,2026-04-30,Expired,Standard,690824.36,False
2063,POL00002063,1,98,1,CUST0002738,2024-03-31,2025-02-28,Expired,Standard,535910.14,False
2064,POL00002064,1,69,2,CUST0003553,2023-11-03,2024-10-31,Expired,Standard,511684.66,False
2065,POL00002065,6,78,2,CUST0003260,2025-02-27,2027-01-31,Active,Premium,873015.83,False
2066,POL00002066,1,29,3,CUST0001191,2024-11-02,2025-10-31,Expired,Standard,699060.69,False
2067,POL00002067,5,3,2,CUST0000962,2025-11-02,2026-10-31,Active,Basic,422833.72,False
2068,POL00002068,1,85,1,CUST0000616,2025-10-18,2026-09-30,Active,Basic,664361.08,False
2069,POL00002069,1,42,4,CUST0003758,2023-10-14,2024-09-30,Expired,Standard,890204.25,False
2070,POL00002070,6,41,2,CUST0002644,2025-05-11,2026-04-30,Expired,Basic,616980.7,False
2071,POL00002071,9,58,3,CUST0002410,2024-02-24,2025-01-31,Expired,Standard,7559937.31,False
2072,POL00002072,1,87,2,CUST0000841,2025-04-13,2026-03-31,Expired,Standard,908053.83,False
2073,POL00002073,1,38,3,CUST0000982,2026-01-10,2026-12-31,Active,Premium,819739.1,False
2074,POL00002074,5,120,2,CUST0003671,2023-11-18,2024-10-31,Expired,Standard,441225.79,False
2075,POL00002075,8,36,1,CUST0003045,2024-04-22,2025-03-31,Expired,Premium,5218719.72,False
2076,POL00002076,1,23,3,CUST0002537,2025-09-05,2026-08-31,Active,Premium,806516.87,False
2077,POL00002077,6,79,2,CUST0001805,2026-02-11,2027-01-31,Active,Premium,1061606.0,False
2078,POL00002078,6,89,2,CUST0002030,2025-05-14,2026-04-30,Expired,Standard,754565.46,False
2079,POL00002079,9,28,1,CUST0000873,2025-09-17,2026-08-31,Cancelled,Basic,7503181.84,True
2080,POL00002080,2,55,3,CUST0001942,2026-02-06,2027-01-31,Active,Basic,409222.54,False
2081,POL00002081,1,43,3,CUST0002746,2025-05-09,2026-04-30,Expired,Standard,597238.5,False
2082,POL00002082,5,1,1,CUST0001001,2025-03-23,2027-02-28,Active,Basic,682286.64,False
2083,POL00002083,2,66,2,CUST0000282,2023-09-17,2024-08-31,Expired,Standard,567422.57,False
2084,POL00002084,2,37,3,CUST0001018,2024-06-11,2025-05-31,Expired,Premium,732092.48,False
2085,POL00002085,7,114,2,CUST0000288,2025-08-08,2027-07-31,Cancelled,Standard,337155.13,True
2086,POL00002086,9,120,3,CUST0001184,2024-12-31,2026-11-30,Cancelled,Basic,8488587.21,True
2087,POL00002087,6,16,4,CUST0003275,2024-04-18,2025-03-31,Expired,Basic,1043822.78,False
2088,POL00002088,1,41,2,CUST0002843,2025-12-20,2026-11-30,Active,Basic,884421.25,False
2089,POL00002089,4,115,2,CUST0000056,2024-01-11,2025-12-31,Expired,Basic,916657.93,False
2090,POL00002090,1,24,1,CUST0000919,2025-05-10,2026-04-30,Expired,Standard,662154.66,False
2091,POL00002091,7,11,1,CUST0001758,2025-11-11,2027-10-31,Active,Basic,348810.32,False
2092,POL00002092,1,75,1,CUST0000295,2024-10-12,2025-09-30,Expired,Standard,879757.92,False
2093,POL00002093,6,69,1,CUST0000508,2024-08-01,2025-07-31,Expired,Standard,944465.27,False
2094,POL00002094,2,82,4,CUST0003692,2025-01-05,2025-12-31,Expired,Basic,395899.87,False
2095,POL00002095,1,78,3,CUST0003820,2025-08-17,2027-07-31,Active,Standard,479615.63,False
2096,POL00002096,6,119,2,CUST0002303,2025-06-16,2026-05-31,Expired,Basic,726306.4,False
2097,POL00002097,1,75,2,CUST0001509,2024-04-26,2025-03-31,Expired,Standard,887838.66,False
2098,POL00002098,5,39,1,CUST0002948,2025-05-18,2026-04-30,Expired,Basic,597430.39,False
2099,POL00002099,5,94,3,CUST0002582,2024-08-30,2025-07-31,Expired,Basic,531568.81,False
2100,POL00002100,7,62,2,CUST0001745,2025-11-03,2027-10-31,Active,Basic,534882.07,False
2101,POL00002101,1,78,4,CUST0001769,2023-12-26,2024-11-30,Expired,Basic,837103.46,False
2102,POL00002102,1,60,4,CUST0002197,2023-10-01,2024-09-30,Expired,Basic,575502.52,False
2103,POL00002103,2,116,2,CUST0002822,2023-09-09,2024-08-31,Expired,Basic,654991.44,False
2104,POL00002104,1,56,1,CUST0000565,2024-11-26,2025-10-31,Expired,Premium,822029.9,False
2105,POL00002105,1,107,4,CUST0003655,2026-01-21,2026-12-31,Active,Standard,757466.68,False
2106,POL00002106,7,21,4,CUST0003914,2025-03-17,2027-02-28,Active,Standard,356452.93,False
2107,POL00002107,1,115,1,CUST0001480,2025-12-30,2026-11-30,Cancelled,Premium,822554.57,True
2108,POL00002108,3,38,3,CUST0002705,2025-06-08,2026-05-31,Expired,Basic,1575664.91,False
2109,POL00002109,2,78,1,CUST0003281,2024-03-19,2025-02-28,Expired,Standard,446286.99,False
2110,POL00002110,1,116,2,CUST0000761,2025-05-08,2026-04-30,Expired,Standard,853168.17,False
2111,POL00002111,6,70,2,CUST0002345,2024-09-29,2026-08-31,Active,Standard,985682.84,False
2112,POL00002112,9,108,1,CUST0003990,2024-10-22,2025-09-30,Expired,Standard,7016046.94,False
2113,POL00002113,7,28,3,CUST0001736,2024-01-12,2024-12-31,Expired,Standard,443368.14,False
2114,POL00002114,1,77,1,CUST0001035,2023-09-09,2024-08-31,Expired,Standard,794298.29,False
2115,POL00002115,2,37,1,CUST0000526,2025-11-16,2026-10-31,Active,Standard,645032.94,False
2116,POL00002116,1,39,3,CUST0000161,2024-06-26,2025-05-31,Expired,Premium,623487.83,False
2117,POL00002117,1,80,2,CUST0000910,2024-03-26,2025-02-28,Expired,Standard,801722.85,False
2118,POL00002118,4,41,4,CUST0000801,2024-12-13,2025-11-30,Expired,Standard,1107026.62,False
2119,POL00002119,1,81,2,CUST0003317,2024-10-31,2025-09-30,Expired,Standard,747312.38,False
2120,POL00002120,5,107,3,CUST0003268,2023-11-07,2024-10-31,Expired,Basic,472373.23,False
2121,POL00002121,10,110,2,CUST0002459,2025-10-16,2026-09-30,Active,Standard,1682216.01,False
2122,POL00002122,5,45,2,CUST0003378,2026-01-02,2027-12-31,Active,Premium,375207.27,False
2123,POL00002123,1,39,2,CUST0003674,2025-01-19,2025-12-31,Expired,Premium,581292.16,False
2124,POL00002124,4,99,2,CUST0001198,2023-08-13,2024-07-31,Expired,Standard,1240455.63,False
2125,POL00002125,1,111,3,CUST0001272,2025-04-07,2027-03-31,Active,Standard,673095.27,False
2126,POL00002126,3,82,1,CUST0003947,2024-08-09,2025-07-31,Expired,Standard,1797000.45,False
2127,POL00002127,1,44,2,CUST0001696,2023-10-30,2024-09-30,Cancelled,Standard,558425.42,True
2128,POL00002128,8,100,1,CUST0002836,2023-11-17,2024-10-31,Expired,Standard,4826058.6,False
2129,POL00002129,2,21,4,CUST0000299,2024-02-06,2025-01-31,Expired,Standard,558660.27,False
2130,POL00002130,1,13,1,CUST0003067,2024-04-19,2025-03-31,Expired,Standard,499129.07,False
2131,POL00002131,6,90,3,CUST0003351,2025-11-18,2026-10-31,Active,Standard,1062090.05,False
2132,POL00002132,1,18,2,CUST0003042,2025-07-11,2026-06-30,Active,Standard,580510.53,False
2133,POL00002133,2,72,3,CUST0003185,2024-01-25,2025-12-31,Expired,Standard,703495.8,False
2134,POL00002134,6,58,2,CUST0003244,2025-05-26,2026-04-30,Expired,Basic,1103324.98,False
2135,POL00002135,9,62,3,CUST0002004,2026-02-14,2027-01-31,Active,Standard,5491011.85,False
2136,POL00002136,5,66,1,CUST0001023,2024-06-27,2025-05-31,Expired,Premium,438628.29,False
2137,POL00002137,7,119,1,CUST0003403,2023-11-05,2024-10-31,Expired,Standard,359118.14,False
2138,POL00002138,4,26,1,CUST0001115,2025-11-04,2026-10-31,Active,Standard,941423.56,False
2139,POL00002139,5,30,3,CUST0000941,2024-12-06,2025-11-30,Expired,Premium,406712.82,False
2140,POL00002140,1,98,2,CUST0002046,2024-03-08,2025-02-28,Expired,Basic,471941.46,False
2141,POL00002141,4,111,1,CUST0002582,2025-08-27,2026-07-31,Active,Basic,1184073.98,False
2142,POL00002142,2,106,1,CUST0003939,2025-09-16,2026-08-31,Active,Premium,742050.35,False
2143,POL00002143,3,116,2,CUST0001114,2024-10-13,2025-09-30,Expired,Basic,1703312.9,False
2144,POL00002144,9,92,4,CUST0000345,2024-10-20,2025-09-30,Expired,Standard,5325417.34,False
2145,POL00002145,6,61,2,CUST0000181,2023-09-03,2024-08-31,Expired,Standard,648909.02,False
2146,POL00002146,8,62,1,CUST0002552,2025-03-02,2026-02-28,Expired,Basic,6675474.86,False
2147,POL00002147,2,114,1,CUST0001441,2023-09-20,2024-08-31,Cancelled,Standard,718342.05,True
2148,POL00002148,7,2,4,CUST0000122,2025-08-08,2026-07-31,Active,Standard,421499.96,False
2149,POL00002149,8,47,3,CUST0003956,2024-04-11,2025-03-31,Expired,Standard,4653137.97,False
2150,POL00002150,7,22,3,CUST0001326,2025-03-22,2026-02-28,Expired,Basic,455133.89,False
2151,POL00002151,1,71,4,CUST0001532,2024-03-29,2025-02-28,Expired,Standard,611049.48,False
2152,POL00002152,5,15,2,CUST0003292,2024-03-26,2025-02-28,Expired,Standard,622747.38,False
2153,POL00002153,5,10,2,CUST0002867,2025-05-02,2026-04-30,Cancelled,Standard,441755.83,True
2154,POL00002154,1,66,1,CUST0000061,2025-05-29,2026-04-30,Cancelled,Basic,709423.99,True
2155,POL00002155,3,72,4,CUST0000933,2025-08-27,2026-07-31,Active,Standard,1430222.62,False
2156,POL00002156,5,60,3,CUST0001429,2024-07-07,2025-06-30,Expired,Premium,687530.22,False
2157,POL00002157,2,35,3,CUST0002069,2025-09-01,2026-08-31,Active,Standard,541879.12,False
2158,POL00002158,5,25,2,CUST0000351,2023-10-18,2025-09-30,Expired,Standard,583550.89,False
2159,POL00002159,1,63,3,CUST0002899,2025-03-24,2026-02-28,Expired,Premium,869458.52,False
2160,POL00002160,2,14,2,CUST0003680,2024-03-08,2025-02-28,Expired,Premium,530590.75,False
2161,POL00002161,1,63,3,CUST0000246,2024-06-12,2025-05-31,Expired,Standard,889211.49,False
2162,POL00002162,4,33,3,CUST0000635,2025-05-19,2026-04-30,Expired,Basic,1569312.85,False
2163,POL00002163,3,72,1,CUST0003746,2024-01-07,2024-12-31,Expired,Standard,1132769.48,False
2164,POL00002164,5,13,2,CUST0001705,2025-11-20,2026-10-31,Active,Standard,539398.71,False
2165,POL00002165,1,117,2,CUST0003693,2024-09-22,2025-08-31,Expired,Basic,696261.1,False
2166,POL00002166,5,34,2,CUST0000883,2024-05-02,2025-04-30,Expired,Basic,633083.14,False
2167,POL00002167,3,119,4,CUST0001139,2024-01-05,2024-12-31,Expired,Basic,1608265.38,False
2168,POL00002168,3,79,2,CUST0003776,2025-02-18,2026-01-31,Expired,Premium,1907987.97,False
2169,POL00002169,6,47,3,CUST0000935,2025-11-11,2026-10-31,Active,Standard,617587.68,False
2170,POL00002170,5,114,2,CUST0000792,2024-12-14,2025-11-30,Expired,Standard,561543.43,False
2171,POL00002171,3,21,1,CUST0000579,2024-11-24,2025-10-31,Expired,Premium,1847211.61,False
2172,POL00002172,1,39,4,CUST0003969,2023-10-11,2024-09-30,Expired,Standard,522576.78,False
2173,POL00002173,10,48,4,CUST0003680,2026-02-13,2027-01-31,Active,Premium,2345221.82,False
2174,POL00002174,4,53,1,CUST0002447,2024-06-15,2025-05-31,Cancelled,Basic,1275111.7,True
2175,POL00002175,4,1,2,CUST0000147,2023-07-28,2024-06-30,Expired,Standard,1309683.26,False
2176,POL00002176,5,52,3,CUST0002289,2025-11-24,2026-10-31,Active,Standard,521838.09,False
2177,POL00002177,3,109,2,CUST0002347,2024-01-22,2024-12-31,Expired,Premium,1706088.52,False
2178,POL00002178,5,6,2,CUST0003720,2025-01-21,2026-12-31,Active,Standard,671712.19,False
2179,POL00002179,5,59,4,CUST0003737,2023-12-04,2025-11-30,Expired,Standard,699234.73,False
2180,POL00002180,8,83,1,CUST0002210,2024-05-25,2025-04-30,Cancelled,Standard,5780068.68,True
2181,POL00002181,1,61,3,CUST0000541,2023-11-05,2024-10-31,Expired,Standard,685886.19,False
2182,POL00002182,2,49,4,CUST0001220,2024-08-28,2025-07-31,Expired,Standard,698474.06,False
2183,POL00002183,1,48,1,CUST0000712,2023-10-10,2024-09-30,Expired,Standard,701436.16,False
2184,POL00002184,5,7,3,CUST0001574,2025-08-19,2026-07-31,Active,Basic,635456.86,False
2185,POL00002185,7,76,4,CUST0000969,2023-09-26,2024-08-31,Expired,Standard,389854.78,False
2186,POL00002186,1,69,3,CUST0003781,2025-04-11,2026-03-31,Expired,Premium,768274.97,False
2187,POL00002187,1,28,3,CUST0003009,2023-08-28,2024-07-31,Expired,Basic,472376.08,False
2188,POL00002188,2,75,2,CUST0001045,2025-11-15,2026-10-31,Active,Basic,687732.69,False
2189,POL00002189,1,36,2,CUST0002951,2024-06-13,2025-05-31,Expired,Standard,816100.53,False
2190,POL00002190,9,120,2,CUST0000534,2023-11-09,2024-10-31,Expired,Premium,6656494.63,False
2191,POL00002191,1,120,2,CUST0001893,2025-11-18,2026-10-31,Active,Standard,624696.29,False
2192,POL00002192,6,53,3,CUST0001728,2025-12-27,2026-11-30,Active,Basic,623424.25,False
2193,POL00002193,1,35,3,CUST0002806,2025-09-05,2026-08-31,Active,Premium,892981.97,False
2194,POL00002194,1,33,1,CUST0003583,2025-08-03,2026-07-31,Active,Standard,734119.98,False
2195,POL00002195,5,32,3,CUST0002163,2025-01-08,2025-12-31,Expired,Premium,556501.11,False
2196,POL00002196,10,27,4,CUST0003383,2024-10-02,2026-09-30,Active,Basic,1656065.41,False
2197,POL00002197,8,98,4,CUST0002885,2026-02-11,2027-01-31,Active,Basic,4076966.38,False
2198,POL00002198,6,57,1,CUST0003663,2024-10-01,2025-09-30,Expired,Premium,895233.01,False
2199,POL00002199,6,81,2,CUST0001102,2024-07-18,2025-06-30,Expired,Standard,1102541.73,False
2200,POL00002200,1,108,4,CUST0000598,2025-03-18,2026-02-28,Expired,Premium,887151.22,False
2201,POL00002201,7,30,1,CUST0003954,2023-11-28,2024-10-31,Expired,Standard,310599.41,False
2202,POL00002202,4,56,3,CUST0001657,2024-07-01,2025-06-30,Expired,Standard,1067159.99,False
2203,POL00002203,1,103,4,CUST0000681,2025-07-06,2026-06-30,Active,Standard,512324.83,False
2204,POL00002204,9,23,2,CUST0000766,2024-06-24,2025-05-31,Expired,Standard,6811883.05,False
2205,POL00002205,1,98,1,CUST0003700,2026-02-03,2027-01-31,Active,Basic,803285.44,False
2206,POL00002206,5,59,2,CUST0002484,2024-04-11,2025-03-31,Cancelled,Standard,393562.84,True
2207,POL00002207,1,4,4,CUST0003690,2024-03-15,2025-02-28,Expired,Standard,476215.66,False
2208,POL00002208,4,68,2,CUST0003015,2024-09-14,2026-08-31,Active,Basic,1457178.26,False
2209,POL00002209,3,76,3,CUST0003534,2023-11-15,2024-10-31,Expired,Premium,1149538.12,False
2210,POL00002210,2,104,1,CUST0002041,2023-08-27,2024-07-31,Expired,Standard,570454.55,False
2211,POL00002211,1,50,4,CUST0000287,2025-12-19,2026-11-30,Active,Premium,519662.54,False
2212,POL00002212,4,98,4,CUST0001170,2024-09-10,2025-08-31,Expired,Basic,982710.04,False
2213,POL00002213,10,62,1,CUST0003779,2023-07-20,2024-06-30,Expired,Standard,1495992.43,False
2214,POL00002214,7,95,1,CUST0003194,2023-07-01,2024-06-30,Expired,Premium,529733.23,False
2215,POL00002215,2,16,2,CUST0000509,2024-04-05,2025-03-31,Expired,Basic,739138.83,False
2216,POL00002216,1,87,4,CUST0002975,2023-10-14,2024-09-30,Expired,Premium,895497.16,False
2217,POL00002217,2,5,3,CUST0002333,2025-10-16,2027-09-30,Active,Standard,721361.32,False
2218,POL00002218,3,1,3,CUST0002106,2025-12-05,2026-11-30,Active,Standard,1347329.06,False
2219,POL00002219,7,23,2,CUST0000893,2023-08-11,2025-07-31,Expired,Standard,355607.66,False
2220,POL00002220,10,71,1,CUST0003794,2023-12-09,2024-11-30,Expired,Standard,1519073.11,False
2221,POL00002221,9,104,1,CUST0000296,2026-01-07,2026-12-31,Active,Premium,8707339.53,False
2222,POL00002222,5,23,1,CUST0003498,2025-11-15,2026-10-31,Active,Basic,593257.96,False
2223,POL00002223,9,6,4,CUST0002387,2024-06-27,2025-05-31,Expired,Premium,5675822.93,False
2224,POL00002224,2,76,4,CUST0002036,2023-07-04,2024-06-30,Expired,Premium,609700.04,False
2225,POL00002225,6,18,3,CUST0003061,2024-08-20,2025-07-31,Expired,Standard,625353.29,False
2226,POL00002226,6,28,1,CUST0002764,2024-12-17,2025-11-30,Expired,Standard,768902.07,False
2227,POL00002227,2,58,3,CUST0000213,2025-06-25,2026-05-31,Cancelled,Standard,505961.62,True
2228,POL00002228,1,101,2,CUST0002195,2023-12-16,2024-11-30,Expired,Basic,517060.74,False
2229,POL00002229,5,120,2,CUST0002043,2024-03-14,2025-02-28,Expired,Premium,549331.61,False
2230,POL00002230,2,30,4,CUST0003548,2023-08-15,2024-07-31,Expired,Basic,466190.1,False
2231,POL00002231,8,49,4,CUST0002232,2023-09-19,2024-08-31,Expired,Standard,6271353.65,False
2232,POL00002232,9,61,1,CUST0002020,2024-08-02,2025-07-31,Expired,Basic,7526812.06,False
2233,POL00002233,6,49,2,CUST0000089,2024-02-20,2025-01-31,Expired,Standard,785502.79,False
2234,POL00002234,9,66,3,CUST0000742,2024-07-15,2025-06-30,Expired,Standard,7963756.37,False
2235,POL00002235,1,13,3,CUST0001685,2024-11-17,2025-10-31,Cancelled,Basic,730589.03,True
2236,POL00002236,5,14,3,CUST0001273,2025-07-08,2026-06-30,Active,Standard,634701.99,False
2237,POL00002237,5,1,4,CUST0001918,2026-02-24,2027-01-31,Active,Standard,522717.32,False
2238,POL00002238,2,40,3,CUST0002484,2025-02-22,2026-01-31,Expired,Standard,669667.59,False
2239,POL00002239,4,28,1,CUST0001919,2024-04-01,2025-03-31,Expired,Basic,1235048.84,False
2240,POL00002240,5,53,1,CUST0002486,2024-09-26,2026-08-31,Active,Standard,359895.73,False
2241,POL00002241,1,9,4,CUST0002541,2026-02-06,2027-01-31,Active,Basic,710418.22,False
2242,POL00002242,2,82,2,CUST0002511,2026-02-17,2027-01-31,Active,Basic,388980.31,False
2243,POL00002243,9,40,2,CUST0000140,2024-07-23,2025-06-30,Cancelled,Standard,7314826.8,True
2244,POL00002244,3,63,4,CUST0003646,2025-10-14,2026-09-30,Active,Premium,2024016.56,False
2245,POL00002245,6,89,1,CUST0000467,2024-01-07,2025-12-31,Expired,Premium,963506.81,False
2246,POL00002246,2,26,4,CUST0000079,2026-01-27,2026-12-31,Active,Basic,489717.25,False
2247,POL00002247,4,119,4,CUST0002180,2024-11-05,2025-10-31,Expired,Standard,1110934.17,False
2248,POL00002248,7,27,1,CUST0003318,2024-05-16,2026-04-30,Expired,Standard,321724.96,False
2249,POL00002249,4,107,2,CUST0001924,2024-02-09,2025-01-31,Cancelled,Standard,1391075.3,True
2250,POL00002250,1,55,1,CUST0001082,2024-10-14,2025-09-30,Expired,Basic,734232.2,False
2251,POL00002251,10,96,3,CUST0001614,2024-11-26,2025-10-31,Expired,Premium,1457446.92,False
2252,POL00002252,1,25,3,CUST0000183,2023-10-17,2025-09-30,Cancelled,Standard,580387.17,True
2253,POL00002253,3,115,2,CUST0000422,2025-06-30,2026-05-31,Expired,Standard,2022097.27,False
2254,POL00002254,6,96,2,CUST0003601,2026-01-22,2026-12-31,Active,Premium,644145.73,False
2255,POL00002255,1,47,3,CUST0002560,2025-04-29,2026-03-31,Expired,Standard,613294.44,False
2256,POL00002256,1,68,3,CUST0003610,2025-01-10,2025-12-31,Expired,Premium,503276.92,False
2257,POL00002257,7,5,3,CUST0002351,2024-10-21,2025-09-30,Expired,Standard,348965.12,False
2258,POL00002258,9,40,3,CUST0002945,2026-01-30,2027-12-31,Cancelled,Basic,8704363.31,True
2259,POL00002259,3,26,1,CUST0003791,2025-07-31,2026-06-30,Active,Standard,1717759.39,False
2260,POL00002260,1,38,4,CUST0003717,2023-09-11,2024-08-31,Cancelled,Standard,598748.08,True
2261,POL00002261,1,104,1,CUST0001416,2023-12-22,2024-11-30,Expired,Premium,680368.19,False
2262,POL00002262,1,52,4,CUST0000220,2026-02-09,2027-01-31,Active,Standard,819526.24,False
2263,POL00002263,3,44,2,CUST0003061,2024-04-07,2025-03-31,Expired,Standard,1067735.4,False
2264,POL00002264,1,114,1,CUST0003686,2024-05-08,2025-04-30,Expired,Standard,499162.32,False
2265,POL00002265,7,117,1,CUST0002413,2026-01-18,2026-12-31,Active,Standard,320068.87,False
2266,POL00002266,6,44,1,CUST0003852,2026-01-22,2026-12-31,Active,Standard,823635.82,False
2267,POL00002267,5,5,3,CUST0003258,2025-02-23,2026-01-31,Expired,Standard,374805.61,False
2268,POL00002268,5,20,4,CUST0000103,2024-04-12,2025-03-31,Expired,Standard,612380.08,False
2269,POL00002269,6,36,3,CUST0001167,2025-07-29,2026-06-30,Active,Standard,1075911.51,False
2270,POL00002270,1,94,1,CUST0001821,2025-09-28,2027-08-31,Active,Standard,610285.82,False
2271,POL00002271,5,1,3,CUST0001682,2024-02-20,2025-01-31,Expired,Premium,424188.4,False
2272,POL00002272,2,71,3,CUST0001070,2025-05-18,2026-04-30,Cancelled,Standard,703159.91,True
2273,POL00002273,3,96,2,CUST0003187,2025-02-26,2026-01-31,Expired,Standard,2039680.06,False
2274,POL00002274,3,106,2,CUST0002707,2025-06-15,2026-05-31,Expired,Basic,1203565.14,False
2275,POL00002275,6,82,3,CUST0003301,2024-01-01,2024-12-31,Expired,Premium,659972.69,False
2276,POL00002276,2,37,3,CUST0000546,2024-01-17,2024-12-31,Expired,Standard,446748.7,False
2277,POL00002277,2,108,1,CUST0001447,2024-06-18,2025-05-31,Expired,Basic,724416.73,False
2278,POL00002278,1,107,3,CUST0000375,2025-05-15,2026-04-30,Expired,Standard,733985.73,False
2279,POL00002279,2,8,1,CUST0002003,2024-10-29,2025-09-30,Expired,Standard,453376.58,False
2280,POL00002280,6,71,3,CUST0002119,2023-07-18,2024-06-30,Cancelled,Standard,789427.62,True
2281,POL00002281,1,104,4,CUST0003324,2024-07-28,2025-06-30,Expired,Premium,844503.37,False
2282,POL00002282,4,9,1,CUST0002864,2025-01-02,2025-12-31,Expired,Standard,1604967.55,False
2283,POL00002283,2,100,1,CUST0001298,2026-01-07,2026-12-31,Active,Standard,476278.67,False
2284,POL00002284,1,22,1,CUST0002033,2024-11-15,2025-10-31,Expired,Standard,642742.45,False
2285,POL00002285,1,44,2,CUST0002219,2024-03-02,2025-02-28,Expired,Standard,872919.03,False
2286,POL00002286,9,30,1,CUST0000283,2023-11-18,2024-10-31,Expired,Standard,10346879.3,False
2287,POL00002287,6,101,2,CUST0002091,2025-11-17,2027-10-31,Active,Standard,1022428.84,False
2288,POL00002288,8,22,4,CUST0002661,2023-12-25,2024-11-30,Expired,Premium,6549734.87,False
2289,POL00002289,6,31,4,CUST0003726,2024-11-02,2025-10-31,Expired,Basic,846912.11,False
2290,POL00002290,3,40,3,CUST0000214,2023-08-27,2024-07-31,Expired,Premium,1261994.8,False
2291,POL00002291,6,60,3,CUST0002365,2024-07-10,2025-06-30,Cancelled,Standard,672296.1,True
2292,POL00002292,6,17,1,CUST0000893,2025-07-30,2026-06-30,Active,Standard,932145.91,False
2293,POL00002293,5,54,2,CUST0000728,2024-07-19,2025-06-30,Expired,Standard,647353.49,False
2294,POL00002294,5,71,2,CUST0003715,2023-12-26,2024-11-30,Expired,Premium,561717.42,False
2295,POL00002295,3,68,1,CUST0000513,2024-02-24,2025-01-31,Expired,Basic,1070433.67,False
2296,POL00002296,4,118,2,CUST0003672,2025-02-06,2026-01-31,Expired,Standard,1240761.05,False
2297,POL00002297,6,42,4,CUST0000554,2024-01-12,2024-12-31,Expired,Standard,864865.4,False
2298,POL00002298,7,27,3,CUST0003814,2024-01-06,2024-12-31,Expired,Standard,453998.19,False
2299,POL00002299,5,6,2,CUST0003796,2024-12-30,2025-11-30,Expired,Standard,363646.14,False
2300,POL00002300,2,85,1,CUST0002774,2024-12-16,2025-11-30,Expired,Premium,561368.66,False
2301,POL00002301,3,4,1,CUST0002256,2025-07-28,2026-06-30,Active,Premium,1178530.27,False
2302,POL00002302,3,82,2,CUST0000719,2024-04-25,2025-03-31,Expired,Premium,1526673.35,False
2303,POL00002303,5,67,4,CUST0001854,2025-06-19,2026-05-31,Expired,Standard,469585.57,False
2304,POL00002304,1,114,2,CUST0003113,2024-05-28,2025-04-30,Expired,Basic,469261.9,False
2305,POL00002305,5,48,2,CUST0002556,2025-12-26,2026-11-30,Active,Standard,487624.13,False
2306,POL00002306,1,70,2,CUST0003633,2025-10-29,2026-09-30,Active,Basic,819603.81,False
2307,POL00002307,1,26,3,CUST0003221,2024-04-18,2025-03-31,Expired,Basic,861166.56,False
2308,POL00002308,10,32,2,CUST0000885,2025-05-12,2026-04-30,Expired,Premium,1567956.98,False
2309,POL00002309,8,65,1,CUST0001064,2024-04-18,2025-03-31,Expired,Standard,6787688.5,False
2310,POL00002310,1,44,3,CUST0002319,2024-06-23,2025-05-31,Expired,Standard,532834.9,False
2311,POL00002311,10,120,1,CUST0002385,2025-09-17,2026-08-31,Active,Premium,2627297.27,False
2312,POL00002312,3,58,4,CUST0002318,2026-01-20,2026-12-31,Active,Standard,1437921.33,False
2313,POL00002313,5,68,1,CUST0000364,2024-07-30,2025-06-30,Expired,Premium,431384.61,False
2314,POL00002314,4,53,2,CUST0002738,2025-02-10,2026-01-31,Expired,Basic,1368525.89,False
2315,POL00002315,7,70,1,CUST0002032,2024-09-18,2025-08-31,Expired,Basic,393685.82,False
2316,POL00002316,4,95,3,CUST0001457,2025-05-04,2027-04-30,Active,Basic,1283928.16,False
2317,POL00002317,3,79,3,CUST0000943,2024-02-09,2025-01-31,Expired,Standard,1813656.32,False
2318,POL00002318,1,77,3,CUST0003519,2024-03-12,2025-02-28,Cancelled,Standard,870568.43,True
2319,POL00002319,5,1,1,CUST0002594,2024-01-06,2024-12-31,Expired,Premium,667000.8,False
2320,POL00002320,5,41,1,CUST0000378,2025-03-26,2026-02-28,Expired,Basic,518814.17,False
2321,POL00002321,3,109,2,CUST0002171,2024-12-06,2025-11-30,Expired,Standard,1893469.61,False
2322,POL00002322,7,85,2,CUST0000564,2025-05-28,2026-04-30,Expired,Basic,328931.5,False
2323,POL00002323,9,17,4,CUST0001520,2023-11-23,2024-10-31,Expired,Standard,7868112.77,False
2324,POL00002324,1,117,3,CUST0000023,2025-09-25,2026-08-31,Active,Standard,876312.88,False
2325,POL00002325,6,88,3,CUST0000959,2024-03-04,2026-02-28,Expired,Standard,841051.44,False
2326,POL00002326,5,48,2,CUST0000960,2023-08-29,2025-07-31,Expired,Standard,686751.57,False
2327,POL00002327,3,48,2,CUST0000349,2025-12-10,2026-11-30,Active,Standard,1477351.75,False
2328,POL00002328,9,10,1,CUST0001978,2025-08-16,2026-07-31,Active,Standard,9280224.84,False
2329,POL00002329,4,19,1,CUST0000207,2023-07-11,2024-06-30,Expired,Premium,1126721.43,False
2330,POL00002330,1,65,4,CUST0003861,2024-12-13,2025-11-30,Expired,Standard,905680.09,False
2331,POL00002331,1,115,3,CUST0001471,2026-01-01,2026-12-31,Active,Standard,877610.53,False
2332,POL00002332,8,48,2,CUST0003027,2026-02-25,2028-01-31,Active,Standard,3678453.52,False
2333,POL00002333,7,92,3,CUST0002669,2024-03-13,2025-02-28,Expired,Premium,448425.01,False
2334,POL00002334,8,118,1,CUST0003925,2025-03-31,2026-02-28,Expired,Standard,5766483.36,False
2335,POL00002335,2,103,1,CUST0002582,2024-03-26,2025-02-28,Expired,Basic,465069.9,False
2336,POL00002336,2,81,1,CUST0000328,2024-02-12,2025-01-31,Expired,Premium,506212.5,False
2337,POL00002337,1,73,3,CUST0000951,2026-02-18,2027-01-31,Active,Standard,869771.31,False
2338,POL00002338,1,51,1,CUST0003053,2024-02-06,2025-01-31,Expired,Basic,485351.25,False
2339,POL00002339,5,47,4,CUST0001730,2024-07-24,2025-06-30,Expired,Premium,641335.66,False
2340,POL00002340,5,24,4,CUST0003721,2023-07-09,2024-06-30,Expired,Standard,583036.65,False
2341,POL00002341,1,58,4,CUST0002617,2024-02-09,2026-01-31,Expired,Basic,702196.53,False
2342,POL00002342,8,76,2,CUST0000377,2026-01-01,2027-12-31,Active,Standard,6646005.16,False
2343,POL00002343,1,113,1,CUST0000960,2024-12-03,2025-11-30,Expired,Premium,574583.48,False
2344,POL00002344,1,119,1,CUST0000743,2023-07-30,2024-06-30,Expired,Premium,828445.49,False
2345,POL00002345,6,105,1,CUST0003607,2025-10-22,2026-09-30,Active,Standard,659411.78,False
2346,POL00002346,9,62,1,CUST0002861,2025-11-20,2027-10-31,Active,Standard,7625953.17,False
2347,POL00002347,7,104,2,CUST0003056,2024-10-17,2025-09-30,Expired,Premium,448071.21,False
2348,POL00002348,5,116,4,CUST0000647,2025-07-28,2026-06-30,Active,Standard,479905.2,False
2349,POL00002349,6,58,3,CUST0000370,2024-05-31,2025-04-30,Expired,Basic,688550.2,False
2350,POL00002350,6,65,2,CUST0001534,2023-08-20,2024-07-31,Expired,Standard,676556.29,False
2351,POL00002351,5,72,1,CUST0001632,2024-09-09,2025-08-31,Expired,Standard,680002.09,False
2352,POL00002352,2,82,1,CUST0000227,2024-02-23,2025-01-31,Expired,Standard,655492.58,False
2353,POL00002353,5,12,2,CUST0000875,2024-11-07,2025-10-31,Expired,Standard,455453.89,False
2354,POL00002354,10,32,2,CUST0002249,2024-10-01,2025-09-30,Expired,Standard,2752373.04,False
2355,POL00002355,1,26,2,CUST0000740,2026-02-20,2027-01-31,Active,Standard,680817.54,False
2356,POL00002356,1,115,3,CUST0001117,2024-03-08,2025-02-28,Expired,Premium,849346.54,False
2357,POL00002357,6,79,1,CUST0000887,2023-08-20,2024-07-31,Expired,Standard,975635.88,False
2358,POL00002358,10,87,2,CUST0003143,2025-06-22,2026-05-31,Expired,Standard,1797004.34,False
2359,POL00002359,1,119,4,CUST0002414,2025-05-29,2026-04-30,Expired,Standard,796920.88,False
2360,POL00002360,9,112,2,CUST0000124,2024-08-30,2025-07-31,Expired,Premium,9699958.94,False
2361,POL00002361,3,113,2,CUST0000395,2024-11-05,2025-10-31,Expired,Basic,1430345.64,False
2362,POL00002362,4,67,4,CUST0003729,2026-01-12,2026-12-31,Active,Standard,1088974.39,False
2363,POL00002363,3,55,1,CUST0003327,2023-09-03,2024-08-31,Expired,Premium,1371837.6,False
2364,POL00002364,1,38,1,CUST0001422,2025-12-08,2026-11-30,Active,Basic,469063.17,False
2365,POL00002365,1,71,3,CUST0001046,2024-01-16,2024-12-31,Expired,Premium,759981.59,False
2366,POL00002366,2,20,1,CUST0002688,2026-02-08,2027-01-31,Active,Premium,563187.97,False
2367,POL00002367,6,97,1,CUST0000140,2024-06-16,2025-05-31,Expired,Basic,749440.04,False
2368,POL00002368,6,94,3,CUST0002777,2025-01-09,2025-12-31,Expired,Standard,575772.79,False
2369,POL00002369,3,27,1,CUST0000518,2024-09-30,2025-08-31,Expired,Standard,1789419.81,False
2370,POL00002370,9,68,1,CUST0001049,2025-05-04,2026-04-30,Expired,Basic,9811701.79,False
2371,POL00002371,2,31,2,CUST0002918,2024-11-28,2025-10-31,Expired,Standard,677912.25,False
2372,POL00002372,3,73,2,CUST0002867,2025-02-09,2026-01-31,Expired,Basic,1763611.98,False
2373,POL00002373,1,18,4,CUST0001029,2023-11-18,2024-10-31,Expired,Standard,601716.23,False
2374,POL00002374,1,87,1,CUST0000405,2025-10-23,2026-09-30,Active,Standard,808688.93,False
2375,POL00002375,3,42,2,CUST0000953,2025-09-11,2026-08-31,Active,Standard,1418683.54,False
2376,POL00002376,2,109,4,CUST0003746,2025-09-04,2026-08-31,Active,Premium,460309.88,False
2377,POL00002377,6,31,1,CUST0000841,2024-01-17,2024-12-31,Expired,Standard,900996.47,False
2378,POL00002378,3,33,1,CUST0001109,2026-02-03,2027-01-31,Active,Basic,1094698.0,False
2379,POL00002379,5,19,1,CUST0001379,2026-02-01,2027-01-31,Cancelled,Premium,559931.59,True
2380,POL00002380,3,99,2,CUST0002621,2025-01-11,2025-12-31,Expired,Standard,1399277.68,False
2381,POL00002381,1,5,3,CUST0000510,2024-06-05,2026-05-31,Expired,Standard,594017.15,False
2382,POL00002382,7,84,2,CUST0001468,2023-08-29,2024-07-31,Expired,Standard,485414.85,False
2383,POL00002383,1,38,3,CUST0000686,2025-06-16,2026-05-31,Expired,Standard,808060.62,False
2384,POL00002384,3,69,2,CUST0000017,2024-08-01,2025-07-31,Expired,Basic,1175565.93,False
2385,POL00002385,5,97,3,CUST0001474,2023-08-13,2024-07-31,Expired,Standard,696389.35,False
2386,POL00002386,1,63,2,CUST0002684,2023-11-24,2024-10-31,Expired,Standard,464594.72,False
2387,POL00002387,4,85,3,CUST0000848,2024-09-17,2026-08-31,Active,Basic,907156.46,False
2388,POL00002388,5,38,3,CUST0001087,2024-11-02,2026-10-31,Active,Premium,641193.06,False
2389,POL00002389,1,3,1,CUST0003687,2024-01-26,2025-12-31,Expired,Premium,672498.19,False
2390,POL00002390,8,55,2,CUST0002980,2025-10-25,2026-09-30,Active,Basic,4228840.62,False
2391,POL00002391,6,112,2,CUST0002484,2024-09-15,2025-08-31,Expired,Premium,909822.62,False
2392,POL00002392,1,119,1,CUST0002001,2024-01-07,2024-12-31,Expired,Standard,501608.34,False
2393,POL00002393,9,38,1,CUST0002443,2025-05-02,2026-04-30,Expired,Basic,10169671.68,False
2394,POL00002394,4,113,2,CUST0002540,2025-11-17,2026-10-31,Active,Standard,1561249.34,False
2395,POL00002395,5,102,1,CUST0003956,2025-12-08,2026-11-30,Active,Premium,424695.84,False
2396,POL00002396,4,13,4,CUST0000244,2023-07-21,2024-06-30,Expired,Standard,1128926.51,False
2397,POL00002397,1,49,4,CUST0001973,2025-03-11,2026-02-28,Expired,Premium,795392.15,False
2398,POL00002398,7,37,2,CUST0001087,2023-09-13,2024-08-31,Expired,Standard,498773.84,False
2399,POL00002399,3,38,1,CUST0001137,2023-09-24,2024-08-31,Expired,Standard,1851907.65,False
2400,POL00002400,4,102,3,CUST0000957,2024-08-27,2026-07-31,Active,Standard,935938.97,False
2401,POL00002401,5,64,2,CUST0002578,2024-09-11,2025-08-31,Expired,Standard,655632.9,False
2402,POL00002402,4,27,1,CUST0001157,2025-08-28,2026-07-31,Cancelled,Premium,1115857.71,True
2403,POL00002403,5,72,1,CUST0002815,2025-03-17,2027-02-28,Active,Standard,627752.17,False
2404,POL00002404,1,86,3,CUST0002659,2023-07-30,2024-06-30,Expired,Standard,891817.32,False
2405,POL00002405,4,10,2,CUST0000133,2026-02-17,2027-01-31,Active,Standard,1439004.49,False
2406,POL00002406,5,117,2,CUST0001591,2025-05-03,2026-04-30,Expired,Basic,540996.3,False
2407,POL00002407,3,36,1,CUST0000667,2024-04-11,2025-03-31,Cancelled,Premium,2004550.4,True
2408,POL00002408,8,11,2,CUST0000271,2025-07-03,2026-06-30,Active,Standard,4334958.6,False
2409,POL00002409,6,87,3,CUST0003190,2025-06-24,2026-05-31,Expired,Standard,630223.56,False
2410,POL00002410,2,98,3,CUST0002701,2023-12-01,2024-11-30,Expired,Standard,711873.99,False
2411,POL00002411,7,47,3,CUST0003740,2024-02-07,2025-01-31,Expired,Standard,485099.28,False
2412,POL00002412,1,38,3,CUST0002404,2025-08-27,2026-07-31,Active,Premium,676797.41,False
2413,POL00002413,6,48,3,CUST0003791,2024-08-09,2025-07-31,Expired,Standard,923193.89,False
2414,POL00002414,9,11,2,CUST0000899,2024-02-27,2025-01-31,Expired,Premium,7457585.84,False
2415,POL00002415,2,74,1,CUST0003754,2023-08-10,2024-07-31,Cancelled,Standard,504524.94,True
2416,POL00002416,1,52,1,CUST0000285,2024-03-09,2025-02-28,Expired,Basic,621128.61,False
2417,POL00002417,9,29,1,CUST0002142,2023-12-12,2024-11-30,Expired,Basic,9385988.49,False
2418,POL00002418,10,86,4,CUST0002337,2025-10-20,2026-09-30,Active,Premium,2173932.36,False
2419,POL00002419,2,39,1,CUST0000850,2025-01-22,2025-12-31,Expired,Basic,698929.49,False
2420,POL00002420,5,2,2,CUST0001327,2023-10-24,2024-09-30,Expired,Basic,631787.41,False
2421,POL00002421,1,6,3,CUST0001987,2025-05-24,2026-04-30,Expired,Standard,817210.6,False
2422,POL00002422,5,98,4,CUST0000717,2024-06-15,2025-05-31,Expired,Standard,562881.63,False
2423,POL00002423,2,100,2,CUST0001330,2025-11-17,2026-10-31,Active,Standard,686301.39,False
2424,POL00002424,1,100,4,CUST0002439,2025-02-03,2026-01-31,Expired,Standard,693813.11,False
2425,POL00002425,4,35,1,CUST0003398,2024-12-07,2025-11-30,Expired,Standard,1085755.79,False
2426,POL00002426,5,105,2,CUST0003778,2025-11-04,2026-10-31,Active,Standard,686568.21,False
2427,POL00002427,1,106,3,CUST0003942,2023-11-30,2024-10-31,Expired,Premium,759657.93,False
2428,POL00002428,4,3,4,CUST0000930,2025-04-22,2026-03-31,Expired,Standard,879980.02,False
2429,POL00002429,1,26,2,CUST0000989,2025-04-12,2026-03-31,Expired,Premium,581679.78,False
2430,POL00002430,2,81,2,CUST0002224,2024-05-23,2025-04-30,Expired,Standard,424941.91,False
2431,POL00002431,3,87,2,CUST0000578,2024-02-08,2025-01-31,Expired,Standard,1522567.13,False
2432,POL00002432,4,5,3,CUST0003567,2024-08-06,2025-07-31,Expired,Basic,974288.63,False
2433,POL00002433,9,48,3,CUST0003974,2025-09-12,2026-08-31,Active,Standard,8947767.74,False
2434,POL00002434,3,27,3,CUST0003590,2023-08-17,2024-07-31,Expired,Premium,2019790.33,False
2435,POL00002435,1,30,1,CUST0003149,2025-05-04,2026-04-30,Expired,Standard,468009.45,False
2436,POL00002436,9,54,2,CUST0003648,2024-09-05,2025-08-31,Expired,Basic,7129977.27,False
2437,POL00002437,2,43,4,CUST0001634,2025-12-13,2026-11-30,Active,Standard,571626.01,False
2438,POL00002438,1,36,1,CUST0002102,2023-10-24,2024-09-30,Expired,Standard,649208.31,False
2439,POL00002439,4,9,1,CUST0000945,2025-11-08,2026-10-31,Active,Standard,1203266.78,False
2440,POL00002440,4,29,3,CUST0001680,2024-02-01,2025-01-31,Expired,Basic,1108076.56,False
2441,POL00002441,5,67,4,CUST0002486,2023-12-21,2024-11-30,Expired,Basic,593431.65,False
2442,POL00002442,10,1,4,CUST0001963,2023-09-09,2025-08-31,Expired,Premium,1789628.68,False
2443,POL00002443,10,98,1,CUST0000909,2024-06-09,2026-05-31,Expired,Basic,1483281.95,False
2444,POL00002444,2,18,2,CUST0002170,2023-07-13,2024-06-30,Cancelled,Premium,607241.0,True
2445,POL00002445,6,35,3,CUST0000659,2025-11-27,2026-10-31,Active,Premium,962755.54,False
2446,POL00002446,5,12,3,CUST0001100,2023-10-09,2024-09-30,Expired,Standard,417965.52,False
2447,POL00002447,4,102,3,CUST0002252,2024-07-27,2025-06-30,Expired,Premium,1504965.39,False
2448,POL00002448,4,97,1,CUST0002898,2025-01-15,2025-12-31,Expired,Basic,1283871.7,False
2449,POL00002449,5,114,2,CUST0000047,2024-08-10,2025-07-31,Expired,Standard,652246.75,False
2450,POL00002450,9,108,1,CUST0001185,2023-10-27,2024-09-30,Expired,Standard,9376585.52,False
2451,POL00002451,3,117,2,CUST0000960,2026-01-22,2026-12-31,Active,Standard,1197094.33,False
2452,POL00002452,8,112,3,CUST0000508,2024-01-29,2024-12-31,Expired,Basic,3896604.62,False
2453,POL00002453,3,85,1,CUST0000868,2025-06-03,2026-05-31,Expired,Standard,1106792.27,False
2454,POL00002454,3,9,2,CUST0001356,2023-09-27,2024-08-31,Expired,Standard,1417274.18,False
2455,POL00002455,6,75,3,CUST0001459,2023-12-04,2024-11-30,Expired,Basic,901577.93,False
2456,POL00002456,1,95,4,CUST0001660,2024-07-01,2025-06-30,Expired,Premium,720685.9,False
2457,POL00002457,6,104,1,CUST0003363,2024-04-08,2025-03-31,Expired,Premium,588334.22,False
2458,POL00002458,1,27,2,CUST0000323,2023-09-21,2024-08-31,Expired,Standard,801069.09,False
2459,POL00002459,1,88,2,CUST0001748,2025-04-24,2026-03-31,Expired,Premium,492464.61,False
2460,POL00002460,1,109,1,CUST0000782,2024-06-08,2026-05-31,Expired,Standard,621715.46,False
2461,POL00002461,8,15,3,CUST0001451,2025-02-04,2026-01-31,Expired,Standard,3916184.77,False
2462,POL00002462,1,105,4,CUST0001543,2024-04-13,2025-03-31,Expired,Standard,633108.04,False
2463,POL00002463,7,70,3,CUST0001425,2024-01-25,2024-12-31,Expired,Premium,390584.41,False
2464,POL00002464,1,111,3,CUST0003128,2023-09-05,2024-08-31,Cancelled,Standard,610866.73,True
2465,POL00002465,1,7,1,CUST0003235,2025-07-19,2026-06-30,Active,Premium,800262.51,False
2466,POL00002466,4,66,1,CUST0001786,2025-10-10,2026-09-30,Active,Basic,1349553.37,False
2467,POL00002467,1,67,1,CUST0001797,2025-10-23,2026-09-30,Active,Standard,718481.28,False
2468,POL00002468,1,3,3,CUST0001902,2026-02-02,2027-01-31,Active,Standard,516649.53,False
2469,POL00002469,4,40,2,CUST0002803,2025-02-07,2026-01-31,Expired,Premium,1238725.95,False
2470,POL00002470,5,55,3,CUST0000046,2023-07-02,2025-06-30,Expired,Standard,545504.17,False
2471,POL00002471,6,102,4,CUST0001958,2025-01-22,2025-12-31,Expired,Basic,935859.55,False
2472,POL00002472,5,71,1,CUST0001975,2025-07-11,2026-06-30,Active,Basic,427938.26,False
2473,POL00002473,8,45,2,CUST0003334,2025-04-05,2026-03-31,Expired,Standard,3826638.6,False
2474,POL00002474,1,24,4,CUST0002654,2024-07-07,2025-06-30,Expired,Premium,904071.12,False
2475,POL00002475,5,52,1,CUST0002187,2023-10-07,2024-09-30,Expired,Standard,456244.17,False
2476,POL00002476,3,87,1,CUST0003365,2024-02-17,2025-01-31,Expired,Standard,1650248.37,False
2477,POL00002477,3,98,1,CUST0000363,2025-02-15,2026-01-31,Cancelled,Standard,1656019.55,True
2478,POL00002478,2,40,2,CUST0001782,2024-09-21,2025-08-31,Expired,Premium,529821.09,False
2479,POL00002479,5,101,2,CUST0000173,2025-07-13,2026-06-30,Active,Standard,679951.66,False
2480,POL00002480,10,113,1,CUST0000015,2024-04-20,2025-03-31,Expired,Basic,1923042.29,False
2481,POL00002481,5,23,1,CUST0001928,2025-06-12,2026-05-31,Expired,Standard,559526.96,False
2482,POL00002482,2,66,2,CUST0003384,2026-02-03,2027-01-31,Cancelled,Standard,455244.21,True
2483,POL00002483,3,7,2,CUST0001992,2024-10-17,2025-09-30,Expired,Basic,1485704.54,False
2484,POL00002484,5,75,1,CUST0000476,2025-04-19,2026-03-31,Expired,Premium,421799.76,False
2485,POL00002485,1,19,2,CUST0003946,2025-03-13,2026-02-28,Expired,Basic,763350.6,False
2486,POL00002486,5,36,1,CUST0001260,2025-09-25,2026-08-31,Active,Basic,394538.35,False
2487,POL00002487,7,118,1,CUST0003362,2024-03-30,2025-02-28,Expired,Standard,515364.59,False
2488,POL00002488,4,90,1,CUST0003170,2025-05-06,2026-04-30,Expired,Basic,1426285.29,False
2489,POL00002489,6,37,4,CUST0002388,2024-03-13,2025-02-28,Expired,Premium,948252.5,False
2490,POL00002490,2,103,1,CUST0001454,2025-06-20,2026-05-31,Expired,Standard,765209.08,False
2491,POL00002491,8,66,3,CUST0003594,2025-08-11,2026-07-31,Active,Standard,6239435.16,False
2492,POL00002492,1,34,3,CUST0001971,2025-05-23,2026-04-30,Expired,Premium,686064.93,False
2493,POL00002493,6,117,3,CUST0003679,2024-03-16,2025-02-28,Expired,Basic,950600.31,False
2494,POL00002494,6,18,1,CUST0002377,2025-03-28,2026-02-28,Expired,Standard,1052378.89,False
2495,POL00002495,5,110,4,CUST0003483,2025-08-03,2026-07-31,Active,Premium,534454.7,False
2496,POL00002496,7,49,4,CUST0001916,2024-01-24,2024-12-31,Expired,Standard,384618.1,False
2497,POL00002497,6,68,2,CUST0001290,2024-04-19,2025-03-31,Expired,Standard,561724.82,False
2498,POL00002498,2,99,4,CUST0003037,2025-05-31,2026-04-30,Expired,Standard,586325.66,False
2499,POL00002499,8,92,4,CUST0003589,2025-05-10,2027-04-30,Active,Basic,3602398.53,False
2500,POL00002500,5,42,2,CUST0002319,2024-10-12,2025-09-30,Expired,Standard,386514.4,False
2501,POL00002501,6,106,3,CUST0002276,2025-01-05,2025-12-31,Expired,Basic,940286.49,False
2502,POL00002502,3,29,3,CUST0002850,2025-11-20,2026-10-31,Active,Standard,1679024.76,False
2503,POL00002503,1,12,1,CUST0000508,2024-11-28,2025-10-31,Expired,Standard,571560.72,False
2504,POL00002504,2,69,1,CUST0000018,2025-10-08,2026-09-30,Active,Premium,472578.27,False
2505,POL00002505,4,105,2,CUST0003438,2025-03-24,2026-02-28,Expired,Premium,1640314.56,False
2506,POL00002506,5,53,1,CUST0000189,2024-09-11,2025-08-31,Expired,Basic,414556.53,False
2507,POL00002507,1,74,1,CUST0003827,2024-07-30,2025-06-30,Expired,Standard,664100.38,False
2508,POL00002508,2,91,1,CUST0003418,2025-07-29,2026-06-30,Active,Standard,437584.0,False
2509,POL00002509,1,51,4,CUST0000506,2025-01-29,2025-12-31,Expired,Standard,574697.57,False
2510,POL00002510,2,66,4,CUST0002878,2024-11-02,2026-10-31,Active,Premium,762304.41,False
2511,POL00002511,2,69,1,CUST0000562,2023-12-09,2024-11-30,Expired,Basic,701112.56,False
2512,POL00002512,5,94,2,CUST0000615,2024-06-22,2025-05-31,Expired,Standard,458487.66,False
2513,POL00002513,1,58,2,CUST0000628,2025-01-17,2025-12-31,Expired,Basic,870351.76,False
2514,POL00002514,1,1,4,CUST0002913,2023-08-27,2024-07-31,Expired,Standard,811815.43,False
2515,POL00002515,1,113,3,CUST0000904,2026-01-02,2026-12-31,Active,Standard,692096.94,False
2516,POL00002516,8,48,3,CUST0001740,2024-04-02,2025-03-31,Cancelled,Premium,6337457.6,True
2517,POL00002517,1,108,1,CUST0002707,2025-05-26,2026-04-30,Expired,Basic,559555.35,False
2518,POL00002518,6,6,3,CUST0003394,2025-04-15,2027-03-31,Active,Basic,611883.69,False
2519,POL00002519,8,55,1,CUST0001794,2025-11-18,2026-10-31,Active,Standard,6827892.64,False
2520,POL00002520,5,91,2,CUST0001936,2025-07-05,2026-06-30,Active,Standard,623127.26,False
2521,POL00002521,1,10,4,CUST0002746,2024-08-11,2025-07-31,Cancelled,Premium,755229.74,True
2522,POL00002522,2,55,2,CUST0001214,2024-04-12,2025-03-31,Expired,Standard,543595.61,False
2523,POL00002523,6,3,2,CUST0001061,2023-09-25,2024-08-31,Expired,Standard,1080741.96,False
2524,POL00002524,4,93,2,CUST0003399,2024-02-24,2025-01-31,Expired,Standard,1567201.15,False
2525,POL00002525,7,5,1,CUST0003759,2024-08-28,2025-07-31,Expired,Standard,413343.42,False
2526,POL00002526,2,36,4,CUST0003465,2024-06-12,2025-05-31,Expired,Premium,574353.75,False
2527,POL00002527,1,90,3,CUST0002121,2025-03-09,2026-02-28,Expired,Standard,867973.46,False
2528,POL00002528,1,72,4,CUST0003049,2024-05-28,2025-04-30,Expired,Basic,552591.19,False
2529,POL00002529,1,105,1,CUST0000332,2024-05-24,2025-04-30,Expired,Standard,574810.66,False
2530,POL00002530,9,31,4,CUST0003246,2023-10-19,2024-09-30,Expired,Basic,8238411.9,False
2531,POL00002531,8,64,2,CUST0000411,2025-12-22,2026-11-30,Active,Basic,6353729.5,False
2532,POL00002532,1,55,1,CUST0003868,2025-06-17,2026-05-31,Expired,Standard,591723.45,False
2533,POL00002533,2,81,3,CUST0001059,2024-08-28,2025-07-31,Expired,Premium,653027.04,False
2534,POL00002534,1,61,2,CUST0003156,2025-03-10,2026-02-28,Expired,Premium,599674.43,False
2535,POL00002535,8,113,3,CUST0003871,2025-04-10,2026-03-31,Expired,Standard,6311297.15,False
2536,POL00002536,2,36,4,CUST0001987,2025-04-07,2026-03-31,Expired,Basic,723320.19,False
2537,POL00002537,9,80,1,CUST0000891,2025-01-18,2026-12-31,Active,Standard,8822589.28,False
2538,POL00002538,1,73,3,CUST0001333,2023-09-23,2024-08-31,Expired,Premium,563447.35,False
2539,POL00002539,1,80,1,CUST0001424,2023-11-29,2025-10-31,Expired,Basic,894385.22,False
2540,POL00002540,3,4,3,CUST0003092,2024-05-27,2025-04-30,Expired,Standard,1759040.03,False
2541,POL00002541,1,22,3,CUST0000539,2024-12-27,2025-11-30,Expired,Premium,810963.55,False
2542,POL00002542,1,35,3,CUST0000139,2025-10-18,2026-09-30,Active,Standard,531509.12,False
2543,POL00002543,8,66,3,CUST0000878,2024-11-14,2025-10-31,Expired,Standard,3712714.54,False
2544,POL00002544,1,70,1,CUST0000934,2024-09-05,2025-08-31,Expired,Premium,469235.33,False
2545,POL00002545,1,75,3,CUST0001837,2023-07-07,2024-06-30,Expired,Standard,909244.89,False
2546,POL00002546,9,21,4,CUST0003944,2025-07-27,2026-06-30,Active,Standard,9803241.43,False
2547,POL00002547,1,48,3,CUST0003587,2025-03-05,2026-02-28,Expired,Basic,639354.83,False
2548,POL00002548,1,24,1,CUST0002400,2024-05-31,2025-04-30,Expired,Standard,659325.91,False
2549,POL00002549,1,113,4,CUST0002278,2024-04-18,2025-03-31,Expired,Premium,662848.26,False
2550,POL00002550,4,30,2,CUST0001693,2025-09-09,2027-08-31,Active,Standard,897123.3,False
2551,POL00002551,4,59,4,CUST0000037,2025-12-19,2026-11-30,Active,Basic,1528618.85,False
2552,POL00002552,2,59,2,CUST0001102,2024-06-30,2025-05-31,Expired,Basic,658505.85,False
2553,POL00002553,5,79,3,CUST0002391,2025-09-09,2026-08-31,Cancelled,Basic,597377.64,True
2554,POL00002554,2,113,3,CUST0002917,2025-12-24,2027-11-30,Active,Basic,679614.09,False
2555,POL00002555,7,30,3,CUST0000238,2025-10-19,2026-09-30,Active,Standard,405003.24,False
2556,POL00002556,1,30,1,CUST0002686,2025-04-21,2026-03-31,Expired,Standard,456613.86,False
2557,POL00002557,3,90,1,CUST0002630,2025-01-10,2026-12-31,Active,Standard,1790756.98,False
2558,POL00002558,2,19,1,CUST0001763,2023-10-01,2024-09-30,Expired,Standard,465589.57,False
2559,POL00002559,2,66,4,CUST0001898,2024-04-21,2025-03-31,Cancelled,Basic,504919.0,True
2560,POL00002560,1,109,3,CUST0000671,2025-02-18,2026-01-31,Expired,Standard,585255.82,False
2561,POL00002561,1,57,4,CUST0003128,2025-01-06,2025-12-31,Expired,Basic,671296.13,False
2562,POL00002562,1,51,2,CUST0002559,2024-04-03,2026-03-31,Expired,Standard,805373.26,False
2563,POL00002563,1,102,3,CUST0002661,2023-07-05,2024-06-30,Expired,Basic,768371.96,False
2564,POL00002564,1,77,2,CUST0002453,2023-10-10,2024-09-30,Expired,Standard,835705.8,False
2565,POL00002565,2,21,1,CUST0001915,2025-02-14,2026-01-31,Expired,Standard,703746.89,False
2566,POL00002566,9,110,2,CUST0001824,2026-02-10,2027-01-31,Active,Standard,6495691.07,False
2567,POL00002567,4,43,3,CUST0002398,2024-05-06,2025-04-30,Expired,Standard,1023958.98,False
2568,POL00002568,9,38,3,CUST0002382,2024-01-08,2024-12-31,Expired,Standard,6724808.87,False
2569,POL00002569,2,80,3,CUST0001963,2023-10-26,2024-09-30,Expired,Standard,632009.46,False
2570,POL00002570,1,45,3,CUST0000127,2024-09-25,2025-08-31,Expired,Premium,643230.43,False
2571,POL00002571,5,32,1,CUST0003353,2024-03-04,2025-02-28,Expired,Standard,547190.82,False
2572,POL00002572,8,69,2,CUST0003581,2024-07-11,2025-06-30,Expired,Standard,3540412.4,False
2573,POL00002573,1,71,1,CUST0001716,2024-11-11,2025-10-31,Cancelled,Basic,592656.32,True
2574,POL00002574,1,36,1,CUST0003389,2024-07-20,2025-06-30,Expired,Standard,491490.64,False
2575,POL00002575,2,100,2,CUST0000020,2025-11-28,2026-10-31,Active,Basic,637622.23,False
2576,POL00002576,1,113,4,CUST0000721,2024-01-11,2024-12-31,Expired,Standard,563119.19,False
2577,POL00002577,4,30,3,CUST0002216,2025-02-23,2026-01-31,Expired,Standard,969862.09,False
2578,POL00002578,1,82,2,CUST0001548,2025-05-30,2027-04-30,Active,Basic,773903.34,False
2579,POL00002579,1,14,1,CUST0002590,2024-07-03,2025-06-30,Expired,Premium,532661.05,False
2580,POL00002580,7,8,1,CUST0002332,2023-12-18,2025-11-30,Expired,Standard,522927.7,False
2581,POL00002581,5,120,4,CUST0001167,2025-03-07,2026-02-28,Expired,Standard,676766.63,False
2582,POL00002582,4,58,2,CUST0001076,2024-02-13,2026-01-31,Expired,Standard,1642271.89,False
2583,POL00002583,2,27,4,CUST0000687,2025-03-10,2026-02-28,Expired,Standard,713146.28,False
2584,POL00002584,7,48,1,CUST0000800,2024-04-05,2025-03-31,Expired,Premium,356911.21,False
2585,POL00002585,1,80,2,CUST0001250,2025-10-31,2027-09-30,Active,Standard,847838.92,False
2586,POL00002586,9,26,2,CUST0001558,2024-03-23,2025-02-28,Expired,Basic,5784868.96,False
2587,POL00002587,6,36,4,CUST0001114,2025-03-13,2026-02-28,Expired,Basic,729973.86,False
2588,POL00002588,3,4,2,CUST0000391,2024-11-28,2025-10-31,Expired,Standard,1200225.72,False
2589,POL00002589,4,116,3,CUST0003796,2025-09-17,2026-08-31,Active,Premium,1405226.95,False
2590,POL00002590,1,64,1,CUST0001280,2026-02-24,2027-01-31,Active,Basic,701407.48,False
2591,POL00002591,10,118,3,CUST0002672,2024-01-20,2025-12-31,Expired,Basic,2003906.47,False
2592,POL00002592,7,29,1,CUST0003280,2023-07-06,2024-06-30,Expired,Basic,542791.16,False
2593,POL00002593,1,99,4,CUST0001763,2025-09-18,2026-08-31,Cancelled,Standard,736120.12,True
2594,POL00002594,5,67,4,CUST0003983,2025-02-22,2026-01-31,Expired,Basic,602122.81,False
2595,POL00002595,10,52,2,CUST0003926,2023-10-04,2024-09-30,Expired,Premium,2361216.69,False
2596,POL00002596,2,15,1,CUST0002613,2025-03-23,2026-02-28,Cancelled,Standard,732592.77,True
2597,POL00002597,7,14,3,CUST0001475,2024-10-15,2026-09-30,Active,Premium,300043.86,False
2598,POL00002598,1,26,4,CUST0002777,2025-04-04,2026-03-31,Expired,Premium,557192.0,False
2599,POL00002599,5,55,3,CUST0001762,2023-07-04,2024-06-30,Expired,Premium,643477.5,False
2600,POL00002600,6,109,1,CUST0001443,2025-05-30,2026-04-30,Expired,Standard,748248.89,False
2601,POL00002601,1,82,2,CUST0003029,2025-04-30,2026-03-31,Expired,Standard,809140.75,False
2602,POL00002602,4,78,2,CUST0002143,2023-12-22,2024-11-30,Expired,Basic,1562525.13,False
2603,POL00002603,7,100,2,CUST0003971,2025-10-03,2026-09-30,Active,Standard,558825.81,False
2604,POL00002604,1,5,3,CUST0001661,2024-11-11,2025-10-31,Expired,Standard,487260.83,False
2605,POL00002605,3,84,4,CUST0001808,2024-06-18,2025-05-31,Cancelled,Basic,1536837.88,True
2606,POL00002606,6,48,3,CUST0003522,2025-12-30,2026-11-30,Active,Basic,1038503.63,False
2607,POL00002607,2,15,2,CUST0001324,2023-12-02,2024-11-30,Expired,Basic,578805.44,False
2608,POL00002608,1,91,3,CUST0001848,2025-02-08,2026-01-31,Expired,Basic,606348.36,False
2609,POL00002609,8,75,1,CUST0003582,2026-01-20,2026-12-31,Active,Standard,6432444.91,False
2610,POL00002610,1,18,3,CUST0001171,2024-01-04,2024-12-31,Expired,Basic,839244.83,False
2611,POL00002611,1,67,4,CUST0002866,2026-02-06,2027-01-31,Active,Premium,475186.3,False
2612,POL00002612,1,1,2,CUST0002494,2025-03-21,2026-02-28,Expired,Standard,474366.53,False
2613,POL00002613,1,95,4,CUST0002157,2024-06-02,2025-05-31,Expired,Premium,559858.99,False
2614,POL00002614,1,78,1,CUST0002868,2024-05-29,2025-04-30,Expired,Basic,903124.49,False
2615,POL00002615,4,120,4,CUST0001520,2023-12-08,2024-11-30,Expired,Standard,1467960.01,False
2616,POL00002616,1,59,1,CUST0000202,2024-06-03,2025-05-31,Expired,Basic,616148.43,False
2617,POL00002617,1,33,4,CUST0002567,2024-05-03,2026-04-30,Expired,Standard,671351.13,False
2618,POL00002618,5,83,1,CUST0003632,2025-11-09,2026-10-31,Active,Standard,589848.98,False
2619,POL00002619,2,54,2,CUST0001870,2023-08-31,2024-07-31,Expired,Premium,513786.77,False
2620,POL00002620,5,116,3,CUST0003792,2025-10-26,2026-09-30,Active,Basic,385265.54,False
2621,POL00002621,2,75,3,CUST0002646,2025-09-18,2026-08-31,Active,Basic,387331.41,False
2622,POL00002622,5,7,2,CUST0001082,2026-02-01,2027-01-31,Active,Premium,373990.71,False
2623,POL00002623,6,95,3,CUST0001102,2024-10-10,2025-09-30,Expired,Standard,783779.9,False
2624,POL00002624,7,104,3,CUST0003318,2023-12-10,2024-11-30,Expired,Standard,522898.54,False
2625,POL00002625,2,5,1,CUST0001954,2024-08-08,2025-07-31,Expired,Standard,398580.39,False
2626,POL00002626,4,22,2,CUST0002721,2025-02-01,2027-01-31,Active,Standard,1295585.78,False
2627,POL00002627,9,81,3,CUST0002377,2025-08-22,2026-07-31,Active,Basic,9186321.99,False
2628,POL00002628,8,106,1,CUST0003320,2024-05-29,2025-04-30,Expired,Standard,5194871.89,False
2629,POL00002629,2,85,3,CUST0000227,2025-04-05,2026-03-31,Expired,Standard,540169.27,False
2630,POL00002630,4,9,3,CUST0001197,2024-10-16,2025-09-30,Expired,Premium,1359484.74,False
2631,POL00002631,6,22,4,CUST0003284,2025-01-06,2025-12-31,Expired,Premium,946482.99,False
2632,POL00002632,9,4,3,CUST0001608,2023-08-28,2025-07-31,Expired,Premium,10201624.44,False
2633,POL00002633,1,95,3,CUST0001954,2024-07-11,2025-06-30,Expired,Premium,809536.27,False
2634,POL00002634,2,96,2,CUST0000461,2025-09-02,2026-08-31,Active,Standard,479740.05,False
2635,POL00002635,5,43,2,CUST0002188,2026-02-25,2027-01-31,Active,Premium,407576.75,False
2636,POL00002636,5,13,3,CUST0000213,2025-06-01,2026-05-31,Expired,Basic,498418.49,False
2637,POL00002637,3,17,4,CUST0001868,2024-05-03,2025-04-30,Cancelled,Basic,1838409.3,True
2638,POL00002638,1,54,4,CUST0003151,2023-08-10,2024-07-31,Expired,Premium,770056.41,False
2639,POL00002639,9,47,1,CUST0000505,2025-07-26,2026-06-30,Active,Standard,8982802.36,False
2640,POL00002640,1,1,3,CUST0000505,2023-11-26,2024-10-31,Expired,Basic,835664.71,False
2641,POL00002641,1,84,2,CUST0003063,2025-05-06,2026-04-30,Expired,Standard,834263.08,False
2642,POL00002642,6,96,2,CUST0003291,2024-06-17,2025-05-31,Expired,Basic,597418.59,False
2643,POL00002643,1,106,1,CUST0002611,2025-12-21,2027-11-30,Active,Premium,776475.71,False
2644,POL00002644,9,60,3,CUST0002375,2025-02-28,2026-01-31,Expired,Premium,6378953.6,False
2645,POL00002645,1,77,1,CUST0002510,2024-10-11,2025-09-30,Expired,Standard,859518.97,False
2646,POL00002646,4,72,1,CUST0001085,2025-10-14,2026-09-30,Active,Standard,1603578.61,False
2647,POL00002647,7,64,1,CUST0002626,2025-02-10,2026-01-31,Expired,Basic,342891.13,False
2648,POL00002648,1,50,1,CUST0002516,2023-10-10,2024-09-30,Expired,Standard,483216.8,False
2649,POL00002649,2,104,3,CUST0000610,2025-11-14,2026-10-31,Active,Premium,618649.69,False
2650,POL00002650,1,118,1,CUST0003374,2024-06-30,2025-05-31,Expired,Basic,484404.14,False
2651,POL00002651,1,66,1,CUST0002231,2026-02-01,2027-01-31,Active,Basic,601425.85,False
2652,POL00002652,1,109,1,CUST0003307,2025-02-19,2026-01-31,Cancelled,Premium,639180.25,True
2653,POL00002653,5,19,1,CUST0000114,2024-01-31,2024-12-31,Expired,Standard,659621.81,False
2654,POL00002654,4,94,2,CUST0002479,2024-12-27,2025-11-30,Expired,Premium,1251098.34,False
2655,POL00002655,9,86,4,CUST0001368,2023-07-30,2024-06-30,Expired,Standard,9567565.18,False
2656,POL00002656,5,17,4,CUST0003987,2025-02-05,2026-01-31,Expired,Basic,537932.69,False
2657,POL00002657,1,53,3,CUST0000978,2023-08-06,2024-07-31,Expired,Premium,720551.44,False
2658,POL00002658,5,85,2,CUST0000057,2025-12-22,2026-11-30,Active,Premium,437065.23,False
2659,POL00002659,5,8,4,CUST0001160,2025-12-01,2026-11-30,Active,Standard,527942.37,False
2660,POL00002660,1,94,3,CUST0002600,2024-02-27,2025-01-31,Expired,Standard,471714.47,False
2661,POL00002661,2,71,4,CUST0000395,2025-03-03,2026-02-28,Expired,Standard,717098.09,False
2662,POL00002662,2,92,1,CUST0003522,2023-11-11,2024-10-31,Expired,Standard,463660.13,False
2663,POL00002663,3,13,1,CUST0003196,2024-01-22,2024-12-31,Expired,Premium,1547594.86,False
2664,POL00002664,2,9,1,CUST0002775,2023-10-03,2025-09-30,Expired,Standard,716818.62,False
2665,POL00002665,6,65,2,CUST0001076,2025-05-27,2026-04-30,Expired,Standard,964130.14,False
2666,POL00002666,9,27,1,CUST0002944,2024-12-17,2026-11-30,Active,Premium,9588790.33,False
2667,POL00002667,6,3,4,CUST0002998,2025-03-29,2026-02-28,Expired,Standard,741936.82,False
2668,POL00002668,2,10,3,CUST0003782,2023-07-30,2025-06-30,Expired,Standard,606663.04,False
2669,POL00002669,1,45,3,CUST0002190,2024-06-18,2026-05-31,Expired,Premium,863069.31,False
2670,POL00002670,1,89,1,CUST0003885,2025-07-05,2026-06-30,Active,Premium,808487.12,False
2671,POL00002671,6,19,1,CUST0003391,2024-10-19,2025-09-30,Expired,Basic,566129.38,False
2672,POL00002672,2,75,4,CUST0001135,2024-09-18,2025-08-31,Expired,Premium,648734.17,False
2673,POL00002673,9,71,1,CUST0000750,2024-09-21,2025-08-31,Expired,Standard,9685871.2,False
2674,POL00002674,2,1,4,CUST0002358,2023-08-08,2024-07-31,Expired,Standard,557325.4,False
2675,POL00002675,3,83,2,CUST0001162,2024-09-25,2025-08-31,Cancelled,Basic,1439701.17,True
2676,POL00002676,6,107,1,CUST0001980,2025-10-07,2026-09-30,Active,Standard,1118467.37,False
2677,POL00002677,1,100,2,CUST0002679,2024-11-11,2025-10-31,Expired,Standard,475175.12,False
2678,POL00002678,5,89,2,CUST0003956,2023-07-17,2024-06-30,Expired,Premium,640531.73,False
2679,POL00002679,1,23,3,CUST0001615,2025-01-17,2025-12-31,Expired,Standard,490208.57,False
2680,POL00002680,6,58,2,CUST0000109,2024-10-22,2025-09-30,Expired,Basic,770540.29,False
2681,POL00002681,1,13,2,CUST0003520,2023-11-15,2024-10-31,Expired,Basic,525432.09,False
2682,POL00002682,1,72,1,CUST0001726,2023-10-15,2024-09-30,Expired,Premium,652791.46,False
2683,POL00002683,4,71,4,CUST0003634,2024-10-14,2025-09-30,Expired,Standard,1623302.05,False
2684,POL00002684,8,1,2,CUST0002428,2024-03-20,2025-02-28,Expired,Basic,6807939.98,False
2685,POL00002685,5,16,4,CUST0000856,2024-04-09,2025-03-31,Expired,Basic,524289.75,False
2686,POL00002686,8,113,2,CUST0001396,2025-08-14,2026-07-31,Active,Standard,5374600.09,False
2687,POL00002687,1,118,1,CUST0001447,2026-02-04,2027-01-31,Active,Standard,698401.99,False
2688,POL00002688,8,39,1,CUST0002776,2025-06-05,2026-05-31,Expired,Basic,5353093.43,False
2689,POL00002689,7,2,4,CUST0002062,2025-02-27,2026-01-31,Expired,Basic,506631.23,False
2690,POL00002690,4,92,1,CUST0000809,2025-05-16,2026-04-30,Expired,Standard,1268477.8,False
2691,POL00002691,3,42,3,CUST0000069,2024-05-11,2025-04-30,Expired,Standard,1391872.48,False
2692,POL00002692,1,55,4,CUST0003388,2025-12-04,2027-11-30,Active,Standard,628172.07,False
2693,POL00002693,5,73,1,CUST0003631,2026-02-24,2027-01-31,Active,Standard,669951.21,False
2694,POL00002694,5,78,2,CUST0002364,2025-10-24,2026-09-30,Active,Standard,374364.57,False
2695,POL00002695,2,23,4,CUST0000825,2024-05-11,2025-04-30,Expired,Premium,447667.17,False
2696,POL00002696,8,36,3,CUST0002173,2023-12-30,2024-11-30,Expired,Premium,5848764.62,False
2697,POL00002697,9,104,4,CUST0003377,2024-12-15,2025-11-30,Expired,Premium,8710126.49,False
2698,POL00002698,9,14,3,CUST0003480,2024-12-29,2025-11-30,Expired,Standard,9326120.93,False
2699,POL00002699,1,118,2,CUST0000038,2025-07-20,2027-06-30,Cancelled,Standard,666506.1,True
2700,POL00002700,1,27,2,CUST0002598,2025-11-17,2026-10-31,Active,Premium,672275.48,False
2701,POL00002701,6,57,1,CUST0002061,2025-09-17,2026-08-31,Active,Standard,941928.39,False
2702,POL00002702,6,54,2,CUST0001938,2024-07-09,2026-06-30,Active,Basic,639631.26,False
2703,POL00002703,10,74,1,CUST0002015,2024-01-02,2024-12-31,Expired,Standard,2775736.77,False
2704,POL00002704,5,5,3,CUST0001285,2024-07-30,2025-06-30,Expired,Basic,380925.48,False
2705,POL00002705,1,18,4,CUST0000058,2024-03-01,2026-02-28,Expired,Premium,834173.83,False
2706,POL00002706,1,14,3,CUST0000313,2024-07-15,2025-06-30,Expired,Premium,804281.69,False
2707,POL00002707,8,72,2,CUST0000432,2025-07-30,2026-06-30,Active,Standard,5511905.22,False
2708,POL00002708,3,120,3,CUST0002040,2023-10-30,2024-09-30,Expired,Premium,1461715.98,False
2709,POL00002709,5,28,2,CUST0001589,2025-11-14,2026-10-31,Active,Standard,599169.74,False
2710,POL00002710,4,20,2,CUST0000260,2024-02-20,2026-01-31,Expired,Standard,1008861.7,False
2711,POL00002711,10,14,3,CUST0000655,2026-01-27,2026-12-31,Active,Standard,2670051.6,False
2712,POL00002712,2,22,3,CUST0003999,2025-04-01,2026-03-31,Expired,Standard,722787.94,False
2713,POL00002713,4,29,1,CUST0003971,2025-05-22,2026-04-30,Expired,Standard,1498730.53,False
2714,POL00002714,2,99,4,CUST0001479,2024-03-30,2025-02-28,Expired,Standard,415747.25,False
2715,POL00002715,6,14,3,CUST0002606,2024-12-17,2025-11-30,Expired,Standard,609911.21,False
2716,POL00002716,5,28,2,CUST0002741,2024-05-13,2025-04-30,Expired,Basic,450070.35,False
2717,POL00002717,2,59,4,CUST0001429,2025-04-26,2026-03-31,Expired,Standard,400258.21,False
2718,POL00002718,1,25,1,CUST0001278,2025-12-17,2026-11-30,Active,Basic,511540.13,False
2719,POL00002719,1,81,1,CUST0001363,2023-07-14,2024-06-30,Expired,Standard,551122.86,False
2720,POL00002720,1,60,2,CUST0001603,2024-02-22,2025-01-31,Expired,Standard,553140.88,False
2721,POL00002721,3,116,2,CUST0001836,2025-08-17,2026-07-31,Active,Standard,1555054.81,False
2722,POL00002722,2,39,3,CUST0002382,2023-08-03,2024-07-31,Cancelled,Premium,574538.07,True
2723,POL00002723,5,115,2,CUST0003382,2025-02-23,2026-01-31,Cancelled,Standard,525737.79,True
2724,POL00002724,6,12,1,CUST0000219,2024-07-31,2025-06-30,Expired,Basic,945025.49,False
2725,POL00002725,1,11,3,CUST0002577,2024-09-26,2025-08-31,Expired,Standard,837557.12,False
2726,POL00002726,1,5,2,CUST0002386,2024-12-01,2025-11-30,Expired,Standard,741650.93,False
2727,POL00002727,8,4,2,CUST0001638,2024-12-22,2025-11-30,Expired,Standard,6598185.02,False
2728,POL00002728,9,98,2,CUST0002610,2024-06-09,2025-05-31,Expired,Standard,6623731.32,False
2729,POL00002729,7,47,3,CUST0000980,2026-01-11,2026-12-31,Active,Standard,424846.36,False
2730,POL00002730,1,91,1,CUST0003935,2025-11-03,2027-10-31,Active,Basic,577532.14,False
2731,POL00002731,8,95,1,CUST0001056,2024-09-13,2025-08-31,Expired,Standard,4516309.64,False
2732,POL00002732,1,63,3,CUST0002474,2024-04-12,2025-03-31,Expired,Standard,484748.2,False
2733,POL00002733,9,101,2,CUST0000642,2024-10-26,2025-09-30,Expired,Standard,5752741.18,False
2734,POL00002734,3,73,3,CUST0003990,2026-02-21,2027-01-31,Active,Standard,1442277.89,False
2735,POL00002735,5,101,3,CUST0000337,2024-02-07,2025-01-31,Expired,Basic,658650.61,False
2736,POL00002736,7,18,2,CUST0002655,2023-12-01,2025-11-30,Expired,Premium,353121.74,False
2737,POL00002737,2,104,3,CUST0003915,2025-07-27,2026-06-30,Active,Basic,496298.36,False
2738,POL00002738,4,114,3,CUST0002397,2025-02-16,2027-01-31,Active,Standard,1583155.96,False
2739,POL00002739,2,34,2,CUST0002802,2025-10-07,2026-09-30,Active,Standard,769875.4,False
2740,POL00002740,6,16,2,CUST0001643,2023-08-10,2024-07-31,Expired,Standard,976558.21,False
2741,POL00002741,10,41,3,CUST0000627,2023-09-04,2024-08-31,Expired,Basic,2247684.92,False
2742,POL00002742,1,91,2,CUST0002170,2024-12-04,2025-11-30,Expired,Basic,806057.78,False
2743,POL00002743,6,16,2,CUST0001344,2024-12-07,2025-11-30,Expired,Standard,685821.24,False
2744,POL00002744,5,97,1,CUST0001432,2024-11-13,2025-10-31,Expired,Standard,382830.05,False
2745,POL00002745,9,85,2,CUST0003226,2024-10-22,2025-09-30,Expired,Standard,5326563.72,False
2746,POL00002746,1,20,3,CUST0003563,2024-07-17,2025-06-30,Expired,Premium,489864.68,False
2747,POL00002747,1,61,2,CUST0001843,2023-10-20,2024-09-30,Expired,Standard,784851.17,False
2748,POL00002748,8,36,3,CUST0001387,2023-10-30,2024-09-30,Expired,Premium,5024615.14,False
2749,POL00002749,8,4,4,CUST0001089,2024-12-04,2025-11-30,Expired,Basic,6833463.18,False
2750,POL00002750,8,55,3,CUST0000421,2025-09-15,2026-08-31,Active,Basic,6002810.6,False
2751,POL00002751,1,48,4,CUST0000919,2024-09-11,2025-08-31,Expired,Basic,722650.42,False
2752,POL00002752,5,42,2,CUST0000868,2024-01-06,2024-12-31,Expired,Basic,619396.53,False
2753,POL00002753,1,90,1,CUST0003940,2024-11-29,2025-10-31,Expired,Premium,796979.2,False
2754,POL00002754,3,62,1,CUST0003287,2024-06-16,2025-05-31,Expired,Standard,1841844.71,False
2755,POL00002755,4,18,1,CUST0001475,2025-12-15,2026-11-30,Active,Standard,1635163.48,False
2756,POL00002756,3,110,3,CUST0000360,2024-03-25,2025-02-28,Expired,Standard,1059787.12,False
2757,POL00002757,4,29,4,CUST0001762,2025-10-14,2026-09-30,Active,Basic,1061138.52,False
2758,POL00002758,10,111,1,CUST0000849,2023-10-07,2024-09-30,Expired,Basic,1606792.13,False
2759,POL00002759,3,20,1,CUST0003754,2025-10-01,2026-09-30,Active,Standard,1922537.19,False
2760,POL00002760,8,20,1,CUST0003694,2025-05-04,2026-04-30,Expired,Basic,6352773.6,False
2761,POL00002761,5,49,1,CUST0002304,2025-07-24,2026-06-30,Active,Standard,615708.89,False
2762,POL00002762,3,103,3,CUST0003667,2024-11-14,2025-10-31,Expired,Standard,1291497.63,False
2763,POL00002763,3,117,1,CUST0001302,2025-08-26,2026-07-31,Active,Basic,1051533.32,False
2764,POL00002764,4,95,4,CUST0002149,2025-01-24,2025-12-31,Expired,Standard,895047.39,False
2765,POL00002765,5,115,1,CUST0001617,2024-03-05,2025-02-28,Expired,Standard,430672.08,False
2766,POL00002766,6,96,2,CUST0000273,2024-08-30,2025-07-31,Expired,Premium,1017936.79,False
2767,POL00002767,1,34,2,CUST0003215,2024-03-17,2025-02-28,Expired,Basic,556343.07,False
2768,POL00002768,3,40,2,CUST0002081,2026-02-17,2027-01-31,Active,Standard,2062660.93,False
2769,POL00002769,1,6,3,CUST0003375,2024-01-05,2024-12-31,Expired,Standard,899867.66,False
2770,POL00002770,1,60,3,CUST0000887,2025-08-08,2026-07-31,Active,Standard,708424.88,False
2771,POL00002771,1,51,1,CUST0001709,2026-02-16,2027-01-31,Active,Standard,625384.58,False
2772,POL00002772,1,12,2,CUST0001756,2024-12-14,2025-11-30,Expired,Premium,583678.71,False
2773,POL00002773,2,107,4,CUST0003585,2025-09-27,2026-08-31,Active,Premium,418144.43,False
2774,POL00002774,4,36,4,CUST0002259,2025-05-05,2026-04-30,Expired,Basic,1495255.38,False
2775,POL00002775,1,63,3,CUST0000942,2024-12-11,2025-11-30,Expired,Premium,669843.57,False
2776,POL00002776,1,1,3,CUST0002712,2024-07-01,2025-06-30,Expired,Standard,593393.33,False
2777,POL00002777,1,27,2,CUST0000703,2024-12-07,2026-11-30,Active,Basic,833648.08,False
2778,POL00002778,9,35,2,CUST0003639,2025-09-02,2026-08-31,Active,Basic,9711817.33,False
2779,POL00002779,6,106,2,CUST0001191,2024-10-20,2025-09-30,Expired,Standard,799960.42,False
2780,POL00002780,1,78,2,CUST0003166,2025-09-02,2026-08-31,Active,Standard,627965.26,False
2781,POL00002781,6,80,1,CUST0002131,2026-02-09,2028-01-31,Active,Premium,846191.43,False
2782,POL00002782,7,60,1,CUST0003400,2026-01-30,2026-12-31,Active,Standard,516099.09,False
2783,POL00002783,3,59,3,CUST0003731,2025-12-20,2026-11-30,Active,Basic,1669478.02,False
2784,POL00002784,5,74,1,CUST0000110,2025-04-07,2026-03-31,Expired,Basic,376122.88,False
2785,POL00002785,1,43,3,CUST0000165,2025-06-05,2026-05-31,Expired,Premium,606723.73,False
2786,POL00002786,3,39,4,CUST0002220,2023-08-31,2024-07-31,Expired,Basic,1475671.06,False
2787,POL00002787,5,6,4,CUST0002734,2023-11-28,2024-10-31,Expired,Standard,564823.08,False
2788,POL00002788,1,31,2,CUST0001021,2025-07-12,2026-06-30,Active,Premium,532842.45,False
2789,POL00002789,2,54,3,CUST0003943,2023-12-07,2024-11-30,Expired,Basic,415377.52,False
2790,POL00002790,8,38,1,CUST0002265,2025-02-08,2026-01-31,Expired,Standard,3560327.64,False
2791,POL00002791,1,86,2,CUST0002792,2026-01-30,2026-12-31,Active,Premium,809496.6,False
2792,POL00002792,4,93,4,CUST0002325,2025-10-29,2026-09-30,Active,Standard,1640747.04,False
2793,POL00002793,10,21,3,CUST0000796,2024-02-02,2025-01-31,Expired,Standard,1521384.93,False
2794,POL00002794,9,97,1,CUST0002927,2024-07-28,2025-06-30,Expired,Basic,7307324.05,False
2795,POL00002795,7,21,2,CUST0003896,2023-11-11,2024-10-31,Expired,Basic,456679.18,False
2796,POL00002796,6,4,3,CUST0003462,2023-12-16,2024-11-30,Expired,Standard,848819.32,False
2797,POL00002797,1,101,1,CUST0000989,2025-02-10,2026-01-31,Expired,Premium,784305.88,False
2798,POL00002798,5,118,1,CUST0000311,2025-07-25,2026-06-30,Active,Premium,391386.6,False
2799,POL00002799,1,51,3,CUST0001422,2025-10-04,2026-09-30,Active,Standard,749105.79,False
2800,POL00002800,1,111,3,CUST0000575,2024-04-14,2025-03-31,Expired,Premium,496981.44,False
2801,POL00002801,5,78,3,CUST0000638,2024-03-08,2025-02-28,Expired,Standard,602184.09,False
2802,POL00002802,1,70,4,CUST0000667,2025-09-11,2026-08-31,Active,Premium,531397.45,False
2803,POL00002803,1,114,3,CUST0000739,2024-05-24,2025-04-30,Expired,Standard,642022.25,False
2804,POL00002804,6,83,2,CUST0000420,2023-10-15,2024-09-30,Expired,Standard,1052609.17,False
2805,POL00002805,9,4,2,CUST0001610,2025-11-05,2026-10-31,Active,Standard,9285644.24,False
2806,POL00002806,2,93,4,CUST0003566,2023-07-24,2025-06-30,Expired,Premium,687190.86,False
2807,POL00002807,5,61,2,CUST0000601,2025-09-29,2026-08-31,Active,Premium,437311.48,False
2808,POL00002808,2,78,2,CUST0001356,2024-09-03,2025-08-31,Expired,Basic,400346.52,False
2809,POL00002809,6,83,2,CUST0002441,2023-07-21,2024-06-30,Expired,Basic,1089842.43,False
2810,POL00002810,2,69,2,CUST0000452,2024-11-20,2025-10-31,Expired,Basic,443751.05,False
2811,POL00002811,5,13,1,CUST0002114,2023-10-31,2024-09-30,Expired,Basic,638112.63,False
2812,POL00002812,2,13,3,CUST0002456,2025-09-24,2026-08-31,Active,Standard,721594.23,False
2813,POL00002813,4,15,2,CUST0001061,2025-07-16,2026-06-30,Active,Standard,1243519.84,False
2814,POL00002814,5,89,1,CUST0001787,2025-12-31,2026-11-30,Active,Standard,380074.0,False
2815,POL00002815,2,76,2,CUST0003780,2023-09-10,2024-08-31,Expired,Standard,537916.03,False
2816,POL00002816,4,4,2,CUST0001384,2023-12-02,2024-11-30,Expired,Standard,1583435.64,False
2817,POL00002817,2,9,2,CUST0002662,2025-10-22,2026-09-30,Active,Premium,612868.76,False
2818,POL00002818,3,113,2,CUST0000172,2024-04-16,2025-03-31,Expired,Basic,1526262.57,False
2819,POL00002819,2,37,1,CUST0000133,2024-10-06,2025-09-30,Expired,Standard,441230.76,False
2820,POL00002820,9,11,4,CUST0001627,2025-05-20,2026-04-30,Expired,Standard,5864847.39,False
2821,POL00002821,1,58,1,CUST0003567,2025-07-31,2026-06-30,Active,Basic,511175.9,False
2822,POL00002822,8,89,2,CUST0003091,2025-05-12,2026-04-30,Expired,Standard,3806929.67,False
2823,POL00002823,3,69,4,CUST0003930,2023-08-20,2024-07-31,Expired,Standard,1568122.48,False
2824,POL00002824,7,21,1,CUST0001108,2023-08-06,2024-07-31,Expired,Standard,511593.13,False
2825,POL00002825,3,26,4,CUST0001959,2025-01-31,2025-12-31,Expired,Basic,1655457.46,False
2826,POL00002826,1,87,2,CUST0001425,2023-11-25,2024-10-31,Expired,Basic,600827.97,False
2827,POL00002827,8,96,3,CUST0000897,2023-10-08,2024-09-30,Expired,Standard,6381990.28,False
2828,POL00002828,8,59,1,CUST0003881,2023-11-22,2024-10-31,Expired,Premium,5146059.59,False
2829,POL00002829,1,23,2,CUST0000770,2025-09-02,2026-08-31,Active,Standard,567363.48,False
2830,POL00002830,5,28,2,CUST0000645,2024-08-03,2025-07-31,Expired,Standard,416258.33,False
2831,POL00002831,1,85,3,CUST0001263,2025-10-08,2026-09-30,Active,Standard,825784.88,False
2832,POL00002832,2,70,3,CUST0001920,2024-11-15,2025-10-31,Expired,Standard,579557.88,False
2833,POL00002833,8,89,2,CUST0001019,2024-04-03,2026-03-31,Expired,Basic,6474373.56,False
2834,POL00002834,5,115,2,CUST0002176,2026-01-18,2026-12-31,Active,Basic,653798.85,False
2835,POL00002835,5,75,1,CUST0003702,2023-10-14,2024-09-30,Expired,Standard,600465.47,False
2836,POL00002836,6,1,2,CUST0003695,2023-11-03,2024-10-31,Expired,Standard,851501.54,False
2837,POL00002837,9,108,2,CUST0003307,2025-11-17,2026-10-31,Active,Premium,9971195.48,False
2838,POL00002838,3,59,3,CUST0001341,2023-12-15,2025-11-30,Expired,Basic,1860520.15,False
2839,POL00002839,3,89,2,CUST0002385,2024-05-08,2026-04-30,Expired,Premium,1410760.04,False
2840,POL00002840,1,50,2,CUST0000249,2026-01-10,2026-12-31,Active,Standard,653864.65,False
2841,POL00002841,4,79,2,CUST0002609,2024-11-25,2025-10-31,Expired,Premium,1018441.12,False
2842,POL00002842,7,55,4,CUST0002172,2025-05-10,2026-04-30,Expired,Premium,399261.02,False
2843,POL00002843,1,82,4,CUST0000413,2025-05-23,2026-04-30,Expired,Standard,787816.83,False
2844,POL00002844,1,94,1,CUST0002977,2025-04-17,2026-03-31,Expired,Standard,609406.32,False
2845,POL00002845,6,65,1,CUST0001381,2025-07-28,2026-06-30,Active,Premium,673258.01,False
2846,POL00002846,1,97,4,CUST0000132,2023-11-12,2024-10-31,Expired,Standard,522315.73,False
2847,POL00002847,1,25,1,CUST0002590,2023-07-08,2024-06-30,Expired,Basic,882231.27,False
2848,POL00002848,1,80,2,CUST0001958,2023-10-08,2024-09-30,Expired,Standard,900320.4,False
2849,POL00002849,6,4,4,CUST0002550,2024-12-18,2025-11-30,Expired,Standard,573680.59,False
2850,POL00002850,1,16,1,CUST0003622,2025-10-18,2026-09-30,Active,Standard,565620.3,False
2851,POL00002851,7,81,4,CUST0002589,2023-12-08,2024-11-30,Expired,Standard,523067.12,False
2852,POL00002852,1,43,3,CUST0000550,2025-12-02,2026-11-30,Active,Standard,681913.74,False
2853,POL00002853,6,94,4,CUST0002059,2024-06-08,2025-05-31,Expired,Premium,944300.01,False
2854,POL00002854,6,19,3,CUST0002970,2024-06-18,2025-05-31,Expired,Premium,754392.19,False
2855,POL00002855,1,110,4,CUST0000400,2025-02-25,2026-01-31,Expired,Basic,823816.0,False
2856,POL00002856,1,59,4,CUST0003113,2024-01-23,2024-12-31,Expired,Premium,819211.85,False
2857,POL00002857,1,63,1,CUST0000758,2025-07-05,2027-06-30,Active,Standard,525431.25,False
2858,POL00002858,5,58,1,CUST0002572,2023-08-05,2024-07-31,Expired,Premium,397186.66,False
2859,POL00002859,1,48,2,CUST0003825,2024-12-01,2025-11-30,Expired,Standard,577923.63,False
2860,POL00002860,9,98,2,CUST0000077,2025-08-13,2026-07-31,Active,Standard,8833501.89,False
2861,POL00002861,2,112,2,CUST0003705,2025-07-10,2026-06-30,Active,Premium,399254.1,False
2862,POL00002862,1,19,2,CUST0002401,2025-12-03,2026-11-30,Active,Standard,543241.7,False
2863,POL00002863,7,53,4,CUST0002919,2024-12-09,2025-11-30,Expired,Basic,369816.6,False
2864,POL00002864,1,113,1,CUST0002186,2025-09-28,2026-08-31,Active,Basic,783120.85,False
2865,POL00002865,1,73,4,CUST0001834,2024-02-08,2025-01-31,Expired,Basic,741001.09,False
2866,POL00002866,3,28,1,CUST0001716,2025-08-19,2026-07-31,Active,Basic,1906906.97,False
2867,POL00002867,6,96,1,CUST0002064,2023-09-19,2024-08-31,Expired,Standard,783934.59,False
2868,POL00002868,6,117,1,CUST0000636,2024-03-06,2025-02-28,Expired,Standard,602973.3,False
2869,POL00002869,1,11,1,CUST0002453,2025-04-13,2026-03-31,Expired,Standard,608147.25,False
2870,POL00002870,4,57,2,CUST0001946,2024-04-14,2025-03-31,Expired,Basic,1404312.45,False
2871,POL00002871,5,114,3,CUST0002026,2026-01-03,2026-12-31,Active,Standard,517164.91,False
2872,POL00002872,1,76,1,CUST0002040,2024-07-08,2025-06-30,Expired,Standard,665998.71,False
2873,POL00002873,1,17,1,CUST0003058,2025-12-13,2027-11-30,Active,Basic,622479.22,False
2874,POL00002874,6,37,2,CUST0003119,2024-08-06,2025-07-31,Expired,Standard,793729.48,False
2875,POL00002875,3,34,3,CUST0001051,2025-11-18,2026-10-31,Active,Standard,1390801.33,False
2876,POL00002876,1,36,4,CUST0000317,2024-08-23,2025-07-31,Expired,Standard,879327.16,False
2877,POL00002877,7,46,2,CUST0003676,2024-09-17,2025-08-31,Expired,Basic,546547.25,False
2878,POL00002878,6,98,3,CUST0001358,2025-03-22,2026-02-28,Expired,Basic,977961.65,False
2879,POL00002879,3,91,4,CUST0003201,2025-11-03,2026-10-31,Active,Standard,1174755.18,False
2880,POL00002880,6,83,3,CUST0001881,2026-01-11,2026-12-31,Active,Premium,1016645.4,False
2881,POL00002881,6,34,1,CUST0000694,2025-09-19,2026-08-31,Active,Standard,745533.9,False
2882,POL00002882,1,14,3,CUST0002610,2023-09-29,2025-08-31,Expired,Standard,812723.8,False
2883,POL00002883,4,55,1,CUST0000590,2026-02-05,2028-01-31,Active,Premium,905256.84,False
2884,POL00002884,5,112,1,CUST0003270,2023-08-13,2024-07-31,Cancelled,Standard,625918.37,True
2885,POL00002885,3,13,3,CUST0002448,2023-08-09,2024-07-31,Expired,Basic,1522931.95,False
2886,POL00002886,7,112,2,CUST0002307,2023-11-06,2024-10-31,Expired,Basic,410361.67,False
2887,POL00002887,1,33,1,CUST0000870,2024-04-11,2025-03-31,Expired,Premium,647445.04,False
2888,POL00002888,1,51,1,CUST0000410,2025-01-03,2026-12-31,Active,Standard,599582.75,False
2889,POL00002889,4,80,4,CUST0003436,2025-12-29,2026-11-30,Active,Standard,1516029.65,False
2890,POL00002890,4,2,3,CUST0003356,2025-07-08,2026-06-30,Active,Premium,1111863.5,False
2891,POL00002891,1,116,1,CUST0000073,2024-02-15,2025-01-31,Expired,Basic,721349.5,False
2892,POL00002892,6,16,1,CUST0001235,2024-01-05,2024-12-31,Expired,Premium,760067.62,False
2893,POL00002893,9,6,3,CUST0000517,2025-11-30,2026-10-31,Cancelled,Basic,9473063.26,True
2894,POL00002894,1,17,3,CUST0003830,2024-03-26,2025-02-28,Expired,Basic,870949.19,False
2895,POL00002895,1,20,1,CUST0000939,2024-09-15,2025-08-31,Expired,Standard,551395.4,False
2896,POL00002896,1,2,1,CUST0003622,2023-09-02,2024-08-31,Expired,Basic,827005.66,False
2897,POL00002897,7,13,4,CUST0000889,2023-12-03,2024-11-30,Expired,Standard,395495.74,False
2898,POL00002898,1,84,3,CUST0000918,2025-11-08,2026-10-31,Active,Standard,516018.11,False
2899,POL00002899,5,21,3,CUST0000779,2024-07-11,2025-06-30,Expired,Standard,571573.32,False
2900,POL00002900,1,6,1,CUST0001108,2024-05-25,2025-04-30,Expired,Basic,875526.82,False
2901,POL00002901,6,4,2,CUST0002129,2025-10-15,2026-09-30,Active,Standard,931338.62,False
2902,POL00002902,4,17,1,CUST0001781,2025-02-04,2026-01-31,Expired,Basic,1523136.49,False
2903,POL00002903,1,117,1,CUST0000493,2024-05-18,2026-04-30,Expired,Standard,837390.93,False
2904,POL00002904,7,80,3,CUST0003458,2026-01-08,2026-12-31,Active,Basic,309489.67,False
2905,POL00002905,4,109,4,CUST0000699,2025-07-10,2026-06-30,Active,Premium,1457785.83,False
2906,POL00002906,3,32,2,CUST0000662,2025-09-22,2026-08-31,Active,Basic,1278173.82,False
2907,POL00002907,9,79,2,CUST0002115,2025-09-14,2026-08-31,Active,Standard,10010259.35,False
2908,POL00002908,5,64,2,CUST0001729,2025-12-27,2026-11-30,Cancelled,Basic,656222.37,True
2909,POL00002909,1,66,3,CUST0002897,2024-01-11,2024-12-31,Expired,Standard,831130.98,False
2910,POL00002910,1,106,2,CUST0003348,2025-04-28,2026-03-31,Expired,Standard,814515.68,False
2911,POL00002911,2,14,1,CUST0001495,2026-01-29,2027-12-31,Active,Standard,744472.71,False
2912,POL00002912,6,78,2,CUST0000913,2024-09-13,2025-08-31,Expired,Standard,909034.31,False
2913,POL00002913,7,38,1,CUST0000258,2025-07-18,2026-06-30,Active,Premium,522584.93,False
2914,POL00002914,5,106,2,CUST0002709,2023-10-14,2024-09-30,Expired,Standard,540305.62,False
2915,POL00002915,3,29,2,CUST0003325,2024-05-18,2025-04-30,Expired,Basic,1996652.22,False
2916,POL00002916,7,9,1,CUST0003413,2023-12-21,2024-11-30,Expired,Premium,476304.51,False
2917,POL00002917,1,71,2,CUST0003775,2024-05-27,2025-04-30,Expired,Standard,760623.31,False
2918,POL00002918,5,41,3,CUST0002044,2025-06-21,2026-05-31,Expired,Standard,591327.7,False
2919,POL00002919,2,43,2,CUST0000286,2023-09-06,2024-08-31,Expired,Basic,435819.41,False
2920,POL00002920,2,57,1,CUST0002555,2026-01-25,2026-12-31,Active,Standard,621881.06,False
2921,POL00002921,2,95,1,CUST0003285,2024-10-02,2025-09-30,Expired,Basic,589753.37,False
2922,POL00002922,1,77,4,CUST0001104,2024-11-01,2025-10-31,Expired,Basic,791345.51,False
2923,POL00002923,1,116,3,CUST0002418,2025-08-26,2026-07-31,Active,Standard,695249.31,False
2924,POL00002924,5,80,2,CUST0003033,2023-12-13,2024-11-30,Expired,Standard,514288.7,False
2925,POL00002925,3,48,3,CUST0003816,2025-08-26,2026-07-31,Active,Standard,1963919.17,False
2926,POL00002926,1,20,1,CUST0002425,2025-05-05,2026-04-30,Expired,Standard,812412.74,False
2927,POL00002927,8,110,3,CUST0001179,2025-11-10,2026-10-31,Active,Standard,6483675.16,False
2928,POL00002928,5,108,2,CUST0001127,2024-04-22,2025-03-31,Expired,Basic,495046.32,False
2929,POL00002929,1,34,4,CUST0003555,2025-03-25,2026-02-28,Expired,Basic,587076.87,False
2930,POL00002930,1,103,3,CUST0000903,2025-10-21,2026-09-30,Cancelled,Standard,513400.53,True
2931,POL00002931,8,107,1,CUST0002780,2024-03-01,2025-02-28,Expired,Standard,5752518.87,False
2932,POL00002932,8,63,1,CUST0003172,2023-10-01,2024-09-30,Cancelled,Basic,5415021.15,True
2933,POL00002933,1,82,1,CUST0002101,2024-07-28,2025-06-30,Expired,Standard,746116.48,False
2934,POL00002934,3,57,2,CUST0003599,2026-02-01,2027-01-31,Active,Premium,1702142.03,False
2935,POL00002935,1,96,1,CUST0002779,2025-01-27,2025-12-31,Expired,Standard,456571.67,False
2936,POL00002936,5,93,4,CUST0003059,2026-01-28,2026-12-31,Active,Standard,468087.72,False
2937,POL00002937,4,33,1,CUST0000743,2023-09-24,2024-08-31,Expired,Standard,1250203.09,False
2938,POL00002938,6,98,3,CUST0001718,2025-09-22,2027-08-31,Active,Standard,834169.73,False
2939,POL00002939,1,39,3,CUST0000277,2024-09-30,2025-08-31,Expired,Basic,904105.66,False
2940,POL00002940,1,78,3,CUST0002408,2025-10-01,2026-09-30,Active,Basic,547474.08,False
2941,POL00002941,6,32,3,CUST0000374,2025-07-05,2026-06-30,Active,Standard,948450.41,False
2942,POL00002942,6,33,4,CUST0001015,2024-11-21,2025-10-31,Expired,Standard,724839.94,False
2943,POL00002943,6,4,1,CUST0000096,2023-08-16,2024-07-31,Expired,Standard,897805.29,False
2944,POL00002944,6,62,1,CUST0001248,2025-10-12,2026-09-30,Active,Standard,1106162.91,False
2945,POL00002945,6,22,2,CUST0003520,2024-08-22,2025-07-31,Expired,Basic,800281.62,False
2946,POL00002946,9,29,2,CUST0001958,2024-03-09,2025-02-28,Expired,Standard,9339743.91,False
2947,POL00002947,5,56,2,CUST0003493,2025-09-08,2026-08-31,Active,Basic,654595.17,False
2948,POL00002948,7,114,1,CUST0002105,2024-08-11,2025-07-31,Expired,Standard,411794.72,False
2949,POL00002949,1,17,2,CUST0000541,2023-07-28,2024-06-30,Expired,Basic,462909.22,False
2950,POL00002950,4,111,3,CUST0003118,2025-06-29,2026-05-31,Expired,Standard,1052113.93,False
2951,POL00002951,4,82,1,CUST0003100,2025-12-11,2026-11-30,Active,Standard,915868.47,False
2952,POL00002952,8,53,3,CUST0002814,2024-05-22,2025-04-30,Expired,Basic,5600132.81,False
2953,POL00002953,4,85,1,CUST0000658,2023-11-11,2024-10-31,Expired,Basic,1190590.18,False
2954,POL00002954,3,58,1,CUST0002095,2025-08-07,2026-07-31,Active,Standard,1619967.13,False
2955,POL00002955,1,47,2,CUST0001074,2024-09-14,2025-08-31,Expired,Premium,638309.71,False
2956,POL00002956,9,54,2,CUST0003973,2024-11-11,2025-10-31,Expired,Basic,6085088.56,False
2957,POL00002957,7,32,2,CUST0001835,2025-04-19,2026-03-31,Expired,Standard,297849.7,False
2958,POL00002958,4,41,3,CUST0002857,2025-04-19,2026-03-31,Expired,Standard,886754.04,False
2959,POL00002959,8,26,2,CUST0002469,2025-08-27,2026-07-31,Active,Standard,4933512.41,False
2960,POL00002960,6,18,1,CUST0001207,2025-02-05,2026-01-31,Expired,Standard,942371.71,False
2961,POL00002961,5,62,2,CUST0002261,2024-10-12,2025-09-30,Expired,Premium,511157.46,False
2962,POL00002962,1,113,3,CUST0002832,2023-07-11,2024-06-30,Expired,Basic,792665.62,False
2963,POL00002963,3,117,2,CUST0000916,2023-08-19,2024-07-31,Expired,Standard,1463574.23,False
2964,POL00002964,5,23,3,CUST0003686,2023-08-22,2024-07-31,Expired,Basic,443138.3,False
2965,POL00002965,5,28,4,CUST0000558,2023-09-16,2024-08-31,Expired,Standard,578092.41,False
2966,POL00002966,1,56,2,CUST0001527,2024-05-09,2025-04-30,Expired,Standard,891373.46,False
2967,POL00002967,4,50,1,CUST0001013,2025-12-29,2026-11-30,Active,Basic,1555755.27,False
2968,POL00002968,2,22,4,CUST0002318,2026-02-03,2027-01-31,Cancelled,Basic,490716.26,True
2969,POL00002969,4,19,2,CUST0003122,2025-12-15,2026-11-30,Active,Standard,1215199.79,False
2970,POL00002970,2,68,1,CUST0003347,2024-10-03,2025-09-30,Expired,Standard,471797.42,False
2971,POL00002971,4,86,2,CUST0001715,2025-10-31,2026-09-30,Active,Standard,1600285.08,False
2972,POL00002972,3,99,2,CUST0002649,2024-11-11,2025-10-31,Expired,Standard,1751652.15,False
2973,POL00002973,2,117,1,CUST0000653,2024-03-03,2025-02-28,Expired,Standard,646135.8,False
2974,POL00002974,1,74,3,CUST0000750,2023-11-26,2024-10-31,Expired,Basic,610495.83,False
2975,POL00002975,5,67,2,CUST0003925,2024-07-06,2025-06-30,Expired,Standard,660210.86,False
2976,POL00002976,3,13,1,CUST0000148,2023-10-21,2025-09-30,Expired,Basic,1472555.97,False
2977,POL00002977,1,98,3,CUST0001077,2024-06-06,2026-05-31,Expired,Standard,878975.59,False
2978,POL00002978,2,107,2,CUST0003535,2024-02-23,2025-01-31,Expired,Standard,739577.74,False
2979,POL00002979,4,114,1,CUST0000529,2024-10-03,2025-09-30,Expired,Standard,1399717.13,False
2980,POL00002980,9,55,2,CUST0002870,2024-04-12,2025-03-31,Expired,Standard,5403109.65,False
2981,POL00002981,6,2,3,CUST0001464,2023-08-19,2024-07-31,Expired,Standard,1066409.85,False
2982,POL00002982,1,19,2,CUST0000957,2024-10-20,2025-09-30,Expired,Standard,761342.58,False
2983,POL00002983,5,119,3,CUST0000525,2025-04-14,2026-03-31,Expired,Standard,513396.51,False
2984,POL00002984,2,53,2,CUST0001540,2024-04-04,2025-03-31,Expired,Standard,514952.41,False
2985,POL00002985,9,78,4,CUST0002004,2025-10-13,2026-09-30,Active,Standard,9023260.48,False
2986,POL00002986,5,77,3,CUST0003794,2024-01-31,2024-12-31,Expired,Premium,468273.49,False
2987,POL00002987,7,74,1,CUST0003854,2023-12-02,2025-11-30,Expired,Standard,546288.64,False
2988,POL00002988,1,44,1,CUST0002091,2025-05-22,2026-04-30,Expired,Premium,604511.6,False
2989,POL00002989,4,46,1,CUST0001754,2024-11-04,2025-10-31,Expired,Standard,1101202.23,False
2990,POL00002990,1,14,2,CUST0000556,2023-12-07,2024-11-30,Expired,Premium,659621.27,False
2991,POL00002991,4,46,3,CUST0001296,2024-07-21,2025-06-30,Expired,Standard,1141204.9,False
2992,POL00002992,9,17,3,CUST0000266,2024-08-02,2026-07-31,Active,Basic,6159388.71,False
2993,POL00002993,9,13,1,CUST0001616,2025-08-06,2026-07-31,Active,Standard,5737904.06,False
2994,POL00002994,2,86,2,CUST0000208,2025-06-18,2026-05-31,Expired,Standard,576078.36,False
2995,POL00002995,2,58,2,CUST0002774,2023-09-05,2024-08-31,Cancelled,Basic,396927.76,True
2996,POL00002996,4,25,3,CUST0001683,2024-11-07,2025-10-31,Expired,Standard,1549797.97,False
2997,POL00002997,7,57,4,CUST0000143,2025-10-01,2026-09-30,Active,Standard,483623.28,False
2998,POL00002998,2,24,4,CUST0002092,2023-09-26,2024-08-31,Expired,Basic,522170.44,False
2999,POL00002999,4,37,2,CUST0003347,2024-10-21,2025-09-30,Expired,Basic,1180083.05,False
3000,POL00003000,1,78,4,CUST0002523,2023-11-02,2024-10-31,Expired,Basic,465038.8,False
3001,POL00003001,9,38,3,CUST0000169,2025-07-30,2026-06-30,Active,Premium,5555332.4,False
3002,POL00003002,2,23,2,CUST0002103,2026-02-27,2027-01-31,Active,Basic,689732.54,False
3003,POL00003003,2,86,1,CUST0001144,2025-10-03,2026-09-30,Active,Premium,398210.41,False
3004,POL00003004,1,32,1,CUST0003783,2023-08-07,2024-07-31,Expired,Standard,873347.6,False
3005,POL00003005,1,102,1,CUST0002690,2025-09-11,2026-08-31,Active,Standard,527997.42,False
3006,POL00003006,5,73,1,CUST0003124,2025-02-16,2026-01-31,Expired,Standard,507765.63,False
3007,POL00003007,2,111,1,CUST0002794,2025-06-27,2026-05-31,Expired,Premium,696980.49,False
3008,POL00003008,1,16,2,CUST0000410,2023-10-09,2025-09-30,Expired,Basic,656786.01,False
3009,POL00003009,1,86,2,CUST0002194,2024-02-26,2025-01-31,Expired,Premium,545070.71,False
3010,POL00003010,7,47,2,CUST0001517,2025-08-19,2027-07-31,Active,Premium,393952.39,False
3011,POL00003011,5,38,2,CUST0001711,2024-09-12,2025-08-31,Expired,Standard,553638.54,False
3012,POL00003012,6,103,1,CUST0002475,2024-10-16,2025-09-30,Expired,Basic,912683.13,False
3013,POL00003013,6,53,4,CUST0001866,2024-06-11,2025-05-31,Expired,Premium,1035768.72,False
3014,POL00003014,3,115,1,CUST0002293,2025-09-30,2026-08-31,Active,Basic,1126806.68,False
3015,POL00003015,2,89,4,CUST0002688,2025-06-04,2026-05-31,Expired,Standard,541432.86,False
3016,POL00003016,2,8,1,CUST0003415,2025-11-27,2026-10-31,Active,Standard,525047.49,False
3017,POL00003017,1,60,3,CUST0001645,2025-07-11,2026-06-30,Active,Standard,465874.21,False
3018,POL00003018,1,11,1,CUST0001336,2025-02-15,2026-01-31,Expired,Standard,518880.09,False
3019,POL00003019,9,94,4,CUST0003121,2023-10-30,2024-09-30,Expired,Premium,7118882.36,False
3020,POL00003020,6,12,3,CUST0000965,2024-12-10,2025-11-30,Expired,Standard,721777.12,False
3021,POL00003021,7,81,3,CUST0000089,2025-05-06,2026-04-30,Expired,Standard,481752.58,False
3022,POL00003022,1,14,1,CUST0002931,2024-09-18,2025-08-31,Expired,Standard,831539.49,False
3023,POL00003023,1,18,2,CUST0003496,2025-07-11,2026-06-30,Active,Basic,885630.75,False
3024,POL00003024,8,49,3,CUST0003447,2024-04-19,2025-03-31,Expired,Standard,4459074.74,False
3025,POL00003025,1,84,2,CUST0001552,2024-08-04,2025-07-31,Expired,Standard,619076.73,False
3026,POL00003026,1,83,3,CUST0001356,2023-12-17,2024-11-30,Expired,Standard,749453.82,False
3027,POL00003027,9,46,1,CUST0000593,2024-06-05,2026-05-31,Expired,Standard,6453840.49,False
3028,POL00003028,8,40,3,CUST0001143,2024-10-19,2025-09-30,Expired,Standard,6872033.66,False
3029,POL00003029,3,15,2,CUST0000365,2024-04-09,2025-03-31,Expired,Basic,1377735.51,False
3030,POL00003030,7,27,1,CUST0001836,2025-01-26,2025-12-31,Expired,Standard,517212.35,False
3031,POL00003031,5,8,2,CUST0003457,2025-09-25,2027-08-31,Active,Standard,564092.58,False
3032,POL00003032,2,64,2,CUST0003318,2024-06-27,2025-05-31,Expired,Premium,503105.41,False
3033,POL00003033,1,36,4,CUST0003578,2023-12-14,2024-11-30,Cancelled,Basic,573370.67,True
3034,POL00003034,9,36,1,CUST0000695,2023-09-09,2024-08-31,Expired,Standard,9308925.44,False
3035,POL00003035,1,42,4,CUST0001470,2025-06-05,2026-05-31,Expired,Premium,632385.12,False
3036,POL00003036,6,88,1,CUST0003683,2025-07-30,2026-06-30,Active,Standard,1031102.68,False
3037,POL00003037,2,63,4,CUST0001375,2023-07-24,2024-06-30,Expired,Standard,525020.0,False
3038,POL00003038,8,105,2,CUST0003240,2024-07-30,2025-06-30,Expired,Standard,4236067.26,False
3039,POL00003039,1,31,2,CUST0003770,2024-12-08,2025-11-30,Expired,Basic,841888.76,False
3040,POL00003040,6,97,2,CUST0000762,2023-07-21,2024-06-30,Expired,Premium,692041.04,False
3041,POL00003041,4,65,2,CUST0000211,2025-03-15,2026-02-28,Expired,Basic,876629.78,False
3042,POL00003042,1,19,1,CUST0001423,2025-08-19,2026-07-31,Active,Standard,493140.33,False
3043,POL00003043,6,9,2,CUST0000723,2024-03-02,2025-02-28,Expired,Standard,1097293.72,False
3044,POL00003044,1,31,1,CUST0003096,2025-10-20,2026-09-30,Active,Premium,684701.0,False
3045,POL00003045,1,13,3,CUST0001515,2024-01-19,2024-12-31,Expired,Standard,597999.72,False
3046,POL00003046,1,70,2,CUST0002017,2023-09-16,2024-08-31,Cancelled,Standard,637567.55,True
3047,POL00003047,2,21,4,CUST0001631,2023-10-17,2024-09-30,Expired,Basic,738284.79,False
3048,POL00003048,4,81,1,CUST0001438,2024-03-25,2025-02-28,Cancelled,Standard,1535369.38,True
3049,POL00003049,6,22,1,CUST0001659,2025-06-24,2026-05-31,Cancelled,Premium,634029.66,True
3050,POL00003050,1,116,1,CUST0002761,2023-08-06,2024-07-31,Expired,Basic,831048.43,False
3051,POL00003051,1,116,3,CUST0001913,2025-01-18,2025-12-31,Expired,Standard,890411.12,False
3052,POL00003052,9,95,3,CUST0003317,2025-01-30,2026-12-31,Active,Premium,5476139.35,False
3053,POL00003053,1,34,2,CUST0002890,2024-09-15,2025-08-31,Expired,Standard,851106.96,False
3054,POL00003054,2,42,3,CUST0002594,2024-09-21,2025-08-31,Expired,Basic,748464.52,False
3055,POL00003055,1,64,3,CUST0003010,2024-05-09,2025-04-30,Expired,Standard,520689.05,False
3056,POL00003056,1,91,1,CUST0002153,2025-12-09,2026-11-30,Active,Standard,632716.04,False
3057,POL00003057,2,59,4,CUST0002501,2023-07-17,2025-06-30,Expired,Standard,664468.75,False
3058,POL00003058,5,47,4,CUST0003385,2023-08-31,2024-07-31,Expired,Standard,621615.45,False
3059,POL00003059,1,114,1,CUST0003756,2024-12-09,2025-11-30,Expired,Basic,458865.29,False
3060,POL00003060,4,82,4,CUST0000990,2023-07-05,2024-06-30,Cancelled,Standard,924686.18,True
3061,POL00003061,6,63,1,CUST0001069,2025-12-14,2026-11-30,Active,Basic,610122.98,False
3062,POL00003062,4,43,3,CUST0001320,2026-01-14,2026-12-31,Active,Standard,955856.92,False
3063,POL00003063,2,108,2,CUST0003159,2024-08-15,2025-07-31,Expired,Standard,445323.75,False
3064,POL00003064,6,6,1,CUST0001263,2024-01-09,2024-12-31,Expired,Basic,1065345.27,False
3065,POL00003065,2,109,4,CUST0001067,2024-04-04,2025-03-31,Expired,Premium,563026.54,False
3066,POL00003066,6,105,3,CUST0001000,2024-01-21,2024-12-31,Expired,Premium,637514.3,False
3067,POL00003067,1,11,1,CUST0001903,2024-01-13,2024-12-31,Expired,Basic,856364.86,False
3068,POL00003068,2,117,2,CUST0002118,2024-12-28,2025-11-30,Expired,Standard,428188.28,False
3069,POL00003069,8,75,2,CUST0003919,2023-11-30,2025-10-31,Expired,Basic,4331435.52,False
3070,POL00003070,3,39,3,CUST0001463,2026-02-07,2027-01-31,Cancelled,Standard,2042217.11,True
3071,POL00003071,6,20,3,CUST0002847,2024-04-22,2025-03-31,Expired,Premium,957904.1,False
3072,POL00003072,1,55,1,CUST0000002,2025-04-02,2026-03-31,Cancelled,Standard,726881.44,True
3073,POL00003073,5,65,2,CUST0001228,2024-02-06,2025-01-31,Expired,Standard,656072.09,False
3074,POL00003074,5,46,2,CUST0002755,2024-03-14,2025-02-28,Expired,Standard,658888.88,False
3075,POL00003075,6,80,1,CUST0002791,2023-07-01,2024-06-30,Expired,Premium,723790.14,False
3076,POL00003076,7,95,4,CUST0002769,2024-03-17,2025-02-28,Expired,Standard,373428.19,False
3077,POL00003077,1,77,4,CUST0002526,2023-11-16,2024-10-31,Expired,Premium,760294.24,False
3078,POL00003078,1,37,2,CUST0001172,2026-01-22,2026-12-31,Active,Basic,850839.75,False
3079,POL00003079,1,51,1,CUST0000155,2024-10-05,2025-09-30,Expired,Premium,839186.08,False
3080,POL00003080,5,92,1,CUST0003344,2025-06-20,2026-05-31,Expired,Standard,525688.84,False
3081,POL00003081,1,46,1,CUST0000336,2024-05-23,2025-04-30,Cancelled,Standard,544923.34,True
3082,POL00003082,1,72,2,CUST0002495,2024-12-28,2025-11-30,Cancelled,Standard,826571.96,True
3083,POL00003083,1,32,2,CUST0001413,2024-09-09,2025-08-31,Expired,Premium,751854.94,False
3084,POL00003084,2,68,3,CUST0000525,2024-01-28,2024-12-31,Expired,Standard,679138.45,False
3085,POL00003085,9,21,1,CUST0002989,2025-11-09,2026-10-31,Active,Standard,6655537.58,False
3086,POL00003086,5,106,3,CUST0000822,2024-03-04,2025-02-28,Expired,Standard,495818.78,False
3087,POL00003087,8,97,1,CUST0002590,2023-09-17,2024-08-31,Expired,Standard,6011575.85,False
3088,POL00003088,1,120,1,CUST0003075,2026-02-13,2027-01-31,Active,Standard,843976.81,False
3089,POL00003089,1,115,4,CUST0002414,2026-01-26,2026-12-31,Active,Standard,570644.23,False
3090,POL00003090,1,118,1,CUST0000033,2025-06-14,2026-05-31,Expired,Standard,751481.29,False
3091,POL00003091,1,77,3,CUST0002752,2024-08-02,2025-07-31,Expired,Premium,795423.38,False
3092,POL00003092,3,83,1,CUST0002155,2025-04-10,2026-03-31,Expired,Standard,1365385.38,False
3093,POL00003093,1,18,1,CUST0002825,2025-05-16,2027-04-30,Active,Standard,770134.14,False
3094,POL00003094,1,20,1,CUST0003732,2025-03-13,2026-02-28,Expired,Standard,755004.4,False
3095,POL00003095,1,8,4,CUST0002178,2024-05-18,2026-04-30,Expired,Standard,788917.91,False
3096,POL00003096,1,67,3,CUST0002318,2025-01-23,2025-12-31,Expired,Standard,621640.37,False
3097,POL00003097,2,25,1,CUST0003340,2025-01-11,2025-12-31,Expired,Standard,465515.91,False
3098,POL00003098,7,20,3,CUST0003065,2024-05-18,2025-04-30,Expired,Premium,359155.23,False
3099,POL00003099,1,112,1,CUST0000656,2025-11-22,2026-10-31,Active,Standard,891806.2,False
3100,POL00003100,4,37,4,CUST0000806,2024-07-13,2025-06-30,Expired,Standard,898140.55,False
3101,POL00003101,2,17,1,CUST0000392,2025-08-17,2026-07-31,Active,Standard,749671.74,False
3102,POL00003102,1,37,1,CUST0003429,2026-01-11,2026-12-31,Active,Basic,694552.67,False
3103,POL00003103,5,14,2,CUST0001728,2023-09-19,2024-08-31,Expired,Premium,416531.55,False
3104,POL00003104,3,110,3,CUST0003455,2026-02-15,2027-01-31,Active,Standard,1893051.01,False
3105,POL00003105,4,99,2,CUST0002711,2025-01-19,2025-12-31,Expired,Premium,1176056.79,False
3106,POL00003106,3,33,4,CUST0000724,2025-08-26,2026-07-31,Active,Basic,1128667.29,False
3107,POL00003107,1,86,1,CUST0001391,2025-03-16,2026-02-28,Expired,Standard,469479.54,False
3108,POL00003108,10,26,3,CUST0002640,2024-10-13,2025-09-30,Expired,Basic,1494321.91,False
3109,POL00003109,7,64,1,CUST0001614,2024-12-29,2025-11-30,Expired,Standard,433251.38,False
3110,POL00003110,1,68,1,CUST0002841,2024-03-14,2025-02-28,Expired,Standard,611500.53,False
3111,POL00003111,2,86,3,CUST0000866,2024-07-07,2025-06-30,Expired,Basic,692019.72,False
3112,POL00003112,2,2,2,CUST0000120,2024-02-21,2025-01-31,Expired,Standard,690046.14,False
3113,POL00003113,5,77,2,CUST0000737,2024-05-23,2025-04-30,Expired,Standard,571037.44,False
3114,POL00003114,2,53,1,CUST0000676,2023-09-20,2024-08-31,Expired,Basic,595215.41,False
3115,POL00003115,3,35,2,CUST0002724,2025-08-03,2026-07-31,Cancelled,Standard,1556716.95,True
3116,POL00003116,8,63,1,CUST0002398,2024-08-24,2025-07-31,Cancelled,Standard,4492645.61,True
3117,POL00003117,1,62,2,CUST0002199,2024-04-29,2025-03-31,Cancelled,Standard,669034.06,True
3118,POL00003118,6,56,4,CUST0000112,2024-10-27,2025-09-30,Expired,Standard,1110816.83,False
3119,POL00003119,6,85,3,CUST0000807,2023-09-13,2024-08-31,Expired,Standard,987051.2,False
3120,POL00003120,1,120,2,CUST0003468,2024-07-02,2025-06-30,Expired,Standard,906903.04,False
3121,POL00003121,2,38,1,CUST0003788,2023-11-07,2024-10-31,Expired,Standard,620382.53,False
3122,POL00003122,6,43,1,CUST0002081,2023-07-04,2024-06-30,Expired,Standard,898554.8,False
3123,POL00003123,4,37,4,CUST0000515,2025-11-24,2026-10-31,Active,Basic,1006314.79,False
3124,POL00003124,8,27,4,CUST0000922,2025-05-31,2026-04-30,Expired,Standard,6550579.38,False
3125,POL00003125,10,29,4,CUST0002680,2025-06-23,2026-05-31,Expired,Premium,1786644.34,False
3126,POL00003126,1,53,2,CUST0000442,2025-11-10,2026-10-31,Active,Standard,620230.79,False
3127,POL00003127,4,5,3,CUST0001040,2025-11-26,2026-10-31,Active,Premium,1284036.93,False
3128,POL00003128,5,77,2,CUST0001945,2023-07-31,2024-06-30,Expired,Standard,473936.1,False
3129,POL00003129,5,94,4,CUST0001760,2023-07-23,2024-06-30,Expired,Basic,421960.61,False
3130,POL00003130,1,90,3,CUST0000137,2025-08-21,2026-07-31,Active,Premium,703360.64,False
3131,POL00003131,2,47,2,CUST0002098,2025-01-05,2025-12-31,Expired,Basic,575694.09,False
3132,POL00003132,7,78,3,CUST0002770,2025-06-28,2026-05-31,Expired,Standard,346172.75,False
3133,POL00003133,9,55,2,CUST0003860,2025-02-09,2026-01-31,Expired,Basic,9892212.84,False
3134,POL00003134,1,17,4,CUST0001029,2025-05-19,2026-04-30,Expired,Premium,810848.21,False
3135,POL00003135,2,27,3,CUST0001897,2024-02-06,2025-01-31,Expired,Standard,637822.57,False
3136,POL00003136,4,100,4,CUST0000580,2024-05-30,2025-04-30,Expired,Standard,1212077.25,False
3137,POL00003137,6,110,2,CUST0001825,2023-12-30,2024-11-30,Expired,Standard,636537.75,False
3138,POL00003138,2,101,3,CUST0003894,2024-07-27,2025-06-30,Expired,Basic,634269.52,False
3139,POL00003139,10,117,3,CUST0002404,2024-02-09,2025-01-31,Expired,Premium,1743576.2,False
3140,POL00003140,2,62,2,CUST0001633,2025-11-15,2026-10-31,Active,Standard,554789.45,False
3141,POL00003141,4,80,2,CUST0000209,2025-07-05,2026-06-30,Active,Basic,865902.88,False
3142,POL00003142,8,98,1,CUST0001441,2024-09-04,2025-08-31,Expired,Basic,6925496.84,False
3143,POL00003143,1,24,4,CUST0000336,2023-09-06,2024-08-31,Expired,Standard,907574.62,False
3144,POL00003144,1,56,4,CUST0000971,2024-03-19,2025-02-28,Cancelled,Standard,872841.23,True
3145,POL00003145,1,64,3,CUST0003058,2024-03-10,2025-02-28,Expired,Standard,709351.94,False
3146,POL00003146,1,25,3,CUST0002399,2025-02-27,2026-01-31,Expired,Standard,487257.35,False
3147,POL00003147,5,77,3,CUST0002339,2024-02-03,2025-01-31,Expired,Standard,665415.79,False
3148,POL00003148,1,66,2,CUST0002514,2024-08-29,2025-07-31,Expired,Basic,520067.33,False
3149,POL00003149,1,90,4,CUST0003217,2025-04-24,2026-03-31,Expired,Premium,859393.26,False
3150,POL00003150,6,48,4,CUST0001254,2024-10-23,2025-09-30,Expired,Standard,986428.56,False
3151,POL00003151,4,31,1,CUST0003065,2024-06-12,2025-05-31,Cancelled,Standard,853520.73,True
3152,POL00003152,1,99,1,CUST0003147,2025-09-30,2026-08-31,Active,Standard,828873.25,False
3153,POL00003153,1,67,1,CUST0000313,2024-02-08,2026-01-31,Expired,Standard,548781.93,False
3154,POL00003154,1,19,1,CUST0003553,2025-11-06,2026-10-31,Active,Basic,831209.85,False
3155,POL00003155,3,28,1,CUST0002755,2025-08-18,2026-07-31,Active,Standard,2080859.0,False
3156,POL00003156,1,100,2,CUST0002787,2024-06-07,2025-05-31,Expired,Basic,756642.64,False
3157,POL00003157,2,84,1,CUST0003405,2026-01-29,2026-12-31,Active,Basic,668062.08,False
3158,POL00003158,5,27,3,CUST0001090,2025-11-06,2026-10-31,Active,Standard,559107.87,False
3159,POL00003159,1,105,4,CUST0003193,2025-06-04,2026-05-31,Expired,Standard,628970.69,False
3160,POL00003160,1,68,1,CUST0000599,2024-07-22,2025-06-30,Expired,Premium,751253.28,False
3161,POL00003161,10,98,3,CUST0002271,2024-04-02,2025-03-31,Expired,Basic,2726674.17,False
3162,POL00003162,9,79,1,CUST0003074,2024-05-11,2025-04-30,Expired,Premium,7409090.58,False
3163,POL00003163,5,36,4,CUST0003111,2025-10-27,2026-09-30,Active,Premium,546845.55,False
3164,POL00003164,1,58,1,CUST0003814,2023-07-16,2024-06-30,Expired,Basic,562867.74,False
3165,POL00003165,4,85,4,CUST0001342,2024-04-07,2025-03-31,Expired,Basic,1158160.2,False
3166,POL00003166,1,67,3,CUST0000204,2024-12-15,2025-11-30,Expired,Premium,761391.59,False
3167,POL00003167,4,82,2,CUST0002290,2024-08-17,2025-07-31,Expired,Basic,1187287.15,False
3168,POL00003168,5,61,2,CUST0001772,2024-05-13,2025-04-30,Expired,Standard,439052.04,False
3169,POL00003169,7,115,1,CUST0002655,2024-03-22,2025-02-28,Expired,Standard,428678.69,False
3170,POL00003170,4,98,1,CUST0002146,2025-01-14,2025-12-31,Expired,Standard,1284441.78,False
3171,POL00003171,4,22,2,CUST0001436,2025-10-10,2026-09-30,Cancelled,Standard,1547543.57,True
3172,POL00003172,3,78,4,CUST0001484,2025-07-10,2026-06-30,Active,Standard,1633063.3,False
3173,POL00003173,9,83,1,CUST0001757,2023-11-22,2024-10-31,Expired,Standard,10264659.2,False
3174,POL00003174,10,83,1,CUST0000836,2024-05-29,2025-04-30,Expired,Basic,1674666.07,False
3175,POL00003175,3,55,2,CUST0001997,2025-03-22,2026-02-28,Expired,Standard,1142820.75,False
3176,POL00003176,2,27,3,CUST0002220,2026-01-26,2026-12-31,Active,Basic,671202.25,False
3177,POL00003177,5,86,1,CUST0001827,2024-06-01,2025-05-31,Expired,Standard,435090.66,False
3178,POL00003178,8,109,3,CUST0002941,2025-04-16,2027-03-31,Active,Standard,5779024.79,False
3179,POL00003179,9,76,3,CUST0000850,2023-09-01,2024-08-31,Expired,Standard,8123000.79,False
3180,POL00003180,1,84,2,CUST0002865,2024-02-12,2025-01-31,Expired,Standard,721625.56,False
3181,POL00003181,1,21,4,CUST0002487,2025-12-01,2026-11-30,Active,Standard,510495.17,False
3182,POL00003182,8,70,2,CUST0003696,2024-10-31,2025-09-30,Expired,Premium,4045797.35,False
3183,POL00003183,3,89,3,CUST0000340,2025-11-17,2026-10-31,Active,Standard,1480504.79,False
3184,POL00003184,4,73,4,CUST0000567,2023-09-22,2025-08-31,Expired,Premium,939071.39,False
3185,POL00003185,5,48,4,CUST0003738,2025-08-06,2026-07-31,Active,Basic,403488.79,False
3186,POL00003186,9,85,3,CUST0000410,2023-07-16,2024-06-30,Expired,Basic,9701832.54,False
3187,POL00003187,1,13,1,CUST0003908,2025-06-07,2026-05-31,Expired,Standard,491504.33,False
3188,POL00003188,3,67,3,CUST0000877,2024-04-07,2025-03-31,Expired,Basic,1171584.69,False
3189,POL00003189,2,20,1,CUST0002580,2023-08-08,2025-07-31,Expired,Standard,483138.39,False
3190,POL00003190,6,1,3,CUST0003891,2025-06-19,2026-05-31,Expired,Standard,744841.24,False
3191,POL00003191,1,37,2,CUST0003816,2023-09-24,2024-08-31,Expired,Standard,630446.75,False
3192,POL00003192,5,93,3,CUST0002044,2025-01-29,2026-12-31,Active,Standard,632818.41,False
3193,POL00003193,8,9,4,CUST0002002,2024-07-20,2025-06-30,Expired,Standard,4144792.07,False
3194,POL00003194,9,51,3,CUST0001987,2025-03-09,2026-02-28,Expired,Basic,5609770.1,False
3195,POL00003195,8,40,2,CUST0001071,2023-09-26,2024-08-31,Expired,Standard,4306016.9,False
3196,POL00003196,4,20,3,CUST0001949,2025-09-05,2026-08-31,Active,Premium,1643452.99,False
3197,POL00003197,9,41,4,CUST0003252,2024-04-11,2025-03-31,Expired,Premium,9571398.47,False
3198,POL00003198,7,78,3,CUST0002662,2023-12-14,2024-11-30,Expired,Basic,305863.61,False
3199,POL00003199,4,97,1,CUST0003795,2025-12-07,2026-11-30,Active,Basic,1551980.01,False
3200,POL00003200,4,58,3,CUST0002160,2024-03-23,2025-02-28,Expired,Premium,1097179.49,False
3201,POL00003201,9,58,2,CUST0003550,2024-03-22,2025-02-28,Expired,Standard,9679688.43,False
3202,POL00003202,9,68,1,CUST0002456,2025-12-29,2026-11-30,Active,Standard,8824068.3,False
3203,POL00003203,6,60,1,CUST0002236,2024-01-05,2024-12-31,Expired,Standard,849910.68,False
3204,POL00003204,10,100,2,CUST0003648,2025-02-22,2026-01-31,Expired,Premium,2074110.24,False
3205,POL00003205,6,61,3,CUST0000780,2025-11-10,2026-10-31,Active,Standard,1104957.01,False
3206,POL00003206,6,80,4,CUST0000496,2023-12-07,2024-11-30,Expired,Premium,983412.32,False
3207,POL00003207,3,89,1,CUST0001137,2024-11-23,2025-10-31,Expired,Standard,1461669.67,False
3208,POL00003208,9,60,3,CUST0000916,2026-01-16,2026-12-31,Active,Standard,9115572.44,False
3209,POL00003209,1,14,2,CUST0001736,2024-09-03,2025-08-31,Expired,Standard,520064.93,False
3210,POL00003210,6,35,4,CUST0000179,2025-01-05,2025-12-31,Expired,Basic,1108401.91,False
3211,POL00003211,7,74,1,CUST0001749,2023-10-08,2025-09-30,Expired,Standard,346146.0,False
3212,POL00003212,7,73,3,CUST0000187,2025-02-20,2026-01-31,Expired,Basic,493393.01,False
3213,POL00003213,5,81,1,CUST0002742,2026-01-12,2026-12-31,Active,Basic,481050.13,False
3214,POL00003214,2,37,3,CUST0002584,2025-04-17,2026-03-31,Expired,Standard,582993.42,False
3215,POL00003215,10,82,1,CUST0002131,2023-08-26,2024-07-31,Expired,Standard,1509523.48,False
3216,POL00003216,8,68,3,CUST0002690,2025-03-23,2026-02-28,Expired,Standard,4906299.36,False
3217,POL00003217,2,107,1,CUST0003686,2024-12-30,2025-11-30,Expired,Standard,688073.12,False
3218,POL00003218,3,31,1,CUST0000680,2025-10-13,2026-09-30,Active,Standard,2079886.71,False
3219,POL00003219,3,110,3,CUST0000295,2025-03-16,2026-02-28,Expired,Standard,1292217.36,False
3220,POL00003220,5,29,1,CUST0000517,2023-11-16,2024-10-31,Expired,Standard,359435.83,False
3221,POL00003221,6,69,4,CUST0003239,2024-11-23,2025-10-31,Expired,Basic,771424.74,False
3222,POL00003222,8,54,2,CUST0001261,2025-06-12,2026-05-31,Expired,Standard,4643218.0,False
3223,POL00003223,9,68,1,CUST0001529,2025-06-05,2026-05-31,Expired,Premium,9416915.03,False
3224,POL00003224,3,13,4,CUST0002554,2024-03-29,2025-02-28,Expired,Standard,1254818.65,False
3225,POL00003225,2,94,3,CUST0001216,2024-10-12,2025-09-30,Expired,Basic,542582.14,False
3226,POL00003226,4,56,1,CUST0002992,2026-02-19,2027-01-31,Active,Premium,1056300.54,False
3227,POL00003227,1,21,1,CUST0002752,2025-06-03,2026-05-31,Expired,Standard,820881.73,False
3228,POL00003228,6,53,2,CUST0002156,2025-09-16,2026-08-31,Active,Premium,961127.34,False
3229,POL00003229,6,114,1,CUST0000267,2023-09-26,2024-08-31,Expired,Basic,1119547.21,False
3230,POL00003230,1,116,3,CUST0001044,2024-08-13,2025-07-31,Expired,Premium,861657.31,False
3231,POL00003231,1,51,1,CUST0000168,2024-09-10,2025-08-31,Expired,Premium,879960.85,False
3232,POL00003232,8,49,3,CUST0002367,2024-01-19,2024-12-31,Expired,Standard,4461330.51,False
3233,POL00003233,6,20,1,CUST0002447,2024-02-23,2025-01-31,Expired,Basic,667457.59,False
3234,POL00003234,5,104,2,CUST0003384,2024-08-18,2025-07-31,Expired,Standard,456964.52,False
3235,POL00003235,4,81,3,CUST0002513,2023-07-09,2024-06-30,Expired,Standard,932267.4,False
3236,POL00003236,4,99,1,CUST0003079,2023-09-08,2024-08-31,Expired,Standard,873301.81,False
3237,POL00003237,1,15,1,CUST0000732,2025-06-14,2026-05-31,Expired,Basic,855528.41,False
3238,POL00003238,2,25,3,CUST0000243,2023-11-02,2025-10-31,Cancelled,Premium,523948.83,True
3239,POL00003239,1,28,2,CUST0000662,2026-02-03,2027-01-31,Cancelled,Premium,520320.51,True
3240,POL00003240,1,7,4,CUST0000613,2026-02-25,2027-01-31,Active,Standard,584865.72,False
3241,POL00003241,5,78,1,CUST0000698,2024-10-24,2025-09-30,Expired,Standard,471977.63,False
3242,POL00003242,2,18,3,CUST0003149,2024-11-01,2025-10-31,Expired,Premium,757900.62,False
3243,POL00003243,5,40,1,CUST0001531,2025-02-12,2026-01-31,Expired,Standard,476971.44,False
3244,POL00003244,2,86,1,CUST0003668,2025-06-06,2026-05-31,Expired,Standard,432793.99,False
3245,POL00003245,8,23,1,CUST0001857,2026-01-03,2026-12-31,Active,Basic,5191457.58,False
3246,POL00003246,2,45,4,CUST0002884,2023-10-18,2024-09-30,Expired,Basic,741482.45,False
3247,POL00003247,3,13,1,CUST0003708,2024-03-22,2025-02-28,Expired,Standard,1199993.43,False
3248,POL00003248,1,98,1,CUST0002674,2024-06-03,2025-05-31,Expired,Standard,567302.38,False
3249,POL00003249,3,21,1,CUST0000542,2024-12-01,2025-11-30,Expired,Standard,1875969.7,False
3250,POL00003250,9,9,1,CUST0003347,2023-12-27,2024-11-30,Expired,Standard,10071235.73,False
3251,POL00003251,7,44,3,CUST0000116,2024-07-05,2025-06-30,Expired,Standard,353063.29,False
3252,POL00003252,6,100,2,CUST0002638,2024-03-02,2025-02-28,Expired,Basic,712145.3,False
3253,POL00003253,1,96,3,CUST0001061,2025-06-21,2026-05-31,Expired,Premium,494607.83,False
3254,POL00003254,8,56,1,CUST0001514,2025-02-02,2027-01-31,Active,Premium,6578193.22,False
3255,POL00003255,1,29,3,CUST0000611,2025-08-21,2026-07-31,Cancelled,Basic,792338.31,True
3256,POL00003256,8,84,2,CUST0002487,2024-10-17,2025-09-30,Expired,Standard,6119348.72,False
3257,POL00003257,2,95,1,CUST0002426,2023-08-31,2024-07-31,Expired,Premium,487127.28,False
3258,POL00003258,1,65,1,CUST0002170,2025-10-28,2026-09-30,Active,Standard,597715.62,False
3259,POL00003259,4,95,3,CUST0003299,2023-09-26,2024-08-31,Expired,Basic,883033.33,False
3260,POL00003260,1,72,4,CUST0003038,2024-07-17,2025-06-30,Expired,Basic,504683.64,False
3261,POL00003261,10,47,2,CUST0003059,2023-07-27,2024-06-30,Expired,Standard,2388318.94,False
3262,POL00003262,6,94,2,CUST0003331,2025-01-01,2025-12-31,Expired,Basic,760810.36,False
3263,POL00003263,1,96,1,CUST0002551,2024-09-30,2026-08-31,Active,Standard,832685.56,False
3264,POL00003264,6,49,2,CUST0002416,2025-05-23,2026-04-30,Expired,Standard,574990.19,False
3265,POL00003265,1,104,2,CUST0001468,2025-04-18,2026-03-31,Expired,Standard,469129.91,False
3266,POL00003266,7,109,1,CUST0001939,2024-06-06,2025-05-31,Expired,Standard,390894.88,False
3267,POL00003267,9,105,3,CUST0003164,2023-11-12,2024-10-31,Expired,Standard,8016779.13,False
3268,POL00003268,4,76,4,CUST0002028,2023-07-24,2024-06-30,Expired,Basic,876884.67,False
3269,POL00003269,10,118,3,CUST0000948,2024-07-18,2025-06-30,Expired,Basic,1955040.17,False
3270,POL00003270,1,67,3,CUST0003817,2023-09-30,2025-08-31,Expired,Standard,704071.27,False
3271,POL00003271,4,96,1,CUST0001622,2025-10-11,2026-09-30,Active,Basic,968653.81,False
3272,POL00003272,1,105,1,CUST0002503,2023-08-28,2024-07-31,Expired,Basic,813887.53,False
3273,POL00003273,9,81,2,CUST0002447,2025-08-11,2026-07-31,Active,Standard,9676857.3,False
3274,POL00003274,2,94,1,CUST0003231,2025-02-04,2026-01-31,Expired,Standard,413990.23,False
3275,POL00003275,5,78,2,CUST0001378,2025-10-16,2026-09-30,Cancelled,Basic,444363.51,True
3276,POL00003276,2,79,1,CUST0003927,2025-12-28,2026-11-30,Active,Premium,636256.92,False
3277,POL00003277,2,99,4,CUST0001410,2024-10-31,2025-09-30,Cancelled,Premium,493254.54,True
3278,POL00003278,1,98,1,CUST0003428,2025-03-21,2027-02-28,Cancelled,Basic,783924.91,True
3279,POL00003279,4,77,2,CUST0001579,2024-01-06,2025-12-31,Expired,Standard,1112410.42,False
3280,POL00003280,4,17,2,CUST0002432,2025-07-06,2026-06-30,Active,Premium,1268107.74,False
3281,POL00003281,2,57,1,CUST0002322,2025-02-02,2026-01-31,Expired,Standard,444669.55,False
3282,POL00003282,1,117,1,CUST0002050,2025-07-30,2026-06-30,Active,Basic,795803.24,False
3283,POL00003283,6,26,3,CUST0000168,2024-08-15,2025-07-31,Expired,Standard,838021.4,False
3284,POL00003284,1,14,2,CUST0002796,2024-10-04,2025-09-30,Expired,Standard,661207.98,False
3285,POL00003285,6,106,2,CUST0003387,2024-12-09,2025-11-30,Expired,Standard,759466.76,False
3286,POL00003286,1,70,1,CUST0000599,2024-02-07,2025-01-31,Expired,Premium,828843.32,False
3287,POL00003287,1,42,1,CUST0003883,2024-10-29,2025-09-30,Expired,Basic,878582.1,False
3288,POL00003288,4,38,4,CUST0002094,2023-10-12,2024-09-30,Expired,Standard,1521280.54,False
3289,POL00003289,2,73,2,CUST0001995,2025-08-22,2026-07-31,Active,Standard,462621.64,False
3290,POL00003290,9,55,1,CUST0001089,2026-01-06,2026-12-31,Active,Standard,8857399.59,False
3291,POL00003291,1,89,1,CUST0001255,2023-08-30,2024-07-31,Expired,Premium,802569.42,False
3292,POL00003292,1,104,4,CUST0001865,2024-03-25,2025-02-28,Expired,Standard,575483.56,False
3293,POL00003293,1,77,2,CUST0002346,2024-10-24,2026-09-30,Cancelled,Standard,693872.64,True
3294,POL00003294,2,3,2,CUST0001978,2023-09-08,2024-08-31,Cancelled,Standard,706999.31,True
3295,POL00003295,7,108,1,CUST0001304,2025-03-22,2027-02-28,Active,Basic,286200.95,False
3296,POL00003296,7,21,3,CUST0002162,2025-11-19,2026-10-31,Active,Basic,319159.12,False
3297,POL00003297,1,99,4,CUST0002038,2025-05-27,2026-04-30,Expired,Basic,630079.03,False
3298,POL00003298,9,98,2,CUST0000489,2023-07-29,2025-06-30,Expired,Standard,5879952.31,False
3299,POL00003299,1,11,3,CUST0002535,2025-02-17,2026-01-31,Expired,Standard,653110.12,False
3300,POL00003300,1,37,4,CUST0003936,2024-02-28,2025-01-31,Expired,Premium,467256.24,False
3301,POL00003301,8,61,2,CUST0000964,2024-12-24,2025-11-30,Expired,Standard,6063184.3,False
3302,POL00003302,4,12,4,CUST0003485,2023-12-25,2024-11-30,Expired,Standard,966300.78,False
3303,POL00003303,7,78,3,CUST0002037,2025-12-04,2026-11-30,Active,Premium,468834.74,False
3304,POL00003304,3,106,2,CUST0000618,2023-09-11,2024-08-31,Cancelled,Standard,1403403.4,True
3305,POL00003305,1,10,1,CUST0002123,2025-04-09,2027-03-31,Active,Standard,897979.72,False
3306,POL00003306,6,85,3,CUST0003911,2025-03-29,2026-02-28,Expired,Standard,647035.0,False
3307,POL00003307,6,105,4,CUST0001745,2025-10-20,2027-09-30,Active,Standard,1085669.44,False
3308,POL00003308,1,26,2,CUST0002329,2025-03-07,2026-02-28,Expired,Basic,819931.09,False
3309,POL00003309,5,3,4,CUST0000697,2024-06-04,2025-05-31,Expired,Standard,404567.65,False
3310,POL00003310,1,6,2,CUST0002559,2024-09-06,2025-08-31,Expired,Basic,517035.03,False
3311,POL00003311,6,70,3,CUST0000640,2025-05-15,2026-04-30,Expired,Premium,920909.83,False
3312,POL00003312,1,39,3,CUST0001726,2025-08-23,2026-07-31,Active,Premium,485131.26,False
3313,POL00003313,6,94,4,CUST0000468,2025-05-02,2026-04-30,Expired,Standard,715138.42,False
3314,POL00003314,1,76,3,CUST0003612,2024-08-16,2025-07-31,Expired,Standard,845193.0,False
3315,POL00003315,6,100,1,CUST0003997,2025-12-06,2027-11-30,Active,Standard,685796.97,False
3316,POL00003316,1,4,2,CUST0000232,2024-02-14,2025-01-31,Expired,Standard,829510.74,False
3317,POL00003317,1,63,1,CUST0000445,2025-07-31,2026-06-30,Active,Premium,599021.41,False
3318,POL00003318,5,57,1,CUST0002866,2024-03-02,2025-02-28,Expired,Standard,511233.75,False
3319,POL00003319,5,55,4,CUST0003779,2025-07-15,2026-06-30,Active,Standard,359783.13,False
3320,POL00003320,1,14,1,CUST0001942,2023-10-31,2024-09-30,Expired,Standard,551530.46,False
3321,POL00003321,10,66,2,CUST0003619,2023-09-10,2024-08-31,Expired,Standard,2273923.14,False
3322,POL00003322,5,102,4,CUST0002971,2024-10-04,2025-09-30,Expired,Standard,501582.44,False
3323,POL00003323,4,54,2,CUST0001678,2025-02-24,2026-01-31,Expired,Standard,1597484.58,False
3324,POL00003324,6,45,3,CUST0001543,2024-06-05,2025-05-31,Expired,Standard,1091209.31,False
3325,POL00003325,3,31,4,CUST0003355,2025-11-01,2026-10-31,Active,Standard,1587923.89,False
3326,POL00003326,3,67,3,CUST0001300,2023-11-26,2024-10-31,Expired,Standard,1204589.31,False
3327,POL00003327,1,97,3,CUST0003126,2024-06-25,2025-05-31,Expired,Standard,561606.9,False
3328,POL00003328,6,35,3,CUST0003836,2023-10-09,2024-09-30,Expired,Basic,903450.09,False
3329,POL00003329,1,53,1,CUST0003862,2025-01-23,2025-12-31,Expired,Standard,836717.73,False
3330,POL00003330,1,48,2,CUST0000279,2025-02-09,2026-01-31,Expired,Basic,458283.54,False
3331,POL00003331,5,107,3,CUST0001789,2023-11-22,2024-10-31,Expired,Standard,605785.16,False
3332,POL00003332,9,20,1,CUST0001179,2024-02-09,2026-01-31,Expired,Basic,9404669.3,False
3333,POL00003333,8,112,2,CUST0003335,2023-11-30,2024-10-31,Expired,Basic,4591673.93,False
3334,POL00003334,1,18,2,CUST0001587,2023-11-03,2024-10-31,Expired,Basic,466188.43,False
3335,POL00003335,1,51,3,CUST0000403,2023-07-15,2024-06-30,Expired,Standard,763440.81,False
3336,POL00003336,1,119,1,CUST0000153,2026-02-06,2027-01-31,Active,Standard,818712.68,False
3337,POL00003337,10,39,4,CUST0000332,2024-08-01,2025-07-31,Expired,Basic,2167383.89,False
3338,POL00003338,6,110,2,CUST0003420,2026-01-27,2026-12-31,Active,Standard,669039.84,False
3339,POL00003339,2,23,4,CUST0001956,2026-02-20,2027-01-31,Active,Basic,675220.53,False
3340,POL00003340,4,64,1,CUST0000325,2025-01-04,2026-12-31,Active,Basic,1014267.49,False
3341,POL00003341,1,34,1,CUST0000801,2023-08-18,2024-07-31,Expired,Standard,699500.13,False
3342,POL00003342,3,39,4,CUST0000977,2025-09-06,2026-08-31,Active,Basic,1126291.69,False
3343,POL00003343,5,30,2,CUST0003871,2025-07-21,2026-06-30,Active,Basic,431840.49,False
3344,POL00003344,1,74,2,CUST0002247,2024-07-18,2025-06-30,Expired,Basic,489202.51,False
3345,POL00003345,2,49,1,CUST0001757,2024-04-24,2025-03-31,Expired,Standard,388581.94,False
3346,POL00003346,1,36,1,CUST0003155,2025-11-14,2026-10-31,Active,Premium,629238.38,False
3347,POL00003347,1,67,3,CUST0000530,2025-04-01,2027-03-31,Active,Standard,528250.96,False
3348,POL00003348,1,58,2,CUST0003668,2025-01-31,2025-12-31,Expired,Standard,523818.53,False
3349,POL00003349,8,94,2,CUST0002239,2024-09-09,2025-08-31,Expired,Basic,5815447.62,False
3350,POL00003350,5,106,4,CUST0003380,2024-02-12,2025-01-31,Expired,Standard,472491.94,False
3351,POL00003351,3,91,3,CUST0000293,2026-02-16,2028-01-31,Active,Standard,1539364.57,False
3352,POL00003352,5,104,4,CUST0003989,2024-03-07,2025-02-28,Expired,Standard,433330.17,False
3353,POL00003353,1,37,3,CUST0000710,2024-02-02,2025-01-31,Expired,Basic,644448.01,False
3354,POL00003354,1,96,3,CUST0000634,2025-04-16,2026-03-31,Expired,Premium,784338.22,False
3355,POL00003355,8,49,2,CUST0001678,2024-10-16,2025-09-30,Expired,Standard,5622381.74,False
3356,POL00003356,4,16,2,CUST0002384,2025-02-10,2026-01-31,Expired,Standard,1171882.17,False
3357,POL00003357,6,18,3,CUST0002228,2024-04-11,2025-03-31,Expired,Standard,566084.68,False
3358,POL00003358,2,52,3,CUST0000575,2025-11-15,2026-10-31,Active,Premium,766243.69,False
3359,POL00003359,3,16,3,CUST0000546,2025-05-23,2026-04-30,Expired,Basic,2078331.1,False
3360,POL00003360,9,7,1,CUST0001970,2024-12-23,2026-11-30,Active,Standard,6960937.51,False
3361,POL00003361,2,42,1,CUST0002548,2025-01-22,2025-12-31,Expired,Standard,747262.75,False
3362,POL00003362,3,102,4,CUST0001849,2025-08-07,2026-07-31,Active,Premium,1331142.49,False
3363,POL00003363,1,40,4,CUST0002033,2025-06-15,2026-05-31,Expired,Standard,496517.83,False
3364,POL00003364,1,91,1,CUST0003933,2025-06-01,2026-05-31,Cancelled,Standard,839111.94,True
3365,POL00003365,10,109,1,CUST0001239,2024-07-20,2025-06-30,Expired,Basic,1860888.32,False
3366,POL00003366,1,72,3,CUST0001102,2024-09-05,2025-08-31,Expired,Standard,804149.31,False
3367,POL00003367,1,74,1,CUST0000773,2024-11-20,2025-10-31,Expired,Standard,816109.68,False
3368,POL00003368,1,27,1,CUST0003613,2023-08-21,2024-07-31,Expired,Standard,459592.28,False
3369,POL00003369,1,8,1,CUST0000260,2023-10-27,2024-09-30,Expired,Standard,836762.8,False
3370,POL00003370,1,111,2,CUST0000195,2025-02-08,2026-01-31,Expired,Standard,769268.16,False
3371,POL00003371,7,76,1,CUST0003311,2026-01-01,2026-12-31,Active,Standard,292124.01,False
3372,POL00003372,1,48,3,CUST0000902,2025-09-09,2026-08-31,Active,Premium,578036.14,False
3373,POL00003373,5,115,3,CUST0002080,2024-01-28,2024-12-31,Expired,Standard,636046.66,False
3374,POL00003374,8,33,4,CUST0003117,2024-12-08,2025-11-30,Expired,Premium,6068820.43,False
3375,POL00003375,5,94,4,CUST0000489,2023-08-08,2024-07-31,Expired,Premium,622266.48,False
3376,POL00003376,1,59,4,CUST0003055,2025-02-03,2026-01-31,Expired,Standard,623605.08,False
3377,POL00003377,10,12,3,CUST0003591,2025-11-04,2026-10-31,Active,Standard,2586424.2,False
3378,POL00003378,4,61,2,CUST0000039,2025-11-15,2026-10-31,Active,Standard,1223912.41,False
3379,POL00003379,1,53,2,CUST0001777,2025-07-19,2026-06-30,Active,Standard,644203.99,False
3380,POL00003380,8,73,1,CUST0000541,2025-03-16,2026-02-28,Expired,Premium,5916377.69,False
3381,POL00003381,10,40,3,CUST0003943,2024-04-07,2025-03-31,Expired,Standard,2133337.26,False
3382,POL00003382,3,64,2,CUST0002537,2025-06-03,2026-05-31,Expired,Standard,1950620.95,False
3383,POL00003383,2,25,2,CUST0003671,2025-08-24,2027-07-31,Active,Basic,496063.5,False
3384,POL00003384,7,92,2,CUST0000065,2023-08-27,2024-07-31,Cancelled,Standard,463920.81,True
3385,POL00003385,1,44,3,CUST0003763,2025-02-25,2026-01-31,Expired,Premium,706692.65,False
3386,POL00003386,3,107,3,CUST0003819,2025-09-24,2026-08-31,Active,Premium,1493104.63,False
3387,POL00003387,1,76,4,CUST0000828,2023-10-08,2024-09-30,Expired,Standard,656038.12,False
3388,POL00003388,7,6,3,CUST0000950,2023-08-16,2024-07-31,Expired,Basic,509758.07,False
3389,POL00003389,9,19,2,CUST0002893,2025-12-17,2026-11-30,Active,Premium,6954413.35,False
3390,POL00003390,1,110,2,CUST0002209,2025-07-25,2026-06-30,Active,Standard,662270.9,False
3391,POL00003391,5,105,1,CUST0001704,2024-01-12,2024-12-31,Expired,Standard,535218.94,False
3392,POL00003392,5,80,1,CUST0000347,2023-10-27,2024-09-30,Expired,Premium,432618.57,False
3393,POL00003393,4,109,2,CUST0003545,2025-06-24,2027-05-31,Active,Basic,1395602.37,False
3394,POL00003394,1,16,3,CUST0000412,2024-10-12,2025-09-30,Expired,Standard,870740.01,False
3395,POL00003395,1,53,2,CUST0001975,2025-05-20,2026-04-30,Expired,Standard,739004.58,False
3396,POL00003396,1,37,3,CUST0001073,2025-05-05,2026-04-30,Expired,Basic,564881.73,False
3397,POL00003397,3,68,4,CUST0002373,2025-07-22,2026-06-30,Active,Premium,1736053.49,False
3398,POL00003398,1,83,1,CUST0001178,2024-11-27,2025-10-31,Expired,Basic,779959.53,False
3399,POL00003399,8,28,4,CUST0002160,2024-09-20,2025-08-31,Expired,Standard,4384432.71,False
3400,POL00003400,4,25,1,CUST0002283,2024-06-04,2026-05-31,Expired,Premium,1600790.89,False
3401,POL00003401,6,83,3,CUST0002438,2025-11-05,2026-10-31,Active,Premium,841226.33,False
3402,POL00003402,2,109,2,CUST0003064,2026-02-27,2027-01-31,Active,Premium,583882.0,False
3403,POL00003403,1,22,3,CUST0003664,2023-08-31,2024-07-31,Expired,Basic,900815.92,False
3404,POL00003404,6,14,3,CUST0000781,2024-09-06,2026-08-31,Active,Standard,1002692.29,False
3405,POL00003405,6,17,2,CUST0001522,2025-09-26,2027-08-31,Active,Standard,764127.88,False
3406,POL00003406,3,43,1,CUST0002758,2025-09-02,2026-08-31,Cancelled,Standard,1130241.3,True
3407,POL00003407,4,77,2,CUST0003067,2023-11-11,2024-10-31,Cancelled,Standard,1086007.6,True
3408,POL00003408,5,86,2,CUST0000087,2023-12-19,2024-11-30,Expired,Standard,683705.2,False
3409,POL00003409,1,27,1,CUST0003308,2025-09-19,2027-08-31,Active,Standard,479050.56,False
3410,POL00003410,5,97,2,CUST0001211,2025-02-24,2026-01-31,Expired,Basic,527384.97,False
3411,POL00003411,1,97,3,CUST0001969,2024-01-22,2025-12-31,Expired,Standard,618960.14,False
3412,POL00003412,2,62,2,CUST0000783,2024-02-12,2025-01-31,Expired,Basic,701188.22,False
3413,POL00003413,8,65,3,CUST0000026,2023-07-30,2024-06-30,Expired,Standard,4489878.03,False
3414,POL00003414,3,39,1,CUST0000951,2024-03-08,2025-02-28,Expired,Basic,2027423.12,False
3415,POL00003415,2,46,1,CUST0002193,2024-01-11,2024-12-31,Expired,Basic,714152.7,False
3416,POL00003416,2,106,3,CUST0002399,2024-02-17,2025-01-31,Expired,Standard,412987.5,False
3417,POL00003417,1,89,4,CUST0001167,2024-04-13,2025-03-31,Expired,Premium,629963.06,False
3418,POL00003418,5,22,1,CUST0001043,2025-09-04,2026-08-31,Active,Standard,393449.83,False
3419,POL00003419,2,63,3,CUST0000795,2024-03-25,2025-02-28,Expired,Premium,523272.4,False
3420,POL00003420,3,113,3,CUST0000781,2024-10-07,2025-09-30,Expired,Basic,1509137.44,False
3421,POL00003421,1,76,4,CUST0002904,2025-08-27,2026-07-31,Active,Standard,602585.19,False
3422,POL00003422,4,25,3,CUST0000750,2025-07-21,2026-06-30,Active,Standard,855620.67,False
3423,POL00003423,3,92,1,CUST0001524,2023-10-14,2024-09-30,Expired,Basic,1291068.57,False
3424,POL00003424,6,36,2,CUST0002283,2024-10-18,2025-09-30,Expired,Basic,648432.74,False
3425,POL00003425,2,88,2,CUST0003110,2023-10-20,2024-09-30,Expired,Premium,747208.48,False
3426,POL00003426,8,62,3,CUST0001443,2025-03-20,2026-02-28,Expired,Standard,5982942.42,False
3427,POL00003427,1,45,4,CUST0000787,2024-07-14,2025-06-30,Expired,Standard,530341.29,False
3428,POL00003428,1,84,1,CUST0000508,2024-04-25,2025-03-31,Expired,Standard,859732.6,False
3429,POL00003429,3,89,4,CUST0002484,2024-10-23,2025-09-30,Expired,Standard,2064731.14,False
3430,POL00003430,7,32,2,CUST0003369,2024-12-01,2025-11-30,Expired,Basic,505544.44,False
3431,POL00003431,1,22,2,CUST0003762,2025-03-31,2026-02-28,Expired,Standard,514334.62,False
3432,POL00003432,3,93,3,CUST0000867,2025-03-15,2026-02-28,Expired,Premium,2035630.63,False
3433,POL00003433,6,28,1,CUST0004000,2024-09-04,2025-08-31,Expired,Basic,1107442.68,False
3434,POL00003434,1,24,4,CUST0000810,2026-01-29,2026-12-31,Active,Premium,576711.43,False
3435,POL00003435,3,80,1,CUST0002999,2024-12-26,2025-11-30,Expired,Standard,2025361.04,False
3436,POL00003436,5,81,2,CUST0001213,2024-03-18,2025-02-28,Expired,Basic,396349.38,False
3437,POL00003437,2,31,1,CUST0003359,2024-02-10,2025-01-31,Expired,Basic,689790.83,False
3438,POL00003438,10,2,2,CUST0001904,2024-07-01,2025-06-30,Expired,Standard,1919376.61,False
3439,POL00003439,10,94,4,CUST0003932,2024-11-01,2025-10-31,Expired,Standard,2030239.72,False
3440,POL00003440,9,39,4,CUST0003629,2023-11-25,2024-10-31,Expired,Standard,5819976.62,False
3441,POL00003441,8,16,1,CUST0003507,2025-09-05,2026-08-31,Active,Basic,5083370.09,False
3442,POL00003442,8,36,1,CUST0001669,2025-05-07,2026-04-30,Expired,Standard,6509954.84,False
3443,POL00003443,6,20,4,CUST0000820,2024-07-30,2025-06-30,Cancelled,Standard,582247.87,True
3444,POL00003444,5,1,1,CUST0002240,2024-12-12,2025-11-30,Expired,Standard,596804.43,False
3445,POL00003445,2,72,1,CUST0001189,2024-04-28,2025-03-31,Expired,Standard,687127.81,False
3446,POL00003446,1,28,1,CUST0003935,2025-12-09,2026-11-30,Active,Basic,814145.29,False
3447,POL00003447,3,112,1,CUST0001737,2024-10-04,2025-09-30,Expired,Premium,1965246.94,False
3448,POL00003448,9,62,3,CUST0001474,2025-04-05,2026-03-31,Expired,Standard,7983260.36,False
3449,POL00003449,7,9,4,CUST0002495,2024-05-07,2025-04-30,Expired,Premium,405219.27,False
3450,POL00003450,1,23,1,CUST0000403,2023-09-03,2024-08-31,Expired,Premium,619718.44,False
3451,POL00003451,2,18,3,CUST0002676,2024-04-19,2025-03-31,Expired,Standard,568957.6,False
3452,POL00003452,3,39,3,CUST0001399,2026-01-20,2026-12-31,Active,Basic,1221831.42,False
3453,POL00003453,4,69,1,CUST0000323,2025-05-17,2027-04-30,Active,Standard,1217866.41,False
3454,POL00003454,5,79,4,CUST0001972,2023-09-19,2024-08-31,Expired,Premium,571448.35,False
3455,POL00003455,8,110,3,CUST0000325,2026-01-27,2026-12-31,Active,Premium,6450830.63,False
3456,POL00003456,4,113,3,CUST0002222,2024-01-23,2024-12-31,Expired,Standard,1199897.27,False
3457,POL00003457,6,67,4,CUST0002673,2025-03-12,2026-02-28,Expired,Standard,822976.05,False
3458,POL00003458,5,70,3,CUST0001245,2025-11-26,2026-10-31,Active,Premium,490722.79,False
3459,POL00003459,9,27,2,CUST0000969,2023-12-11,2024-11-30,Cancelled,Basic,10190279.29,True
3460,POL00003460,1,63,2,CUST0002313,2025-08-14,2026-07-31,Active,Standard,705142.27,False
3461,POL00003461,5,33,4,CUST0002230,2024-07-17,2025-06-30,Expired,Standard,359549.56,False
3462,POL00003462,8,73,1,CUST0000789,2025-09-28,2026-08-31,Active,Basic,4773082.51,False
3463,POL00003463,1,108,4,CUST0000920,2025-04-26,2026-03-31,Expired,Standard,869657.02,False
3464,POL00003464,1,29,2,CUST0000818,2023-07-31,2024-06-30,Expired,Standard,806976.12,False
3465,POL00003465,4,108,2,CUST0001607,2023-12-24,2025-11-30,Expired,Premium,1478175.17,False
3466,POL00003466,1,61,3,CUST0000403,2025-02-05,2027-01-31,Active,Standard,705959.54,False
3467,POL00003467,4,51,3,CUST0003745,2025-08-02,2026-07-31,Active,Standard,1288705.02,False
3468,POL00003468,2,105,1,CUST0000037,2023-12-29,2024-11-30,Expired,Standard,435017.46,False
3469,POL00003469,1,70,2,CUST0001919,2024-01-05,2024-12-31,Expired,Standard,842475.9,False
3470,POL00003470,6,119,2,CUST0003241,2025-06-19,2026-05-31,Expired,Basic,920069.02,False
3471,POL00003471,8,112,3,CUST0001423,2024-07-29,2025-06-30,Expired,Standard,5219124.56,False
3472,POL00003472,2,44,4,CUST0000680,2024-09-16,2025-08-31,Expired,Premium,557612.03,False
3473,POL00003473,6,119,3,CUST0003872,2025-07-23,2026-06-30,Cancelled,Standard,688637.31,True
3474,POL00003474,5,84,1,CUST0003175,2026-02-24,2027-01-31,Active,Standard,610606.4,False
3475,POL00003475,1,116,4,CUST0000816,2025-05-05,2026-04-30,Expired,Standard,852118.61,False
3476,POL00003476,2,61,2,CUST0001666,2023-09-06,2024-08-31,Expired,Standard,701168.63,False
3477,POL00003477,3,105,3,CUST0003424,2026-01-10,2026-12-31,Active,Standard,1571509.3,False
3478,POL00003478,8,94,3,CUST0003886,2024-06-27,2025-05-31,Expired,Standard,5848175.51,False
3479,POL00003479,1,13,1,CUST0002875,2026-02-08,2027-01-31,Active,Standard,527083.44,False
3480,POL00003480,2,5,2,CUST0003245,2024-10-03,2025-09-30,Expired,Standard,688761.95,False
3481,POL00003481,9,97,2,CUST0003634,2023-10-10,2024-09-30,Expired,Premium,8265334.87,False
3482,POL00003482,1,17,4,CUST0002081,2025-12-24,2026-11-30,Active,Standard,672384.76,False
3483,POL00003483,3,40,3,CUST0000800,2024-05-25,2026-04-30,Expired,Standard,1771825.06,False
3484,POL00003484,1,120,1,CUST0003141,2024-10-03,2025-09-30,Expired,Standard,599994.91,False
3485,POL00003485,1,1,3,CUST0003209,2023-12-14,2024-11-30,Expired,Basic,746887.89,False
3486,POL00003486,6,120,3,CUST0001579,2025-05-26,2027-04-30,Active,Premium,688803.74,False
3487,POL00003487,1,42,1,CUST0002409,2024-03-09,2025-02-28,Expired,Basic,558107.36,False
3488,POL00003488,9,107,1,CUST0001177,2024-07-23,2025-06-30,Expired,Standard,7573569.59,False
3489,POL00003489,5,3,3,CUST0000978,2023-10-18,2024-09-30,Expired,Standard,403821.01,False
3490,POL00003490,5,91,1,CUST0001377,2024-02-19,2025-01-31,Expired,Basic,640295.36,False
3491,POL00003491,4,10,4,CUST0003055,2026-02-12,2028-01-31,Active,Standard,1067868.43,False
3492,POL00003492,5,39,2,CUST0001740,2025-08-06,2026-07-31,Active,Basic,467959.29,False
3493,POL00003493,5,80,2,CUST0001106,2025-11-17,2026-10-31,Active,Standard,396290.07,False
3494,POL00003494,1,90,4,CUST0003773,2023-09-22,2024-08-31,Expired,Standard,591043.79,False
3495,POL00003495,3,81,3,CUST0000316,2026-02-18,2027-01-31,Active,Standard,1313963.78,False
3496,POL00003496,6,76,3,CUST0003771,2024-02-16,2025-01-31,Expired,Standard,1017495.96,False
3497,POL00003497,1,34,1,CUST0002659,2025-07-22,2026-06-30,Active,Premium,664231.34,False
3498,POL00003498,10,64,3,CUST0000788,2024-08-03,2025-07-31,Expired,Standard,2237973.53,False
3499,POL00003499,1,12,3,CUST0001909,2023-07-02,2024-06-30,Expired,Premium,471169.67,False
3500,POL00003500,1,53,2,CUST0001440,2025-02-06,2026-01-31,Expired,Premium,581387.07,False
3501,POL00003501,3,12,3,CUST0002985,2024-03-26,2025-02-28,Expired,Standard,1758830.25,False
3502,POL00003502,10,99,1,CUST0001989,2023-12-16,2024-11-30,Cancelled,Standard,2323717.5,True
3503,POL00003503,1,14,2,CUST0002744,2025-08-08,2026-07-31,Active,Premium,823188.5,False
3504,POL00003504,3,71,1,CUST0003246,2025-09-12,2026-08-31,Active,Standard,1134982.63,False
3505,POL00003505,5,71,4,CUST0002981,2025-11-04,2026-10-31,Active,Standard,583149.72,False
3506,POL00003506,1,71,4,CUST0002011,2024-09-23,2025-08-31,Expired,Standard,664797.84,False
3507,POL00003507,1,24,2,CUST0003207,2024-01-04,2024-12-31,Expired,Standard,639716.2,False
3508,POL00003508,6,49,2,CUST0002773,2025-02-24,2026-01-31,Expired,Basic,818777.12,False
3509,POL00003509,5,37,3,CUST0003785,2024-12-18,2025-11-30,Expired,Premium,419399.91,False
3510,POL00003510,1,6,4,CUST0003625,2023-09-21,2024-08-31,Cancelled,Standard,591744.0,True
3511,POL00003511,1,64,2,CUST0002630,2024-08-17,2025-07-31,Expired,Standard,709428.62,False
3512,POL00003512,1,2,4,CUST0000746,2024-02-20,2025-01-31,Expired,Basic,675835.91,False
3513,POL00003513,1,81,3,CUST0003610,2024-06-23,2025-05-31,Expired,Standard,822814.25,False
3514,POL00003514,1,112,3,CUST0002524,2025-03-23,2026-02-28,Cancelled,Basic,589139.23,True
3515,POL00003515,1,50,2,CUST0000335,2025-10-28,2026-09-30,Active,Standard,646829.46,False
3516,POL00003516,7,96,2,CUST0001588,2025-05-11,2026-04-30,Expired,Standard,375939.94,False
3517,POL00003517,3,88,1,CUST0002573,2024-05-16,2026-04-30,Expired,Basic,1278638.55,False
3518,POL00003518,9,29,3,CUST0003680,2025-07-23,2026-06-30,Active,Standard,7922774.49,False
3519,POL00003519,5,67,3,CUST0002082,2025-02-04,2026-01-31,Expired,Basic,543036.79,False
3520,POL00003520,4,63,2,CUST0003002,2023-07-07,2024-06-30,Expired,Standard,853848.27,False
3521,POL00003521,1,40,1,CUST0002126,2025-07-16,2026-06-30,Active,Premium,625942.58,False
3522,POL00003522,3,96,3,CUST0001426,2024-02-21,2025-01-31,Expired,Standard,2013854.85,False
3523,POL00003523,5,47,3,CUST0003978,2023-07-14,2024-06-30,Expired,Standard,522861.97,False
3524,POL00003524,1,7,1,CUST0002926,2024-03-23,2025-02-28,Expired,Premium,836984.63,False
3525,POL00003525,4,82,4,CUST0000924,2025-11-07,2026-10-31,Active,Standard,970087.37,False
3526,POL00003526,5,25,4,CUST0001782,2024-07-18,2025-06-30,Expired,Premium,390304.58,False
3527,POL00003527,5,99,3,CUST0000958,2023-07-02,2025-06-30,Expired,Standard,603974.55,False
3528,POL00003528,1,102,1,CUST0002758,2024-05-16,2025-04-30,Expired,Standard,785508.26,False
3529,POL00003529,1,60,1,CUST0001365,2024-02-17,2025-01-31,Expired,Premium,637589.96,False
3530,POL00003530,2,73,2,CUST0003764,2024-09-30,2025-08-31,Expired,Basic,517918.54,False
3531,POL00003531,5,33,3,CUST0000926,2025-01-28,2025-12-31,Expired,Standard,471843.05,False
3532,POL00003532,5,44,3,CUST0001579,2023-08-19,2024-07-31,Expired,Basic,511522.03,False
3533,POL00003533,7,33,3,CUST0001114,2026-02-24,2027-01-31,Active,Standard,511974.06,False
3534,POL00003534,3,77,3,CUST0000104,2023-09-02,2024-08-31,Expired,Standard,1987688.37,False
3535,POL00003535,1,82,1,CUST0003673,2025-07-27,2026-06-30,Active,Standard,650893.41,False
3536,POL00003536,7,80,1,CUST0003610,2025-07-30,2026-06-30,Active,Basic,537136.51,False
3537,POL00003537,4,30,2,CUST0002810,2024-07-23,2025-06-30,Expired,Basic,1062102.86,False
3538,POL00003538,5,60,3,CUST0002383,2026-01-27,2026-12-31,Active,Standard,610111.49,False
3539,POL00003539,2,51,4,CUST0000105,2025-08-14,2026-07-31,Active,Standard,744654.88,False
3540,POL00003540,7,109,4,CUST0003667,2024-09-09,2025-08-31,Expired,Standard,452478.31,False
3541,POL00003541,6,18,2,CUST0001203,2024-11-12,2026-10-31,Active,Basic,957422.93,False
3542,POL00003542,1,44,3,CUST0003818,2024-03-15,2025-02-28,Expired,Standard,768037.48,False
3543,POL00003543,2,32,2,CUST0001135,2025-05-14,2027-04-30,Active,Standard,690845.61,False
3544,POL00003544,7,26,2,CUST0000445,2023-08-16,2024-07-31,Cancelled,Standard,468982.82,True
3545,POL00003545,6,115,3,CUST0003377,2024-07-06,2026-06-30,Active,Standard,992846.97,False
3546,POL00003546,3,99,1,CUST0001337,2023-07-01,2025-06-30,Expired,Standard,2007520.53,False
3547,POL00003547,1,1,4,CUST0002570,2024-11-17,2025-10-31,Expired,Standard,618617.88,False
3548,POL00003548,1,42,2,CUST0002590,2025-02-02,2027-01-31,Cancelled,Basic,724541.6,True
3549,POL00003549,5,63,3,CUST0002692,2026-02-03,2027-01-31,Active,Premium,566124.05,False
3550,POL00003550,9,70,2,CUST0000629,2025-04-28,2026-03-31,Expired,Premium,6477861.3,False
3551,POL00003551,3,56,3,CUST0000181,2023-11-13,2024-10-31,Expired,Premium,1848080.49,False
3552,POL00003552,6,36,3,CUST0001246,2024-07-22,2025-06-30,Expired,Standard,974161.01,False
3553,POL00003553,2,105,3,CUST0003627,2025-05-27,2026-04-30,Expired,Standard,669550.5,False
3554,POL00003554,8,24,1,CUST0003359,2025-10-11,2026-09-30,Active,Standard,5815106.46,False
3555,POL00003555,10,19,1,CUST0002956,2023-11-23,2024-10-31,Expired,Premium,1476754.71,False
3556,POL00003556,3,94,4,CUST0001531,2024-04-06,2026-03-31,Expired,Premium,1713480.25,False
3557,POL00003557,2,91,3,CUST0003072,2024-10-17,2025-09-30,Expired,Premium,666938.34,False
3558,POL00003558,7,21,2,CUST0000332,2025-04-09,2026-03-31,Expired,Standard,352118.13,False
3559,POL00003559,1,42,2,CUST0001316,2025-10-23,2026-09-30,Active,Standard,489532.24,False
3560,POL00003560,1,106,1,CUST0001450,2024-12-02,2025-11-30,Expired,Standard,639153.55,False
3561,POL00003561,1,68,3,CUST0003891,2025-05-20,2027-04-30,Active,Premium,777462.12,False
3562,POL00003562,1,68,2,CUST0000794,2024-04-17,2025-03-31,Expired,Basic,569940.6,False
3563,POL00003563,8,110,2,CUST0000587,2024-12-19,2026-11-30,Active,Standard,6209052.34,False
3564,POL00003564,2,39,4,CUST0000398,2024-10-26,2025-09-30,Expired,Standard,560171.77,False
3565,POL00003565,1,118,2,CUST0000109,2024-09-07,2025-08-31,Expired,Standard,777385.52,False
3566,POL00003566,6,85,3,CUST0000059,2024-12-04,2025-11-30,Expired,Standard,717527.2,False
3567,POL00003567,1,87,1,CUST0002605,2024-01-27,2024-12-31,Expired,Basic,577543.25,False
3568,POL00003568,4,120,2,CUST0002882,2023-11-15,2024-10-31,Cancelled,Standard,1095415.92,True
3569,POL00003569,4,15,1,CUST0001190,2024-10-13,2025-09-30,Expired,Standard,1031228.32,False
3570,POL00003570,1,51,3,CUST0002156,2025-10-08,2026-09-30,Active,Premium,564715.0,False
3571,POL00003571,6,74,2,CUST0003663,2024-07-01,2025-06-30,Expired,Standard,744868.74,False
3572,POL00003572,1,62,3,CUST0001611,2025-01-15,2025-12-31,Cancelled,Premium,490863.48,True
3573,POL00003573,2,118,1,CUST0001631,2024-10-24,2025-09-30,Expired,Basic,456400.82,False
3574,POL00003574,2,27,3,CUST0000839,2023-08-10,2024-07-31,Expired,Basic,477417.14,False
3575,POL00003575,4,40,2,CUST0000988,2024-11-12,2025-10-31,Cancelled,Standard,1188971.94,True
3576,POL00003576,3,31,2,CUST0002340,2024-02-11,2025-01-31,Expired,Standard,1845493.19,False
3577,POL00003577,3,66,3,CUST0003723,2025-01-26,2025-12-31,Expired,Standard,1611238.65,False
3578,POL00003578,1,1,1,CUST0002281,2024-05-01,2025-04-30,Expired,Premium,898888.44,False
3579,POL00003579,1,32,2,CUST0000279,2025-11-15,2026-10-31,Active,Premium,716140.97,False
3580,POL00003580,9,88,4,CUST0002020,2025-08-17,2026-07-31,Active,Standard,8253760.68,False
3581,POL00003581,3,38,3,CUST0002466,2024-12-02,2026-11-30,Active,Standard,1649409.87,False
3582,POL00003582,4,68,1,CUST0002851,2024-06-16,2025-05-31,Expired,Premium,1666494.62,False
3583,POL00003583,7,65,4,CUST0003591,2024-10-18,2026-09-30,Active,Standard,322201.92,False
3584,POL00003584,3,19,3,CUST0002006,2024-03-04,2025-02-28,Expired,Basic,1189402.7,False
3585,POL00003585,6,118,2,CUST0001906,2025-12-25,2026-11-30,Active,Standard,1034378.21,False
3586,POL00003586,4,105,4,CUST0002084,2024-06-29,2025-05-31,Expired,Standard,1667345.53,False
3587,POL00003587,1,25,2,CUST0001457,2025-01-22,2025-12-31,Expired,Basic,846022.08,False
3588,POL00003588,8,80,4,CUST0000518,2025-11-28,2027-10-31,Active,Premium,4154524.99,False
3589,POL00003589,6,67,2,CUST0003012,2023-08-13,2025-07-31,Expired,Basic,1041878.42,False
3590,POL00003590,4,52,4,CUST0001923,2024-11-03,2025-10-31,Expired,Standard,1003134.92,False
3591,POL00003591,4,63,2,CUST0001388,2023-08-18,2024-07-31,Expired,Standard,1027373.03,False
3592,POL00003592,2,113,4,CUST0003521,2026-01-10,2026-12-31,Active,Basic,458387.34,False
3593,POL00003593,1,13,2,CUST0001495,2024-06-27,2025-05-31,Expired,Standard,510831.88,False
3594,POL00003594,6,33,3,CUST0001609,2023-07-02,2024-06-30,Expired,Premium,781026.82,False
3595,POL00003595,6,51,1,CUST0001364,2024-08-27,2025-07-31,Expired,Standard,881812.39,False
3596,POL00003596,10,20,1,CUST0003582,2023-12-07,2024-11-30,Expired,Basic,2379188.16,False
3597,POL00003597,6,76,3,CUST0001030,2024-08-13,2025-07-31,Expired,Premium,779447.71,False
3598,POL00003598,5,101,2,CUST0002443,2024-09-03,2025-08-31,Expired,Standard,689481.48,False
3599,POL00003599,4,62,1,CUST0001202,2023-09-05,2024-08-31,Expired,Basic,867749.31,False
3600,POL00003600,1,88,2,CUST0002937,2024-01-21,2024-12-31,Expired,Basic,613116.18,False
3601,POL00003601,9,100,3,CUST0000206,2023-07-23,2024-06-30,Expired,Premium,9172203.28,False
3602,POL00003602,1,75,4,CUST0003233,2025-02-18,2026-01-31,Expired,Standard,722315.4,False
3603,POL00003603,2,50,1,CUST0002470,2025-04-11,2026-03-31,Expired,Standard,404508.02,False
3604,POL00003604,7,55,3,CUST0003683,2025-10-06,2026-09-30,Active,Standard,328565.83,False
3605,POL00003605,9,25,3,CUST0003527,2025-12-03,2026-11-30,Active,Basic,7337950.14,False
3606,POL00003606,9,72,4,CUST0002053,2025-12-17,2026-11-30,Cancelled,Standard,10401918.29,True
3607,POL00003607,6,61,2,CUST0002601,2025-10-18,2026-09-30,Active,Standard,567455.92,False
3608,POL00003608,1,85,3,CUST0001204,2024-01-25,2024-12-31,Expired,Standard,484357.97,False
3609,POL00003609,7,40,1,CUST0002505,2025-02-22,2026-01-31,Cancelled,Premium,405344.95,True
3610,POL00003610,3,25,3,CUST0000013,2024-01-05,2024-12-31,Expired,Standard,1378971.26,False
3611,POL00003611,3,54,1,CUST0002359,2024-04-11,2025-03-31,Expired,Standard,1363487.92,False
3612,POL00003612,4,74,2,CUST0002530,2025-05-13,2026-04-30,Cancelled,Standard,1045202.66,True
3613,POL00003613,7,96,1,CUST0002946,2024-05-05,2025-04-30,Expired,Premium,388619.92,False
3614,POL00003614,5,34,3,CUST0003971,2023-09-19,2024-08-31,Expired,Basic,695423.08,False
3615,POL00003615,5,95,1,CUST0002903,2024-09-21,2025-08-31,Expired,Standard,577618.14,False
3616,POL00003616,10,29,4,CUST0001063,2024-03-18,2025-02-28,Expired,Standard,2736748.72,False
3617,POL00003617,1,3,3,CUST0002960,2025-02-04,2026-01-31,Expired,Basic,560045.78,False
3618,POL00003618,1,32,1,CUST0001412,2025-04-26,2026-03-31,Expired,Basic,830951.24,False
3619,POL00003619,1,22,3,CUST0003933,2023-08-22,2024-07-31,Expired,Standard,703315.58,False
3620,POL00003620,2,85,1,CUST0003289,2024-07-16,2025-06-30,Expired,Standard,496407.44,False
3621,POL00003621,2,27,2,CUST0003111,2025-01-27,2026-12-31,Active,Premium,463981.54,False
3622,POL00003622,4,14,4,CUST0001940,2025-09-05,2026-08-31,Active,Premium,1522702.24,False
3623,POL00003623,5,33,3,CUST0002290,2024-11-17,2026-10-31,Active,Standard,658775.98,False
3624,POL00003624,4,80,3,CUST0001396,2024-05-04,2025-04-30,Expired,Premium,1399097.34,False
3625,POL00003625,7,13,2,CUST0000765,2026-02-25,2027-01-31,Active,Premium,463418.17,False
3626,POL00003626,5,113,1,CUST0001563,2025-02-08,2026-01-31,Expired,Standard,408285.07,False
3627,POL00003627,2,85,4,CUST0000454,2026-01-03,2026-12-31,Active,Basic,434043.02,False
3628,POL00003628,3,101,1,CUST0003103,2024-10-16,2025-09-30,Expired,Premium,1536267.95,False
3629,POL00003629,1,29,4,CUST0002869,2023-11-27,2025-10-31,Expired,Premium,536370.29,False
3630,POL00003630,8,47,4,CUST0003488,2024-12-14,2025-11-30,Expired,Standard,4622710.41,False
3631,POL00003631,4,80,3,CUST0001851,2024-11-17,2025-10-31,Expired,Premium,1144818.04,False
3632,POL00003632,8,102,1,CUST0002822,2024-10-12,2026-09-30,Active,Basic,5615817.31,False
3633,POL00003633,6,69,3,CUST0001228,2023-07-29,2024-06-30,Expired,Standard,1096467.05,False
3634,POL00003634,7,50,1,CUST0003365,2025-09-20,2026-08-31,Active,Standard,534774.46,False
3635,POL00003635,6,10,3,CUST0002418,2024-08-29,2026-07-31,Active,Standard,838163.27,False
3636,POL00003636,7,12,4,CUST0001423,2026-01-27,2026-12-31,Active,Basic,545379.83,False
3637,POL00003637,6,80,2,CUST0000491,2023-10-16,2024-09-30,Expired,Basic,754809.42,False
3638,POL00003638,5,115,3,CUST0000416,2026-02-04,2027-01-31,Active,Premium,603207.49,False
3639,POL00003639,5,32,1,CUST0002559,2025-01-21,2025-12-31,Expired,Standard,350692.07,False
3640,POL00003640,1,28,2,CUST0003434,2025-05-31,2027-04-30,Active,Basic,840329.15,False
3641,POL00003641,1,67,3,CUST0002769,2023-09-22,2024-08-31,Expired,Standard,691314.82,False
3642,POL00003642,3,22,2,CUST0003984,2025-03-15,2026-02-28,Expired,Standard,1281223.2,False
3643,POL00003643,8,82,4,CUST0001558,2023-11-03,2024-10-31,Expired,Standard,5692312.97,False
3644,POL00003644,3,56,2,CUST0002281,2024-03-31,2025-02-28,Expired,Standard,1560232.35,False
3645,POL00003645,5,110,1,CUST0003438,2024-12-10,2025-11-30,Expired,Basic,528566.99,False
3646,POL00003646,2,2,2,CUST0002536,2025-03-22,2027-02-28,Active,Premium,751110.78,False
3647,POL00003647,1,46,1,CUST0001030,2024-04-15,2025-03-31,Expired,Premium,730263.17,False
3648,POL00003648,6,107,2,CUST0000600,2024-09-12,2026-08-31,Active,Standard,632016.15,False
3649,POL00003649,6,106,3,CUST0002594,2024-12-11,2026-11-30,Active,Premium,912946.76,False
3650,POL00003650,9,89,4,CUST0001155,2025-09-07,2026-08-31,Active,Basic,8787544.21,False
3651,POL00003651,3,112,2,CUST0002542,2024-08-05,2025-07-31,Expired,Standard,1295940.2,False
3652,POL00003652,4,76,1,CUST0001123,2024-09-05,2025-08-31,Expired,Premium,1164874.6,False
3653,POL00003653,1,70,3,CUST0001854,2024-08-11,2025-07-31,Expired,Standard,593520.25,False
3654,POL00003654,3,108,2,CUST0003692,2024-09-20,2025-08-31,Expired,Basic,1800009.75,False
3655,POL00003655,4,74,2,CUST0001777,2023-09-18,2024-08-31,Expired,Standard,1156329.02,False
3656,POL00003656,6,61,3,CUST0002446,2026-01-16,2026-12-31,Active,Standard,648735.41,False
3657,POL00003657,6,67,2,CUST0003098,2025-01-17,2025-12-31,Expired,Basic,1059182.32,False
3658,POL00003658,3,44,1,CUST0001681,2023-09-03,2024-08-31,Expired,Standard,1588944.96,False
3659,POL00003659,6,85,4,CUST0001512,2023-08-26,2024-07-31,Cancelled,Standard,986953.11,True
3660,POL00003660,8,95,2,CUST0000337,2024-02-22,2025-01-31,Expired,Standard,5342962.89,False
3661,POL00003661,5,14,1,CUST0003431,2024-01-01,2024-12-31,Expired,Standard,408349.0,False
3662,POL00003662,1,52,2,CUST0003297,2025-06-30,2026-05-31,Expired,Basic,470632.56,False
3663,POL00003663,8,18,3,CUST0003988,2024-09-24,2025-08-31,Expired,Standard,4619424.66,False
3664,POL00003664,6,99,1,CUST0003049,2024-05-13,2025-04-30,Expired,Basic,693417.94,False
3665,POL00003665,1,118,4,CUST0003042,2024-05-15,2025-04-30,Expired,Basic,554821.34,False
3666,POL00003666,2,17,1,CUST0000713,2023-10-22,2024-09-30,Expired,Basic,656639.09,False
3667,POL00003667,5,75,3,CUST0002690,2025-05-05,2026-04-30,Expired,Basic,515743.01,False
3668,POL00003668,8,79,2,CUST0003908,2025-02-19,2026-01-31,Expired,Premium,6068714.06,False
3669,POL00003669,4,115,3,CUST0001135,2023-08-04,2025-07-31,Expired,Standard,897753.76,False
3670,POL00003670,1,36,1,CUST0002689,2023-09-01,2024-08-31,Expired,Standard,896002.57,False
3671,POL00003671,8,33,3,CUST0001316,2024-07-22,2025-06-30,Expired,Basic,5665921.47,False
3672,POL00003672,2,84,4,CUST0003418,2024-05-31,2025-04-30,Expired,Basic,631356.22,False
3673,POL00003673,7,41,2,CUST0002565,2023-07-23,2024-06-30,Expired,Standard,416096.67,False
3674,POL00003674,4,13,4,CUST0001757,2024-05-01,2025-04-30,Expired,Premium,937364.77,False
3675,POL00003675,1,91,2,CUST0003524,2024-05-27,2025-04-30,Expired,Basic,851176.87,False
3676,POL00003676,3,78,1,CUST0002599,2025-10-08,2026-09-30,Cancelled,Standard,2032442.49,True
3677,POL00003677,2,77,1,CUST0002832,2023-10-07,2024-09-30,Expired,Basic,469398.16,False
3678,POL00003678,5,68,1,CUST0001826,2025-04-23,2026-03-31,Cancelled,Basic,671613.51,True
3679,POL00003679,8,49,2,CUST0001097,2025-10-24,2026-09-30,Active,Premium,5659282.3,False
3680,POL00003680,1,57,2,CUST0001594,2023-12-01,2024-11-30,Expired,Premium,895037.09,False
3681,POL00003681,1,66,3,CUST0000280,2025-08-20,2026-07-31,Active,Standard,578099.06,False
3682,POL00003682,3,57,1,CUST0003148,2023-07-14,2024-06-30,Expired,Standard,1440286.17,False
3683,POL00003683,3,97,2,CUST0002612,2024-05-18,2025-04-30,Expired,Standard,1796930.93,False
3684,POL00003684,1,112,1,CUST0000291,2026-01-10,2026-12-31,Active,Standard,660236.26,False
3685,POL00003685,1,15,2,CUST0002811,2023-07-29,2024-06-30,Expired,Basic,484964.87,False
3686,POL00003686,1,86,3,CUST0003263,2023-08-05,2024-07-31,Expired,Standard,487581.42,False
3687,POL00003687,7,100,3,CUST0002103,2024-07-27,2025-06-30,Expired,Standard,320625.81,False
3688,POL00003688,2,92,4,CUST0003318,2025-12-13,2026-11-30,Active,Standard,694726.02,False
3689,POL00003689,1,79,2,CUST0000463,2025-04-03,2026-03-31,Cancelled,Standard,692666.01,True
3690,POL00003690,1,67,2,CUST0002181,2025-08-10,2026-07-31,Active,Basic,643792.26,False
3691,POL00003691,8,39,1,CUST0003763,2025-12-28,2026-11-30,Active,Basic,4644743.54,False
3692,POL00003692,9,111,2,CUST0000473,2024-09-06,2025-08-31,Expired,Basic,5649169.75,False
3693,POL00003693,2,108,2,CUST0001863,2025-05-17,2026-04-30,Cancelled,Basic,649693.46,True
3694,POL00003694,1,80,4,CUST0002651,2025-01-22,2025-12-31,Expired,Premium,640524.62,False
3695,POL00003695,1,32,2,CUST0001442,2024-01-17,2024-12-31,Expired,Premium,735857.57,False
3696,POL00003696,2,84,4,CUST0000577,2025-02-02,2026-01-31,Expired,Premium,580433.95,False
3697,POL00003697,3,67,1,CUST0003434,2025-04-04,2026-03-31,Expired,Standard,1988684.52,False
3698,POL00003698,10,117,3,CUST0001160,2024-01-04,2024-12-31,Expired,Standard,2317266.07,False
3699,POL00003699,2,43,4,CUST0000271,2024-06-29,2025-05-31,Expired,Standard,483286.05,False
3700,POL00003700,4,82,1,CUST0001870,2024-01-09,2025-12-31,Expired,Standard,1071797.81,False
3701,POL00003701,4,19,4,CUST0003006,2024-04-28,2025-03-31,Expired,Standard,1488989.59,False
3702,POL00003702,9,119,3,CUST0000607,2024-12-01,2025-11-30,Expired,Standard,7277684.28,False
3703,POL00003703,5,97,3,CUST0001933,2023-12-23,2025-11-30,Expired,Standard,635180.02,False
3704,POL00003704,1,23,4,CUST0003650,2025-03-08,2026-02-28,Expired,Standard,562001.31,False
3705,POL00003705,1,53,4,CUST0003450,2023-12-09,2024-11-30,Cancelled,Standard,487236.72,True
3706,POL00003706,1,8,4,CUST0002556,2024-01-27,2024-12-31,Expired,Standard,765106.39,False
3707,POL00003707,3,63,3,CUST0001268,2025-10-23,2027-09-30,Active,Standard,1084390.81,False
3708,POL00003708,1,28,2,CUST0001443,2025-10-07,2026-09-30,Active,Standard,897186.99,False
3709,POL00003709,1,81,1,CUST0003777,2025-04-09,2026-03-31,Expired,Premium,527288.47,False
3710,POL00003710,9,69,2,CUST0002320,2026-01-28,2026-12-31,Active,Basic,8254975.7,False
3711,POL00003711,5,73,4,CUST0003376,2025-03-14,2026-02-28,Expired,Standard,599995.09,False
3712,POL00003712,6,32,4,CUST0000318,2024-09-17,2025-08-31,Expired,Standard,751337.64,False
3713,POL00003713,5,88,1,CUST0003438,2023-07-30,2024-06-30,Expired,Standard,686539.35,False
3714,POL00003714,9,108,2,CUST0000941,2024-05-29,2025-04-30,Expired,Premium,9139921.44,False
3715,POL00003715,4,99,2,CUST0000987,2025-05-16,2026-04-30,Expired,Standard,1473158.39,False
3716,POL00003716,6,55,1,CUST0000934,2025-08-15,2026-07-31,Active,Standard,769406.21,False
3717,POL00003717,3,30,2,CUST0000987,2024-10-21,2025-09-30,Expired,Standard,1050141.79,False
3718,POL00003718,5,4,4,CUST0001224,2026-01-27,2026-12-31,Active,Basic,659434.37,False
3719,POL00003719,4,49,3,CUST0001155,2025-11-06,2026-10-31,Active,Standard,1468157.08,False
3720,POL00003720,5,50,2,CUST0001332,2024-04-30,2025-03-31,Expired,Standard,491991.06,False
3721,POL00003721,5,26,4,CUST0002274,2025-02-19,2026-01-31,Expired,Standard,386348.12,False
3722,POL00003722,5,56,1,CUST0003609,2024-04-14,2025-03-31,Expired,Standard,606290.36,False
3723,POL00003723,5,30,1,CUST0002963,2025-12-18,2026-11-30,Active,Standard,441313.59,False
3724,POL00003724,3,93,3,CUST0001097,2025-05-31,2026-04-30,Expired,Premium,1865545.49,False
3725,POL00003725,6,97,2,CUST0002441,2023-10-12,2024-09-30,Expired,Basic,946750.68,False
3726,POL00003726,5,18,2,CUST0003501,2025-11-14,2026-10-31,Active,Standard,511085.03,False
3727,POL00003727,1,7,3,CUST0003829,2025-11-30,2026-10-31,Active,Basic,708690.36,False
3728,POL00003728,10,82,1,CUST0002186,2025-12-24,2027-11-30,Active,Premium,2047049.11,False
3729,POL00003729,6,79,2,CUST0003153,2025-09-28,2027-08-31,Active,Standard,571614.14,False
3730,POL00003730,4,34,3,CUST0001462,2025-10-17,2026-09-30,Active,Basic,949390.74,False
3731,POL00003731,1,65,4,CUST0003732,2024-04-06,2026-03-31,Expired,Standard,531244.3,False
3732,POL00003732,5,3,2,CUST0001381,2026-02-07,2027-01-31,Active,Standard,380242.36,False
3733,POL00003733,1,52,3,CUST0000227,2026-02-23,2027-01-31,Active,Standard,884812.85,False
3734,POL00003734,6,14,3,CUST0001226,2024-05-19,2025-04-30,Expired,Basic,720014.24,False
3735,POL00003735,2,3,2,CUST0003227,2025-06-27,2026-05-31,Expired,Standard,519954.69,False
3736,POL00003736,6,9,1,CUST0001206,2023-12-17,2024-11-30,Expired,Basic,900265.9,False
3737,POL00003737,1,105,3,CUST0003557,2025-06-11,2026-05-31,Expired,Standard,564586.57,False
3738,POL00003738,10,60,1,CUST0002377,2024-03-04,2025-02-28,Expired,Standard,2038715.95,False
3739,POL00003739,5,74,4,CUST0001791,2025-08-24,2027-07-31,Active,Premium,456807.32,False
3740,POL00003740,3,5,1,CUST0003049,2023-09-19,2024-08-31,Expired,Standard,1267069.82,False
3741,POL00003741,8,119,2,CUST0001541,2024-05-13,2025-04-30,Expired,Standard,4137434.16,False
3742,POL00003742,2,120,1,CUST0000414,2025-06-16,2026-05-31,Expired,Premium,580554.2,False
3743,POL00003743,5,36,4,CUST0002205,2024-12-25,2025-11-30,Expired,Basic,398574.24,False
3744,POL00003744,6,91,1,CUST0001210,2023-08-07,2024-07-31,Expired,Premium,1028806.63,False
3745,POL00003745,3,3,3,CUST0002405,2025-03-19,2026-02-28,Expired,Standard,1992235.61,False
3746,POL00003746,1,107,4,CUST0002447,2024-09-04,2025-08-31,Expired,Premium,617996.29,False
3747,POL00003747,5,109,2,CUST0000741,2025-01-26,2025-12-31,Expired,Premium,494835.66,False
3748,POL00003748,3,23,3,CUST0001901,2023-11-26,2024-10-31,Expired,Standard,1957541.87,False
3749,POL00003749,4,78,3,CUST0003287,2025-04-22,2026-03-31,Expired,Standard,1189581.52,False
3750,POL00003750,3,47,2,CUST0000104,2024-02-22,2025-01-31,Expired,Basic,1324373.38,False
3751,POL00003751,5,15,2,CUST0000168,2025-06-05,2026-05-31,Expired,Basic,564615.91,False
3752,POL00003752,2,45,4,CUST0003456,2025-11-21,2026-10-31,Cancelled,Premium,450179.34,True
3753,POL00003753,9,6,1,CUST0001279,2024-08-05,2025-07-31,Expired,Basic,7513148.94,False
3754,POL00003754,1,111,3,CUST0000808,2025-10-27,2026-09-30,Active,Standard,805633.26,False
3755,POL00003755,8,104,4,CUST0001634,2024-02-21,2025-01-31,Cancelled,Standard,4154123.16,True
3756,POL00003756,9,97,1,CUST0001134,2024-07-23,2025-06-30,Expired,Standard,6389804.36,False
3757,POL00003757,8,82,3,CUST0000409,2023-11-28,2024-10-31,Expired,Basic,6581458.1,False
3758,POL00003758,9,64,3,CUST0003578,2024-11-23,2025-10-31,Expired,Basic,9070144.23,False
3759,POL00003759,5,77,2,CUST0000835,2024-12-26,2025-11-30,Expired,Basic,493419.37,False
3760,POL00003760,8,57,2,CUST0003636,2025-08-25,2027-07-31,Cancelled,Standard,4547317.88,True
3761,POL00003761,8,27,2,CUST0000171,2023-09-15,2024-08-31,Expired,Basic,4826774.39,False
3762,POL00003762,1,105,3,CUST0002702,2025-01-24,2025-12-31,Expired,Basic,895998.76,False
3763,POL00003763,5,85,2,CUST0002581,2025-09-20,2026-08-31,Active,Basic,617246.84,False
3764,POL00003764,5,50,1,CUST0003110,2024-10-11,2025-09-30,Expired,Basic,570517.6,False
3765,POL00003765,1,12,1,CUST0002542,2025-02-20,2026-01-31,Expired,Standard,557512.6,False
3766,POL00003766,6,77,2,CUST0001770,2024-04-02,2025-03-31,Expired,Premium,623670.78,False
3767,POL00003767,4,68,1,CUST0000018,2024-05-13,2025-04-30,Expired,Basic,1219538.36,False
3768,POL00003768,2,10,3,CUST0001033,2024-09-08,2025-08-31,Expired,Premium,431778.79,False
3769,POL00003769,4,115,1,CUST0001008,2023-09-30,2024-08-31,Expired,Basic,1633858.06,False
3770,POL00003770,7,52,1,CUST0001352,2024-08-30,2025-07-31,Expired,Standard,506590.62,False
3771,POL00003771,5,3,4,CUST0001364,2023-09-23,2024-08-31,Expired,Standard,556083.57,False
3772,POL00003772,7,87,1,CUST0000419,2026-01-24,2026-12-31,Active,Standard,396619.54,False
3773,POL00003773,2,15,4,CUST0000270,2025-11-24,2026-10-31,Active,Standard,562062.29,False
3774,POL00003774,1,50,3,CUST0001755,2026-02-13,2027-01-31,Active,Standard,597747.17,False
3775,POL00003775,1,54,1,CUST0001360,2024-11-02,2025-10-31,Cancelled,Premium,822769.34,True
3776,POL00003776,7,59,2,CUST0000676,2023-09-06,2024-08-31,Expired,Standard,551787.57,False
3777,POL00003777,2,43,1,CUST0001560,2023-11-03,2024-10-31,Cancelled,Premium,408782.23,True
3778,POL00003778,2,91,1,CUST0000720,2025-11-19,2026-10-31,Active,Basic,611563.77,False
3779,POL00003779,4,97,1,CUST0001555,2025-04-23,2026-03-31,Expired,Standard,1154654.81,False
3780,POL00003780,9,117,4,CUST0002436,2025-12-23,2026-11-30,Active,Standard,6370745.29,False
3781,POL00003781,10,12,4,CUST0001281,2023-08-24,2024-07-31,Expired,Standard,2374940.11,False
3782,POL00003782,1,15,3,CUST0003918,2026-02-10,2027-01-31,Cancelled,Basic,551778.94,True
3783,POL00003783,9,37,2,CUST0000781,2026-01-09,2026-12-31,Active,Basic,10357990.22,False
3784,POL00003784,8,2,2,CUST0001206,2024-05-23,2025-04-30,Expired,Standard,5504530.97,False
3785,POL00003785,1,49,2,CUST0001914,2024-07-29,2026-06-30,Active,Standard,894242.35,False
3786,POL00003786,1,46,1,CUST0003334,2025-06-02,2026-05-31,Expired,Standard,460083.99,False
3787,POL00003787,4,30,3,CUST0003740,2024-09-13,2025-08-31,Expired,Standard,1443962.01,False
3788,POL00003788,7,39,1,CUST0002667,2024-09-02,2025-08-31,Expired,Standard,387255.07,False
3789,POL00003789,5,12,2,CUST0001513,2023-08-10,2024-07-31,Expired,Standard,513264.29,False
3790,POL00003790,2,1,3,CUST0003548,2024-01-07,2024-12-31,Expired,Standard,646215.23,False
3791,POL00003791,6,100,1,CUST0002211,2025-05-27,2026-04-30,Cancelled,Basic,586063.26,True
3792,POL00003792,1,34,1,CUST0000591,2025-10-03,2026-09-30,Active,Premium,706969.26,False
3793,POL00003793,1,102,2,CUST0001604,2024-08-23,2025-07-31,Expired,Standard,679682.8,False
3794,POL00003794,3,84,1,CUST0000221,2025-02-03,2026-01-31,Expired,Standard,2008861.34,False
3795,POL00003795,4,23,1,CUST0000604,2025-05-27,2026-04-30,Expired,Standard,863709.68,False
3796,POL00003796,2,7,3,CUST0000684,2025-05-17,2026-04-30,Expired,Premium,686842.12,False
3797,POL00003797,5,81,2,CUST0001446,2024-09-03,2025-08-31,Expired,Basic,651052.51,False
3798,POL00003798,1,60,2,CUST0001034,2024-05-30,2025-04-30,Expired,Premium,773719.22,False
3799,POL00003799,8,48,1,CUST0001704,2025-04-05,2026-03-31,Expired,Standard,6790754.49,False
3800,POL00003800,1,78,1,CUST0002720,2023-10-23,2024-09-30,Cancelled,Standard,561274.32,True
3801,POL00003801,3,107,3,CUST0003830,2024-11-02,2025-10-31,Expired,Standard,1772674.41,False
3802,POL00003802,1,13,4,CUST0001916,2023-10-07,2024-09-30,Expired,Standard,510374.82,False
3803,POL00003803,4,38,1,CUST0000130,2025-10-16,2026-09-30,Active,Standard,1524814.72,False
3804,POL00003804,1,42,4,CUST0003539,2023-12-06,2024-11-30,Expired,Standard,688185.92,False
3805,POL00003805,6,71,1,CUST0002440,2025-08-02,2026-07-31,Active,Standard,927487.16,False
3806,POL00003806,1,110,2,CUST0002686,2023-12-28,2024-11-30,Expired,Standard,494012.25,False
3807,POL00003807,3,9,4,CUST0001142,2024-06-17,2025-05-31,Expired,Standard,1474996.72,False
3808,POL00003808,3,93,3,CUST0001770,2025-11-24,2026-10-31,Active,Basic,1478112.38,False
3809,POL00003809,10,79,3,CUST0000104,2025-02-20,2026-01-31,Expired,Premium,1997687.43,False
3810,POL00003810,7,86,3,CUST0000931,2024-06-17,2025-05-31,Cancelled,Premium,513702.84,True
3811,POL00003811,3,93,4,CUST0000658,2023-11-27,2024-10-31,Expired,Premium,1218515.3,False
3812,POL00003812,1,9,2,CUST0001986,2024-06-06,2025-05-31,Expired,Premium,587330.45,False
3813,POL00003813,9,27,3,CUST0003543,2025-11-10,2026-10-31,Active,Standard,5450857.56,False
3814,POL00003814,1,91,3,CUST0002504,2023-09-23,2024-08-31,Cancelled,Premium,522141.79,True
3815,POL00003815,7,40,3,CUST0000443,2023-09-06,2024-08-31,Expired,Premium,320963.54,False
3816,POL00003816,1,21,3,CUST0000644,2025-12-20,2026-11-30,Active,Premium,595258.24,False
3817,POL00003817,6,51,1,CUST0002613,2025-02-25,2026-01-31,Expired,Standard,627639.48,False
3818,POL00003818,1,49,1,CUST0003886,2024-12-25,2025-11-30,Expired,Basic,855426.32,False
3819,POL00003819,8,74,3,CUST0002105,2023-10-22,2024-09-30,Expired,Basic,6790572.84,False
3820,POL00003820,1,106,2,CUST0001347,2025-08-09,2026-07-31,Active,Premium,534931.09,False
3821,POL00003821,4,18,2,CUST0000725,2024-09-12,2025-08-31,Expired,Standard,1132463.99,False
3822,POL00003822,2,107,2,CUST0003892,2025-03-19,2026-02-28,Expired,Standard,627068.75,False
3823,POL00003823,5,102,2,CUST0000985,2023-08-05,2024-07-31,Expired,Premium,604623.6,False
3824,POL00003824,2,13,2,CUST0001805,2023-11-10,2024-10-31,Expired,Premium,740641.66,False
3825,POL00003825,3,45,4,CUST0003508,2025-05-21,2026-04-30,Expired,Basic,1300144.76,False
3826,POL00003826,5,108,4,CUST0002266,2023-09-03,2024-08-31,Expired,Basic,665477.15,False
3827,POL00003827,1,8,1,CUST0002656,2024-11-10,2025-10-31,Expired,Basic,793044.76,False
3828,POL00003828,5,5,3,CUST0000835,2023-10-17,2024-09-30,Cancelled,Standard,566772.93,True
3829,POL00003829,2,9,1,CUST0003829,2025-04-18,2026-03-31,Expired,Premium,576081.98,False
3830,POL00003830,5,49,3,CUST0001902,2024-06-14,2026-05-31,Expired,Standard,627798.19,False
3831,POL00003831,1,70,4,CUST0001109,2024-05-27,2025-04-30,Expired,Basic,783336.97,False
3832,POL00003832,2,38,1,CUST0003241,2023-12-12,2024-11-30,Expired,Premium,730729.85,False
3833,POL00003833,1,63,4,CUST0003641,2023-07-05,2024-06-30,Expired,Premium,608835.46,False
3834,POL00003834,7,44,3,CUST0002403,2025-09-28,2026-08-31,Active,Basic,312979.34,False
3835,POL00003835,1,111,1,CUST0000780,2025-09-29,2026-08-31,Active,Basic,851119.85,False
3836,POL00003836,1,2,3,CUST0000523,2025-11-16,2026-10-31,Active,Standard,477911.68,False
3837,POL00003837,2,37,2,CUST0000195,2025-03-02,2026-02-28,Expired,Standard,443431.62,False
3838,POL00003838,9,96,1,CUST0000320,2024-09-20,2025-08-31,Expired,Standard,7671232.52,False
3839,POL00003839,6,99,1,CUST0002216,2026-02-21,2027-01-31,Active,Premium,1082416.19,False
3840,POL00003840,8,8,1,CUST0001437,2025-01-05,2025-12-31,Expired,Standard,5269319.88,False
3841,POL00003841,1,112,2,CUST0000937,2024-06-04,2025-05-31,Expired,Standard,811694.3,False
3842,POL00003842,1,81,2,CUST0001867,2025-07-17,2026-06-30,Active,Basic,899281.38,False
3843,POL00003843,1,76,3,CUST0002281,2024-04-06,2026-03-31,Expired,Basic,464987.56,False
3844,POL00003844,1,73,1,CUST0003872,2024-03-26,2025-02-28,Cancelled,Standard,526679.26,True
3845,POL00003845,7,56,1,CUST0001075,2024-06-26,2025-05-31,Expired,Basic,481568.96,False
3846,POL00003846,7,58,1,CUST0003422,2023-07-15,2025-06-30,Expired,Basic,549826.92,False
3847,POL00003847,3,49,4,CUST0001765,2025-09-29,2026-08-31,Active,Standard,1671497.97,False
3848,POL00003848,6,60,2,CUST0003223,2025-09-01,2026-08-31,Active,Basic,627651.98,False
3849,POL00003849,2,21,4,CUST0001243,2024-07-05,2025-06-30,Expired,Standard,570311.52,False
3850,POL00003850,2,35,1,CUST0001451,2025-11-17,2026-10-31,Active,Premium,482887.43,False
3851,POL00003851,1,89,4,CUST0001913,2025-01-04,2025-12-31,Expired,Standard,792818.78,False
3852,POL00003852,9,47,3,CUST0000287,2026-01-22,2026-12-31,Active,Standard,5714559.08,False
3853,POL00003853,5,115,2,CUST0000041,2024-12-21,2025-11-30,Expired,Standard,518723.81,False
3854,POL00003854,9,68,2,CUST0002367,2025-03-18,2027-02-28,Active,Standard,7427207.27,False
3855,POL00003855,8,71,2,CUST0002640,2024-03-02,2025-02-28,Expired,Standard,6970255.89,False
3856,POL00003856,5,117,4,CUST0003261,2025-03-08,2027-02-28,Active,Premium,430341.61,False
3857,POL00003857,1,66,1,CUST0001643,2025-04-03,2027-03-31,Active,Premium,833109.77,False
3858,POL00003858,3,63,3,CUST0000091,2023-12-28,2024-11-30,Expired,Basic,1717481.7,False
3859,POL00003859,5,4,3,CUST0002324,2025-09-24,2026-08-31,Active,Basic,487974.47,False
3860,POL00003860,7,60,4,CUST0000069,2024-09-23,2025-08-31,Expired,Premium,355008.97,False
3861,POL00003861,1,106,2,CUST0002272,2025-11-25,2026-10-31,Active,Premium,662494.69,False
3862,POL00003862,10,76,2,CUST0001092,2025-05-26,2026-04-30,Expired,Basic,1630328.12,False
3863,POL00003863,1,34,2,CUST0001979,2025-10-01,2026-09-30,Active,Premium,791700.69,False
3864,POL00003864,1,78,2,CUST0001073,2024-06-08,2025-05-31,Expired,Standard,528155.84,False
3865,POL00003865,7,52,4,CUST0000606,2025-07-30,2026-06-30,Active,Standard,457361.17,False
3866,POL00003866,7,81,1,CUST0003859,2023-12-23,2024-11-30,Expired,Premium,409709.77,False
3867,POL00003867,3,46,2,CUST0002523,2023-08-15,2024-07-31,Expired,Basic,2092299.21,False
3868,POL00003868,7,95,4,CUST0002876,2025-07-16,2026-06-30,Active,Standard,306829.34,False
3869,POL00003869,5,51,1,CUST0000481,2025-03-31,2027-02-28,Active,Basic,398250.83,False
3870,POL00003870,1,43,2,CUST0003133,2023-07-06,2024-06-30,Expired,Standard,533591.79,False
3871,POL00003871,5,15,2,CUST0002285,2024-04-23,2025-03-31,Expired,Basic,519229.75,False
3872,POL00003872,6,35,1,CUST0003412,2025-11-11,2026-10-31,Cancelled,Basic,1089446.67,True
3873,POL00003873,4,59,3,CUST0003346,2025-11-07,2026-10-31,Active,Standard,1546931.48,False
3874,POL00003874,9,51,3,CUST0003496,2025-12-26,2026-11-30,Active,Basic,10037386.43,False
3875,POL00003875,1,19,3,CUST0001474,2023-08-31,2024-07-31,Expired,Standard,569280.88,False
3876,POL00003876,6,99,4,CUST0002709,2025-06-08,2026-05-31,Expired,Basic,847404.4,False
3877,POL00003877,8,15,1,CUST0000996,2023-11-01,2024-10-31,Expired,Standard,6550173.85,False
3878,POL00003878,3,41,4,CUST0001671,2023-11-20,2024-10-31,Expired,Standard,1146532.73,False
3879,POL00003879,9,40,2,CUST0003446,2026-01-27,2026-12-31,Active,Standard,7771313.7,False
3880,POL00003880,3,20,4,CUST0003956,2025-10-05,2027-09-30,Active,Basic,1591560.66,False
3881,POL00003881,1,18,3,CUST0003305,2026-01-08,2026-12-31,Active,Standard,683032.94,False
3882,POL00003882,4,34,2,CUST0003235,2023-11-17,2024-10-31,Expired,Premium,1091789.24,False
3883,POL00003883,5,111,4,CUST0000514,2026-01-12,2026-12-31,Active,Standard,449933.08,False
3884,POL00003884,5,19,2,CUST0002672,2024-12-11,2025-11-30,Cancelled,Standard,406464.51,True
3885,POL00003885,1,111,1,CUST0003603,2024-05-29,2025-04-30,Expired,Standard,521429.23,False
3886,POL00003886,7,23,1,CUST0000875,2023-07-27,2024-06-30,Expired,Standard,377331.96,False
3887,POL00003887,1,22,3,CUST0003963,2023-10-05,2024-09-30,Expired,Basic,627749.26,False
3888,POL00003888,5,80,2,CUST0001736,2025-05-27,2026-04-30,Expired,Standard,439745.06,False
3889,POL00003889,2,31,2,CUST0001769,2024-07-07,2025-06-30,Expired,Premium,621840.24,False
3890,POL00003890,1,89,3,CUST0002036,2024-07-27,2025-06-30,Expired,Basic,877547.18,False
3891,POL00003891,5,70,3,CUST0001720,2024-10-03,2025-09-30,Expired,Basic,539208.5,False
3892,POL00003892,1,9,3,CUST0003019,2024-08-06,2025-07-31,Expired,Standard,885028.37,False
3893,POL00003893,4,67,3,CUST0003404,2025-10-24,2026-09-30,Active,Standard,1283389.64,False
3894,POL00003894,6,78,2,CUST0000742,2024-04-21,2025-03-31,Expired,Basic,797152.93,False
3895,POL00003895,1,70,1,CUST0003334,2025-09-30,2026-08-31,Active,Basic,584962.09,False
3896,POL00003896,1,3,1,CUST0002087,2024-03-15,2025-02-28,Expired,Standard,566635.64,False
3897,POL00003897,7,100,2,CUST0003041,2024-06-07,2025-05-31,Expired,Standard,541179.88,False
3898,POL00003898,3,43,4,CUST0002550,2025-07-19,2027-06-30,Active,Standard,1716454.23,False
3899,POL00003899,3,22,1,CUST0001191,2024-07-31,2025-06-30,Expired,Standard,2034236.29,False
3900,POL00003900,3,10,2,CUST0002110,2025-01-19,2025-12-31,Expired,Standard,1379475.62,False
3901,POL00003901,5,71,1,CUST0001865,2024-06-25,2026-05-31,Cancelled,Standard,677503.97,True
3902,POL00003902,2,18,2,CUST0002611,2025-02-03,2026-01-31,Expired,Premium,536222.2,False
3903,POL00003903,3,69,4,CUST0000124,2023-11-02,2025-10-31,Expired,Premium,1120380.53,False
3904,POL00003904,7,70,2,CUST0002363,2025-12-26,2026-11-30,Active,Premium,554741.71,False
3905,POL00003905,1,39,1,CUST0000273,2025-01-24,2025-12-31,Expired,Standard,643656.39,False
3906,POL00003906,1,91,2,CUST0003231,2023-12-22,2024-11-30,Expired,Standard,567563.35,False
3907,POL00003907,3,57,4,CUST0001429,2024-03-19,2025-02-28,Cancelled,Standard,1422812.17,True
3908,POL00003908,1,104,3,CUST0003256,2024-06-12,2025-05-31,Expired,Basic,644613.28,False
3909,POL00003909,2,106,1,CUST0000209,2024-10-22,2025-09-30,Expired,Premium,657872.0,False
3910,POL00003910,3,54,3,CUST0001728,2024-10-02,2025-09-30,Expired,Standard,1426367.19,False
3911,POL00003911,2,63,1,CUST0000966,2024-06-18,2025-05-31,Expired,Standard,495468.91,False
3912,POL00003912,5,120,1,CUST0003318,2026-01-15,2026-12-31,Active,Basic,633806.69,False
3913,POL00003913,1,104,2,CUST0002189,2025-09-04,2026-08-31,Active,Basic,606570.65,False
3914,POL00003914,6,103,3,CUST0000252,2025-09-02,2027-08-31,Active,Standard,1030726.49,False
3915,POL00003915,3,28,3,CUST0003188,2024-12-20,2025-11-30,Expired,Basic,1713971.44,False
3916,POL00003916,9,102,2,CUST0002940,2024-06-01,2025-05-31,Expired,Basic,6563080.31,False
3917,POL00003917,1,21,1,CUST0000805,2024-04-07,2025-03-31,Expired,Premium,846000.78,False
3918,POL00003918,6,56,2,CUST0000072,2025-05-15,2026-04-30,Expired,Standard,1063266.42,False
3919,POL00003919,6,13,2,CUST0003557,2023-08-22,2024-07-31,Expired,Standard,990192.34,False
3920,POL00003920,1,61,4,CUST0002754,2025-02-08,2026-01-31,Expired,Standard,481564.94,False
3921,POL00003921,5,20,1,CUST0000357,2024-01-31,2024-12-31,Expired,Premium,377895.57,False
3922,POL00003922,6,43,4,CUST0002945,2023-12-25,2025-11-30,Expired,Standard,796357.93,False
3923,POL00003923,2,9,2,CUST0001949,2025-07-18,2026-06-30,Active,Standard,667244.02,False
3924,POL00003924,2,19,2,CUST0000067,2025-11-19,2027-10-31,Active,Basic,640736.33,False
3925,POL00003925,1,90,2,CUST0001612,2024-02-28,2025-01-31,Expired,Standard,716369.39,False
3926,POL00003926,4,26,2,CUST0000205,2024-03-15,2025-02-28,Expired,Premium,1518677.97,False
3927,POL00003927,4,54,1,CUST0001264,2025-07-03,2026-06-30,Active,Standard,841703.08,False
3928,POL00003928,6,98,1,CUST0002736,2023-10-02,2024-09-30,Expired,Premium,699758.38,False
3929,POL00003929,1,9,1,CUST0002235,2025-12-09,2026-11-30,Active,Standard,825010.67,False
3930,POL00003930,1,2,4,CUST0002110,2023-11-28,2024-10-31,Cancelled,Premium,866754.58,True
3931,POL00003931,4,27,2,CUST0003445,2025-05-15,2026-04-30,Expired,Standard,1000363.36,False
3932,POL00003932,1,38,2,CUST0002859,2025-05-18,2026-04-30,Expired,Basic,636040.15,False
3933,POL00003933,4,85,3,CUST0003006,2023-12-29,2024-11-30,Expired,Basic,1049748.61,False
3934,POL00003934,1,79,1,CUST0001889,2025-12-18,2026-11-30,Active,Standard,746851.29,False
3935,POL00003935,1,3,1,CUST0001833,2024-06-20,2026-05-31,Expired,Standard,894274.21,False
3936,POL00003936,2,55,4,CUST0002945,2023-08-17,2024-07-31,Expired,Premium,443867.1,False
3937,POL00003937,2,21,2,CUST0001076,2026-02-15,2027-01-31,Active,Standard,450158.81,False
3938,POL00003938,2,83,4,CUST0002995,2025-02-16,2026-01-31,Expired,Basic,608723.12,False
3939,POL00003939,5,56,1,CUST0002749,2023-08-18,2024-07-31,Expired,Standard,424525.06,False
3940,POL00003940,10,22,1,CUST0003998,2024-04-21,2025-03-31,Expired,Standard,2614924.34,False
3941,POL00003941,9,45,3,CUST0003540,2025-05-23,2026-04-30,Expired,Premium,5331665.75,False
3942,POL00003942,2,60,3,CUST0002944,2025-02-02,2026-01-31,Expired,Basic,421251.0,False
3943,POL00003943,10,105,1,CUST0000646,2026-01-29,2026-12-31,Active,Standard,2564415.92,False
3944,POL00003944,6,77,3,CUST0001041,2025-01-20,2026-12-31,Active,Basic,731383.54,False
3945,POL00003945,4,45,4,CUST0002698,2025-08-15,2026-07-31,Active,Basic,1119418.48,False
3946,POL00003946,1,101,2,CUST0000005,2025-05-12,2026-04-30,Expired,Basic,677826.85,False
3947,POL00003947,8,52,1,CUST0002195,2025-10-26,2026-09-30,Active,Standard,4179642.19,False
3948,POL00003948,6,95,2,CUST0000218,2025-04-03,2026-03-31,Expired,Basic,860420.68,False
3949,POL00003949,5,25,3,CUST0000449,2023-10-31,2024-09-30,Expired,Premium,514050.95,False
3950,POL00003950,1,49,3,CUST0002480,2025-08-07,2026-07-31,Active,Premium,854192.48,False
3951,POL00003951,2,67,1,CUST0001679,2025-12-20,2026-11-30,Active,Standard,755463.69,False
3952,POL00003952,5,15,2,CUST0000011,2024-03-29,2025-02-28,Expired,Basic,681852.18,False
3953,POL00003953,9,75,4,CUST0000168,2026-02-19,2027-01-31,Active,Basic,6598640.26,False
3954,POL00003954,3,104,3,CUST0002248,2024-05-02,2025-04-30,Expired,Standard,1608699.87,False
3955,POL00003955,2,22,3,CUST0001344,2024-08-13,2025-07-31,Expired,Standard,750727.14,False
3956,POL00003956,9,59,4,CUST0003564,2023-10-23,2024-09-30,Expired,Standard,8146189.38,False
3957,POL00003957,1,10,1,CUST0000996,2023-08-03,2024-07-31,Expired,Standard,517755.01,False
3958,POL00003958,4,8,4,CUST0001425,2025-04-17,2027-03-31,Cancelled,Standard,963282.13,True
3959,POL00003959,2,64,1,CUST0002639,2023-08-04,2024-07-31,Expired,Basic,731942.36,False
3960,POL00003960,2,83,2,CUST0001171,2023-09-13,2024-08-31,Expired,Basic,462659.79,False
3961,POL00003961,2,44,2,CUST0003980,2025-01-28,2026-12-31,Active,Standard,394221.52,False
3962,POL00003962,5,45,4,CUST0002961,2024-03-17,2025-02-28,Expired,Premium,416157.86,False
3963,POL00003963,9,13,3,CUST0002402,2025-08-02,2026-07-31,Active,Standard,7756574.41,False
3964,POL00003964,1,117,2,CUST0002943,2024-03-21,2025-02-28,Expired,Standard,788674.73,False
3965,POL00003965,4,103,2,CUST0000827,2025-02-23,2026-01-31,Expired,Standard,1257288.27,False
3966,POL00003966,1,3,2,CUST0002406,2024-09-26,2025-08-31,Expired,Standard,786624.02,False
3967,POL00003967,5,50,2,CUST0001061,2025-02-14,2026-01-31,Expired,Premium,547350.88,False
3968,POL00003968,4,13,4,CUST0000401,2024-06-27,2026-05-31,Expired,Standard,1119248.53,False
3969,POL00003969,1,1,1,CUST0002117,2024-07-13,2025-06-30,Expired,Basic,676927.44,False
3970,POL00003970,2,61,2,CUST0003701,2025-05-01,2026-04-30,Expired,Standard,397079.19,False
3971,POL00003971,9,115,4,CUST0002544,2023-09-28,2024-08-31,Expired,Standard,7763551.08,False
3972,POL00003972,1,117,2,CUST0000460,2025-01-20,2025-12-31,Expired,Standard,733461.72,False
3973,POL00003973,1,22,4,CUST0002654,2024-04-16,2025-03-31,Expired,Standard,710773.49,False
3974,POL00003974,4,41,2,CUST0002790,2025-10-16,2026-09-30,Active,Basic,862376.47,False
3975,POL00003975,1,32,1,CUST0003543,2024-11-24,2025-10-31,Cancelled,Standard,686687.38,True
3976,POL00003976,3,86,4,CUST0000798,2024-12-19,2025-11-30,Expired,Premium,1247146.38,False
3977,POL00003977,9,96,3,CUST0000974,2024-12-24,2025-11-30,Expired,Basic,10054399.77,False
3978,POL00003978,1,96,1,CUST0001233,2024-09-26,2025-08-31,Expired,Standard,457818.4,False
3979,POL00003979,9,23,1,CUST0003288,2024-05-06,2026-04-30,Expired,Standard,9780309.08,False
3980,POL00003980,1,8,1,CUST0001059,2025-12-26,2026-11-30,Active,Standard,811077.76,False
3981,POL00003981,2,60,1,CUST0002739,2024-07-21,2025-06-30,Expired,Premium,714609.01,False
3982,POL00003982,6,95,3,CUST0003605,2024-06-20,2025-05-31,Expired,Basic,1015333.15,False
3983,POL00003983,2,80,3,CUST0003079,2026-02-13,2027-01-31,Active,Basic,568010.37,False
3984,POL00003984,2,79,2,CUST0002149,2023-11-09,2024-10-31,Cancelled,Basic,694212.61,True
3985,POL00003985,1,114,1,CUST0000843,2024-08-18,2025-07-31,Expired,Standard,715195.57,False
3986,POL00003986,8,90,3,CUST0002764,2025-08-16,2026-07-31,Active,Premium,4062520.2,False
3987,POL00003987,2,106,3,CUST0003716,2025-11-26,2026-10-31,Active,Basic,716429.49,False
3988,POL00003988,6,107,4,CUST0003845,2024-02-02,2026-01-31,Expired,Standard,618915.51,False
3989,POL00003989,1,82,3,CUST0001485,2023-11-02,2025-10-31,Expired,Basic,562036.62,False
3990,POL00003990,1,6,3,CUST0001157,2026-01-22,2026-12-31,Active,Standard,777273.72,False
3991,POL00003991,1,47,1,CUST0003671,2025-09-28,2026-08-31,Active,Standard,604907.93,False
3992,POL00003992,1,7,3,CUST0001563,2023-08-27,2024-07-31,Expired,Basic,563859.77,False
3993,POL00003993,3,47,4,CUST0000747,2025-07-14,2026-06-30,Active,Basic,1944944.91,False
3994,POL00003994,7,62,2,CUST0002362,2024-12-29,2025-11-30,Expired,Standard,346987.09,False
3995,POL00003995,3,53,4,CUST0002499,2024-03-22,2025-02-28,Expired,Standard,1563802.78,False
3996,POL00003996,6,15,4,CUST0003923,2025-07-03,2026-06-30,Active,Standard,906725.41,False
3997,POL00003997,1,39,1,CUST0001616,2025-02-23,2026-01-31,Expired,Standard,854506.68,False
3998,POL00003998,1,56,1,CUST0003023,2024-02-13,2025-01-31,Cancelled,Standard,679848.56,True
3999,POL00003999,5,112,3,CUST0000488,2025-09-17,2026-08-31,Active,Basic,677896.18,False
4000,POL00004000,1,66,3,CUST0002349,2025-05-24,2026-04-30,Cancelled,Standard,781435.91,True
4001,POL00004001,1,118,1,CUST0003348,2024-03-21,2025-02-28,Expired,Standard,626361.64,False
4002,POL00004002,3,118,2,CUST0001881,2024-06-07,2025-05-31,Expired,Premium,1560367.44,False
4003,POL00004003,3,46,2,CUST0002008,2025-07-29,2026-06-30,Active,Standard,1266111.81,False
4004,POL00004004,1,84,2,CUST0000273,2024-05-08,2025-04-30,Expired,Standard,770982.84,False
4005,POL00004005,4,32,2,CUST0002584,2025-11-14,2026-10-31,Active,Standard,1509018.59,False
4006,POL00004006,1,87,2,CUST0000608,2023-10-28,2024-09-30,Expired,Premium,517111.91,False
4007,POL00004007,4,82,3,CUST0001371,2025-10-23,2026-09-30,Active,Premium,1664327.94,False
4008,POL00004008,5,117,4,CUST0000305,2024-10-03,2025-09-30,Expired,Standard,687655.56,False
4009,POL00004009,5,112,2,CUST0000533,2025-08-12,2026-07-31,Active,Standard,529130.24,False
4010,POL00004010,7,77,2,CUST0001661,2024-06-10,2025-05-31,Expired,Standard,517369.92,False
4011,POL00004011,5,9,1,CUST0002073,2024-10-07,2025-09-30,Expired,Basic,599346.77,False
4012,POL00004012,4,76,2,CUST0001557,2024-06-05,2025-05-31,Expired,Standard,1082108.62,False
4013,POL00004013,9,52,3,CUST0002315,2023-10-29,2024-09-30,Expired,Standard,8000467.44,False
4014,POL00004014,1,33,2,CUST0002664,2024-06-21,2025-05-31,Expired,Standard,909505.1,False
4015,POL00004015,1,93,2,CUST0003516,2024-07-01,2025-06-30,Expired,Premium,614339.08,False
4016,POL00004016,1,42,3,CUST0000107,2025-07-01,2026-06-30,Active,Standard,877654.09,False
4017,POL00004017,1,63,3,CUST0000664,2025-09-17,2026-08-31,Active,Standard,698396.31,False
4018,POL00004018,2,81,1,CUST0001769,2025-05-13,2026-04-30,Expired,Standard,486504.36,False
4019,POL00004019,1,9,4,CUST0002848,2024-02-11,2026-01-31,Expired,Basic,557020.25,False
4020,POL00004020,2,60,4,CUST0002181,2025-08-21,2026-07-31,Active,Standard,646392.42,False
4021,POL00004021,6,100,4,CUST0002307,2025-01-13,2025-12-31,Expired,Standard,812300.91,False
4022,POL00004022,1,4,4,CUST0003713,2024-02-03,2025-01-31,Expired,Standard,456249.94,False
4023,POL00004023,9,84,4,CUST0003242,2025-03-05,2026-02-28,Expired,Standard,9090637.23,False
4024,POL00004024,2,68,3,CUST0003354,2025-06-29,2026-05-31,Expired,Standard,399914.6,False
4025,POL00004025,5,8,1,CUST0003908,2025-12-24,2026-11-30,Active,Standard,422587.09,False
4026,POL00004026,1,11,3,CUST0003556,2023-10-19,2024-09-30,Expired,Basic,615769.73,False
4027,POL00004027,5,96,4,CUST0002226,2026-01-05,2026-12-31,Active,Basic,446476.68,False
4028,POL00004028,5,111,2,CUST0000996,2025-04-24,2026-03-31,Expired,Standard,677792.28,False
4029,POL00004029,3,65,3,CUST0002401,2023-11-04,2024-10-31,Expired,Basic,2075577.62,False
4030,POL00004030,2,97,2,CUST0002133,2023-12-16,2024-11-30,Expired,Standard,418082.97,False
4031,POL00004031,9,80,2,CUST0000853,2025-06-08,2027-05-31,Active,Basic,7015135.29,False
4032,POL00004032,3,81,1,CUST0000281,2023-12-12,2024-11-30,Expired,Basic,1884453.79,False
4033,POL00004033,2,53,1,CUST0002313,2024-05-21,2025-04-30,Expired,Standard,492666.28,False
4034,POL00004034,2,51,2,CUST0001959,2023-10-15,2024-09-30,Expired,Standard,434707.08,False
4035,POL00004035,5,112,2,CUST0001818,2025-04-16,2026-03-31,Expired,Basic,382230.7,False
4036,POL00004036,1,93,1,CUST0001468,2025-10-25,2026-09-30,Active,Premium,647192.32,False
4037,POL00004037,1,84,2,CUST0001001,2024-10-26,2025-09-30,Cancelled,Basic,519158.91,True
4038,POL00004038,5,43,4,CUST0000894,2023-11-06,2024-10-31,Expired,Basic,577450.42,False
4039,POL00004039,1,87,4,CUST0000174,2025-12-27,2026-11-30,Active,Basic,869704.52,False
4040,POL00004040,6,10,1,CUST0002330,2024-04-09,2025-03-31,Expired,Standard,571842.17,False
4041,POL00004041,1,85,2,CUST0001711,2024-11-29,2025-10-31,Expired,Premium,543217.86,False
4042,POL00004042,8,103,3,CUST0003871,2025-04-07,2026-03-31,Expired,Basic,4461381.59,False
4043,POL00004043,4,10,4,CUST0003522,2026-01-15,2026-12-31,Active,Standard,1489886.15,False
4044,POL00004044,3,14,2,CUST0003150,2024-09-01,2025-08-31,Expired,Premium,1632397.05,False
4045,POL00004045,6,94,2,CUST0000668,2025-03-02,2026-02-28,Expired,Premium,981087.17,False
4046,POL00004046,3,40,4,CUST0003746,2025-11-17,2027-10-31,Active,Standard,1148569.12,False
4047,POL00004047,6,73,2,CUST0002550,2025-10-21,2026-09-30,Active,Standard,631655.22,False
4048,POL00004048,5,73,3,CUST0002808,2023-08-05,2024-07-31,Expired,Premium,694191.57,False
4049,POL00004049,6,73,1,CUST0001950,2025-07-06,2026-06-30,Active,Basic,611664.7,False
4050,POL00004050,6,22,3,CUST0002909,2025-01-03,2025-12-31,Expired,Standard,635104.09,False
4051,POL00004051,6,21,2,CUST0001146,2025-01-29,2025-12-31,Expired,Basic,835058.43,False
4052,POL00004052,6,52,1,CUST0000935,2025-03-27,2026-02-28,Expired,Basic,943155.93,False
4053,POL00004053,2,97,2,CUST0000937,2024-12-25,2025-11-30,Expired,Standard,676381.43,False
4054,POL00004054,2,63,1,CUST0001748,2024-12-15,2025-11-30,Expired,Basic,641119.64,False
4055,POL00004055,4,48,4,CUST0000941,2023-07-29,2024-06-30,Expired,Standard,1158080.35,False
4056,POL00004056,1,37,3,CUST0000647,2025-03-24,2026-02-28,Expired,Premium,585994.68,False
4057,POL00004057,3,59,3,CUST0003686,2025-11-16,2026-10-31,Active,Basic,1215734.39,False
4058,POL00004058,3,31,2,CUST0002058,2025-12-31,2026-11-30,Active,Basic,2094464.58,False
4059,POL00004059,7,2,2,CUST0003261,2024-07-21,2026-06-30,Active,Standard,296692.43,False
4060,POL00004060,5,119,3,CUST0001099,2026-02-06,2027-01-31,Active,Standard,609420.7,False
4061,POL00004061,2,72,2,CUST0001326,2025-03-28,2026-02-28,Expired,Standard,508579.4,False
4062,POL00004062,4,35,1,CUST0002353,2025-05-26,2026-04-30,Expired,Basic,1256147.22,False
4063,POL00004063,1,45,3,CUST0002622,2024-04-04,2026-03-31,Expired,Standard,842290.93,False
4064,POL00004064,8,106,1,CUST0001214,2024-11-30,2025-10-31,Expired,Standard,5872052.6,False
4065,POL00004065,1,96,1,CUST0002839,2025-03-13,2026-02-28,Expired,Standard,549492.87,False
4066,POL00004066,2,9,2,CUST0003070,2024-08-22,2025-07-31,Expired,Standard,496149.15,False
4067,POL00004067,4,92,1,CUST0003672,2023-08-29,2024-07-31,Expired,Basic,1445869.95,False
4068,POL00004068,1,78,3,CUST0000332,2025-12-25,2026-11-30,Active,Standard,795069.67,False
4069,POL00004069,2,41,1,CUST0001091,2024-10-17,2025-09-30,Expired,Standard,462550.7,False
4070,POL00004070,5,57,3,CUST0003413,2024-06-22,2025-05-31,Expired,Standard,598651.29,False
4071,POL00004071,6,117,4,CUST0002429,2025-07-03,2027-06-30,Active,Premium,784160.49,False
4072,POL00004072,1,9,2,CUST0000059,2025-04-08,2026-03-31,Expired,Standard,530325.31,False
4073,POL00004073,4,108,3,CUST0000089,2025-07-14,2026-06-30,Active,Premium,1586128.89,False
4074,POL00004074,1,45,2,CUST0003461,2024-07-04,2025-06-30,Expired,Premium,779427.8,False
4075,POL00004075,1,16,1,CUST0000840,2023-11-25,2024-10-31,Expired,Standard,811664.36,False
4076,POL00004076,7,1,4,CUST0000608,2025-09-21,2026-08-31,Active,Premium,486312.8,False
4077,POL00004077,1,120,3,CUST0001320,2025-09-05,2026-08-31,Active,Standard,548561.23,False
4078,POL00004078,1,109,4,CUST0002807,2024-03-30,2025-02-28,Expired,Basic,562503.57,False
4079,POL00004079,2,85,4,CUST0003978,2025-12-09,2026-11-30,Active,Premium,641401.35,False
4080,POL00004080,2,9,2,CUST0001226,2024-03-04,2025-02-28,Expired,Standard,520346.05,False
4081,POL00004081,6,92,2,CUST0002177,2025-07-20,2026-06-30,Active,Standard,757009.58,False
4082,POL00004082,4,84,2,CUST0002146,2026-02-01,2027-01-31,Active,Standard,1555239.07,False
4083,POL00004083,6,68,1,CUST0000261,2025-10-03,2026-09-30,Active,Premium,724999.55,False
4084,POL00004084,1,33,4,CUST0001708,2025-03-24,2026-02-28,Cancelled,Basic,483748.92,True
4085,POL00004085,7,27,1,CUST0003704,2025-12-17,2026-11-30,Active,Standard,427184.2,False
4086,POL00004086,3,4,3,CUST0000403,2024-07-30,2026-06-30,Cancelled,Standard,1696402.66,True
4087,POL00004087,3,22,1,CUST0002215,2026-02-17,2027-01-31,Active,Basic,1108946.74,False
4088,POL00004088,7,59,2,CUST0001175,2025-05-03,2026-04-30,Expired,Basic,440880.12,False
4089,POL00004089,1,114,1,CUST0000879,2023-12-13,2024-11-30,Expired,Standard,819584.68,False
4090,POL00004090,3,14,2,CUST0000924,2024-08-19,2025-07-31,Cancelled,Basic,1468556.28,True
4091,POL00004091,1,9,2,CUST0001828,2024-08-30,2025-07-31,Expired,Standard,633504.36,False
4092,POL00004092,1,119,1,CUST0003299,2025-10-31,2026-09-30,Active,Premium,697391.74,False
4093,POL00004093,5,114,1,CUST0000921,2024-03-11,2025-02-28,Expired,Standard,552102.35,False
4094,POL00004094,10,112,1,CUST0002224,2023-12-02,2024-11-30,Expired,Premium,2419672.11,False
4095,POL00004095,5,24,1,CUST0003981,2024-12-13,2025-11-30,Expired,Standard,493307.54,False
4096,POL00004096,9,59,2,CUST0003138,2024-06-29,2025-05-31,Expired,Standard,8070439.79,False
4097,POL00004097,6,30,1,CUST0002980,2025-12-04,2026-11-30,Active,Basic,618926.41,False
4098,POL00004098,1,18,1,CUST0003841,2025-03-02,2026-02-28,Expired,Standard,736865.54,False
4099,POL00004099,8,91,1,CUST0001110,2025-05-08,2026-04-30,Expired,Standard,6498492.72,False
4100,POL00004100,1,61,1,CUST0001808,2024-11-14,2025-10-31,Cancelled,Basic,841395.16,True
4101,POL00004101,8,63,4,CUST0003240,2024-12-21,2026-11-30,Active,Standard,5160337.55,False
4102,POL00004102,5,31,2,CUST0003899,2023-07-02,2024-06-30,Expired,Standard,425442.47,False
4103,POL00004103,10,74,2,CUST0002217,2024-06-15,2025-05-31,Expired,Basic,1952327.03,False
4104,POL00004104,5,35,3,CUST0001051,2023-07-21,2024-06-30,Expired,Standard,520637.48,False
4105,POL00004105,2,59,2,CUST0002091,2024-09-08,2025-08-31,Expired,Standard,536804.63,False
4106,POL00004106,1,114,2,CUST0002407,2024-09-05,2025-08-31,Expired,Standard,626822.66,False
4107,POL00004107,5,41,3,CUST0000985,2025-08-06,2026-07-31,Cancelled,Standard,601254.04,True
4108,POL00004108,2,71,4,CUST0002953,2024-01-30,2024-12-31,Expired,Standard,738296.91,False
4109,POL00004109,3,93,4,CUST0000335,2024-07-07,2025-06-30,Expired,Basic,1195867.92,False
4110,POL00004110,1,88,1,CUST0000357,2025-10-24,2026-09-30,Active,Standard,881939.95,False
4111,POL00004111,5,113,3,CUST0002860,2023-11-07,2024-10-31,Expired,Standard,633377.85,False
4112,POL00004112,4,43,2,CUST0000822,2025-10-13,2026-09-30,Active,Standard,951714.2,False
4113,POL00004113,5,96,3,CUST0000872,2024-08-04,2026-07-31,Active,Premium,602425.42,False
4114,POL00004114,6,112,2,CUST0001654,2025-06-09,2026-05-31,Expired,Standard,953189.62,False
4115,POL00004115,3,52,1,CUST0003132,2023-08-18,2024-07-31,Expired,Standard,1640527.84,False
4116,POL00004116,1,42,1,CUST0000593,2023-09-07,2024-08-31,Expired,Premium,493182.13,False
4117,POL00004117,7,11,3,CUST0001050,2024-04-19,2025-03-31,Expired,Standard,455682.61,False
4118,POL00004118,1,32,1,CUST0000129,2024-05-15,2025-04-30,Expired,Standard,850672.04,False
4119,POL00004119,7,70,1,CUST0002192,2023-10-30,2024-09-30,Expired,Standard,439269.98,False
4120,POL00004120,1,78,1,CUST0003464,2025-03-16,2027-02-28,Active,Standard,754423.33,False
4121,POL00004121,1,21,4,CUST0003017,2024-01-20,2024-12-31,Expired,Standard,797812.39,False
4122,POL00004122,3,89,3,CUST0002392,2023-10-13,2024-09-30,Expired,Standard,1768628.89,False
4123,POL00004123,1,20,3,CUST0001096,2023-11-22,2024-10-31,Expired,Premium,495227.4,False
4124,POL00004124,1,56,4,CUST0000501,2024-02-01,2025-01-31,Expired,Standard,583328.01,False
4125,POL00004125,5,57,1,CUST0001665,2024-06-07,2025-05-31,Expired,Basic,697575.02,False
4126,POL00004126,5,50,1,CUST0001013,2025-12-25,2026-11-30,Active,Standard,613306.72,False
4127,POL00004127,1,13,4,CUST0001584,2024-09-16,2025-08-31,Expired,Standard,714039.19,False
4128,POL00004128,1,116,2,CUST0002483,2025-02-27,2026-01-31,Expired,Standard,871928.74,False
4129,POL00004129,4,69,4,CUST0002182,2023-10-07,2024-09-30,Expired,Standard,1366440.36,False
4130,POL00004130,3,25,3,CUST0002558,2024-07-17,2025-06-30,Expired,Premium,1799617.58,False
4131,POL00004131,8,47,4,CUST0001538,2025-10-16,2026-09-30,Active,Standard,3839739.6,False
4132,POL00004132,1,68,3,CUST0003270,2025-09-05,2026-08-31,Active,Standard,820948.35,False
4133,POL00004133,1,93,4,CUST0002852,2023-08-03,2024-07-31,Cancelled,Basic,598482.02,True
4134,POL00004134,8,89,3,CUST0002912,2025-07-26,2026-06-30,Active,Standard,6695198.31,False
4135,POL00004135,6,41,2,CUST0000131,2024-05-30,2025-04-30,Expired,Standard,1040159.14,False
4136,POL00004136,2,116,2,CUST0002437,2026-03-01,2027-02-28,Active,Standard,657146.74,False
4137,POL00004137,4,76,4,CUST0003284,2024-11-10,2025-10-31,Expired,Premium,1177784.47,False
4138,POL00004138,7,70,2,CUST0001098,2023-10-20,2024-09-30,Expired,Standard,374793.98,False
4139,POL00004139,1,32,2,CUST0002540,2024-09-27,2025-08-31,Expired,Standard,622099.61,False
4140,POL00004140,4,109,4,CUST0002230,2024-06-11,2025-05-31,Expired,Basic,1654531.47,False
4141,POL00004141,4,81,1,CUST0002750,2024-08-14,2025-07-31,Expired,Standard,1616474.3,False
4142,POL00004142,1,43,1,CUST0002477,2024-08-19,2025-07-31,Expired,Premium,482353.81,False
4143,POL00004143,1,82,1,CUST0000963,2024-08-20,2025-07-31,Expired,Premium,529464.31,False
4144,POL00004144,9,110,2,CUST0003441,2024-05-04,2025-04-30,Expired,Standard,5862236.92,False
4145,POL00004145,3,49,4,CUST0002146,2025-01-21,2025-12-31,Expired,Premium,1120855.61,False
4146,POL00004146,1,40,4,CUST0002184,2024-05-25,2025-04-30,Expired,Standard,481990.81,False
4147,POL00004147,8,73,3,CUST0002791,2023-07-06,2025-06-30,Expired,Basic,4995450.44,False
4148,POL00004148,4,17,2,CUST0000741,2025-04-30,2027-03-31,Active,Standard,1087161.72,False
4149,POL00004149,7,77,1,CUST0000497,2023-11-02,2024-10-31,Expired,Premium,441889.77,False
4150,POL00004150,1,99,4,CUST0001200,2023-08-25,2024-07-31,Expired,Basic,614755.9,False
4151,POL00004151,5,14,1,CUST0000223,2024-01-13,2024-12-31,Expired,Standard,605021.5,False
4152,POL00004152,3,43,1,CUST0001359,2025-10-08,2026-09-30,Active,Basic,1802101.07,False
4153,POL00004153,1,40,1,CUST0003388,2024-04-03,2025-03-31,Expired,Standard,897887.48,False
4154,POL00004154,1,43,4,CUST0002923,2024-04-27,2025-03-31,Expired,Standard,610448.45,False
4155,POL00004155,5,120,1,CUST0000564,2026-01-21,2026-12-31,Active,Basic,565923.76,False
4156,POL00004156,1,104,2,CUST0000988,2024-08-20,2025-07-31,Expired,Standard,798297.1,False
4157,POL00004157,1,87,4,CUST0002756,2025-02-18,2026-01-31,Expired,Basic,468090.63,False
4158,POL00004158,1,101,1,CUST0000068,2025-10-08,2026-09-30,Cancelled,Standard,553731.53,True
4159,POL00004159,2,38,1,CUST0002463,2025-11-12,2026-10-31,Active,Standard,512184.01,False
4160,POL00004160,4,23,2,CUST0002574,2025-05-25,2026-04-30,Expired,Standard,1228282.02,False
4161,POL00004161,10,3,1,CUST0003646,2023-10-23,2024-09-30,Expired,Standard,2772316.73,False
4162,POL00004162,6,105,3,CUST0001136,2025-08-16,2027-07-31,Active,Basic,1092169.41,False
4163,POL00004163,4,25,1,CUST0000590,2025-06-16,2026-05-31,Expired,Standard,1325752.22,False
4164,POL00004164,1,36,2,CUST0000938,2025-11-06,2026-10-31,Active,Basic,566617.89,False
4165,POL00004165,2,92,2,CUST0003277,2025-09-09,2026-08-31,Active,Basic,618503.73,False
4166,POL00004166,5,40,3,CUST0000179,2023-12-13,2024-11-30,Expired,Standard,535342.65,False
4167,POL00004167,4,81,1,CUST0003842,2025-07-29,2026-06-30,Active,Standard,1610526.68,False
4168,POL00004168,5,2,1,CUST0002492,2024-09-23,2025-08-31,Expired,Premium,588786.22,False
4169,POL00004169,1,117,4,CUST0000201,2024-03-07,2025-02-28,Expired,Premium,636484.43,False
4170,POL00004170,5,84,2,CUST0003664,2025-07-07,2026-06-30,Active,Standard,416593.32,False
4171,POL00004171,7,33,2,CUST0001679,2024-08-14,2025-07-31,Expired,Standard,306377.46,False
4172,POL00004172,6,41,4,CUST0002536,2024-02-24,2025-01-31,Expired,Standard,802047.43,False
4173,POL00004173,1,57,1,CUST0001429,2025-02-21,2026-01-31,Expired,Premium,549000.68,False
4174,POL00004174,6,85,4,CUST0003359,2023-08-09,2024-07-31,Expired,Standard,1040318.37,False
4175,POL00004175,3,118,3,CUST0002489,2023-12-03,2024-11-30,Expired,Standard,1445672.5,False
4176,POL00004176,2,28,3,CUST0003633,2023-11-25,2024-10-31,Expired,Standard,603962.92,False
4177,POL00004177,2,3,3,CUST0000402,2025-10-23,2026-09-30,Active,Basic,749208.45,False
4178,POL00004178,4,97,4,CUST0000881,2025-02-08,2026-01-31,Expired,Premium,1415480.9,False
4179,POL00004179,1,45,1,CUST0000620,2023-12-23,2024-11-30,Expired,Standard,466544.71,False
4180,POL00004180,3,59,2,CUST0001502,2025-11-18,2026-10-31,Cancelled,Premium,1684009.59,True
4181,POL00004181,5,96,4,CUST0003294,2024-12-19,2025-11-30,Expired,Basic,459028.82,False
4182,POL00004182,3,107,1,CUST0003313,2024-12-05,2025-11-30,Expired,Standard,1368956.71,False
4183,POL00004183,1,42,2,CUST0001033,2025-07-06,2026-06-30,Active,Basic,556363.35,False
4184,POL00004184,6,75,1,CUST0000571,2025-09-11,2026-08-31,Active,Standard,1088188.73,False
4185,POL00004185,1,27,2,CUST0000997,2024-06-28,2025-05-31,Expired,Standard,569867.48,False
4186,POL00004186,5,87,3,CUST0002078,2024-12-23,2025-11-30,Expired,Basic,401774.82,False
4187,POL00004187,1,52,4,CUST0002346,2026-02-01,2027-01-31,Active,Standard,728249.82,False
4188,POL00004188,1,78,4,CUST0003027,2025-12-25,2026-11-30,Active,Standard,869577.85,False
4189,POL00004189,2,67,2,CUST0000011,2024-04-28,2025-03-31,Expired,Basic,545287.36,False
4190,POL00004190,6,57,2,CUST0001306,2023-09-15,2024-08-31,Expired,Standard,870902.49,False
4191,POL00004191,1,74,1,CUST0002003,2025-12-23,2026-11-30,Active,Basic,688414.08,False
4192,POL00004192,5,89,4,CUST0001147,2024-12-24,2025-11-30,Expired,Standard,642079.8,False
4193,POL00004193,5,21,1,CUST0001100,2026-01-19,2026-12-31,Active,Standard,551483.84,False
4194,POL00004194,1,65,4,CUST0000563,2024-12-06,2025-11-30,Cancelled,Standard,665257.13,True
4195,POL00004195,4,110,3,CUST0000483,2025-07-14,2027-06-30,Active,Standard,1450902.38,False
4196,POL00004196,1,10,2,CUST0001839,2024-09-01,2025-08-31,Expired,Standard,889227.18,False
4197,POL00004197,1,23,2,CUST0002225,2023-09-11,2024-08-31,Expired,Basic,552223.41,False
4198,POL00004198,2,52,2,CUST0003962,2024-08-11,2025-07-31,Expired,Standard,720818.8,False
4199,POL00004199,1,88,3,CUST0001048,2025-02-18,2026-01-31,Expired,Standard,813551.73,False
4200,POL00004200,1,83,1,CUST0002954,2025-07-01,2026-06-30,Active,Standard,559338.99,False
4201,POL00004201,6,86,3,CUST0002209,2024-11-21,2025-10-31,Expired,Basic,630613.39,False
4202,POL00004202,5,35,1,CUST0003534,2025-12-09,2026-11-30,Active,Standard,424041.49,False
4203,POL00004203,4,120,4,CUST0002114,2026-01-06,2026-12-31,Active,Basic,1233989.95,False
4204,POL00004204,9,39,3,CUST0000740,2024-01-04,2025-12-31,Expired,Basic,9447646.39,False
4205,POL00004205,4,95,2,CUST0001697,2024-01-08,2024-12-31,Expired,Premium,1069298.99,False
4206,POL00004206,9,57,4,CUST0003166,2024-08-12,2025-07-31,Expired,Standard,7617494.42,False
4207,POL00004207,1,41,1,CUST0001789,2024-09-06,2025-08-31,Expired,Basic,706218.6,False
4208,POL00004208,1,43,3,CUST0001108,2025-03-27,2026-02-28,Expired,Standard,843639.58,False
4209,POL00004209,1,19,3,CUST0002788,2025-10-08,2027-09-30,Active,Standard,486965.61,False
4210,POL00004210,1,9,2,CUST0003822,2023-12-29,2024-11-30,Expired,Premium,461268.95,False
4211,POL00004211,1,32,1,CUST0002683,2024-02-05,2025-01-31,Expired,Standard,521920.23,False
4212,POL00004212,1,83,2,CUST0000134,2026-01-31,2026-12-31,Active,Basic,728796.95,False
4213,POL00004213,3,6,4,CUST0001371,2026-02-14,2027-01-31,Active,Standard,1837166.28,False
4214,POL00004214,4,5,4,CUST0001558,2024-10-14,2025-09-30,Expired,Premium,1504820.05,False
4215,POL00004215,2,87,1,CUST0000959,2024-11-19,2025-10-31,Expired,Premium,678640.17,False
4216,POL00004216,2,115,2,CUST0000961,2024-10-09,2025-09-30,Expired,Basic,643252.01,False
4217,POL00004217,1,97,1,CUST0002500,2024-12-03,2025-11-30,Expired,Standard,546710.44,False
4218,POL00004218,5,69,1,CUST0000578,2026-02-03,2028-01-31,Active,Standard,431006.9,False
4219,POL00004219,8,103,2,CUST0003294,2026-01-18,2026-12-31,Active,Basic,4705238.18,False
4220,POL00004220,10,99,4,CUST0003794,2025-10-26,2026-09-30,Active,Standard,2041888.53,False
4221,POL00004221,1,38,2,CUST0000663,2023-09-27,2024-08-31,Expired,Standard,734238.08,False
4222,POL00004222,6,68,2,CUST0001769,2025-11-03,2026-10-31,Active,Standard,980134.05,False
4223,POL00004223,1,43,4,CUST0003661,2024-03-16,2025-02-28,Expired,Standard,717137.98,False
4224,POL00004224,1,75,3,CUST0002448,2025-04-25,2026-03-31,Expired,Premium,536040.73,False
4225,POL00004225,8,40,1,CUST0003930,2024-07-21,2025-06-30,Expired,Standard,4719531.86,False
4226,POL00004226,6,60,2,CUST0002181,2024-06-30,2025-05-31,Expired,Standard,685414.23,False
4227,POL00004227,6,119,4,CUST0002924,2023-07-29,2024-06-30,Expired,Standard,777825.74,False
4228,POL00004228,2,80,2,CUST0003603,2024-08-11,2025-07-31,Expired,Basic,485659.15,False
4229,POL00004229,8,86,4,CUST0002088,2025-08-25,2026-07-31,Active,Basic,5587940.59,False
4230,POL00004230,3,82,2,CUST0002968,2024-01-18,2024-12-31,Expired,Basic,1711491.68,False
4231,POL00004231,1,100,1,CUST0000497,2024-01-15,2024-12-31,Expired,Premium,831771.84,False
4232,POL00004232,1,66,3,CUST0001805,2025-01-11,2025-12-31,Expired,Standard,546022.54,False
4233,POL00004233,7,102,3,CUST0000354,2024-06-29,2026-05-31,Expired,Basic,493678.49,False
4234,POL00004234,1,73,1,CUST0000524,2025-03-26,2026-02-28,Expired,Basic,691320.86,False
4235,POL00004235,5,90,3,CUST0000873,2026-01-08,2026-12-31,Cancelled,Basic,468060.15,True
4236,POL00004236,1,64,3,CUST0003828,2025-09-12,2026-08-31,Cancelled,Standard,805372.9,True
4237,POL00004237,1,19,3,CUST0003564,2024-02-22,2025-01-31,Expired,Basic,573645.61,False
4238,POL00004238,5,74,4,CUST0002042,2025-02-19,2026-01-31,Expired,Standard,417120.54,False
4239,POL00004239,1,110,2,CUST0000627,2023-09-03,2024-08-31,Cancelled,Premium,768439.74,True
4240,POL00004240,9,101,3,CUST0002062,2024-10-11,2025-09-30,Expired,Premium,9605484.66,False
4241,POL00004241,3,35,3,CUST0000917,2024-10-07,2025-09-30,Expired,Basic,1261220.67,False
4242,POL00004242,1,88,4,CUST0000315,2025-02-12,2026-01-31,Expired,Basic,501843.59,False
4243,POL00004243,1,62,2,CUST0003270,2024-03-09,2025-02-28,Expired,Basic,467402.94,False
4244,POL00004244,6,14,2,CUST0002496,2025-04-01,2026-03-31,Expired,Premium,977555.86,False
4245,POL00004245,6,14,4,CUST0002238,2023-10-31,2024-09-30,Expired,Standard,693273.76,False
4246,POL00004246,10,16,2,CUST0000929,2024-10-23,2025-09-30,Expired,Basic,1656259.69,False
4247,POL00004247,9,72,1,CUST0000451,2023-12-30,2024-11-30,Expired,Basic,8171626.34,False
4248,POL00004248,3,84,3,CUST0003261,2024-10-24,2025-09-30,Expired,Premium,1065781.44,False
4249,POL00004249,4,4,1,CUST0001072,2024-02-02,2026-01-31,Cancelled,Standard,969663.25,True
4250,POL00004250,7,69,2,CUST0003349,2025-09-02,2026-08-31,Active,Premium,330069.46,False
4251,POL00004251,8,36,1,CUST0001173,2024-10-21,2025-09-30,Expired,Premium,6177990.67,False
4252,POL00004252,9,67,2,CUST0000693,2023-07-28,2024-06-30,Cancelled,Premium,5364750.13,True
4253,POL00004253,2,91,2,CUST0002253,2024-05-06,2025-04-30,Expired,Basic,683264.06,False
4254,POL00004254,1,55,1,CUST0001114,2024-12-30,2025-11-30,Expired,Basic,900865.12,False
4255,POL00004255,1,90,2,CUST0000205,2025-05-22,2026-04-30,Expired,Standard,706557.09,False
4256,POL00004256,2,102,4,CUST0002185,2024-12-25,2025-11-30,Cancelled,Premium,467177.13,True
4257,POL00004257,2,39,2,CUST0000356,2026-01-21,2026-12-31,Active,Premium,696258.77,False
4258,POL00004258,3,80,2,CUST0003803,2024-07-16,2025-06-30,Expired,Standard,2066857.0,False
4259,POL00004259,4,91,1,CUST0001746,2025-07-30,2027-06-30,Active,Standard,1130934.24,False
4260,POL00004260,5,91,1,CUST0000568,2024-07-19,2025-06-30,Expired,Standard,688519.84,False
4261,POL00004261,5,60,1,CUST0001410,2025-02-12,2026-01-31,Expired,Premium,372824.63,False
4262,POL00004262,1,118,3,CUST0003613,2023-08-22,2024-07-31,Expired,Basic,473736.48,False
4263,POL00004263,1,78,1,CUST0003777,2023-08-22,2024-07-31,Expired,Standard,777896.65,False
4264,POL00004264,5,2,3,CUST0002147,2025-02-14,2026-01-31,Expired,Standard,528249.06,False
4265,POL00004265,7,62,4,CUST0003502,2024-06-24,2025-05-31,Expired,Standard,472307.76,False
4266,POL00004266,1,10,2,CUST0003277,2024-08-25,2025-07-31,Expired,Standard,810678.81,False
4267,POL00004267,7,84,1,CUST0000523,2024-05-18,2025-04-30,Expired,Basic,490416.5,False
4268,POL00004268,1,97,2,CUST0002688,2024-07-19,2025-06-30,Expired,Basic,567259.38,False
4269,POL00004269,8,87,1,CUST0003812,2025-08-05,2026-07-31,Active,Standard,6187571.52,False
4270,POL00004270,7,14,4,CUST0003174,2024-07-21,2026-06-30,Active,Standard,442214.03,False
4271,POL00004271,7,81,4,CUST0000655,2025-03-13,2026-02-28,Expired,Standard,557045.99,False
4272,POL00004272,10,26,1,CUST0001652,2026-01-27,2027-12-31,Active,Standard,2730126.66,False
4273,POL00004273,7,62,4,CUST0000900,2025-10-24,2026-09-30,Cancelled,Basic,300851.14,True
4274,POL00004274,1,30,1,CUST0002356,2025-07-09,2026-06-30,Active,Basic,498271.5,False
4275,POL00004275,5,55,4,CUST0002814,2025-05-29,2026-04-30,Expired,Standard,366485.91,False
4276,POL00004276,5,27,3,CUST0003331,2024-09-15,2025-08-31,Expired,Standard,672144.36,False
4277,POL00004277,4,19,1,CUST0002316,2024-06-07,2025-05-31,Expired,Premium,1157011.46,False
4278,POL00004278,2,22,3,CUST0000804,2023-08-07,2024-07-31,Expired,Basic,745499.7,False
4279,POL00004279,1,120,3,CUST0000192,2025-04-09,2026-03-31,Expired,Standard,628704.88,False
4280,POL00004280,9,106,1,CUST0002737,2024-07-29,2025-06-30,Cancelled,Basic,8581943.22,True
4281,POL00004281,6,21,2,CUST0000489,2026-01-13,2026-12-31,Active,Basic,893805.9,False
4282,POL00004282,1,40,1,CUST0001633,2025-09-16,2026-08-31,Active,Standard,895785.29,False
4283,POL00004283,7,76,2,CUST0003181,2024-12-03,2025-11-30,Expired,Standard,349907.67,False
4284,POL00004284,3,87,4,CUST0000299,2026-01-08,2026-12-31,Active,Standard,1377384.25,False
4285,POL00004285,5,30,3,CUST0000321,2023-09-29,2024-08-31,Expired,Basic,484007.17,False
4286,POL00004286,6,41,3,CUST0001717,2023-11-16,2024-10-31,Expired,Basic,1093201.68,False
4287,POL00004287,1,119,4,CUST0003741,2025-02-20,2026-01-31,Expired,Premium,723129.18,False
4288,POL00004288,5,33,1,CUST0001510,2024-10-30,2025-09-30,Expired,Standard,662263.29,False
4289,POL00004289,1,82,4,CUST0003555,2025-07-10,2026-06-30,Active,Premium,485500.1,False
4290,POL00004290,3,117,2,CUST0002601,2024-01-15,2024-12-31,Expired,Standard,1417569.86,False
4291,POL00004291,1,16,4,CUST0000432,2024-11-13,2025-10-31,Expired,Standard,554617.58,False
4292,POL00004292,3,113,4,CUST0003228,2025-10-23,2026-09-30,Active,Basic,1380972.76,False
4293,POL00004293,5,22,2,CUST0002976,2023-10-05,2024-09-30,Expired,Standard,525669.56,False
4294,POL00004294,1,14,1,CUST0002368,2025-12-17,2027-11-30,Active,Standard,541167.22,False
4295,POL00004295,5,102,1,CUST0002736,2025-10-02,2026-09-30,Active,Basic,642743.45,False
4296,POL00004296,4,19,3,CUST0002527,2025-11-12,2026-10-31,Active,Standard,1090965.81,False
4297,POL00004297,2,77,2,CUST0002233,2025-01-22,2025-12-31,Expired,Standard,443038.86,False
4298,POL00004298,9,48,1,CUST0000575,2024-04-25,2025-03-31,Expired,Standard,8987116.42,False
4299,POL00004299,3,62,4,CUST0000388,2025-11-03,2026-10-31,Active,Standard,1295586.54,False
4300,POL00004300,4,81,1,CUST0001485,2024-03-27,2025-02-28,Expired,Standard,1616344.54,False
4301,POL00004301,7,16,2,CUST0000953,2024-10-08,2025-09-30,Expired,Standard,498005.26,False
4302,POL00004302,9,43,4,CUST0000329,2023-11-14,2025-10-31,Expired,Premium,8561069.04,False
4303,POL00004303,3,3,2,CUST0003013,2024-12-30,2025-11-30,Expired,Standard,1941478.6,False
4304,POL00004304,3,57,1,CUST0003312,2024-09-15,2025-08-31,Expired,Standard,1954062.59,False
4305,POL00004305,1,79,2,CUST0000304,2024-07-05,2025-06-30,Expired,Standard,570269.76,False
4306,POL00004306,9,98,1,CUST0001639,2024-03-21,2025-02-28,Expired,Standard,8340734.2,False
4307,POL00004307,6,96,3,CUST0000250,2024-11-15,2025-10-31,Expired,Standard,581507.59,False
4308,POL00004308,8,94,2,CUST0002802,2023-12-25,2024-11-30,Expired,Standard,6565864.07,False
4309,POL00004309,1,41,1,CUST0000412,2024-06-29,2025-05-31,Expired,Basic,802621.48,False
4310,POL00004310,5,65,2,CUST0003163,2024-08-06,2025-07-31,Expired,Standard,505555.74,False
4311,POL00004311,2,71,4,CUST0003314,2025-06-05,2026-05-31,Expired,Standard,551040.23,False
4312,POL00004312,1,27,2,CUST0002221,2024-01-05,2024-12-31,Expired,Basic,566774.11,False
4313,POL00004313,5,30,1,CUST0003971,2024-12-02,2025-11-30,Expired,Standard,583656.93,False
4314,POL00004314,3,82,2,CUST0002363,2024-10-06,2026-09-30,Active,Standard,1514467.15,False
4315,POL00004315,9,79,1,CUST0001266,2024-09-19,2025-08-31,Expired,Standard,9132069.97,False
4316,POL00004316,3,88,1,CUST0003482,2024-08-18,2025-07-31,Expired,Basic,1569496.71,False
4317,POL00004317,3,108,3,CUST0003854,2025-02-16,2026-01-31,Expired,Premium,1855016.77,False
4318,POL00004318,1,105,4,CUST0003445,2025-05-14,2026-04-30,Expired,Standard,754657.64,False
4319,POL00004319,6,118,2,CUST0000978,2023-07-28,2024-06-30,Expired,Standard,832329.95,False
4320,POL00004320,1,119,1,CUST0001034,2025-02-27,2026-01-31,Expired,Standard,855228.4,False
4321,POL00004321,3,74,2,CUST0002931,2025-02-05,2026-01-31,Expired,Basic,1466201.63,False
4322,POL00004322,1,57,4,CUST0000152,2025-10-17,2027-09-30,Active,Premium,704450.01,False
4323,POL00004323,1,70,1,CUST0000574,2024-06-07,2025-05-31,Expired,Basic,770168.46,False
4324,POL00004324,3,74,1,CUST0002234,2025-06-08,2026-05-31,Expired,Standard,2079347.51,False
4325,POL00004325,5,48,3,CUST0003237,2025-09-23,2027-08-31,Active,Standard,652233.68,False
4326,POL00004326,6,22,3,CUST0002254,2024-06-14,2025-05-31,Expired,Standard,1069455.22,False
4327,POL00004327,5,101,1,CUST0003857,2023-12-27,2024-11-30,Expired,Standard,644948.35,False
4328,POL00004328,9,36,3,CUST0003953,2025-05-26,2026-04-30,Expired,Standard,9255317.15,False
4329,POL00004329,9,22,4,CUST0000193,2024-02-16,2025-01-31,Expired,Basic,10286667.5,False
4330,POL00004330,7,90,4,CUST0000712,2024-10-02,2025-09-30,Expired,Premium,486641.23,False
4331,POL00004331,1,111,3,CUST0003508,2024-04-12,2025-03-31,Expired,Basic,502493.14,False
4332,POL00004332,8,50,1,CUST0000320,2024-07-30,2025-06-30,Expired,Basic,6316060.97,False
4333,POL00004333,7,58,2,CUST0000596,2023-07-30,2024-06-30,Expired,Standard,492726.42,False
4334,POL00004334,1,7,1,CUST0000182,2025-04-04,2026-03-31,Expired,Standard,468798.89,False
4335,POL00004335,2,79,4,CUST0000363,2025-01-12,2025-12-31,Expired,Basic,456971.56,False
4336,POL00004336,8,91,2,CUST0001970,2025-04-05,2026-03-31,Cancelled,Basic,6971608.27,True
4337,POL00004337,1,75,2,CUST0003287,2025-05-04,2026-04-30,Expired,Basic,852924.33,False
4338,POL00004338,1,17,2,CUST0003486,2025-08-24,2026-07-31,Active,Standard,497926.21,False
4339,POL00004339,7,59,4,CUST0001781,2025-04-19,2026-03-31,Expired,Standard,294435.44,False
4340,POL00004340,5,48,4,CUST0001436,2024-04-16,2025-03-31,Expired,Premium,696300.81,False
4341,POL00004341,1,16,2,CUST0000778,2025-07-24,2026-06-30,Active,Standard,863795.92,False
4342,POL00004342,2,28,2,CUST0001579,2025-06-08,2026-05-31,Expired,Standard,432307.68,False
4343,POL00004343,7,95,1,CUST0000289,2025-08-06,2026-07-31,Active,Basic,430362.69,False
4344,POL00004344,1,36,3,CUST0000525,2023-09-17,2025-08-31,Expired,Basic,884939.96,False
4345,POL00004345,1,64,4,CUST0003357,2024-05-17,2025-04-30,Expired,Basic,764426.39,False
4346,POL00004346,6,18,1,CUST0000088,2025-10-12,2026-09-30,Active,Premium,1103268.32,False
4347,POL00004347,6,42,4,CUST0001710,2025-10-30,2026-09-30,Active,Standard,639292.0,False
4348,POL00004348,3,100,1,CUST0003374,2024-06-22,2025-05-31,Expired,Premium,1689227.48,False
4349,POL00004349,6,102,1,CUST0003821,2024-08-30,2025-07-31,Cancelled,Standard,758150.77,True
4350,POL00004350,6,82,1,CUST0000871,2025-03-20,2026-02-28,Expired,Standard,650856.82,False
4351,POL00004351,6,118,1,CUST0000474,2024-04-20,2025-03-31,Cancelled,Premium,1046801.93,True
4352,POL00004352,3,78,1,CUST0002215,2024-05-31,2025-04-30,Expired,Basic,1802975.21,False
4353,POL00004353,2,22,2,CUST0001100,2023-12-05,2024-11-30,Expired,Standard,769914.45,False
4354,POL00004354,1,41,2,CUST0001288,2025-05-10,2026-04-30,Expired,Premium,756927.67,False
4355,POL00004355,1,28,2,CUST0000467,2024-10-23,2025-09-30,Expired,Standard,781117.3,False
4356,POL00004356,5,61,4,CUST0001992,2023-07-31,2024-06-30,Expired,Basic,452289.98,False
4357,POL00004357,3,93,3,CUST0002119,2024-01-28,2024-12-31,Expired,Basic,1392644.98,False
4358,POL00004358,1,57,1,CUST0002264,2026-02-08,2027-01-31,Active,Standard,623917.63,False
4359,POL00004359,1,105,1,CUST0003577,2024-12-10,2025-11-30,Expired,Premium,458231.15,False
4360,POL00004360,8,28,2,CUST0001911,2025-10-11,2026-09-30,Active,Basic,4222972.13,False
4361,POL00004361,1,30,1,CUST0002789,2023-11-21,2024-10-31,Expired,Basic,492442.14,False
4362,POL00004362,1,115,1,CUST0002298,2024-06-04,2025-05-31,Expired,Basic,901273.62,False
4363,POL00004363,5,62,2,CUST0000683,2025-11-13,2026-10-31,Active,Standard,517152.54,False
4364,POL00004364,6,48,1,CUST0000637,2024-03-07,2025-02-28,Expired,Premium,837644.87,False
4365,POL00004365,1,89,3,CUST0002657,2025-07-31,2026-06-30,Active,Standard,561387.09,False
4366,POL00004366,5,72,3,CUST0003565,2024-07-17,2026-06-30,Active,Premium,586400.77,False
4367,POL00004367,2,13,4,CUST0000907,2025-10-16,2026-09-30,Cancelled,Basic,738556.74,True
4368,POL00004368,1,118,1,CUST0002442,2025-12-21,2026-11-30,Active,Premium,590113.56,False
4369,POL00004369,6,96,2,CUST0003553,2024-04-06,2025-03-31,Expired,Standard,862845.2,False
4370,POL00004370,1,112,4,CUST0002203,2023-09-09,2024-08-31,Expired,Standard,654260.21,False
4371,POL00004371,9,11,3,CUST0001752,2023-08-27,2024-07-31,Expired,Premium,9326244.31,False
4372,POL00004372,1,26,1,CUST0002014,2024-08-08,2025-07-31,Expired,Premium,637888.66,False
4373,POL00004373,10,53,3,CUST0001747,2024-03-15,2025-02-28,Expired,Standard,2057556.26,False
4374,POL00004374,6,109,2,CUST0000076,2026-02-10,2027-01-31,Active,Standard,1029085.08,False
4375,POL00004375,3,48,1,CUST0003615,2025-07-29,2026-06-30,Active,Standard,1779247.3,False
4376,POL00004376,2,54,3,CUST0002750,2024-01-28,2024-12-31,Expired,Standard,471295.74,False
4377,POL00004377,9,59,1,CUST0003922,2025-06-29,2027-05-31,Active,Standard,5804987.84,False
4378,POL00004378,10,75,4,CUST0001648,2026-01-16,2026-12-31,Active,Standard,2551846.69,False
4379,POL00004379,1,51,4,CUST0003843,2025-10-20,2026-09-30,Active,Premium,487362.39,False
4380,POL00004380,3,60,2,CUST0000451,2025-04-21,2026-03-31,Expired,Premium,1930197.31,False
4381,POL00004381,4,95,3,CUST0000474,2024-11-04,2025-10-31,Expired,Basic,1638750.35,False
4382,POL00004382,3,110,4,CUST0003531,2024-10-30,2025-09-30,Cancelled,Standard,1872855.57,True
4383,POL00004383,1,48,2,CUST0001789,2024-12-07,2025-11-30,Expired,Basic,825602.39,False
4384,POL00004384,5,9,3,CUST0003826,2025-09-10,2027-08-31,Active,Standard,364621.5,False
4385,POL00004385,1,13,2,CUST0001992,2023-08-08,2024-07-31,Expired,Standard,719284.19,False
4386,POL00004386,2,112,1,CUST0002161,2025-06-30,2026-05-31,Expired,Standard,508892.01,False
4387,POL00004387,6,109,2,CUST0000881,2024-12-23,2025-11-30,Expired,Basic,982732.13,False
4388,POL00004388,1,30,3,CUST0002318,2024-06-17,2025-05-31,Expired,Standard,876509.22,False
4389,POL00004389,2,81,2,CUST0002500,2024-08-07,2025-07-31,Cancelled,Basic,719690.3,True
4390,POL00004390,1,102,1,CUST0000409,2024-04-21,2025-03-31,Expired,Standard,457652.26,False
4391,POL00004391,6,64,4,CUST0003985,2023-08-13,2024-07-31,Expired,Standard,719336.08,False
4392,POL00004392,2,68,4,CUST0002175,2023-12-22,2024-11-30,Expired,Standard,577549.94,False
4393,POL00004393,8,49,2,CUST0002198,2024-05-28,2026-04-30,Expired,Premium,4123982.52,False
4394,POL00004394,5,96,1,CUST0000256,2026-02-05,2027-01-31,Active,Standard,444903.33,False
4395,POL00004395,5,31,4,CUST0002102,2023-10-27,2024-09-30,Expired,Standard,687465.2,False
4396,POL00004396,5,72,3,CUST0000799,2024-07-02,2025-06-30,Expired,Basic,509429.13,False
4397,POL00004397,6,43,1,CUST0002868,2024-08-07,2025-07-31,Expired,Standard,576509.82,False
4398,POL00004398,1,51,4,CUST0003532,2026-02-25,2027-01-31,Active,Standard,467918.32,False
4399,POL00004399,6,31,3,CUST0001576,2024-12-12,2025-11-30,Expired,Standard,901788.66,False
4400,POL00004400,5,54,1,CUST0001201,2025-11-22,2026-10-31,Active,Standard,604274.79,False
4401,POL00004401,2,103,4,CUST0001514,2024-04-20,2026-03-31,Expired,Standard,448171.37,False
4402,POL00004402,1,29,3,CUST0000803,2024-08-27,2025-07-31,Expired,Standard,650027.24,False
4403,POL00004403,1,38,1,CUST0000743,2025-06-11,2026-05-31,Expired,Standard,564424.25,False
4404,POL00004404,6,59,3,CUST0001362,2023-08-04,2024-07-31,Expired,Standard,946837.17,False
4405,POL00004405,6,14,1,CUST0000640,2024-05-10,2025-04-30,Expired,Standard,933692.03,False
4406,POL00004406,4,69,3,CUST0001092,2025-02-10,2026-01-31,Expired,Standard,921699.84,False
4407,POL00004407,2,120,1,CUST0002594,2025-01-28,2026-12-31,Active,Basic,592980.94,False
4408,POL00004408,6,5,2,CUST0000860,2023-12-25,2024-11-30,Expired,Premium,578584.56,False
4409,POL00004409,9,15,1,CUST0001154,2023-11-19,2024-10-31,Expired,Premium,8098844.78,False
4410,POL00004410,1,61,4,CUST0002658,2024-03-21,2025-02-28,Expired,Basic,849218.12,False
4411,POL00004411,4,47,3,CUST0003310,2025-05-25,2026-04-30,Expired,Standard,843126.38,False
4412,POL00004412,4,86,4,CUST0003239,2026-01-04,2026-12-31,Cancelled,Basic,1462545.23,True
4413,POL00004413,8,78,3,CUST0001858,2025-09-08,2026-08-31,Active,Premium,3782065.55,False
4414,POL00004414,1,51,1,CUST0002423,2025-11-18,2026-10-31,Active,Basic,632443.86,False
4415,POL00004415,1,77,4,CUST0002665,2024-11-21,2025-10-31,Expired,Basic,771021.87,False
4416,POL00004416,2,6,2,CUST0003120,2024-11-29,2025-10-31,Expired,Standard,566038.06,False
4417,POL00004417,6,2,4,CUST0000088,2024-12-01,2025-11-30,Expired,Standard,1054075.9,False
4418,POL00004418,9,68,1,CUST0002956,2025-08-27,2026-07-31,Active,Premium,8683033.68,False
4419,POL00004419,6,76,1,CUST0003575,2023-12-14,2024-11-30,Expired,Basic,967867.8,False
4420,POL00004420,1,84,1,CUST0001516,2024-07-05,2025-06-30,Expired,Standard,493266.86,False
4421,POL00004421,7,51,1,CUST0002104,2025-03-13,2026-02-28,Expired,Standard,280039.93,False
4422,POL00004422,1,45,1,CUST0001596,2023-11-26,2024-10-31,Expired,Basic,655702.03,False
4423,POL00004423,8,116,2,CUST0000769,2024-11-18,2025-10-31,Expired,Standard,6884825.75,False
4424,POL00004424,1,5,2,CUST0000632,2025-08-19,2026-07-31,Active,Standard,646677.17,False
4425,POL00004425,7,108,1,CUST0000637,2025-02-27,2026-01-31,Cancelled,Standard,320745.58,True
4426,POL00004426,5,84,3,CUST0002368,2024-03-26,2025-02-28,Expired,Premium,373089.27,False
4427,POL00004427,3,79,4,CUST0003487,2024-03-19,2025-02-28,Expired,Premium,1100995.74,False
4428,POL00004428,1,67,1,CUST0002756,2023-12-17,2024-11-30,Expired,Standard,818973.53,False
4429,POL00004429,3,56,2,CUST0002285,2025-07-21,2026-06-30,Active,Standard,1241281.29,False
4430,POL00004430,1,94,3,CUST0002942,2025-03-07,2027-02-28,Active,Premium,757281.04,False
4431,POL00004431,1,83,2,CUST0003360,2024-07-19,2025-06-30,Expired,Basic,835099.94,False
4432,POL00004432,1,44,3,CUST0003431,2023-07-19,2025-06-30,Expired,Premium,613363.43,False
4433,POL00004433,4,40,2,CUST0000386,2025-12-16,2026-11-30,Active,Basic,1554314.37,False
4434,POL00004434,8,41,4,CUST0000688,2025-02-25,2026-01-31,Expired,Standard,4460334.47,False
4435,POL00004435,5,28,2,CUST0003712,2025-06-22,2026-05-31,Expired,Basic,373128.46,False
4436,POL00004436,9,33,2,CUST0002977,2025-06-10,2027-05-31,Active,Standard,9724683.36,False
4437,POL00004437,5,37,1,CUST0002551,2025-07-20,2027-06-30,Active,Standard,614493.71,False
4438,POL00004438,1,74,4,CUST0000516,2023-09-22,2024-08-31,Expired,Standard,821319.19,False
4439,POL00004439,6,92,1,CUST0002966,2025-02-15,2026-01-31,Expired,Standard,1113015.15,False
4440,POL00004440,4,118,3,CUST0000999,2025-08-26,2026-07-31,Active,Standard,1463143.18,False
4441,POL00004441,1,99,2,CUST0003402,2023-08-13,2024-07-31,Expired,Standard,718394.2,False
4442,POL00004442,2,1,3,CUST0001145,2023-10-07,2024-09-30,Expired,Basic,488272.77,False
4443,POL00004443,5,5,3,CUST0002613,2026-02-08,2027-01-31,Active,Standard,429414.65,False
4444,POL00004444,3,61,1,CUST0000878,2024-04-10,2025-03-31,Expired,Basic,1143287.72,False
4445,POL00004445,2,64,3,CUST0003288,2026-02-08,2027-01-31,Active,Standard,731879.55,False
4446,POL00004446,3,65,3,CUST0002205,2025-06-02,2026-05-31,Expired,Standard,1652452.87,False
4447,POL00004447,3,96,3,CUST0003823,2025-04-26,2026-03-31,Expired,Premium,1402382.36,False
4448,POL00004448,1,30,1,CUST0001829,2025-04-26,2026-03-31,Expired,Basic,534479.99,False
4449,POL00004449,10,116,2,CUST0003800,2023-09-04,2024-08-31,Expired,Standard,1870383.19,False
4450,POL00004450,1,79,1,CUST0003979,2026-01-10,2026-12-31,Active,Basic,784480.11,False
4451,POL00004451,1,88,2,CUST0000656,2024-05-16,2025-04-30,Expired,Basic,662738.05,False
4452,POL00004452,10,4,3,CUST0000301,2023-12-10,2024-11-30,Expired,Standard,1910976.76,False
4453,POL00004453,1,25,2,CUST0002112,2024-03-26,2025-02-28,Expired,Standard,616133.73,False
4454,POL00004454,1,5,3,CUST0002089,2024-02-24,2025-01-31,Expired,Standard,671179.67,False
4455,POL00004455,9,99,4,CUST0000157,2024-07-08,2025-06-30,Cancelled,Basic,6922503.97,True
4456,POL00004456,9,91,3,CUST0002826,2025-02-22,2026-01-31,Expired,Basic,10221267.83,False
4457,POL00004457,1,44,1,CUST0003943,2024-12-31,2025-11-30,Cancelled,Standard,790907.22,True
4458,POL00004458,4,36,3,CUST0000644,2025-08-21,2026-07-31,Active,Premium,1191844.05,False
4459,POL00004459,5,102,2,CUST0003994,2025-05-20,2026-04-30,Expired,Basic,656391.41,False
4460,POL00004460,5,73,2,CUST0000696,2025-08-20,2026-07-31,Active,Standard,402186.04,False
4461,POL00004461,6,91,2,CUST0003855,2025-05-14,2026-04-30,Expired,Basic,970781.42,False
4462,POL00004462,3,70,4,CUST0001305,2024-11-20,2025-10-31,Expired,Standard,1741447.19,False
4463,POL00004463,10,4,3,CUST0000064,2023-11-24,2024-10-31,Expired,Basic,2112847.21,False
4464,POL00004464,6,109,1,CUST0002962,2025-09-13,2026-08-31,Active,Standard,867312.76,False
4465,POL00004465,1,15,1,CUST0003468,2024-08-06,2025-07-31,Expired,Premium,470629.37,False
4466,POL00004466,5,39,3,CUST0002010,2024-02-24,2025-01-31,Expired,Standard,666304.19,False
4467,POL00004467,7,23,3,CUST0002188,2025-03-10,2026-02-28,Expired,Basic,380197.56,False
4468,POL00004468,8,105,3,CUST0001237,2025-12-04,2026-11-30,Active,Basic,5375067.52,False
4469,POL00004469,4,74,2,CUST0003909,2025-02-08,2026-01-31,Expired,Standard,1427864.02,False
4470,POL00004470,8,112,1,CUST0002279,2025-01-22,2025-12-31,Expired,Standard,4996732.89,False
4471,POL00004471,5,85,1,CUST0001198,2024-05-01,2025-04-30,Expired,Basic,502816.63,False
4472,POL00004472,1,65,2,CUST0000710,2025-08-22,2027-07-31,Active,Standard,637843.13,False
4473,POL00004473,2,32,4,CUST0002777,2025-04-08,2026-03-31,Expired,Standard,491449.51,False
4474,POL00004474,9,53,2,CUST0001313,2024-11-08,2025-10-31,Expired,Basic,7167323.41,False
4475,POL00004475,9,43,2,CUST0000959,2024-01-20,2024-12-31,Expired,Basic,9972748.64,False
4476,POL00004476,3,70,3,CUST0000802,2024-12-19,2025-11-30,Expired,Basic,1062851.96,False
4477,POL00004477,9,113,3,CUST0001220,2023-10-20,2024-09-30,Expired,Premium,7425975.76,False
4478,POL00004478,5,63,1,CUST0003632,2025-12-17,2026-11-30,Active,Basic,410202.93,False
4479,POL00004479,1,64,2,CUST0001678,2025-01-27,2025-12-31,Expired,Standard,687100.79,False
4480,POL00004480,5,40,4,CUST0001422,2025-01-28,2025-12-31,Expired,Basic,548348.7,False
4481,POL00004481,1,38,4,CUST0001048,2023-11-12,2024-10-31,Expired,Standard,799728.61,False
4482,POL00004482,3,110,1,CUST0002903,2025-09-01,2026-08-31,Active,Standard,1643563.17,False
4483,POL00004483,1,23,1,CUST0001545,2025-12-20,2026-11-30,Active,Basic,514258.71,False
4484,POL00004484,1,111,2,CUST0003359,2024-12-12,2025-11-30,Expired,Standard,522119.33,False
4485,POL00004485,1,19,3,CUST0000749,2023-12-14,2024-11-30,Expired,Basic,551589.68,False
4486,POL00004486,1,2,2,CUST0001957,2025-08-28,2026-07-31,Active,Basic,764967.45,False
4487,POL00004487,2,6,3,CUST0003102,2024-12-18,2025-11-30,Expired,Basic,650790.31,False
4488,POL00004488,4,45,2,CUST0002234,2025-01-07,2025-12-31,Expired,Standard,909848.53,False
4489,POL00004489,1,64,1,CUST0002693,2025-02-03,2026-01-31,Expired,Standard,793828.72,False
4490,POL00004490,1,107,3,CUST0001312,2026-02-27,2027-01-31,Active,Basic,871121.63,False
4491,POL00004491,7,60,4,CUST0001620,2025-01-22,2025-12-31,Expired,Standard,518186.82,False
4492,POL00004492,3,47,4,CUST0001418,2025-10-18,2026-09-30,Active,Basic,1673099.26,False
4493,POL00004493,3,64,3,CUST0000390,2023-07-05,2024-06-30,Expired,Standard,1581692.11,False
4494,POL00004494,9,28,4,CUST0002067,2023-07-30,2024-06-30,Expired,Premium,7987407.8,False
4495,POL00004495,5,88,2,CUST0001394,2024-01-17,2024-12-31,Expired,Standard,635056.09,False
4496,POL00004496,8,55,1,CUST0003848,2023-10-11,2024-09-30,Expired,Standard,3825779.76,False
4497,POL00004497,1,52,3,CUST0000991,2024-04-26,2025-03-31,Expired,Standard,630761.02,False
4498,POL00004498,3,58,2,CUST0001314,2024-10-24,2025-09-30,Expired,Standard,1441946.78,False
4499,POL00004499,1,79,4,CUST0001829,2024-02-17,2026-01-31,Expired,Premium,646031.36,False
4500,POL00004500,2,64,4,CUST0001131,2024-04-17,2025-03-31,Cancelled,Standard,670506.6,True
4501,POL00004501,3,91,3,CUST0002787,2025-07-18,2026-06-30,Active,Standard,1817317.96,False
4502,POL00004502,5,33,1,CUST0003722,2024-02-19,2025-01-31,Expired,Premium,629009.87,False
4503,POL00004503,1,40,2,CUST0003456,2024-09-20,2025-08-31,Expired,Standard,519632.44,False
4504,POL00004504,1,15,1,CUST0002041,2024-08-19,2025-07-31,Expired,Premium,722316.83,False
4505,POL00004505,8,29,4,CUST0001466,2025-01-29,2025-12-31,Expired,Standard,5423439.71,False
4506,POL00004506,1,82,4,CUST0001670,2024-02-02,2025-01-31,Expired,Premium,596826.0,False
4507,POL00004507,3,9,3,CUST0001799,2024-12-06,2025-11-30,Expired,Premium,1374970.71,False
4508,POL00004508,5,16,3,CUST0003623,2024-04-01,2025-03-31,Expired,Standard,651828.46,False
4509,POL00004509,2,38,1,CUST0001574,2025-03-02,2026-02-28,Expired,Basic,529091.48,False
4510,POL00004510,1,114,1,CUST0000415,2025-04-30,2027-03-31,Active,Standard,793012.96,False
4511,POL00004511,6,31,1,CUST0002851,2024-02-15,2025-01-31,Expired,Standard,696725.37,False
4512,POL00004512,1,67,1,CUST0000188,2025-02-24,2027-01-31,Active,Standard,644988.88,False
4513,POL00004513,2,51,3,CUST0003244,2024-05-25,2025-04-30,Expired,Premium,700500.81,False
4514,POL00004514,6,27,3,CUST0003677,2024-11-22,2026-10-31,Active,Standard,724063.57,False
4515,POL00004515,8,114,4,CUST0002187,2023-10-04,2024-09-30,Expired,Standard,4841186.46,False
4516,POL00004516,6,38,1,CUST0002456,2024-04-29,2025-03-31,Expired,Basic,746258.59,False
4517,POL00004517,5,37,3,CUST0001564,2024-09-11,2025-08-31,Expired,Standard,402540.14,False
4518,POL00004518,7,115,1,CUST0003430,2023-08-26,2024-07-31,Expired,Standard,415122.46,False
4519,POL00004519,9,87,3,CUST0000585,2023-11-04,2024-10-31,Expired,Standard,6699358.99,False
4520,POL00004520,10,29,2,CUST0002076,2024-10-21,2025-09-30,Expired,Basic,1677391.67,False
4521,POL00004521,1,115,4,CUST0001269,2023-11-22,2024-10-31,Expired,Premium,477309.2,False
4522,POL00004522,6,26,2,CUST0002379,2024-12-01,2025-11-30,Expired,Standard,1027245.99,False
4523,POL00004523,9,93,3,CUST0003382,2023-07-31,2024-06-30,Expired,Basic,6669742.08,False
4524,POL00004524,9,21,3,CUST0002804,2024-02-13,2025-01-31,Expired,Premium,6450192.78,False
4525,POL00004525,1,58,3,CUST0002225,2025-08-28,2026-07-31,Active,Standard,560898.04,False
4526,POL00004526,3,28,3,CUST0002052,2025-01-13,2025-12-31,Expired,Premium,1302330.55,False
4527,POL00004527,5,103,1,CUST0001658,2024-12-23,2025-11-30,Expired,Standard,586781.47,False
4528,POL00004528,8,38,3,CUST0002085,2025-10-27,2026-09-30,Active,Standard,4418558.93,False
4529,POL00004529,5,98,4,CUST0003030,2023-11-20,2024-10-31,Expired,Standard,645814.95,False
4530,POL00004530,4,46,1,CUST0001137,2024-02-08,2025-01-31,Cancelled,Basic,967368.17,True
4531,POL00004531,1,38,2,CUST0000227,2023-10-10,2024-09-30,Expired,Standard,884983.29,False
4532,POL00004532,8,111,3,CUST0001067,2025-08-21,2026-07-31,Active,Premium,5265520.86,False
4533,POL00004533,4,104,1,CUST0003058,2023-11-22,2024-10-31,Expired,Standard,1507729.27,False
4534,POL00004534,8,97,1,CUST0001728,2023-07-04,2024-06-30,Expired,Premium,4466984.96,False
4535,POL00004535,1,21,2,CUST0000766,2024-11-17,2025-10-31,Expired,Standard,649505.38,False
4536,POL00004536,1,83,4,CUST0002565,2025-09-06,2026-08-31,Cancelled,Basic,496117.62,True
4537,POL00004537,5,119,4,CUST0000312,2023-11-07,2024-10-31,Expired,Standard,499496.44,False
4538,POL00004538,1,57,1,CUST0003849,2025-08-15,2026-07-31,Active,Premium,635860.35,False
4539,POL00004539,1,22,4,CUST0000930,2025-04-10,2026-03-31,Cancelled,Standard,885169.59,True
4540,POL00004540,8,19,3,CUST0001515,2024-09-24,2025-08-31,Expired,Premium,4926180.34,False
4541,POL00004541,5,51,2,CUST0000052,2023-11-04,2025-10-31,Expired,Basic,590708.14,False
4542,POL00004542,5,114,1,CUST0000060,2025-05-16,2026-04-30,Expired,Standard,472614.18,False
4543,POL00004543,6,10,3,CUST0000118,2026-01-06,2026-12-31,Active,Premium,904074.12,False
4544,POL00004544,1,73,2,CUST0000172,2025-07-20,2026-06-30,Cancelled,Standard,907755.31,True
4545,POL00004545,6,44,3,CUST0001820,2025-05-26,2026-04-30,Expired,Standard,1061509.09,False
4546,POL00004546,1,43,1,CUST0002193,2024-01-21,2024-12-31,Cancelled,Standard,706948.74,True
4547,POL00004547,5,29,2,CUST0002168,2024-05-02,2025-04-30,Expired,Standard,670898.49,False
4548,POL00004548,6,34,2,CUST0002539,2024-09-30,2025-08-31,Expired,Standard,631445.92,False
4549,POL00004549,4,38,4,CUST0002122,2025-02-01,2026-01-31,Expired,Standard,1462254.17,False
4550,POL00004550,1,16,1,CUST0000948,2024-06-01,2026-05-31,Expired,Basic,517645.54,False
4551,POL00004551,1,65,2,CUST0002714,2024-01-09,2024-12-31,Expired,Standard,691634.37,False
4552,POL00004552,1,90,2,CUST0003930,2025-01-27,2025-12-31,Expired,Standard,458337.18,False
4553,POL00004553,4,17,2,CUST0002661,2024-05-08,2025-04-30,Expired,Standard,1552360.8,False
4554,POL00004554,2,86,1,CUST0002901,2023-07-21,2024-06-30,Expired,Premium,482219.83,False
4555,POL00004555,7,109,1,CUST0001745,2023-07-25,2025-06-30,Expired,Standard,516098.64,False
4556,POL00004556,6,10,4,CUST0003275,2024-05-02,2025-04-30,Expired,Premium,723243.95,False
4557,POL00004557,9,96,2,CUST0001077,2023-10-30,2024-09-30,Expired,Basic,7244775.07,False
4558,POL00004558,1,109,3,CUST0001616,2023-10-31,2024-09-30,Expired,Premium,638136.71,False
4559,POL00004559,4,88,1,CUST0001325,2024-10-21,2025-09-30,Expired,Standard,1498031.64,False
4560,POL00004560,5,51,1,CUST0002841,2024-12-06,2026-11-30,Active,Basic,561276.33,False
4561,POL00004561,1,71,2,CUST0002834,2023-08-01,2024-07-31,Expired,Basic,681738.2,False
4562,POL00004562,1,31,3,CUST0002994,2025-07-24,2026-06-30,Active,Basic,656238.4,False
4563,POL00004563,5,73,3,CUST0003081,2025-07-07,2026-06-30,Cancelled,Premium,688385.48,True
4564,POL00004564,2,5,3,CUST0001915,2024-06-29,2025-05-31,Expired,Standard,723638.35,False
4565,POL00004565,7,68,4,CUST0000159,2024-09-29,2025-08-31,Expired,Standard,536642.61,False
4566,POL00004566,5,101,1,CUST0000729,2024-05-14,2025-04-30,Expired,Standard,646667.98,False
4567,POL00004567,1,9,2,CUST0003254,2024-02-18,2025-01-31,Expired,Basic,684535.78,False
4568,POL00004568,3,53,4,CUST0001978,2025-02-18,2026-01-31,Expired,Standard,1370013.0,False
4569,POL00004569,8,4,2,CUST0001194,2025-01-07,2025-12-31,Expired,Standard,5099160.09,False
4570,POL00004570,6,56,2,CUST0003740,2025-02-21,2026-01-31,Expired,Standard,1067147.12,False
4571,POL00004571,1,53,2,CUST0000449,2024-01-29,2024-12-31,Expired,Standard,755298.82,False
4572,POL00004572,4,4,2,CUST0002568,2024-12-06,2025-11-30,Expired,Premium,1428311.57,False
4573,POL00004573,4,61,3,CUST0001339,2024-09-04,2025-08-31,Expired,Premium,1343017.45,False
4574,POL00004574,2,82,1,CUST0002813,2024-02-11,2026-01-31,Expired,Premium,539818.49,False
4575,POL00004575,6,39,3,CUST0002757,2024-12-09,2025-11-30,Expired,Standard,954009.94,False
4576,POL00004576,6,114,1,CUST0001861,2025-03-30,2026-02-28,Expired,Basic,854331.81,False
4577,POL00004577,8,88,1,CUST0003365,2025-06-09,2026-05-31,Expired,Premium,6239486.71,False
4578,POL00004578,3,63,1,CUST0000075,2024-05-25,2025-04-30,Expired,Standard,1897418.94,False
4579,POL00004579,1,27,1,CUST0002995,2025-04-28,2026-03-31,Expired,Basic,801553.84,False
4580,POL00004580,5,77,1,CUST0002899,2024-07-09,2025-06-30,Expired,Basic,383630.28,False
4581,POL00004581,1,98,1,CUST0002600,2023-11-01,2024-10-31,Expired,Standard,738090.55,False
4582,POL00004582,1,35,4,CUST0000217,2025-11-23,2026-10-31,Active,Standard,794701.77,False
4583,POL00004583,6,85,4,CUST0001896,2024-12-13,2025-11-30,Expired,Basic,770688.23,False
4584,POL00004584,1,74,4,CUST0003905,2025-12-07,2026-11-30,Active,Standard,472263.35,False
4585,POL00004585,1,16,4,CUST0001647,2023-08-14,2024-07-31,Expired,Basic,823820.18,False
4586,POL00004586,2,100,1,CUST0003570,2026-01-22,2026-12-31,Active,Standard,592621.59,False
4587,POL00004587,1,7,2,CUST0001399,2025-04-29,2026-03-31,Expired,Standard,797938.92,False
4588,POL00004588,1,69,3,CUST0003278,2023-09-09,2024-08-31,Expired,Premium,759047.35,False
4589,POL00004589,1,31,3,CUST0000696,2024-06-12,2025-05-31,Cancelled,Standard,712839.37,True
4590,POL00004590,2,55,2,CUST0001813,2023-07-07,2024-06-30,Expired,Standard,409654.13,False
4591,POL00004591,6,13,2,CUST0001462,2025-08-18,2026-07-31,Active,Standard,690961.97,False
4592,POL00004592,6,53,1,CUST0001601,2024-02-02,2025-01-31,Expired,Standard,598625.88,False
4593,POL00004593,1,53,3,CUST0002691,2024-08-01,2025-07-31,Expired,Basic,846170.31,False
4594,POL00004594,2,94,2,CUST0001591,2024-08-01,2025-07-31,Cancelled,Standard,501480.88,True
4595,POL00004595,6,82,4,CUST0001765,2024-03-29,2025-02-28,Expired,Standard,647679.57,False
4596,POL00004596,6,70,4,CUST0002902,2023-07-15,2024-06-30,Expired,Basic,915227.39,False
4597,POL00004597,5,77,4,CUST0002648,2024-09-07,2025-08-31,Expired,Standard,459218.43,False
4598,POL00004598,1,22,2,CUST0001351,2025-09-12,2027-08-31,Active,Basic,797775.77,False
4599,POL00004599,3,118,4,CUST0000156,2025-02-13,2026-01-31,Expired,Premium,2014190.26,False
4600,POL00004600,4,58,2,CUST0003054,2023-10-26,2024-09-30,Expired,Standard,1317351.87,False
4601,POL00004601,2,14,3,CUST0001199,2026-01-10,2026-12-31,Active,Standard,610977.87,False
4602,POL00004602,3,16,4,CUST0002594,2023-11-03,2024-10-31,Cancelled,Standard,1562563.58,True
4603,POL00004603,5,101,4,CUST0001778,2024-09-19,2025-08-31,Expired,Basic,400938.58,False
4604,POL00004604,6,37,2,CUST0003439,2024-11-29,2026-10-31,Active,Standard,607748.9,False
4605,POL00004605,1,114,1,CUST0003975,2023-10-08,2024-09-30,Expired,Standard,716787.37,False
4606,POL00004606,6,94,4,CUST0002773,2024-05-12,2025-04-30,Expired,Standard,620405.44,False
4607,POL00004607,7,74,4,CUST0001646,2026-02-14,2027-01-31,Active,Basic,505203.15,False
4608,POL00004608,6,76,4,CUST0000906,2023-08-09,2024-07-31,Expired,Standard,843382.88,False
4609,POL00004609,3,100,3,CUST0003600,2026-02-18,2027-01-31,Active,Premium,1415270.72,False
4610,POL00004610,9,89,1,CUST0000326,2023-07-21,2024-06-30,Expired,Standard,5912626.81,False
4611,POL00004611,3,110,3,CUST0002642,2024-04-16,2025-03-31,Expired,Standard,1383558.53,False
4612,POL00004612,9,17,3,CUST0002610,2024-03-28,2025-02-28,Expired,Standard,7874929.97,False
4613,POL00004613,7,82,4,CUST0004000,2025-02-10,2026-01-31,Expired,Standard,349290.0,False
4614,POL00004614,1,53,2,CUST0003051,2025-12-21,2026-11-30,Active,Standard,521932.17,False
4615,POL00004615,6,81,3,CUST0001108,2025-09-12,2026-08-31,Active,Basic,904166.86,False
4616,POL00004616,6,45,3,CUST0000217,2024-10-28,2025-09-30,Expired,Standard,926534.84,False
4617,POL00004617,7,95,1,CUST0001220,2025-01-14,2025-12-31,Expired,Standard,455258.73,False
4618,POL00004618,6,71,3,CUST0002304,2024-04-05,2025-03-31,Expired,Standard,647710.47,False
4619,POL00004619,10,42,1,CUST0001337,2023-09-12,2024-08-31,Expired,Standard,2698498.64,False
4620,POL00004620,1,95,1,CUST0002370,2023-11-17,2024-10-31,Expired,Basic,820317.83,False
4621,POL00004621,2,86,3,CUST0002268,2024-01-02,2024-12-31,Expired,Standard,619302.16,False
4622,POL00004622,8,15,3,CUST0001148,2025-09-13,2026-08-31,Active,Standard,4771695.63,False
4623,POL00004623,6,105,1,CUST0002046,2025-04-30,2026-03-31,Expired,Standard,571365.33,False
4624,POL00004624,4,105,2,CUST0002814,2024-12-07,2025-11-30,Cancelled,Standard,1654406.56,True
4625,POL00004625,1,51,4,CUST0002785,2025-02-25,2026-01-31,Expired,Standard,816148.96,False
4626,POL00004626,1,77,1,CUST0001410,2025-07-24,2026-06-30,Active,Premium,819735.03,False
4627,POL00004627,4,96,1,CUST0003367,2025-06-27,2026-05-31,Expired,Standard,1614953.54,False
4628,POL00004628,1,90,4,CUST0003134,2023-08-30,2024-07-31,Expired,Standard,591810.23,False
4629,POL00004629,5,47,3,CUST0003262,2024-03-27,2025-02-28,Expired,Premium,394178.76,False
4630,POL00004630,10,88,3,CUST0001767,2024-06-07,2025-05-31,Expired,Standard,1417860.5,False
4631,POL00004631,1,66,1,CUST0002751,2023-08-01,2024-07-31,Expired,Standard,758074.79,False
4632,POL00004632,1,63,2,CUST0000109,2024-09-16,2026-08-31,Active,Basic,456145.74,False
4633,POL00004633,5,105,3,CUST0001642,2026-02-25,2027-01-31,Cancelled,Standard,456603.68,True
4634,POL00004634,8,40,3,CUST0001602,2025-06-13,2027-05-31,Active,Basic,4308063.49,False
4635,POL00004635,1,98,2,CUST0001298,2025-09-18,2027-08-31,Active,Premium,640882.07,False
4636,POL00004636,1,37,2,CUST0001308,2026-01-13,2026-12-31,Active,Basic,791581.43,False
4637,POL00004637,1,72,2,CUST0003006,2025-04-18,2026-03-31,Expired,Standard,729322.64,False
4638,POL00004638,2,38,1,CUST0001184,2025-10-22,2026-09-30,Active,Standard,645578.1,False
4639,POL00004639,7,71,1,CUST0002852,2025-01-28,2025-12-31,Expired,Basic,516422.73,False
4640,POL00004640,1,53,3,CUST0001508,2024-11-27,2025-10-31,Expired,Standard,716581.77,False
4641,POL00004641,3,111,1,CUST0003232,2025-03-11,2026-02-28,Expired,Basic,1158386.03,False
4642,POL00004642,1,114,2,CUST0002751,2025-11-07,2026-10-31,Active,Standard,906492.86,False
4643,POL00004643,1,84,4,CUST0002242,2024-03-22,2026-02-28,Expired,Standard,729705.09,False
4644,POL00004644,3,26,1,CUST0002838,2023-10-28,2024-09-30,Expired,Basic,1877346.09,False
4645,POL00004645,3,116,2,CUST0003636,2024-01-20,2024-12-31,Expired,Basic,1774303.13,False
4646,POL00004646,10,54,1,CUST0001585,2025-07-26,2027-06-30,Active,Standard,1573030.99,False
4647,POL00004647,3,115,3,CUST0003803,2024-03-04,2025-02-28,Expired,Basic,1968261.47,False
4648,POL00004648,10,9,2,CUST0003935,2024-04-08,2025-03-31,Expired,Basic,1549725.67,False
4649,POL00004649,6,102,1,CUST0000501,2025-05-27,2026-04-30,Expired,Standard,1061309.64,False
4650,POL00004650,1,91,1,CUST0002143,2025-12-30,2026-11-30,Active,Premium,661191.02,False
4651,POL00004651,1,1,1,CUST0003322,2025-11-25,2026-10-31,Active,Standard,665078.53,False
4652,POL00004652,4,47,2,CUST0000274,2024-10-17,2025-09-30,Expired,Standard,1678033.85,False
4653,POL00004653,1,80,2,CUST0002638,2025-04-18,2026-03-31,Cancelled,Standard,894724.36,True
4654,POL00004654,1,49,1,CUST0001650,2023-11-24,2024-10-31,Expired,Premium,882941.18,False
4655,POL00004655,2,73,2,CUST0002025,2024-05-03,2025-04-30,Expired,Basic,407872.16,False
4656,POL00004656,6,102,4,CUST0001310,2025-03-05,2026-02-28,Expired,Basic,816391.02,False
4657,POL00004657,4,94,2,CUST0003747,2025-08-04,2026-07-31,Active,Basic,1445142.16,False
4658,POL00004658,4,112,4,CUST0002768,2024-10-07,2025-09-30,Expired,Standard,840023.07,False
4659,POL00004659,3,3,1,CUST0002945,2024-04-11,2026-03-31,Expired,Standard,1435194.69,False
4660,POL00004660,1,48,2,CUST0003138,2025-09-01,2026-08-31,Active,Basic,873145.22,False
4661,POL00004661,2,96,2,CUST0001726,2024-05-18,2025-04-30,Expired,Standard,615446.41,False
4662,POL00004662,9,9,3,CUST0003531,2024-01-11,2024-12-31,Expired,Standard,7878757.62,False
4663,POL00004663,1,110,1,CUST0003576,2025-09-25,2026-08-31,Active,Standard,807920.62,False
4664,POL00004664,8,46,1,CUST0003345,2023-11-10,2024-10-31,Expired,Standard,6298472.04,False
4665,POL00004665,5,41,1,CUST0000089,2023-10-29,2024-09-30,Expired,Basic,612325.62,False
4666,POL00004666,1,39,2,CUST0002277,2024-04-28,2025-03-31,Cancelled,Standard,618600.71,True
4667,POL00004667,3,8,1,CUST0001921,2024-04-14,2025-03-31,Expired,Premium,2093606.29,False
4668,POL00004668,5,44,3,CUST0000669,2024-04-19,2025-03-31,Expired,Basic,551311.87,False
4669,POL00004669,5,95,1,CUST0003294,2024-12-03,2026-11-30,Active,Basic,439470.0,False
4670,POL00004670,4,91,2,CUST0003169,2024-04-09,2026-03-31,Expired,Premium,1150874.23,False
4671,POL00004671,1,35,1,CUST0002168,2024-07-24,2025-06-30,Expired,Standard,470121.68,False
4672,POL00004672,9,8,4,CUST0001959,2024-09-23,2025-08-31,Cancelled,Premium,5279779.51,True
4673,POL00004673,1,48,3,CUST0001067,2025-12-31,2026-11-30,Active,Standard,764271.88,False
4674,POL00004674,8,12,3,CUST0003823,2024-09-08,2025-08-31,Expired,Standard,5294762.15,False
4675,POL00004675,1,84,3,CUST0000391,2024-08-05,2025-07-31,Expired,Standard,716781.66,False
4676,POL00004676,4,75,3,CUST0001777,2024-02-13,2025-01-31,Expired,Standard,963167.55,False
4677,POL00004677,2,111,4,CUST0003391,2025-12-10,2026-11-30,Active,Standard,738767.58,False
4678,POL00004678,4,113,4,CUST0002198,2026-02-13,2027-01-31,Active,Basic,1021990.26,False
4679,POL00004679,1,12,3,CUST0000798,2025-05-22,2026-04-30,Expired,Premium,765307.54,False
4680,POL00004680,1,110,3,CUST0000307,2025-11-08,2026-10-31,Active,Basic,894377.96,False
4681,POL00004681,3,94,4,CUST0001699,2024-10-07,2025-09-30,Expired,Premium,1086639.18,False
4682,POL00004682,9,84,3,CUST0003311,2025-07-24,2026-06-30,Active,Basic,7226129.22,False
4683,POL00004683,1,16,3,CUST0000245,2026-01-15,2026-12-31,Active,Standard,542209.15,False
4684,POL00004684,2,87,2,CUST0003603,2025-01-05,2025-12-31,Expired,Basic,655060.9,False
4685,POL00004685,1,58,3,CUST0000021,2024-06-22,2025-05-31,Expired,Basic,815501.55,False
4686,POL00004686,1,19,2,CUST0001299,2025-02-22,2027-01-31,Active,Premium,516878.93,False
4687,POL00004687,6,114,3,CUST0002479,2023-10-05,2024-09-30,Expired,Premium,1086299.5,False
4688,POL00004688,8,13,4,CUST0002764,2025-10-30,2026-09-30,Active,Basic,3514862.56,False
4689,POL00004689,9,110,4,CUST0003858,2025-12-13,2026-11-30,Active,Standard,7854249.75,False
4690,POL00004690,9,52,3,CUST0003388,2023-07-06,2024-06-30,Expired,Standard,8708287.93,False
4691,POL00004691,8,77,1,CUST0001090,2023-09-26,2024-08-31,Expired,Standard,6615002.31,False
4692,POL00004692,6,90,1,CUST0002486,2023-07-14,2024-06-30,Expired,Standard,574716.79,False
4693,POL00004693,2,17,2,CUST0000139,2024-10-30,2025-09-30,Expired,Standard,573427.46,False
4694,POL00004694,6,80,2,CUST0000517,2024-09-02,2025-08-31,Expired,Basic,898041.95,False
4695,POL00004695,4,1,1,CUST0000046,2025-04-25,2026-03-31,Expired,Standard,1335950.55,False
4696,POL00004696,4,35,2,CUST0003803,2025-06-07,2026-05-31,Expired,Standard,1297444.76,False
4697,POL00004697,4,4,4,CUST0003510,2024-07-01,2025-06-30,Expired,Basic,1509819.46,False
4698,POL00004698,1,17,2,CUST0003457,2025-09-03,2026-08-31,Active,Standard,498137.15,False
4699,POL00004699,1,19,4,CUST0001676,2025-05-08,2026-04-30,Expired,Basic,618248.19,False
4700,POL00004700,9,37,1,CUST0001621,2026-02-27,2027-01-31,Active,Standard,9062846.23,False
4701,POL00004701,1,113,4,CUST0002329,2024-06-19,2025-05-31,Expired,Standard,487309.41,False
4702,POL00004702,8,43,3,CUST0002136,2023-12-26,2024-11-30,Expired,Standard,3740928.03,False
4703,POL00004703,2,62,2,CUST0002702,2025-06-12,2026-05-31,Expired,Standard,526584.08,False
4704,POL00004704,9,101,4,CUST0003488,2024-06-04,2026-05-31,Expired,Standard,8056336.56,False
4705,POL00004705,3,22,4,CUST0000326,2024-05-12,2025-04-30,Expired,Basic,1475029.55,False
4706,POL00004706,1,15,2,CUST0002405,2023-07-07,2024-06-30,Expired,Premium,510394.56,False
4707,POL00004707,5,49,4,CUST0002495,2025-11-09,2026-10-31,Active,Premium,564406.43,False
4708,POL00004708,2,95,4,CUST0003719,2024-10-10,2025-09-30,Expired,Standard,459868.49,False
4709,POL00004709,5,13,3,CUST0002133,2024-10-22,2025-09-30,Expired,Basic,613654.63,False
4710,POL00004710,1,109,4,CUST0000794,2024-04-12,2025-03-31,Expired,Basic,495843.86,False
4711,POL00004711,9,8,1,CUST0003098,2024-05-29,2025-04-30,Cancelled,Basic,9599128.46,True
4712,POL00004712,2,63,3,CUST0001300,2023-12-31,2024-11-30,Expired,Standard,598279.72,False
4713,POL00004713,4,97,4,CUST0001515,2025-02-05,2026-01-31,Expired,Basic,1645997.29,False
4714,POL00004714,2,79,2,CUST0003628,2025-10-04,2026-09-30,Active,Premium,735273.13,False
4715,POL00004715,2,27,3,CUST0000250,2024-05-14,2026-04-30,Cancelled,Standard,581331.5,True
4716,POL00004716,1,106,1,CUST0003386,2023-11-02,2024-10-31,Expired,Basic,873626.81,False
4717,POL00004717,5,46,3,CUST0002361,2025-11-22,2026-10-31,Active,Basic,585309.87,False
4718,POL00004718,1,79,4,CUST0001341,2024-11-03,2025-10-31,Expired,Premium,532572.89,False
4719,POL00004719,2,8,2,CUST0003908,2026-02-22,2027-01-31,Active,Premium,639675.52,False
4720,POL00004720,1,20,3,CUST0001869,2023-11-11,2024-10-31,Expired,Premium,795057.39,False
4721,POL00004721,4,83,1,CUST0001299,2024-05-23,2026-04-30,Expired,Standard,1459912.3,False
4722,POL00004722,2,11,1,CUST0003585,2024-04-29,2025-03-31,Expired,Standard,715556.07,False
4723,POL00004723,1,6,1,CUST0001396,2025-10-08,2026-09-30,Active,Basic,783194.76,False
4724,POL00004724,5,18,3,CUST0002488,2025-06-25,2026-05-31,Expired,Premium,596998.04,False
4725,POL00004725,3,96,4,CUST0002082,2024-09-11,2025-08-31,Expired,Standard,1229672.5,False
4726,POL00004726,1,94,2,CUST0003513,2024-01-02,2024-12-31,Expired,Premium,487576.33,False
4727,POL00004727,2,14,1,CUST0001544,2025-04-26,2026-03-31,Expired,Standard,616747.12,False
4728,POL00004728,1,110,3,CUST0002920,2025-06-09,2026-05-31,Expired,Basic,825389.74,False
4729,POL00004729,5,68,3,CUST0000989,2025-11-01,2026-10-31,Active,Basic,351413.25,False
4730,POL00004730,1,40,2,CUST0001122,2025-11-05,2026-10-31,Active,Standard,646214.59,False
4731,POL00004731,10,75,3,CUST0002366,2025-08-29,2026-07-31,Active,Basic,1729433.18,False
4732,POL00004732,6,2,1,CUST0001797,2024-03-24,2025-02-28,Expired,Standard,1046169.04,False
4733,POL00004733,8,1,4,CUST0003703,2025-07-01,2026-06-30,Active,Standard,6735375.34,False
4734,POL00004734,1,27,3,CUST0002368,2024-11-03,2025-10-31,Expired,Standard,873721.74,False
4735,POL00004735,2,12,2,CUST0002597,2023-09-11,2024-08-31,Expired,Basic,483468.33,False
4736,POL00004736,1,59,1,CUST0001807,2025-04-21,2026-03-31,Expired,Premium,671560.1,False
4737,POL00004737,7,41,1,CUST0000045,2024-09-23,2025-08-31,Expired,Premium,529969.34,False
4738,POL00004738,2,63,3,CUST0002556,2024-05-29,2025-04-30,Expired,Standard,515608.27,False
4739,POL00004739,4,26,1,CUST0000815,2025-01-06,2025-12-31,Expired,Standard,1362295.49,False
4740,POL00004740,1,59,2,CUST0000307,2024-11-02,2025-10-31,Expired,Standard,610441.66,False
4741,POL00004741,2,67,2,CUST0001356,2023-09-06,2025-08-31,Expired,Standard,455509.15,False
4742,POL00004742,4,111,2,CUST0002853,2025-09-16,2026-08-31,Active,Basic,1539812.83,False
4743,POL00004743,9,5,2,CUST0000201,2025-11-01,2026-10-31,Active,Standard,7162634.72,False
4744,POL00004744,5,55,3,CUST0001114,2024-06-28,2025-05-31,Expired,Standard,385712.19,False
4745,POL00004745,3,6,4,CUST0001424,2026-02-19,2027-01-31,Active,Standard,1562883.82,False
4746,POL00004746,10,6,2,CUST0001598,2026-02-13,2027-01-31,Active,Standard,1687770.2,False
4747,POL00004747,6,29,4,CUST0000811,2025-05-27,2026-04-30,Expired,Premium,669545.57,False
4748,POL00004748,5,65,3,CUST0000427,2024-05-25,2025-04-30,Expired,Basic,466799.22,False
4749,POL00004749,3,33,1,CUST0000043,2024-11-09,2026-10-31,Active,Standard,1315645.16,False
4750,POL00004750,3,62,4,CUST0002557,2024-06-29,2025-05-31,Expired,Standard,1316036.47,False
4751,POL00004751,3,120,1,CUST0001164,2024-11-14,2025-10-31,Expired,Standard,1999961.18,False
4752,POL00004752,6,65,3,CUST0003317,2025-04-13,2026-03-31,Cancelled,Standard,1085483.97,True
4753,POL00004753,3,120,4,CUST0000153,2025-10-25,2026-09-30,Active,Standard,1076628.45,False
4754,POL00004754,7,84,2,CUST0000694,2024-04-18,2025-03-31,Expired,Standard,379621.94,False
4755,POL00004755,2,27,2,CUST0000684,2024-01-05,2024-12-31,Expired,Standard,715884.02,False
4756,POL00004756,6,64,1,CUST0001783,2025-08-04,2026-07-31,Active,Standard,695949.24,False
4757,POL00004757,1,55,4,CUST0003356,2024-12-22,2025-11-30,Expired,Basic,502853.1,False
4758,POL00004758,4,111,1,CUST0003526,2025-12-15,2027-11-30,Active,Standard,1648136.2,False
4759,POL00004759,1,97,4,CUST0003517,2024-06-14,2025-05-31,Cancelled,Basic,809667.43,True
4760,POL00004760,1,108,4,CUST0003022,2023-07-15,2024-06-30,Expired,Basic,574475.28,False
4761,POL00004761,4,74,4,CUST0000399,2023-10-11,2024-09-30,Expired,Standard,1608926.46,False
4762,POL00004762,7,57,3,CUST0000817,2025-01-06,2025-12-31,Expired,Standard,359671.45,False
4763,POL00004763,1,39,4,CUST0003518,2025-12-02,2026-11-30,Active,Premium,495324.43,False
4764,POL00004764,1,73,3,CUST0000406,2025-01-25,2025-12-31,Expired,Standard,825288.46,False
4765,POL00004765,1,104,4,CUST0003354,2024-01-28,2024-12-31,Expired,Basic,731979.26,False
4766,POL00004766,5,62,3,CUST0001683,2025-08-23,2026-07-31,Active,Premium,490481.53,False
4767,POL00004767,2,63,1,CUST0003377,2025-07-02,2026-06-30,Active,Premium,744505.54,False
4768,POL00004768,4,106,2,CUST0000648,2024-05-01,2025-04-30,Expired,Basic,1229728.69,False
4769,POL00004769,4,14,3,CUST0001616,2023-09-28,2024-08-31,Expired,Standard,1629866.1,False
4770,POL00004770,8,21,3,CUST0003977,2025-07-16,2026-06-30,Active,Basic,6274085.61,False
4771,POL00004771,1,17,2,CUST0000384,2026-02-17,2027-01-31,Active,Standard,578556.93,False
4772,POL00004772,1,64,2,CUST0000435,2024-07-22,2025-06-30,Expired,Standard,907172.54,False
4773,POL00004773,7,37,2,CUST0001938,2026-01-06,2026-12-31,Active,Premium,439517.83,False
4774,POL00004774,7,37,1,CUST0000609,2025-01-07,2025-12-31,Expired,Basic,386140.92,False
4775,POL00004775,2,52,2,CUST0003588,2025-06-22,2026-05-31,Expired,Basic,506545.75,False
4776,POL00004776,3,116,1,CUST0003969,2023-07-10,2024-06-30,Expired,Basic,1739170.73,False
4777,POL00004777,1,103,3,CUST0001565,2025-07-08,2026-06-30,Active,Basic,838269.95,False
4778,POL00004778,1,109,2,CUST0002617,2025-08-23,2026-07-31,Active,Standard,522100.91,False
4779,POL00004779,6,37,4,CUST0002191,2024-06-07,2025-05-31,Expired,Standard,1047087.78,False
4780,POL00004780,6,11,1,CUST0001171,2025-06-26,2026-05-31,Cancelled,Standard,737069.29,True
4781,POL00004781,6,26,4,CUST0000784,2024-08-10,2025-07-31,Expired,Standard,643225.23,False
4782,POL00004782,1,106,3,CUST0001016,2024-05-03,2025-04-30,Expired,Standard,707536.33,False
4783,POL00004783,1,56,1,CUST0001368,2025-08-19,2026-07-31,Active,Standard,669725.48,False
4784,POL00004784,5,71,1,CUST0001695,2025-02-25,2026-01-31,Expired,Standard,477185.22,False
4785,POL00004785,6,9,4,CUST0002049,2025-12-17,2026-11-30,Active,Standard,969686.14,False
4786,POL00004786,10,81,3,CUST0001720,2023-08-13,2024-07-31,Expired,Basic,2234792.26,False
4787,POL00004787,5,27,3,CUST0002216,2026-01-03,2026-12-31,Active,Standard,370082.63,False
4788,POL00004788,4,46,4,CUST0002528,2023-11-20,2024-10-31,Expired,Premium,958728.82,False
4789,POL00004789,1,14,3,CUST0000206,2025-05-14,2026-04-30,Cancelled,Standard,520683.87,True
4790,POL00004790,2,7,1,CUST0001756,2024-03-06,2025-02-28,Cancelled,Standard,576337.46,True
4791,POL00004791,1,112,3,CUST0002687,2023-09-26,2025-08-31,Expired,Standard,876002.86,False
4792,POL00004792,1,49,2,CUST0002447,2024-09-28,2025-08-31,Expired,Premium,890057.92,False
4793,POL00004793,1,59,4,CUST0001372,2023-10-13,2025-09-30,Expired,Standard,646803.23,False
4794,POL00004794,7,22,1,CUST0001758,2024-02-08,2026-01-31,Expired,Standard,558500.38,False
4795,POL00004795,1,33,2,CUST0000421,2023-10-30,2024-09-30,Expired,Standard,578808.7,False
4796,POL00004796,6,80,2,CUST0002146,2024-10-22,2025-09-30,Expired,Standard,1027395.71,False
4797,POL00004797,4,35,3,CUST0001453,2024-06-14,2025-05-31,Expired,Standard,1265488.21,False
4798,POL00004798,1,97,4,CUST0003705,2024-12-27,2025-11-30,Expired,Standard,484197.43,False
4799,POL00004799,1,40,2,CUST0000105,2025-02-18,2026-01-31,Expired,Basic,524913.39,False
4800,POL00004800,9,20,4,CUST0000133,2024-08-03,2025-07-31,Expired,Basic,5649106.06,False
4801,POL00004801,7,64,2,CUST0000360,2024-12-25,2025-11-30,Expired,Premium,345850.0,False
4802,POL00004802,5,79,4,CUST0001936,2024-03-01,2025-02-28,Expired,Standard,515370.49,False
4803,POL00004803,1,50,3,CUST0002797,2025-10-20,2026-09-30,Active,Standard,696034.52,False
4804,POL00004804,3,13,2,CUST0003991,2025-04-23,2026-03-31,Expired,Standard,1939597.11,False
4805,POL00004805,3,19,1,CUST0003587,2024-12-03,2025-11-30,Expired,Standard,1607321.47,False
4806,POL00004806,1,74,3,CUST0003879,2025-11-22,2026-10-31,Active,Standard,775319.42,False
4807,POL00004807,2,44,4,CUST0000766,2024-01-26,2024-12-31,Cancelled,Standard,623276.85,True
4808,POL00004808,1,78,3,CUST0000661,2024-08-16,2025-07-31,Expired,Standard,622088.31,False
4809,POL00004809,2,80,3,CUST0003114,2026-02-27,2027-01-31,Active,Standard,625424.12,False
4810,POL00004810,6,55,3,CUST0001648,2023-09-23,2025-08-31,Cancelled,Standard,790043.22,True
4811,POL00004811,1,34,1,CUST0000061,2025-03-25,2026-02-28,Expired,Standard,611448.5,False
4812,POL00004812,1,80,1,CUST0001784,2024-10-01,2025-09-30,Expired,Standard,757911.2,False
4813,POL00004813,7,29,2,CUST0002113,2025-08-09,2026-07-31,Active,Standard,410463.36,False
4814,POL00004814,1,11,1,CUST0001095,2024-08-24,2025-07-31,Expired,Basic,736745.3,False
4815,POL00004815,2,46,1,CUST0002615,2024-02-23,2025-01-31,Expired,Standard,479509.28,False
4816,POL00004816,3,68,4,CUST0002920,2025-09-23,2026-08-31,Active,Standard,2052320.96,False
4817,POL00004817,2,39,2,CUST0000193,2024-12-18,2025-11-30,Expired,Basic,448202.67,False
4818,POL00004818,9,35,4,CUST0001958,2025-10-18,2026-09-30,Active,Standard,10418195.94,False
4819,POL00004819,6,30,3,CUST0002610,2024-03-28,2025-02-28,Expired,Premium,895883.61,False
4820,POL00004820,9,20,2,CUST0000154,2023-07-03,2024-06-30,Expired,Premium,10192987.5,False
4821,POL00004821,9,111,3,CUST0000370,2026-02-11,2027-01-31,Active,Basic,9314193.56,False
4822,POL00004822,7,110,4,CUST0002193,2026-02-13,2027-01-31,Active,Standard,490852.88,False
4823,POL00004823,3,98,1,CUST0001616,2024-03-16,2025-02-28,Expired,Standard,2044765.1,False
4824,POL00004824,2,44,3,CUST0001422,2024-10-30,2025-09-30,Expired,Standard,509080.86,False
4825,POL00004825,1,81,4,CUST0000372,2024-11-25,2025-10-31,Expired,Basic,620238.23,False
4826,POL00004826,6,51,2,CUST0002547,2025-04-05,2026-03-31,Expired,Premium,813835.09,False
4827,POL00004827,5,113,1,CUST0000507,2024-02-13,2025-01-31,Expired,Premium,582661.48,False
4828,POL00004828,2,80,4,CUST0003779,2025-05-24,2026-04-30,Expired,Premium,423993.01,False
4829,POL00004829,2,106,4,CUST0000085,2024-10-15,2026-09-30,Active,Standard,559837.31,False
4830,POL00004830,9,55,3,CUST0003783,2024-07-29,2025-06-30,Expired,Standard,5939378.58,False
4831,POL00004831,3,59,1,CUST0003211,2024-02-15,2026-01-31,Expired,Basic,1194938.58,False
4832,POL00004832,7,34,3,CUST0002262,2025-09-18,2026-08-31,Active,Standard,314530.19,False
4833,POL00004833,5,10,4,CUST0003997,2025-05-23,2026-04-30,Expired,Basic,589959.46,False
4834,POL00004834,1,104,3,CUST0001089,2025-07-22,2026-06-30,Active,Standard,762917.88,False
4835,POL00004835,4,63,1,CUST0001134,2024-02-05,2025-01-31,Expired,Standard,848202.32,False
4836,POL00004836,5,90,2,CUST0000913,2025-06-17,2026-05-31,Expired,Standard,468046.1,False
4837,POL00004837,4,80,2,CUST0003873,2025-02-12,2026-01-31,Expired,Basic,862716.26,False
4838,POL00004838,3,70,2,CUST0001721,2023-09-08,2024-08-31,Expired,Standard,1589470.55,False
4839,POL00004839,5,116,1,CUST0001183,2025-09-01,2026-08-31,Active,Standard,513913.07,False
4840,POL00004840,1,94,1,CUST0000405,2024-05-17,2026-04-30,Expired,Standard,658633.34,False
4841,POL00004841,1,48,4,CUST0002335,2024-01-01,2024-12-31,Expired,Standard,839282.3,False
4842,POL00004842,7,95,3,CUST0001409,2025-10-07,2026-09-30,Active,Standard,521367.86,False
4843,POL00004843,10,89,3,CUST0003230,2025-12-21,2026-11-30,Active,Premium,1457740.17,False
4844,POL00004844,4,71,3,CUST0000506,2024-08-05,2025-07-31,Expired,Standard,1673433.51,False
4845,POL00004845,4,34,2,CUST0003640,2025-10-12,2026-09-30,Active,Standard,1624308.58,False
4846,POL00004846,5,106,2,CUST0001873,2024-10-31,2025-09-30,Expired,Standard,395670.66,False
4847,POL00004847,8,87,3,CUST0000899,2023-11-19,2025-10-31,Expired,Standard,4118501.52,False
4848,POL00004848,1,112,4,CUST0002909,2025-03-10,2026-02-28,Expired,Premium,473165.4,False
4849,POL00004849,1,41,3,CUST0002831,2023-09-14,2024-08-31,Expired,Basic,626609.25,False
4850,POL00004850,9,4,1,CUST0002759,2023-11-25,2024-10-31,Expired,Standard,6218089.54,False
4851,POL00004851,4,12,3,CUST0001577,2025-07-06,2026-06-30,Active,Basic,1280702.49,False
4852,POL00004852,1,67,4,CUST0002553,2026-01-13,2026-12-31,Cancelled,Standard,837798.62,True
4853,POL00004853,1,28,1,CUST0001170,2025-03-18,2026-02-28,Expired,Standard,684913.57,False
4854,POL00004854,2,23,1,CUST0000025,2025-01-25,2026-12-31,Cancelled,Basic,727635.36,True
4855,POL00004855,10,72,4,CUST0002446,2023-11-14,2024-10-31,Expired,Standard,1558044.42,False
4856,POL00004856,1,47,3,CUST0001375,2023-08-26,2024-07-31,Expired,Premium,874017.16,False
4857,POL00004857,5,106,1,CUST0001437,2025-11-13,2026-10-31,Cancelled,Standard,589623.39,True
4858,POL00004858,2,18,1,CUST0002473,2024-08-04,2025-07-31,Expired,Standard,711365.15,False
4859,POL00004859,3,92,2,CUST0001900,2025-01-13,2025-12-31,Expired,Basic,1943714.41,False
4860,POL00004860,8,55,2,CUST0001904,2024-12-26,2025-11-30,Expired,Standard,6630674.0,False
4861,POL00004861,8,52,2,CUST0001292,2025-10-23,2026-09-30,Active,Standard,4242798.47,False
4862,POL00004862,5,114,2,CUST0001646,2025-11-20,2026-10-31,Active,Standard,542960.92,False
4863,POL00004863,4,7,2,CUST0000309,2023-09-13,2024-08-31,Expired,Basic,1589011.31,False
4864,POL00004864,2,52,2,CUST0002515,2024-05-21,2025-04-30,Expired,Basic,533892.07,False
4865,POL00004865,2,118,2,CUST0001466,2025-05-03,2026-04-30,Expired,Basic,652942.21,False
4866,POL00004866,5,58,2,CUST0001666,2024-11-18,2025-10-31,Expired,Premium,610206.09,False
4867,POL00004867,3,94,1,CUST0003984,2023-07-18,2024-06-30,Expired,Basic,1752545.59,False
4868,POL00004868,1,40,2,CUST0003138,2025-06-08,2026-05-31,Expired,Premium,859667.15,False
4869,POL00004869,5,104,3,CUST0002896,2024-07-14,2025-06-30,Expired,Basic,680265.25,False
4870,POL00004870,1,66,1,CUST0001846,2024-12-06,2025-11-30,Expired,Basic,483223.01,False
4871,POL00004871,1,30,3,CUST0001116,2024-12-01,2025-11-30,Expired,Basic,572222.54,False
4872,POL00004872,6,40,3,CUST0003788,2024-07-22,2025-06-30,Expired,Basic,752341.52,False
4873,POL00004873,1,23,1,CUST0001665,2024-01-11,2024-12-31,Expired,Standard,793955.58,False
4874,POL00004874,6,100,4,CUST0000074,2025-07-10,2027-06-30,Active,Standard,883316.01,False
4875,POL00004875,1,26,1,CUST0002079,2024-09-07,2025-08-31,Expired,Basic,574658.88,False
4876,POL00004876,2,73,1,CUST0001534,2026-02-16,2027-01-31,Active,Basic,386330.91,False
4877,POL00004877,4,73,1,CUST0001470,2024-12-29,2025-11-30,Expired,Basic,841323.26,False
4878,POL00004878,4,118,3,CUST0003433,2024-09-07,2026-08-31,Active,Standard,1314067.95,False
4879,POL00004879,9,104,3,CUST0001509,2025-07-19,2027-06-30,Active,Standard,8338436.73,False
4880,POL00004880,1,41,3,CUST0003925,2025-03-20,2027-02-28,Active,Premium,464604.01,False
4881,POL00004881,5,13,4,CUST0001223,2026-01-21,2026-12-31,Active,Standard,603273.46,False
4882,POL00004882,1,30,4,CUST0000242,2025-06-13,2026-05-31,Expired,Basic,527716.21,False
4883,POL00004883,1,45,1,CUST0000167,2025-03-11,2026-02-28,Expired,Premium,797650.45,False
4884,POL00004884,5,82,3,CUST0000907,2024-06-09,2025-05-31,Expired,Standard,501296.14,False
4885,POL00004885,9,9,1,CUST0002966,2024-07-08,2025-06-30,Expired,Standard,8505088.96,False
4886,POL00004886,1,72,3,CUST0003288,2023-10-25,2024-09-30,Expired,Standard,773802.93,False
4887,POL00004887,9,77,1,CUST0003230,2025-12-04,2026-11-30,Active,Standard,6634467.82,False
4888,POL00004888,5,29,1,CUST0000386,2024-11-26,2025-10-31,Expired,Basic,358021.45,False
4889,POL00004889,1,14,1,CUST0000433,2025-12-22,2026-11-30,Active,Standard,908746.48,False
4890,POL00004890,9,58,3,CUST0003791,2023-12-30,2024-11-30,Expired,Standard,8721291.48,False
4891,POL00004891,5,58,2,CUST0001411,2024-10-31,2025-09-30,Expired,Standard,403014.2,False
4892,POL00004892,6,85,1,CUST0001332,2024-03-25,2025-02-28,Expired,Standard,727806.77,False
4893,POL00004893,6,37,1,CUST0002355,2025-11-20,2026-10-31,Active,Standard,652812.12,False
4894,POL00004894,1,71,1,CUST0001603,2023-09-15,2024-08-31,Expired,Standard,567260.76,False
4895,POL00004895,5,40,2,CUST0001072,2025-05-08,2026-04-30,Expired,Premium,684069.98,False
4896,POL00004896,2,18,3,CUST0003128,2024-12-01,2025-11-30,Expired,Premium,731193.61,False
4897,POL00004897,1,39,2,CUST0000829,2024-09-02,2025-08-31,Expired,Basic,851081.33,False
4898,POL00004898,5,64,1,CUST0003741,2023-07-29,2025-06-30,Expired,Standard,431495.46,False
4899,POL00004899,5,85,4,CUST0002736,2026-01-28,2026-12-31,Active,Standard,479158.88,False
4900,POL00004900,4,81,4,CUST0000891,2024-05-21,2025-04-30,Expired,Premium,1531521.31,False
4901,POL00004901,8,76,2,CUST0000147,2024-02-21,2025-01-31,Expired,Standard,4194335.2,False
4902,POL00004902,5,3,2,CUST0000539,2025-03-25,2026-02-28,Expired,Standard,431630.82,False
4903,POL00004903,5,18,1,CUST0003652,2023-07-16,2024-06-30,Expired,Basic,390203.22,False
4904,POL00004904,6,21,3,CUST0000727,2024-09-07,2025-08-31,Expired,Premium,710599.56,False
4905,POL00004905,1,37,2,CUST0000306,2023-11-28,2024-10-31,Expired,Standard,508168.62,False
4906,POL00004906,8,35,1,CUST0000674,2025-07-14,2026-06-30,Cancelled,Premium,4278615.71,True
4907,POL00004907,1,72,3,CUST0003934,2025-09-29,2026-08-31,Active,Standard,895925.03,False
4908,POL00004908,9,58,3,CUST0003380,2024-08-31,2025-07-31,Expired,Premium,9371510.69,False
4909,POL00004909,9,47,3,CUST0001111,2025-01-13,2025-12-31,Expired,Standard,8356905.59,False
4910,POL00004910,8,72,1,CUST0002872,2025-06-10,2026-05-31,Expired,Basic,5338702.48,False
4911,POL00004911,1,44,3,CUST0000806,2025-07-14,2026-06-30,Active,Standard,746101.85,False
4912,POL00004912,6,108,1,CUST0002035,2024-12-31,2025-11-30,Expired,Standard,1070487.27,False
4913,POL00004913,8,4,1,CUST0001833,2024-11-09,2025-10-31,Expired,Standard,3989488.79,False
4914,POL00004914,3,72,1,CUST0003772,2023-09-08,2024-08-31,Cancelled,Basic,1261136.35,True
4915,POL00004915,1,8,2,CUST0000371,2023-09-17,2024-08-31,Expired,Standard,905102.63,False
4916,POL00004916,3,120,2,CUST0002727,2025-11-23,2026-10-31,Active,Standard,1259461.58,False
4917,POL00004917,3,73,4,CUST0001238,2024-12-21,2025-11-30,Expired,Standard,1360265.95,False
4918,POL00004918,1,72,3,CUST0000411,2025-09-04,2027-08-31,Active,Basic,812020.47,False
4919,POL00004919,6,4,3,CUST0002973,2024-05-22,2025-04-30,Expired,Standard,873823.37,False
4920,POL00004920,8,30,4,CUST0001307,2024-05-19,2025-04-30,Expired,Premium,4071766.28,False
4921,POL00004921,6,88,4,CUST0000816,2024-05-04,2025-04-30,Expired,Standard,1060291.92,False
4922,POL00004922,1,55,3,CUST0002633,2024-11-26,2025-10-31,Expired,Standard,587447.92,False
4923,POL00004923,3,52,1,CUST0002331,2025-02-17,2026-01-31,Expired,Basic,1849191.12,False
4924,POL00004924,2,39,2,CUST0001947,2023-11-04,2024-10-31,Expired,Basic,703020.87,False
4925,POL00004925,6,43,1,CUST0003053,2025-07-09,2026-06-30,Active,Standard,778521.77,False
4926,POL00004926,5,75,3,CUST0001875,2025-05-14,2026-04-30,Expired,Premium,458650.72,False
4927,POL00004927,1,38,1,CUST0000030,2025-12-21,2026-11-30,Active,Premium,567218.04,False
4928,POL00004928,1,29,2,CUST0002057,2026-03-01,2027-02-28,Active,Standard,560841.59,False
4929,POL00004929,4,81,2,CUST0003480,2023-12-06,2024-11-30,Expired,Standard,1250149.07,False
4930,POL00004930,9,70,3,CUST0001336,2025-08-17,2026-07-31,Active,Standard,8882327.6,False
4931,POL00004931,3,10,4,CUST0001601,2023-12-11,2024-11-30,Expired,Standard,1333809.99,False
4932,POL00004932,8,52,1,CUST0000010,2025-01-04,2025-12-31,Expired,Basic,4536859.86,False
4933,POL00004933,1,108,1,CUST0000314,2025-08-08,2026-07-31,Active,Standard,887495.78,False
4934,POL00004934,3,93,3,CUST0001260,2024-11-26,2025-10-31,Expired,Standard,1416822.4,False
4935,POL00004935,3,29,3,CUST0000925,2025-11-20,2026-10-31,Active,Standard,1609451.83,False
4936,POL00004936,6,45,1,CUST0003577,2023-11-08,2024-10-31,Expired,Standard,1014561.48,False
4937,POL00004937,1,93,3,CUST0003556,2024-05-30,2025-04-30,Expired,Premium,596484.98,False
4938,POL00004938,1,42,2,CUST0003350,2025-09-15,2026-08-31,Active,Basic,821342.67,False
4939,POL00004939,5,54,4,CUST0002998,2024-11-20,2025-10-31,Cancelled,Standard,619744.84,True
4940,POL00004940,6,14,2,CUST0001412,2024-11-28,2025-10-31,Expired,Standard,1071685.4,False
4941,POL00004941,1,119,1,CUST0003694,2023-07-14,2024-06-30,Expired,Premium,622453.47,False
4942,POL00004942,1,18,2,CUST0002049,2025-06-21,2027-05-31,Active,Standard,673818.53,False
4943,POL00004943,8,29,4,CUST0000325,2025-10-14,2026-09-30,Active,Basic,4299501.59,False
4944,POL00004944,9,74,3,CUST0001650,2025-04-25,2026-03-31,Expired,Basic,5740224.34,False
4945,POL00004945,1,102,4,CUST0002924,2024-07-07,2026-06-30,Active,Standard,831263.03,False
4946,POL00004946,1,105,1,CUST0000601,2025-03-06,2026-02-28,Expired,Standard,620086.25,False
4947,POL00004947,9,76,3,CUST0003966,2025-06-06,2026-05-31,Cancelled,Basic,7518582.69,True
4948,POL00004948,1,110,2,CUST0003176,2024-04-16,2025-03-31,Expired,Premium,480923.16,False
4949,POL00004949,5,56,1,CUST0003212,2024-09-02,2025-08-31,Expired,Premium,698061.08,False
4950,POL00004950,2,81,1,CUST0001731,2025-01-15,2025-12-31,Cancelled,Basic,640472.76,True
4951,POL00004951,1,58,2,CUST0001743,2025-04-20,2026-03-31,Expired,Basic,506152.24,False
4952,POL00004952,1,28,2,CUST0000508,2025-06-20,2026-05-31,Expired,Standard,629264.58,False
4953,POL00004953,9,5,3,CUST0003233,2025-02-11,2026-01-31,Expired,Standard,8112647.81,False
4954,POL00004954,9,119,1,CUST0003918,2023-12-26,2024-11-30,Expired,Premium,6956541.26,False
4955,POL00004955,2,85,4,CUST0002641,2023-10-10,2024-09-30,Expired,Premium,469381.52,False
4956,POL00004956,1,82,4,CUST0001928,2023-08-04,2024-07-31,Expired,Standard,686439.63,False
4957,POL00004957,3,14,3,CUST0003881,2025-05-30,2026-04-30,Cancelled,Standard,1504153.9,True
4958,POL00004958,6,12,2,CUST0000008,2025-02-10,2026-01-31,Expired,Standard,660629.28,False
4959,POL00004959,1,91,1,CUST0000629,2024-09-02,2025-08-31,Expired,Basic,724181.77,False
4960,POL00004960,6,58,1,CUST0002876,2024-03-04,2025-02-28,Expired,Standard,567195.05,False
4961,POL00004961,1,60,4,CUST0000109,2025-02-21,2026-01-31,Expired,Basic,613189.54,False
4962,POL00004962,1,75,4,CUST0000291,2024-01-01,2024-12-31,Expired,Premium,831210.84,False
4963,POL00004963,2,69,2,CUST0003611,2026-01-21,2026-12-31,Cancelled,Standard,524105.88,True
4964,POL00004964,7,34,4,CUST0000249,2026-02-14,2027-01-31,Active,Premium,522954.59,False
4965,POL00004965,8,109,1,CUST0001712,2023-08-18,2024-07-31,Expired,Basic,4411254.24,False
4966,POL00004966,5,86,3,CUST0000252,2025-03-22,2026-02-28,Expired,Standard,563599.62,False
4967,POL00004967,6,67,1,CUST0002443,2025-08-26,2026-07-31,Active,Premium,957593.05,False
4968,POL00004968,2,71,2,CUST0003347,2025-08-11,2027-07-31,Active,Standard,654275.95,False
4969,POL00004969,6,41,1,CUST0000060,2024-08-17,2025-07-31,Expired,Standard,1105179.48,False
4970,POL00004970,7,103,4,CUST0003174,2024-12-23,2025-11-30,Expired,Premium,358324.63,False
4971,POL00004971,6,49,1,CUST0002612,2024-12-15,2025-11-30,Expired,Premium,568695.21,False
4972,POL00004972,9,14,1,CUST0002924,2024-04-17,2025-03-31,Expired,Basic,9110974.11,False
4973,POL00004973,9,75,2,CUST0000746,2025-05-23,2026-04-30,Expired,Basic,6854221.39,False
4974,POL00004974,9,21,3,CUST0000988,2024-03-29,2025-02-28,Expired,Basic,8627130.83,False
4975,POL00004975,5,42,3,CUST0001644,2025-04-25,2026-03-31,Cancelled,Standard,378338.13,True
4976,POL00004976,4,49,3,CUST0003700,2024-09-14,2026-08-31,Active,Standard,1438674.2,False
4977,POL00004977,9,30,1,CUST0001183,2025-02-21,2026-01-31,Expired,Standard,6717569.18,False
4978,POL00004978,6,5,1,CUST0001313,2024-12-20,2025-11-30,Expired,Standard,1116921.98,False
4979,POL00004979,3,77,1,CUST0002207,2023-11-12,2024-10-31,Expired,Premium,1586478.39,False
4980,POL00004980,8,55,3,CUST0002856,2023-07-30,2024-06-30,Expired,Standard,3905178.1,False
4981,POL00004981,4,72,4,CUST0000785,2024-11-14,2025-10-31,Cancelled,Premium,1028398.12,True
4982,POL00004982,6,64,1,CUST0002950,2024-10-14,2025-09-30,Expired,Basic,715198.16,False
4983,POL00004983,1,11,4,CUST0001586,2024-12-03,2025-11-30,Expired,Premium,705860.51,False
4984,POL00004984,5,54,1,CUST0003675,2024-09-27,2026-08-31,Active,Premium,413652.74,False
4985,POL00004985,5,63,4,CUST0003863,2024-02-21,2025-01-31,Expired,Standard,520339.21,False
4986,POL00004986,1,92,1,CUST0003831,2025-12-15,2026-11-30,Active,Standard,908046.24,False
4987,POL00004987,1,30,1,CUST0003730,2024-05-06,2025-04-30,Expired,Standard,695980.41,False
4988,POL00004988,1,78,3,CUST0001525,2023-08-02,2024-07-31,Expired,Premium,770369.85,False
4989,POL00004989,1,54,2,CUST0002294,2023-09-17,2024-08-31,Expired,Basic,874586.58,False
4990,POL00004990,1,45,1,CUST0000583,2026-01-27,2026-12-31,Active,Standard,558320.54,False
4991,POL00004991,2,60,2,CUST0000226,2024-09-16,2025-08-31,Cancelled,Premium,641619.05,True
4992,POL00004992,6,7,2,CUST0003186,2024-08-12,2026-07-31,Cancelled,Premium,652826.06,True
4993,POL00004993,2,84,3,CUST0000402,2025-05-29,2026-04-30,Expired,Standard,510355.74,False
4994,POL00004994,1,39,4,CUST0003193,2024-01-15,2025-12-31,Expired,Basic,698868.42,False
4995,POL00004995,5,30,3,CUST0003488,2023-09-29,2024-08-31,Expired,Standard,526553.33,False
4996,POL00004996,1,5,4,CUST0002211,2023-08-20,2024-07-31,Expired,Basic,875738.76,False
4997,POL00004997,7,97,2,CUST0001787,2026-01-13,2026-12-31,Active,Standard,517616.95,False
4998,POL00004998,3,109,1,CUST0000770,2023-10-26,2024-09-30,Expired,Standard,1582015.18,False
4999,POL00004999,1,118,4,CUST0000777,2023-07-03,2024-06-30,Cancelled,Premium,641845.88,True
5000,POL00005000,1,24,2,CUST0003904,2024-04-27,2025-03-31,Expired,Standard,508388.13,False
5001,POL00005001,4,63,2,CUST0001887,2025-06-10,2026-05-31,Expired,Standard,1463286.27,False
5002,POL00005002,6,60,4,CUST0003667,2025-03-20,2026-02-28,Expired,Standard,909950.98,False
5003,POL00005003,4,67,1,CUST0001577,2024-12-28,2025-11-30,Expired,Standard,1671732.58,False
5004,POL00005004,9,21,3,CUST0002651,2025-11-29,2026-10-31,Active,Basic,7404941.09,False
5005,POL00005005,8,6,1,CUST0002345,2025-01-06,2025-12-31,Expired,Premium,4405922.52,False
5006,POL00005006,4,84,3,CUST0000802,2025-03-12,2026-02-28,Expired,Basic,1441797.23,False
5007,POL00005007,1,29,4,CUST0001545,2025-10-17,2026-09-30,Active,Premium,807605.21,False
5008,POL00005008,3,76,3,CUST0002818,2023-11-06,2024-10-31,Expired,Basic,1878019.58,False
5009,POL00005009,8,37,1,CUST0001698,2023-10-18,2025-09-30,Expired,Standard,5182949.53,False
5010,POL00005010,1,63,1,CUST0002312,2025-05-02,2026-04-30,Expired,Premium,824604.17,False
5011,POL00005011,3,16,2,CUST0001233,2023-11-30,2024-10-31,Expired,Premium,1734631.11,False
5012,POL00005012,3,21,3,CUST0003432,2024-05-15,2025-04-30,Expired,Basic,1999948.35,False
5013,POL00005013,4,92,3,CUST0002495,2024-07-21,2026-06-30,Active,Basic,1302155.85,False
5014,POL00005014,7,33,3,CUST0001979,2023-11-25,2024-10-31,Expired,Premium,421466.05,False
5015,POL00005015,6,111,1,CUST0002904,2024-06-05,2026-05-31,Expired,Basic,816330.72,False
5016,POL00005016,1,48,4,CUST0000544,2024-09-12,2025-08-31,Expired,Basic,626143.2,False
5017,POL00005017,5,50,2,CUST0001747,2024-08-02,2025-07-31,Expired,Premium,389187.02,False
5018,POL00005018,5,69,2,CUST0001057,2024-04-10,2025-03-31,Expired,Premium,407244.05,False
5019,POL00005019,1,98,4,CUST0002132,2025-11-20,2026-10-31,Active,Premium,570975.06,False
5020,POL00005020,6,79,2,CUST0003784,2025-06-03,2027-05-31,Active,Basic,1074622.43,False
5021,POL00005021,4,25,1,CUST0002792,2025-06-13,2026-05-31,Expired,Standard,1565979.5,False
5022,POL00005022,3,117,1,CUST0001408,2025-10-13,2026-09-30,Active,Standard,1058319.71,False
5023,POL00005023,7,79,4,CUST0003561,2025-08-02,2026-07-31,Active,Standard,388996.89,False
5024,POL00005024,7,86,4,CUST0000925,2024-08-08,2025-07-31,Expired,Standard,382817.36,False
5025,POL00005025,6,114,4,CUST0003330,2024-04-08,2025-03-31,Expired,Standard,853983.17,False
5026,POL00005026,1,39,1,CUST0002850,2025-10-10,2026-09-30,Active,Premium,760353.41,False
5027,POL00005027,1,93,3,CUST0000404,2024-01-26,2024-12-31,Expired,Basic,880056.62,False
5028,POL00005028,1,34,1,CUST0001445,2025-03-11,2026-02-28,Expired,Basic,848571.12,False
5029,POL00005029,2,41,1,CUST0000523,2023-07-28,2024-06-30,Expired,Standard,622181.59,False
5030,POL00005030,6,63,4,CUST0002565,2024-05-29,2025-04-30,Cancelled,Standard,898266.64,True
5031,POL00005031,1,11,1,CUST0002914,2023-11-10,2024-10-31,Expired,Basic,729104.64,False
5032,POL00005032,5,9,1,CUST0000630,2026-01-20,2026-12-31,Active,Standard,571567.74,False
5033,POL00005033,9,78,3,CUST0002361,2024-11-06,2025-10-31,Expired,Standard,8243431.37,False
5034,POL00005034,6,60,2,CUST0000435,2025-08-25,2026-07-31,Active,Standard,701193.72,False
5035,POL00005035,5,27,4,CUST0003482,2023-10-10,2024-09-30,Expired,Standard,463654.69,False
5036,POL00005036,1,89,1,CUST0000417,2024-09-12,2025-08-31,Expired,Basic,470192.67,False
5037,POL00005037,8,37,2,CUST0001595,2025-01-25,2025-12-31,Expired,Standard,3813493.56,False
5038,POL00005038,2,77,2,CUST0001633,2025-03-06,2026-02-28,Expired,Basic,675431.02,False
5039,POL00005039,1,51,3,CUST0001013,2023-12-26,2024-11-30,Expired,Standard,814921.1,False
5040,POL00005040,8,62,4,CUST0003905,2025-05-28,2026-04-30,Cancelled,Standard,4381641.94,True
5041,POL00005041,6,62,1,CUST0001042,2025-07-27,2026-06-30,Active,Standard,650558.81,False
5042,POL00005042,4,61,4,CUST0002130,2024-08-14,2025-07-31,Expired,Standard,882250.49,False
5043,POL00005043,9,65,3,CUST0003178,2025-10-02,2026-09-30,Active,Standard,6709558.97,False
5044,POL00005044,1,28,4,CUST0002152,2024-12-31,2025-11-30,Expired,Basic,653426.81,False
5045,POL00005045,2,94,4,CUST0000439,2025-05-14,2026-04-30,Expired,Standard,416445.77,False
5046,POL00005046,1,9,3,CUST0003320,2023-11-30,2024-10-31,Cancelled,Standard,637413.46,True
5047,POL00005047,2,97,3,CUST0000332,2023-08-30,2024-07-31,Expired,Standard,649313.75,False
5048,POL00005048,5,94,4,CUST0002572,2025-07-12,2026-06-30,Active,Premium,486710.67,False
5049,POL00005049,3,59,2,CUST0000207,2025-01-13,2025-12-31,Expired,Standard,1402485.9,False
5050,POL00005050,6,61,3,CUST0002549,2023-11-30,2024-10-31,Expired,Premium,1048123.5,False
5051,POL00005051,5,55,1,CUST0002023,2026-01-13,2026-12-31,Active,Standard,511633.28,False
5052,POL00005052,5,91,1,CUST0002572,2023-10-25,2024-09-30,Expired,Basic,471576.55,False
5053,POL00005053,1,21,3,CUST0003644,2025-03-03,2026-02-28,Expired,Standard,815102.21,False
5054,POL00005054,1,59,2,CUST0003585,2023-07-06,2024-06-30,Expired,Standard,611139.39,False
5055,POL00005055,1,94,2,CUST0001624,2023-12-13,2024-11-30,Expired,Premium,629141.29,False
5056,POL00005056,1,26,1,CUST0002790,2024-08-12,2025-07-31,Expired,Premium,570028.28,False
5057,POL00005057,3,59,1,CUST0000886,2024-01-30,2024-12-31,Expired,Premium,1372574.7,False
5058,POL00005058,8,48,3,CUST0002762,2024-07-10,2025-06-30,Expired,Standard,3826642.66,False
5059,POL00005059,4,66,1,CUST0000031,2025-02-27,2026-01-31,Cancelled,Standard,1001657.93,True
5060,POL00005060,9,96,2,CUST0000118,2025-04-22,2026-03-31,Expired,Standard,7120988.86,False
5061,POL00005061,1,18,4,CUST0003019,2024-10-24,2025-09-30,Expired,Standard,474048.84,False
5062,POL00005062,4,116,1,CUST0000064,2024-10-15,2025-09-30,Expired,Basic,1297739.57,False
5063,POL00005063,3,104,2,CUST0001092,2026-02-05,2027-01-31,Active,Standard,1238476.79,False
5064,POL00005064,9,19,1,CUST0000877,2025-11-23,2026-10-31,Active,Standard,5357171.26,False
5065,POL00005065,4,7,4,CUST0002464,2025-11-11,2027-10-31,Active,Basic,898412.37,False
5066,POL00005066,6,105,3,CUST0001988,2023-10-01,2024-09-30,Expired,Standard,825819.21,False
5067,POL00005067,1,91,1,CUST0001364,2024-01-23,2025-12-31,Expired,Standard,835922.0,False
5068,POL00005068,1,13,1,CUST0000253,2025-12-05,2026-11-30,Cancelled,Premium,752586.86,True
5069,POL00005069,1,103,3,CUST0003128,2025-09-11,2026-08-31,Active,Standard,704584.48,False
5070,POL00005070,2,90,4,CUST0001003,2024-06-05,2026-05-31,Expired,Premium,435903.5,False
5071,POL00005071,6,58,4,CUST0001588,2024-05-01,2025-04-30,Expired,Premium,983819.81,False
5072,POL00005072,1,47,2,CUST0002882,2024-08-23,2025-07-31,Cancelled,Premium,773495.38,True
5073,POL00005073,5,106,4,CUST0002107,2024-11-19,2025-10-31,Expired,Premium,357160.97,False
5074,POL00005074,2,40,1,CUST0000887,2026-01-25,2026-12-31,Active,Basic,726736.62,False
5075,POL00005075,5,91,2,CUST0003858,2025-08-27,2026-07-31,Active,Premium,632682.76,False
5076,POL00005076,6,94,2,CUST0002608,2025-09-11,2026-08-31,Active,Standard,684217.98,False
5077,POL00005077,3,61,2,CUST0003060,2024-09-29,2025-08-31,Expired,Standard,2067585.26,False
5078,POL00005078,1,94,1,CUST0003638,2023-10-26,2024-09-30,Expired,Standard,581031.93,False
5079,POL00005079,5,46,1,CUST0000122,2024-06-08,2025-05-31,Expired,Basic,604711.22,False
5080,POL00005080,5,98,4,CUST0003162,2025-05-06,2026-04-30,Expired,Standard,602656.42,False
5081,POL00005081,9,23,1,CUST0000171,2024-02-17,2025-01-31,Expired,Standard,7789716.19,False
5082,POL00005082,3,103,3,CUST0003795,2025-03-13,2026-02-28,Expired,Premium,1495514.26,False
5083,POL00005083,1,106,2,CUST0000337,2025-02-21,2026-01-31,Expired,Basic,509440.44,False
5084,POL00005084,4,30,4,CUST0002118,2024-07-07,2025-06-30,Expired,Standard,1205549.94,False
5085,POL00005085,7,98,3,CUST0002073,2025-08-04,2026-07-31,Active,Premium,536335.95,False
5086,POL00005086,1,32,3,CUST0001971,2023-12-08,2024-11-30,Expired,Standard,545498.76,False
5087,POL00005087,4,77,1,CUST0003159,2025-12-06,2026-11-30,Active,Basic,971408.35,False
5088,POL00005088,1,60,2,CUST0000738,2024-08-13,2025-07-31,Expired,Standard,483842.61,False
5089,POL00005089,3,14,1,CUST0002672,2024-08-02,2025-07-31,Cancelled,Standard,1917898.53,True
5090,POL00005090,1,49,4,CUST0000623,2023-08-04,2024-07-31,Expired,Premium,812662.39,False
5091,POL00005091,1,75,4,CUST0003215,2023-10-20,2024-09-30,Expired,Basic,703598.99,False
5092,POL00005092,4,2,3,CUST0001635,2023-10-31,2024-09-30,Expired,Standard,1406120.99,False
5093,POL00005093,1,92,4,CUST0002124,2025-10-14,2027-09-30,Active,Standard,555865.06,False
5094,POL00005094,1,62,2,CUST0001480,2023-08-01,2024-07-31,Expired,Basic,788716.05,False
5095,POL00005095,2,81,1,CUST0003758,2024-08-12,2025-07-31,Expired,Standard,393366.02,False
5096,POL00005096,3,37,4,CUST0000722,2025-12-05,2026-11-30,Cancelled,Basic,1423920.65,True
5097,POL00005097,3,2,3,CUST0003874,2025-07-14,2027-06-30,Active,Basic,1167655.12,False
5098,POL00005098,5,60,3,CUST0001946,2023-08-17,2025-07-31,Expired,Premium,695866.98,False
5099,POL00005099,3,98,1,CUST0002539,2024-05-13,2025-04-30,Expired,Premium,1228136.83,False
5100,POL00005100,7,3,2,CUST0003005,2025-07-27,2026-06-30,Active,Standard,293574.21,False
5101,POL00005101,2,57,1,CUST0001552,2024-09-25,2025-08-31,Cancelled,Premium,432413.66,True
5102,POL00005102,1,79,4,CUST0000042,2023-12-06,2024-11-30,Expired,Basic,801093.18,False
5103,POL00005103,6,81,2,CUST0002853,2023-08-28,2024-07-31,Expired,Basic,1034783.57,False
5104,POL00005104,4,100,3,CUST0000158,2025-06-07,2026-05-31,Expired,Standard,1065232.89,False
5105,POL00005105,5,27,1,CUST0003308,2024-02-02,2025-01-31,Expired,Standard,458429.45,False
5106,POL00005106,8,94,2,CUST0000766,2025-02-03,2027-01-31,Cancelled,Standard,4268772.12,True
5107,POL00005107,9,11,2,CUST0001894,2026-01-20,2027-12-31,Active,Standard,9141381.91,False
5108,POL00005108,1,115,3,CUST0000454,2025-11-13,2026-10-31,Active,Premium,601044.38,False
5109,POL00005109,4,102,3,CUST0002591,2025-04-21,2026-03-31,Expired,Standard,1598812.76,False
5110,POL00005110,1,115,1,CUST0002735,2024-02-10,2025-01-31,Expired,Premium,459861.52,False
5111,POL00005111,8,88,1,CUST0003033,2026-01-31,2026-12-31,Active,Basic,5338049.45,False
5112,POL00005112,6,8,4,CUST0003373,2024-08-24,2025-07-31,Expired,Premium,752618.97,False
5113,POL00005113,5,117,1,CUST0000579,2025-09-14,2026-08-31,Active,Basic,551367.34,False
5114,POL00005114,9,31,3,CUST0003809,2025-04-25,2026-03-31,Expired,Standard,10024021.64,False
5115,POL00005115,2,51,2,CUST0003993,2024-06-21,2025-05-31,Expired,Basic,635753.54,False
5116,POL00005116,1,37,4,CUST0003144,2025-07-31,2027-06-30,Active,Standard,751270.89,False
5117,POL00005117,5,116,1,CUST0002675,2023-09-08,2024-08-31,Expired,Standard,576527.3,False
5118,POL00005118,6,24,1,CUST0003577,2024-08-08,2025-07-31,Expired,Basic,735998.22,False
5119,POL00005119,3,45,2,CUST0002330,2023-10-03,2024-09-30,Expired,Premium,1492855.84,False
5120,POL00005120,4,53,3,CUST0000279,2025-10-30,2026-09-30,Active,Standard,851142.9,False
5121,POL00005121,1,49,4,CUST0000856,2023-10-24,2024-09-30,Expired,Premium,664478.38,False
5122,POL00005122,5,1,3,CUST0001145,2025-12-11,2026-11-30,Active,Standard,506828.43,False
5123,POL00005123,8,103,3,CUST0000362,2026-01-06,2026-12-31,Active,Standard,4927640.87,False
5124,POL00005124,5,42,3,CUST0001131,2025-01-09,2025-12-31,Expired,Standard,508559.21,False
5125,POL00005125,1,120,1,CUST0002442,2025-09-27,2026-08-31,Active,Standard,517030.05,False
5126,POL00005126,3,54,2,CUST0000969,2024-10-07,2025-09-30,Expired,Standard,1955697.87,False
5127,POL00005127,5,91,4,CUST0001759,2024-01-27,2024-12-31,Expired,Standard,383762.1,False
5128,POL00005128,1,74,1,CUST0003941,2025-10-18,2026-09-30,Active,Basic,872108.72,False
5129,POL00005129,9,3,1,CUST0002855,2024-08-28,2025-07-31,Expired,Standard,6397870.46,False
5130,POL00005130,5,28,2,CUST0002202,2023-09-24,2024-08-31,Expired,Premium,519653.87,False
5131,POL00005131,4,90,2,CUST0003683,2025-10-13,2026-09-30,Cancelled,Basic,1325425.72,True
5132,POL00005132,1,92,2,CUST0002570,2023-07-31,2024-06-30,Expired,Standard,738473.52,False
5133,POL00005133,6,89,4,CUST0001669,2025-03-14,2026-02-28,Expired,Premium,792196.32,False
5134,POL00005134,1,44,3,CUST0001780,2025-10-08,2026-09-30,Active,Premium,478355.0,False
5135,POL00005135,4,25,4,CUST0001695,2026-01-21,2026-12-31,Active,Standard,1107564.35,False
5136,POL00005136,5,58,3,CUST0002537,2025-07-28,2026-06-30,Active,Standard,391754.73,False
5137,POL00005137,7,32,3,CUST0001164,2024-05-23,2025-04-30,Expired,Basic,500430.27,False
5138,POL00005138,5,28,2,CUST0001909,2024-10-06,2025-09-30,Expired,Basic,377087.4,False
5139,POL00005139,1,115,2,CUST0001099,2023-09-20,2024-08-31,Expired,Premium,555751.46,False
5140,POL00005140,10,106,3,CUST0002949,2026-01-24,2026-12-31,Active,Premium,2723373.25,False
5141,POL00005141,2,104,1,CUST0001424,2023-09-02,2024-08-31,Expired,Basic,620445.92,False
5142,POL00005142,2,101,3,CUST0001776,2024-11-16,2025-10-31,Expired,Basic,648713.25,False
5143,POL00005143,2,80,3,CUST0001823,2025-01-23,2026-12-31,Active,Standard,502275.93,False
5144,POL00005144,6,54,3,CUST0002770,2026-01-31,2026-12-31,Cancelled,Basic,577686.75,True
5145,POL00005145,6,71,2,CUST0001650,2024-11-04,2025-10-31,Expired,Basic,684215.68,False
5146,POL00005146,5,99,1,CUST0000296,2025-05-08,2026-04-30,Expired,Basic,554810.84,False
5147,POL00005147,2,10,3,CUST0002634,2025-06-07,2026-05-31,Expired,Basic,430576.37,False
5148,POL00005148,2,20,1,CUST0003331,2024-07-27,2025-06-30,Expired,Standard,657098.3,False
5149,POL00005149,4,9,3,CUST0002476,2023-09-24,2024-08-31,Expired,Standard,1168284.01,False
5150,POL00005150,10,30,3,CUST0003586,2025-02-08,2027-01-31,Active,Premium,2667405.15,False
5151,POL00005151,1,81,1,CUST0000932,2024-07-26,2025-06-30,Expired,Standard,838423.43,False
5152,POL00005152,2,79,3,CUST0003409,2024-05-13,2025-04-30,Expired,Standard,550481.54,False
5153,POL00005153,1,30,4,CUST0001922,2024-01-13,2024-12-31,Expired,Standard,651381.69,False
5154,POL00005154,1,46,1,CUST0003638,2025-12-03,2026-11-30,Active,Standard,861653.48,False
5155,POL00005155,6,52,1,CUST0000478,2024-03-20,2026-02-28,Expired,Premium,809965.9,False
5156,POL00005156,10,94,2,CUST0001283,2025-05-16,2026-04-30,Expired,Basic,1755475.72,False
5157,POL00005157,5,6,3,CUST0003078,2024-08-01,2026-07-31,Active,Standard,566065.37,False
5158,POL00005158,5,75,3,CUST0003167,2023-08-20,2024-07-31,Expired,Premium,531974.63,False
5159,POL00005159,6,28,2,CUST0003618,2025-03-26,2026-02-28,Expired,Premium,938001.94,False
5160,POL00005160,4,3,2,CUST0003236,2024-06-05,2025-05-31,Expired,Standard,1340182.1,False
5161,POL00005161,1,91,3,CUST0000454,2025-08-12,2026-07-31,Active,Standard,622357.84,False
5162,POL00005162,3,42,2,CUST0003319,2024-03-03,2026-02-28,Expired,Basic,1404674.25,False
5163,POL00005163,1,63,3,CUST0002123,2025-02-03,2027-01-31,Active,Basic,727269.01,False
5164,POL00005164,1,45,2,CUST0000953,2024-07-12,2025-06-30,Expired,Premium,857977.43,False
5165,POL00005165,1,59,2,CUST0001483,2025-09-29,2027-08-31,Active,Standard,850911.85,False
5166,POL00005166,1,85,1,CUST0003746,2024-03-06,2026-02-28,Expired,Standard,593680.35,False
5167,POL00005167,6,78,2,CUST0001223,2024-06-04,2025-05-31,Expired,Premium,1055589.04,False
5168,POL00005168,1,24,1,CUST0000047,2024-07-08,2025-06-30,Expired,Basic,905558.08,False
5169,POL00005169,6,63,1,CUST0000024,2025-05-18,2026-04-30,Expired,Standard,637760.41,False
5170,POL00005170,9,56,3,CUST0002507,2025-07-01,2026-06-30,Active,Premium,5821513.96,False
5171,POL00005171,1,100,3,CUST0003340,2026-02-25,2027-01-31,Active,Standard,493820.14,False
5172,POL00005172,7,112,2,CUST0002976,2023-12-15,2024-11-30,Expired,Standard,427597.3,False
5173,POL00005173,5,1,1,CUST0002341,2023-10-02,2024-09-30,Expired,Standard,525021.12,False
5174,POL00005174,1,61,3,CUST0002803,2025-10-16,2026-09-30,Cancelled,Standard,682708.29,True
5175,POL00005175,6,61,1,CUST0003750,2025-06-28,2027-05-31,Active,Premium,602448.5,False
5176,POL00005176,1,64,2,CUST0002827,2024-12-01,2025-11-30,Expired,Premium,567454.93,False
5177,POL00005177,9,63,4,CUST0001309,2025-06-05,2026-05-31,Expired,Standard,5455053.18,False
5178,POL00005178,1,35,2,CUST0002467,2024-08-20,2025-07-31,Expired,Basic,635275.64,False
5179,POL00005179,4,104,3,CUST0003747,2024-05-07,2025-04-30,Expired,Standard,1220668.22,False
5180,POL00005180,9,14,2,CUST0000577,2024-07-13,2025-06-30,Expired,Standard,10414433.96,False
5181,POL00005181,4,16,1,CUST0002418,2025-08-10,2027-07-31,Active,Basic,1351795.26,False
5182,POL00005182,1,88,4,CUST0000671,2024-05-25,2025-04-30,Expired,Basic,683111.45,False
5183,POL00005183,1,82,3,CUST0000145,2024-12-14,2025-11-30,Expired,Standard,517185.66,False
5184,POL00005184,4,7,4,CUST0003065,2023-07-31,2024-06-30,Expired,Basic,1678008.32,False
5185,POL00005185,1,80,1,CUST0002510,2025-10-14,2026-09-30,Active,Standard,526312.17,False
5186,POL00005186,3,15,2,CUST0001693,2025-12-14,2026-11-30,Active,Standard,1065014.33,False
5187,POL00005187,3,108,1,CUST0000564,2025-10-29,2026-09-30,Active,Standard,1567247.15,False
5188,POL00005188,1,62,2,CUST0003513,2026-01-16,2026-12-31,Active,Basic,657385.99,False
5189,POL00005189,4,63,1,CUST0003595,2023-09-15,2024-08-31,Expired,Premium,1426316.8,False
5190,POL00005190,9,108,1,CUST0003520,2026-02-12,2028-01-31,Active,Standard,7066380.95,False
5191,POL00005191,1,17,1,CUST0001543,2023-09-17,2024-08-31,Expired,Basic,559132.94,False
5192,POL00005192,9,9,3,CUST0000124,2024-01-02,2024-12-31,Expired,Premium,9861701.2,False
5193,POL00005193,3,38,1,CUST0000421,2025-10-26,2026-09-30,Active,Standard,1634785.47,False
5194,POL00005194,5,59,1,CUST0001819,2023-09-21,2024-08-31,Cancelled,Standard,477646.32,True
5195,POL00005195,3,112,1,CUST0001498,2024-11-04,2025-10-31,Cancelled,Standard,1709230.58,True
5196,POL00005196,5,64,2,CUST0000493,2025-06-15,2026-05-31,Expired,Standard,626934.96,False
5197,POL00005197,8,50,1,CUST0003914,2025-12-08,2026-11-30,Active,Standard,5140520.73,False
5198,POL00005198,1,9,2,CUST0000815,2023-08-13,2024-07-31,Cancelled,Premium,551502.76,True
5199,POL00005199,10,104,2,CUST0003601,2024-01-04,2024-12-31,Expired,Standard,1686988.13,False
5200,POL00005200,2,100,2,CUST0002005,2025-12-03,2026-11-30,Active,Standard,509220.29,False
5201,POL00005201,10,63,4,CUST0000230,2025-07-31,2026-06-30,Active,Standard,1892535.4,False
5202,POL00005202,7,75,2,CUST0002141,2023-08-20,2024-07-31,Expired,Standard,497212.23,False
5203,POL00005203,1,105,1,CUST0002282,2023-07-25,2024-06-30,Expired,Standard,629282.92,False
5204,POL00005204,1,75,4,CUST0001451,2024-03-31,2025-02-28,Expired,Premium,690717.34,False
5205,POL00005205,10,43,2,CUST0003445,2025-10-29,2026-09-30,Active,Standard,1656152.45,False
5206,POL00005206,2,96,3,CUST0001926,2024-02-19,2025-01-31,Expired,Standard,640722.87,False
5207,POL00005207,5,76,3,CUST0001489,2025-08-25,2026-07-31,Active,Standard,538940.05,False
5208,POL00005208,9,109,4,CUST0002191,2024-12-25,2025-11-30,Expired,Basic,9347466.47,False
5209,POL00005209,6,36,1,CUST0000647,2025-10-20,2026-09-30,Active,Basic,1050571.45,False
5210,POL00005210,1,9,2,CUST0003267,2025-02-11,2026-01-31,Expired,Premium,766871.29,False
5211,POL00005211,5,24,1,CUST0000770,2024-09-01,2025-08-31,Cancelled,Standard,429481.09,True
5212,POL00005212,4,11,1,CUST0000762,2024-08-01,2025-07-31,Expired,Standard,999321.79,False
5213,POL00005213,5,116,3,CUST0003974,2024-02-13,2025-01-31,Expired,Standard,403656.06,False
5214,POL00005214,3,24,2,CUST0002152,2025-10-29,2027-09-30,Cancelled,Standard,1419398.4,True
5215,POL00005215,6,36,3,CUST0003903,2025-02-24,2026-01-31,Expired,Standard,633707.21,False
5216,POL00005216,7,44,2,CUST0000548,2024-03-24,2026-02-28,Expired,Standard,429294.34,False
5217,POL00005217,2,56,2,CUST0000566,2026-01-30,2026-12-31,Active,Premium,532992.19,False
5218,POL00005218,2,117,1,CUST0003815,2024-05-04,2025-04-30,Expired,Basic,673077.37,False
5219,POL00005219,1,88,3,CUST0003527,2026-01-28,2026-12-31,Active,Standard,908378.04,False
5220,POL00005220,10,44,4,CUST0002878,2023-08-24,2024-07-31,Expired,Standard,2360020.4,False
5221,POL00005221,2,46,2,CUST0003081,2025-09-22,2026-08-31,Active,Standard,446639.52,False
5222,POL00005222,3,8,3,CUST0003041,2026-01-01,2026-12-31,Active,Premium,1167868.12,False
5223,POL00005223,10,54,3,CUST0000617,2026-01-02,2026-12-31,Active,Standard,1775307.08,False
5224,POL00005224,1,97,2,CUST0001493,2024-02-25,2025-01-31,Expired,Premium,567361.01,False
5225,POL00005225,10,31,3,CUST0001097,2024-07-12,2025-06-30,Expired,Basic,2261521.06,False
5226,POL00005226,3,14,3,CUST0001813,2025-09-24,2026-08-31,Active,Standard,2008839.81,False
5227,POL00005227,2,92,2,CUST0001180,2025-12-26,2026-11-30,Active,Premium,483599.39,False
5228,POL00005228,5,95,4,CUST0002343,2023-11-11,2024-10-31,Expired,Standard,622503.12,False
5229,POL00005229,9,21,1,CUST0001703,2023-09-15,2025-08-31,Expired,Basic,7979945.05,False
5230,POL00005230,10,113,2,CUST0003128,2024-04-17,2025-03-31,Expired,Standard,1777954.63,False
5231,POL00005231,3,104,1,CUST0000719,2023-11-17,2024-10-31,Expired,Standard,1767385.85,False
5232,POL00005232,8,35,3,CUST0003802,2025-06-28,2026-05-31,Expired,Basic,3975594.82,False
5233,POL00005233,5,78,3,CUST0003946,2024-01-11,2024-12-31,Expired,Standard,618419.11,False
5234,POL00005234,9,72,3,CUST0003547,2024-01-01,2024-12-31,Expired,Premium,6108190.4,False
5235,POL00005235,4,62,4,CUST0003897,2024-07-21,2025-06-30,Expired,Premium,1007605.61,False
5236,POL00005236,2,47,1,CUST0000365,2024-09-27,2025-08-31,Expired,Premium,753173.57,False
5237,POL00005237,10,10,1,CUST0003832,2024-07-21,2025-06-30,Expired,Premium,1451357.11,False
5238,POL00005238,4,64,1,CUST0003334,2024-12-31,2025-11-30,Expired,Premium,1047802.3,False
5239,POL00005239,2,67,3,CUST0000329,2024-10-10,2025-09-30,Expired,Standard,447649.96,False
5240,POL00005240,1,103,4,CUST0000041,2024-11-29,2025-10-31,Expired,Basic,740545.87,False
5241,POL00005241,6,116,3,CUST0002153,2025-11-05,2026-10-31,Active,Standard,752848.89,False
5242,POL00005242,2,64,2,CUST0000626,2023-11-16,2024-10-31,Expired,Standard,735186.73,False
5243,POL00005243,8,35,3,CUST0002183,2023-07-30,2025-06-30,Expired,Standard,6660468.02,False
5244,POL00005244,1,12,3,CUST0001871,2024-08-30,2025-07-31,Expired,Premium,906099.95,False
5245,POL00005245,1,64,3,CUST0003829,2025-10-27,2026-09-30,Active,Basic,516248.75,False
5246,POL00005246,6,16,3,CUST0000155,2023-07-21,2024-06-30,Expired,Basic,1064763.11,False
5247,POL00005247,3,113,3,CUST0000816,2024-05-02,2025-04-30,Expired,Basic,1417123.62,False
5248,POL00005248,5,85,4,CUST0003951,2024-04-01,2025-03-31,Expired,Standard,401356.08,False
5249,POL00005249,4,8,2,CUST0001025,2025-11-12,2027-10-31,Active,Basic,1672507.03,False
5250,POL00005250,1,18,1,CUST0001364,2025-05-27,2026-04-30,Expired,Basic,819447.58,False
5251,POL00005251,1,64,3,CUST0001386,2025-03-22,2026-02-28,Expired,Standard,536166.63,False
5252,POL00005252,1,70,1,CUST0003631,2025-12-07,2026-11-30,Active,Standard,712886.58,False
5253,POL00005253,1,60,1,CUST0003202,2025-01-16,2025-12-31,Expired,Standard,712728.29,False
5254,POL00005254,9,40,3,CUST0002385,2024-09-12,2025-08-31,Expired,Standard,8301649.16,False
5255,POL00005255,5,82,1,CUST0003596,2024-05-22,2025-04-30,Expired,Standard,664179.37,False
5256,POL00005256,9,2,4,CUST0002861,2026-02-10,2027-01-31,Active,Basic,8924655.87,False
5257,POL00005257,2,17,4,CUST0003816,2024-12-01,2025-11-30,Expired,Basic,707694.74,False
5258,POL00005258,4,48,3,CUST0000679,2025-10-25,2026-09-30,Active,Premium,955574.52,False
5259,POL00005259,2,108,4,CUST0001066,2025-09-21,2026-08-31,Active,Premium,749362.62,False
5260,POL00005260,5,111,3,CUST0003102,2025-07-25,2026-06-30,Active,Basic,615853.1,False
5261,POL00005261,2,57,1,CUST0003454,2023-10-08,2024-09-30,Expired,Basic,641375.37,False
5262,POL00005262,1,116,1,CUST0000990,2025-05-22,2026-04-30,Expired,Basic,524554.16,False
5263,POL00005263,1,116,3,CUST0000118,2025-05-21,2026-04-30,Expired,Standard,898651.81,False
5264,POL00005264,7,90,4,CUST0001525,2024-04-27,2025-03-31,Expired,Basic,402806.71,False
5265,POL00005265,6,20,2,CUST0003317,2024-06-22,2025-05-31,Expired,Basic,790992.88,False
5266,POL00005266,10,7,2,CUST0003530,2024-06-29,2026-05-31,Expired,Standard,2650795.2,False
5267,POL00005267,1,86,2,CUST0001697,2024-03-18,2025-02-28,Expired,Standard,640155.15,False
5268,POL00005268,4,67,3,CUST0003689,2024-12-15,2025-11-30,Expired,Basic,1425692.0,False
5269,POL00005269,8,23,2,CUST0001132,2024-08-14,2026-07-31,Active,Premium,6857498.21,False
5270,POL00005270,2,96,3,CUST0001166,2024-06-17,2025-05-31,Expired,Basic,761667.2,False
5271,POL00005271,5,54,2,CUST0001269,2025-01-15,2025-12-31,Expired,Standard,541547.21,False
5272,POL00005272,1,101,4,CUST0002436,2025-03-16,2026-02-28,Expired,Standard,615902.38,False
5273,POL00005273,1,55,4,CUST0001043,2024-09-22,2025-08-31,Expired,Basic,882356.55,False
5274,POL00005274,4,30,3,CUST0000635,2025-08-14,2026-07-31,Active,Premium,1389446.66,False
5275,POL00005275,1,15,2,CUST0003396,2024-06-07,2025-05-31,Expired,Basic,592488.99,False
5276,POL00005276,1,60,2,CUST0000429,2025-10-31,2026-09-30,Active,Standard,736334.62,False
5277,POL00005277,2,78,2,CUST0003812,2024-11-09,2025-10-31,Expired,Standard,614408.0,False
5278,POL00005278,6,52,1,CUST0001933,2023-08-25,2025-07-31,Expired,Standard,992333.91,False
5279,POL00005279,2,113,2,CUST0001642,2024-01-07,2024-12-31,Cancelled,Standard,565253.19,True
5280,POL00005280,1,113,1,CUST0002555,2024-10-04,2025-09-30,Expired,Basic,528435.84,False
5281,POL00005281,4,5,2,CUST0001329,2024-01-23,2024-12-31,Expired,Basic,1651205.52,False
5282,POL00005282,1,84,2,CUST0000691,2024-04-18,2025-03-31,Expired,Basic,855314.34,False
5283,POL00005283,7,114,3,CUST0002038,2024-10-27,2025-09-30,Expired,Premium,427088.48,False
5284,POL00005284,1,6,1,CUST0000720,2025-08-08,2026-07-31,Active,Standard,728410.85,False
5285,POL00005285,6,119,3,CUST0000676,2024-09-05,2025-08-31,Expired,Premium,625066.73,False
5286,POL00005286,4,77,2,CUST0001719,2025-07-25,2026-06-30,Active,Standard,1240374.54,False
5287,POL00005287,7,99,3,CUST0000443,2025-10-08,2026-09-30,Active,Basic,528173.6,False
5288,POL00005288,7,94,2,CUST0000883,2025-05-30,2026-04-30,Expired,Basic,459099.83,False
5289,POL00005289,8,47,2,CUST0000849,2025-04-23,2026-03-31,Cancelled,Standard,5347510.89,True
5290,POL00005290,3,87,1,CUST0000245,2024-05-23,2025-04-30,Expired,Standard,1282839.43,False
5291,POL00005291,6,67,2,CUST0000121,2023-08-21,2024-07-31,Expired,Premium,1103680.36,False
5292,POL00005292,5,55,2,CUST0002135,2025-04-25,2026-03-31,Expired,Premium,394381.01,False
5293,POL00005293,2,105,1,CUST0003676,2024-07-27,2025-06-30,Expired,Standard,694142.24,False
5294,POL00005294,6,26,3,CUST0002325,2025-01-06,2025-12-31,Expired,Standard,587955.86,False
5295,POL00005295,1,110,4,CUST0002021,2023-11-24,2024-10-31,Expired,Standard,752284.12,False
5296,POL00005296,5,42,1,CUST0001054,2024-03-25,2025-02-28,Expired,Basic,541579.88,False
5297,POL00005297,1,32,2,CUST0000096,2023-09-11,2024-08-31,Expired,Standard,776374.12,False
5298,POL00005298,1,52,2,CUST0001211,2024-02-25,2025-01-31,Expired,Premium,767805.34,False
5299,POL00005299,3,68,4,CUST0003277,2024-01-27,2024-12-31,Expired,Standard,1107142.44,False
5300,POL00005300,2,102,3,CUST0003710,2024-03-16,2025-02-28,Expired,Standard,685587.43,False
5301,POL00005301,3,98,3,CUST0002025,2025-11-05,2026-10-31,Active,Premium,1844988.26,False
5302,POL00005302,6,115,2,CUST0003309,2024-06-05,2025-05-31,Cancelled,Basic,706312.88,True
5303,POL00005303,6,26,3,CUST0003413,2025-09-14,2026-08-31,Active,Standard,941496.3,False
5304,POL00005304,8,102,1,CUST0003070,2023-11-08,2024-10-31,Expired,Standard,5350174.49,False
5305,POL00005305,6,17,2,CUST0003260,2025-08-05,2026-07-31,Active,Basic,1035440.47,False
5306,POL00005306,6,21,4,CUST0000144,2024-11-24,2025-10-31,Expired,Premium,617581.1,False
5307,POL00005307,8,32,4,CUST0001527,2025-04-16,2026-03-31,Expired,Basic,6135619.58,False
5308,POL00005308,2,9,1,CUST0002905,2024-04-15,2025-03-31,Expired,Basic,527606.44,False
5309,POL00005309,3,114,3,CUST0002615,2023-10-08,2024-09-30,Expired,Premium,1522299.6,False
5310,POL00005310,1,13,1,CUST0000960,2025-02-08,2026-01-31,Expired,Basic,842402.49,False
5311,POL00005311,1,52,3,CUST0000737,2023-10-17,2024-09-30,Expired,Standard,506565.12,False
5312,POL00005312,5,95,4,CUST0002567,2024-06-09,2025-05-31,Expired,Premium,379287.49,False
5313,POL00005313,1,19,3,CUST0003517,2025-08-10,2026-07-31,Active,Basic,657022.42,False
5314,POL00005314,1,90,2,CUST0002517,2024-10-05,2025-09-30,Expired,Premium,747241.73,False
5315,POL00005315,6,46,4,CUST0002316,2025-05-15,2026-04-30,Expired,Premium,713756.18,False
5316,POL00005316,5,9,1,CUST0000320,2025-08-09,2026-07-31,Active,Premium,689245.37,False
5317,POL00005317,6,17,1,CUST0002539,2024-12-30,2025-11-30,Expired,Standard,814813.6,False
5318,POL00005318,10,22,1,CUST0001668,2023-08-27,2024-07-31,Expired,Premium,1628743.85,False
5319,POL00005319,1,105,1,CUST0003077,2025-01-25,2025-12-31,Expired,Premium,501383.82,False
5320,POL00005320,7,110,3,CUST0001389,2025-05-26,2026-04-30,Expired,Standard,283711.6,False
5321,POL00005321,5,58,3,CUST0001722,2023-11-28,2025-10-31,Expired,Standard,480195.82,False
5322,POL00005322,1,82,3,CUST0001658,2025-05-22,2026-04-30,Expired,Standard,657922.16,False
5323,POL00005323,1,68,2,CUST0001969,2024-11-01,2026-10-31,Active,Basic,671975.03,False
5324,POL00005324,4,3,2,CUST0003615,2023-11-09,2024-10-31,Expired,Standard,1173071.08,False
5325,POL00005325,1,42,1,CUST0000267,2025-08-13,2026-07-31,Active,Standard,585813.23,False
5326,POL00005326,8,55,1,CUST0001166,2024-09-30,2025-08-31,Expired,Basic,4810418.48,False
5327,POL00005327,5,94,4,CUST0001098,2025-11-16,2026-10-31,Active,Standard,522863.98,False
5328,POL00005328,2,21,2,CUST0003943,2024-03-11,2025-02-28,Expired,Standard,411553.93,False
5329,POL00005329,10,7,2,CUST0003694,2024-12-03,2025-11-30,Expired,Basic,2668416.65,False
5330,POL00005330,1,20,4,CUST0001545,2025-07-10,2026-06-30,Active,Standard,585379.07,False
5331,POL00005331,1,61,2,CUST0002068,2023-11-04,2024-10-31,Expired,Standard,697869.25,False
5332,POL00005332,5,70,2,CUST0002611,2023-09-13,2024-08-31,Expired,Basic,679374.43,False
5333,POL00005333,3,72,3,CUST0000960,2024-10-20,2025-09-30,Expired,Standard,1758681.81,False
5334,POL00005334,1,77,2,CUST0001469,2025-12-08,2026-11-30,Active,Premium,669950.46,False
5335,POL00005335,3,59,3,CUST0002225,2025-07-31,2026-06-30,Active,Basic,1393218.0,False
5336,POL00005336,5,88,1,CUST0000018,2025-04-02,2026-03-31,Expired,Standard,590158.04,False
5337,POL00005337,1,80,3,CUST0002057,2024-10-17,2025-09-30,Expired,Standard,544219.86,False
5338,POL00005338,1,25,3,CUST0002913,2024-11-13,2025-10-31,Expired,Basic,766140.16,False
5339,POL00005339,4,86,3,CUST0000744,2025-05-21,2026-04-30,Expired,Premium,1206044.69,False
5340,POL00005340,4,85,4,CUST0001481,2024-08-21,2025-07-31,Expired,Premium,904899.89,False
5341,POL00005341,5,87,1,CUST0003234,2025-11-09,2026-10-31,Active,Standard,588452.09,False
5342,POL00005342,2,67,3,CUST0002051,2025-07-22,2026-06-30,Active,Basic,662234.41,False
5343,POL00005343,3,37,3,CUST0001337,2023-12-01,2024-11-30,Expired,Standard,1540559.85,False
5344,POL00005344,4,77,1,CUST0000093,2023-09-22,2024-08-31,Expired,Standard,1469161.54,False
5345,POL00005345,5,15,2,CUST0002960,2023-07-01,2024-06-30,Expired,Basic,636554.67,False
5346,POL00005346,1,115,1,CUST0002530,2025-07-27,2027-06-30,Active,Premium,655265.97,False
5347,POL00005347,10,76,2,CUST0002709,2023-09-23,2024-08-31,Expired,Standard,2269550.94,False
5348,POL00005348,2,99,1,CUST0003029,2025-06-18,2026-05-31,Expired,Standard,693253.18,False
5349,POL00005349,9,10,3,CUST0001432,2025-05-31,2026-04-30,Expired,Standard,8369475.11,False
5350,POL00005350,1,114,4,CUST0002905,2024-10-17,2025-09-30,Expired,Basic,729544.62,False
5351,POL00005351,3,12,3,CUST0000410,2025-01-15,2025-12-31,Expired,Premium,1959621.52,False
5352,POL00005352,1,79,4,CUST0003271,2023-11-13,2024-10-31,Cancelled,Premium,554081.06,True
5353,POL00005353,4,20,3,CUST0000962,2024-08-04,2025-07-31,Expired,Standard,1356869.37,False
5354,POL00005354,3,14,3,CUST0003963,2024-09-07,2025-08-31,Expired,Premium,2021654.24,False
5355,POL00005355,5,81,2,CUST0000822,2024-03-21,2025-02-28,Expired,Premium,409839.78,False
5356,POL00005356,8,33,4,CUST0002867,2024-05-29,2025-04-30,Expired,Standard,4799379.06,False
5357,POL00005357,1,20,2,CUST0000970,2024-12-04,2025-11-30,Expired,Basic,641839.83,False
5358,POL00005358,6,116,1,CUST0002752,2024-05-22,2025-04-30,Expired,Standard,1083130.17,False
5359,POL00005359,1,108,4,CUST0000438,2025-05-14,2026-04-30,Expired,Standard,772758.37,False
5360,POL00005360,2,95,1,CUST0003473,2023-12-30,2024-11-30,Expired,Standard,544734.9,False
5361,POL00005361,3,30,2,CUST0000767,2026-01-24,2026-12-31,Active,Standard,1187476.69,False
5362,POL00005362,4,35,3,CUST0001055,2024-01-08,2025-12-31,Expired,Premium,869428.46,False
5363,POL00005363,5,81,2,CUST0002241,2024-12-05,2025-11-30,Expired,Standard,606367.81,False
5364,POL00005364,1,50,3,CUST0003748,2024-02-08,2025-01-31,Expired,Premium,726467.83,False
5365,POL00005365,3,113,1,CUST0000424,2024-01-06,2024-12-31,Expired,Standard,1562826.19,False
5366,POL00005366,1,72,3,CUST0002515,2024-07-22,2025-06-30,Expired,Standard,704710.15,False
5367,POL00005367,6,57,3,CUST0003425,2025-06-19,2026-05-31,Expired,Standard,690525.89,False
5368,POL00005368,7,15,3,CUST0003366,2025-04-27,2026-03-31,Expired,Standard,460836.48,False
5369,POL00005369,1,99,3,CUST0001387,2025-02-02,2026-01-31,Expired,Standard,482383.13,False
5370,POL00005370,4,73,4,CUST0002071,2024-10-26,2025-09-30,Expired,Standard,1103467.82,False
5371,POL00005371,3,42,1,CUST0001533,2025-03-26,2026-02-28,Expired,Premium,1767059.86,False
5372,POL00005372,4,33,3,CUST0003401,2023-12-22,2024-11-30,Expired,Premium,963805.91,False
5373,POL00005373,1,44,1,CUST0000198,2024-04-29,2025-03-31,Expired,Basic,459783.99,False
5374,POL00005374,6,111,3,CUST0003143,2025-07-23,2026-06-30,Active,Premium,800133.98,False
5375,POL00005375,3,112,4,CUST0003983,2024-01-16,2024-12-31,Expired,Standard,1491157.32,False
5376,POL00005376,8,115,4,CUST0000849,2024-08-19,2025-07-31,Expired,Standard,3667407.52,False
5377,POL00005377,4,25,1,CUST0000713,2025-12-20,2026-11-30,Active,Basic,1193955.94,False
5378,POL00005378,7,64,3,CUST0000453,2024-12-24,2025-11-30,Expired,Standard,411553.83,False
5379,POL00005379,1,39,1,CUST0003949,2025-04-04,2026-03-31,Cancelled,Standard,683981.54,True
5380,POL00005380,1,19,2,CUST0003119,2024-04-14,2025-03-31,Expired,Standard,800069.68,False
5381,POL00005381,10,111,1,CUST0000179,2025-01-19,2025-12-31,Expired,Standard,1416921.06,False
5382,POL00005382,6,105,3,CUST0002365,2024-05-25,2025-04-30,Cancelled,Standard,661034.86,True
5383,POL00005383,1,15,2,CUST0000139,2024-05-14,2025-04-30,Expired,Standard,873627.79,False
5384,POL00005384,7,92,4,CUST0003226,2025-01-25,2025-12-31,Expired,Standard,372978.78,False
5385,POL00005385,8,65,2,CUST0002237,2025-11-01,2026-10-31,Active,Basic,5059416.81,False
5386,POL00005386,3,109,3,CUST0001444,2025-05-07,2026-04-30,Expired,Premium,1613311.42,False
5387,POL00005387,5,84,2,CUST0000304,2025-01-04,2025-12-31,Expired,Standard,474322.66,False
5388,POL00005388,5,2,3,CUST0002904,2023-11-27,2025-10-31,Expired,Premium,552223.44,False
5389,POL00005389,2,92,3,CUST0003091,2024-01-08,2025-12-31,Expired,Basic,637300.32,False
5390,POL00005390,1,15,1,CUST0003532,2026-02-21,2027-01-31,Active,Standard,869522.27,False
5391,POL00005391,9,9,4,CUST0002746,2024-07-25,2025-06-30,Expired,Basic,5850696.05,False
5392,POL00005392,1,111,2,CUST0000780,2023-10-26,2024-09-30,Expired,Basic,651548.56,False
5393,POL00005393,1,59,2,CUST0003683,2025-07-17,2026-06-30,Active,Standard,514992.68,False
5394,POL00005394,8,49,4,CUST0000259,2024-09-01,2025-08-31,Expired,Premium,6351844.19,False
5395,POL00005395,10,79,1,CUST0002821,2024-07-09,2026-06-30,Active,Standard,1906597.3,False
5396,POL00005396,10,26,2,CUST0002244,2023-12-24,2024-11-30,Expired,Standard,2679523.46,False
5397,POL00005397,2,43,4,CUST0003167,2024-06-23,2025-05-31,Expired,Basic,498814.2,False
5398,POL00005398,5,92,2,CUST0000782,2025-06-08,2026-05-31,Expired,Standard,517673.38,False
5399,POL00005399,2,113,2,CUST0001927,2023-07-31,2025-06-30,Expired,Standard,522505.09,False
5400,POL00005400,5,43,3,CUST0003241,2024-08-05,2025-07-31,Expired,Premium,696187.16,False
5401,POL00005401,1,43,2,CUST0003237,2026-01-01,2026-12-31,Active,Premium,836538.24,False
5402,POL00005402,3,94,3,CUST0002864,2024-03-10,2025-02-28,Expired,Standard,1242815.87,False
5403,POL00005403,8,18,2,CUST0000601,2023-08-25,2024-07-31,Expired,Premium,4693092.67,False
5404,POL00005404,1,73,1,CUST0001038,2024-07-04,2025-06-30,Expired,Basic,849786.68,False
5405,POL00005405,9,20,1,CUST0003700,2025-09-11,2026-08-31,Active,Standard,9186634.59,False
5406,POL00005406,5,26,1,CUST0000341,2023-10-24,2024-09-30,Expired,Standard,577644.48,False
5407,POL00005407,1,42,4,CUST0000159,2024-06-03,2025-05-31,Expired,Basic,846424.21,False
5408,POL00005408,2,111,2,CUST0002811,2024-08-02,2025-07-31,Expired,Basic,439717.5,False
5409,POL00005409,1,111,2,CUST0001761,2025-10-22,2026-09-30,Active,Basic,586236.78,False
5410,POL00005410,5,75,1,CUST0003044,2024-03-29,2025-02-28,Expired,Standard,464563.33,False
5411,POL00005411,1,85,4,CUST0001671,2023-08-06,2024-07-31,Expired,Standard,719957.24,False
5412,POL00005412,1,87,3,CUST0003559,2025-06-12,2026-05-31,Cancelled,Premium,596933.84,True
5413,POL00005413,3,23,2,CUST0001143,2024-12-24,2025-11-30,Expired,Standard,1323605.74,False
5414,POL00005414,2,66,3,CUST0002447,2024-05-22,2025-04-30,Cancelled,Basic,687898.25,True
5415,POL00005415,5,11,1,CUST0002498,2026-01-04,2026-12-31,Active,Standard,558605.29,False
5416,POL00005416,2,45,2,CUST0001901,2025-01-13,2025-12-31,Expired,Basic,648590.63,False
5417,POL00005417,1,88,4,CUST0003608,2025-05-21,2026-04-30,Expired,Basic,753023.22,False
5418,POL00005418,5,14,1,CUST0002388,2025-02-28,2026-01-31,Expired,Standard,598413.82,False
5419,POL00005419,1,72,2,CUST0000968,2025-08-17,2026-07-31,Active,Basic,511647.09,False
5420,POL00005420,10,18,1,CUST0000607,2025-09-08,2026-08-31,Active,Standard,2507254.75,False
5421,POL00005421,3,96,3,CUST0000564,2025-11-20,2026-10-31,Active,Premium,1066126.09,False
5422,POL00005422,5,68,4,CUST0002694,2024-08-21,2025-07-31,Expired,Premium,372151.02,False
5423,POL00005423,5,58,1,CUST0001177,2025-07-16,2026-06-30,Active,Standard,643123.44,False
5424,POL00005424,3,7,1,CUST0000506,2023-11-18,2024-10-31,Expired,Standard,1053865.52,False
5425,POL00005425,1,22,3,CUST0003456,2024-06-26,2025-05-31,Expired,Standard,774811.31,False
5426,POL00005426,5,74,1,CUST0003069,2024-06-26,2025-05-31,Expired,Basic,394460.17,False
5427,POL00005427,2,15,2,CUST0001167,2023-11-03,2024-10-31,Expired,Basic,397761.3,False
5428,POL00005428,9,97,2,CUST0000747,2026-01-20,2026-12-31,Active,Premium,6503101.52,False
5429,POL00005429,1,51,2,CUST0001161,2024-07-10,2025-06-30,Expired,Basic,492237.74,False
5430,POL00005430,6,87,1,CUST0003074,2025-04-09,2026-03-31,Expired,Basic,686847.84,False
5431,POL00005431,1,83,3,CUST0001801,2025-10-08,2026-09-30,Active,Standard,633608.47,False
5432,POL00005432,1,99,3,CUST0002130,2023-09-20,2024-08-31,Expired,Basic,514412.99,False
5433,POL00005433,5,58,2,CUST0001506,2025-01-28,2025-12-31,Cancelled,Standard,378371.62,True
5434,POL00005434,7,112,1,CUST0002392,2024-07-12,2025-06-30,Expired,Standard,368971.44,False
5435,POL00005435,5,101,1,CUST0001894,2024-04-06,2025-03-31,Expired,Basic,688796.38,False
5436,POL00005436,8,57,1,CUST0003380,2024-04-14,2025-03-31,Expired,Premium,5341255.85,False
5437,POL00005437,5,1,4,CUST0003692,2023-10-30,2024-09-30,Expired,Premium,529895.09,False
5438,POL00005438,8,94,2,CUST0000392,2023-12-28,2024-11-30,Expired,Basic,6856664.95,False
5439,POL00005439,6,88,3,CUST0003047,2025-02-01,2026-01-31,Expired,Standard,894510.43,False
5440,POL00005440,7,16,1,CUST0001587,2025-07-01,2026-06-30,Active,Standard,291725.24,False
5441,POL00005441,10,75,4,CUST0003092,2024-01-10,2024-12-31,Expired,Basic,2456649.69,False
5442,POL00005442,7,22,1,CUST0002765,2023-09-20,2024-08-31,Cancelled,Standard,313253.82,True
5443,POL00005443,1,88,4,CUST0002297,2025-12-16,2026-11-30,Active,Basic,687813.72,False
5444,POL00005444,8,105,2,CUST0001299,2025-09-04,2026-08-31,Active,Standard,4373887.82,False
5445,POL00005445,4,81,1,CUST0002974,2025-06-15,2027-05-31,Active,Premium,1177738.2,False
5446,POL00005446,7,35,1,CUST0001125,2025-10-22,2026-09-30,Active,Premium,415009.78,False
5447,POL00005447,1,106,2,CUST0002594,2024-04-02,2025-03-31,Expired,Premium,522712.98,False
5448,POL00005448,5,34,2,CUST0002041,2025-09-18,2026-08-31,Active,Standard,678777.4,False
5449,POL00005449,1,6,3,CUST0003107,2024-05-08,2025-04-30,Expired,Basic,639227.81,False
5450,POL00005450,1,81,3,CUST0001347,2025-03-27,2027-02-28,Active,Standard,790337.57,False
5451,POL00005451,5,96,3,CUST0003809,2023-12-21,2024-11-30,Expired,Standard,522829.51,False
5452,POL00005452,2,76,2,CUST0001460,2024-02-06,2025-01-31,Expired,Premium,704274.53,False
5453,POL00005453,8,111,4,CUST0000410,2024-08-29,2025-07-31,Expired,Basic,3673548.71,False
5454,POL00005454,1,8,2,CUST0003918,2024-08-14,2025-07-31,Expired,Premium,846810.89,False
5455,POL00005455,6,85,4,CUST0002574,2023-10-25,2024-09-30,Expired,Standard,810221.51,False
5456,POL00005456,10,58,1,CUST0003647,2025-07-12,2026-06-30,Active,Standard,2744531.73,False
5457,POL00005457,5,74,1,CUST0003957,2025-12-17,2026-11-30,Active,Basic,426541.81,False
5458,POL00005458,5,34,3,CUST0002521,2025-11-20,2026-10-31,Active,Standard,475552.75,False
5459,POL00005459,3,119,2,CUST0001713,2024-12-22,2025-11-30,Expired,Premium,1919276.93,False
5460,POL00005460,7,95,2,CUST0003813,2024-02-24,2025-01-31,Expired,Premium,523321.09,False
5461,POL00005461,3,88,4,CUST0001666,2025-03-09,2026-02-28,Expired,Standard,1941600.74,False
5462,POL00005462,1,98,4,CUST0000650,2023-07-30,2024-06-30,Expired,Standard,873998.84,False
5463,POL00005463,5,89,2,CUST0000724,2025-01-29,2025-12-31,Expired,Standard,521391.82,False
5464,POL00005464,5,108,4,CUST0001901,2025-09-06,2027-08-31,Active,Standard,506876.86,False
5465,POL00005465,10,98,4,CUST0003067,2024-08-03,2025-07-31,Expired,Standard,2124648.5,False
5466,POL00005466,1,91,3,CUST0000845,2025-06-22,2026-05-31,Expired,Standard,561089.88,False
5467,POL00005467,3,109,1,CUST0001916,2023-08-23,2024-07-31,Expired,Basic,1099096.8,False
5468,POL00005468,1,61,2,CUST0002895,2025-02-16,2026-01-31,Expired,Standard,855292.42,False
5469,POL00005469,1,57,3,CUST0003814,2026-01-15,2026-12-31,Active,Standard,880507.69,False
5470,POL00005470,5,30,3,CUST0001617,2026-01-30,2026-12-31,Active,Premium,538552.39,False
5471,POL00005471,4,86,3,CUST0003637,2023-11-26,2024-10-31,Cancelled,Standard,1289117.48,True
5472,POL00005472,6,101,2,CUST0002636,2024-12-16,2025-11-30,Expired,Basic,616394.11,False
5473,POL00005473,7,52,4,CUST0000831,2024-10-19,2025-09-30,Expired,Basic,526058.39,False
5474,POL00005474,8,54,2,CUST0002353,2024-09-25,2025-08-31,Cancelled,Standard,6299005.8,True
5475,POL00005475,1,49,1,CUST0002644,2024-11-21,2026-10-31,Active,Basic,801200.59,False
5476,POL00005476,8,96,1,CUST0003890,2024-11-01,2025-10-31,Expired,Basic,4340553.91,False
5477,POL00005477,2,24,4,CUST0002733,2025-07-12,2027-06-30,Active,Premium,729847.74,False
5478,POL00005478,1,3,3,CUST0002661,2024-01-10,2024-12-31,Expired,Standard,728975.96,False
5479,POL00005479,9,38,1,CUST0003954,2023-08-23,2024-07-31,Expired,Standard,7709157.51,False
5480,POL00005480,7,61,3,CUST0001092,2025-10-07,2026-09-30,Active,Basic,317597.98,False
5481,POL00005481,7,49,4,CUST0002949,2024-03-10,2025-02-28,Expired,Standard,526524.38,False
5482,POL00005482,5,38,2,CUST0003612,2024-03-10,2025-02-28,Expired,Basic,479422.85,False
5483,POL00005483,2,91,3,CUST0001200,2024-04-05,2025-03-31,Cancelled,Standard,489776.78,True
5484,POL00005484,3,66,4,CUST0002185,2025-02-11,2026-01-31,Expired,Basic,1929091.14,False
5485,POL00005485,3,92,1,CUST0001808,2026-02-07,2027-01-31,Active,Standard,1534687.83,False
5486,POL00005486,2,44,3,CUST0000124,2025-06-11,2026-05-31,Expired,Standard,467856.5,False
5487,POL00005487,2,89,2,CUST0001635,2025-06-23,2027-05-31,Active,Standard,519229.26,False
5488,POL00005488,2,73,1,CUST0002458,2026-01-17,2026-12-31,Cancelled,Premium,720058.08,True
5489,POL00005489,4,42,1,CUST0002911,2024-05-30,2025-04-30,Expired,Premium,1137561.25,False
5490,POL00005490,1,51,3,CUST0001397,2023-08-18,2024-07-31,Expired,Basic,857892.84,False
5491,POL00005491,7,35,3,CUST0002712,2023-09-23,2024-08-31,Expired,Standard,354343.55,False
5492,POL00005492,3,100,2,CUST0003688,2024-05-18,2025-04-30,Expired,Premium,1535557.57,False
5493,POL00005493,4,39,2,CUST0003200,2025-04-13,2026-03-31,Expired,Basic,1631529.56,False
5494,POL00005494,7,62,1,CUST0002072,2025-08-31,2027-07-31,Active,Basic,478792.44,False
5495,POL00005495,1,38,2,CUST0002396,2024-02-16,2025-01-31,Cancelled,Standard,792566.22,True
5496,POL00005496,5,36,2,CUST0003973,2024-08-16,2025-07-31,Expired,Premium,580185.08,False
5497,POL00005497,1,102,4,CUST0001228,2025-07-11,2026-06-30,Active,Standard,583765.62,False
5498,POL00005498,1,117,1,CUST0000175,2025-03-12,2026-02-28,Expired,Standard,549765.65,False
5499,POL00005499,9,23,2,CUST0000902,2023-11-15,2024-10-31,Expired,Standard,8407606.06,False
5500,POL00005500,8,9,2,CUST0001038,2025-08-03,2026-07-31,Active,Premium,4936236.36,False
5501,POL00005501,1,22,4,CUST0002162,2024-10-12,2025-09-30,Cancelled,Standard,904187.3,True
5502,POL00005502,10,116,4,CUST0002003,2023-08-09,2024-07-31,Expired,Standard,2448699.52,False
5503,POL00005503,6,32,2,CUST0002898,2024-03-16,2025-02-28,Expired,Standard,591088.38,False
5504,POL00005504,5,109,3,CUST0003778,2024-09-13,2025-08-31,Expired,Standard,519380.43,False
5505,POL00005505,2,20,1,CUST0000508,2025-06-08,2026-05-31,Expired,Standard,628924.0,False
5506,POL00005506,3,6,2,CUST0003019,2023-11-06,2024-10-31,Expired,Premium,1751923.67,False
5507,POL00005507,6,5,3,CUST0001588,2025-04-06,2026-03-31,Expired,Basic,669199.57,False
5508,POL00005508,8,67,3,CUST0001549,2025-12-23,2026-11-30,Active,Standard,3780254.94,False
5509,POL00005509,7,26,3,CUST0002767,2025-01-17,2025-12-31,Expired,Standard,452922.79,False
5510,POL00005510,2,17,2,CUST0000277,2024-11-19,2025-10-31,Cancelled,Standard,559942.07,True
5511,POL00005511,5,27,1,CUST0003604,2025-09-08,2026-08-31,Active,Basic,673859.61,False
5512,POL00005512,2,49,1,CUST0002026,2025-04-03,2026-03-31,Expired,Standard,730832.3,False
5513,POL00005513,2,36,1,CUST0003976,2024-06-29,2026-05-31,Expired,Basic,628506.82,False
5514,POL00005514,1,49,4,CUST0000460,2025-06-27,2026-05-31,Expired,Standard,456919.3,False
5515,POL00005515,5,97,3,CUST0002261,2025-10-06,2026-09-30,Cancelled,Premium,588150.15,True
5516,POL00005516,6,55,1,CUST0003834,2024-05-09,2025-04-30,Expired,Standard,1008450.65,False
5517,POL00005517,2,2,1,CUST0001575,2024-06-09,2025-05-31,Expired,Standard,475556.56,False
5518,POL00005518,5,72,2,CUST0002952,2023-12-09,2024-11-30,Expired,Standard,421960.19,False
5519,POL00005519,2,105,3,CUST0001427,2023-10-20,2024-09-30,Expired,Standard,703655.07,False
5520,POL00005520,5,94,1,CUST0000085,2026-02-16,2027-01-31,Active,Basic,638253.79,False
5521,POL00005521,10,51,3,CUST0002263,2024-08-08,2025-07-31,Expired,Premium,1913252.88,False
5522,POL00005522,1,83,3,CUST0001185,2024-10-21,2025-09-30,Expired,Basic,539203.45,False
5523,POL00005523,8,118,1,CUST0003354,2025-03-01,2026-02-28,Expired,Premium,5003354.51,False
5524,POL00005524,5,117,3,CUST0000685,2024-09-06,2026-08-31,Active,Basic,360023.3,False
5525,POL00005525,2,61,1,CUST0002598,2024-05-23,2026-04-30,Expired,Standard,491194.88,False
5526,POL00005526,9,70,3,CUST0003472,2024-05-25,2025-04-30,Expired,Basic,9547702.33,False
5527,POL00005527,5,15,3,CUST0002509,2025-06-15,2026-05-31,Expired,Premium,492546.25,False
5528,POL00005528,5,22,1,CUST0002571,2025-09-19,2026-08-31,Active,Premium,447058.27,False
5529,POL00005529,10,80,3,CUST0001274,2025-10-12,2026-09-30,Cancelled,Standard,1548071.77,True
5530,POL00005530,1,81,1,CUST0003627,2024-06-19,2026-05-31,Expired,Standard,831964.83,False
5531,POL00005531,9,110,1,CUST0001060,2023-10-09,2025-09-30,Expired,Standard,8155929.23,False
5532,POL00005532,1,63,3,CUST0002409,2024-01-03,2025-12-31,Expired,Premium,538671.56,False
5533,POL00005533,1,75,4,CUST0000732,2023-10-05,2024-09-30,Expired,Standard,810009.44,False
5534,POL00005534,1,109,2,CUST0001269,2023-09-24,2025-08-31,Expired,Standard,590925.0,False
5535,POL00005535,2,36,3,CUST0002043,2024-12-17,2025-11-30,Expired,Basic,649536.54,False
5536,POL00005536,1,87,3,CUST0003511,2023-10-04,2024-09-30,Expired,Standard,602572.5,False
5537,POL00005537,1,9,2,CUST0001800,2024-02-12,2025-01-31,Expired,Basic,889161.56,False
5538,POL00005538,1,112,2,CUST0000837,2024-07-03,2026-06-30,Active,Standard,899937.89,False
5539,POL00005539,5,2,4,CUST0000395,2024-02-20,2025-01-31,Expired,Premium,363692.08,False
5540,POL00005540,7,53,1,CUST0002463,2023-11-16,2024-10-31,Cancelled,Standard,505580.17,True
5541,POL00005541,1,101,2,CUST0001566,2025-06-10,2026-05-31,Expired,Standard,868124.27,False
5542,POL00005542,1,106,3,CUST0002172,2025-12-09,2026-11-30,Active,Premium,806741.41,False
5543,POL00005543,4,66,1,CUST0000204,2025-02-23,2026-01-31,Expired,Premium,1673809.55,False
5544,POL00005544,6,115,3,CUST0001278,2025-01-28,2026-12-31,Active,Basic,622014.62,False
5545,POL00005545,7,80,2,CUST0002508,2025-07-17,2026-06-30,Active,Premium,516564.94,False
5546,POL00005546,1,21,3,CUST0000934,2025-04-18,2026-03-31,Expired,Basic,669074.24,False
5547,POL00005547,2,109,2,CUST0002919,2024-06-25,2025-05-31,Expired,Premium,592714.15,False
5548,POL00005548,1,108,2,CUST0003314,2023-08-24,2024-07-31,Expired,Standard,891813.04,False
5549,POL00005549,1,64,1,CUST0002901,2024-06-12,2025-05-31,Cancelled,Standard,903183.39,True
5550,POL00005550,2,77,1,CUST0003021,2025-03-22,2027-02-28,Active,Basic,589766.97,False
5551,POL00005551,3,116,4,CUST0000807,2025-07-13,2026-06-30,Active,Basic,1847368.52,False
5552,POL00005552,1,76,3,CUST0000598,2024-01-23,2024-12-31,Expired,Basic,807523.25,False
5553,POL00005553,3,2,2,CUST0000760,2026-01-26,2027-12-31,Active,Standard,1588740.02,False
5554,POL00005554,2,99,2,CUST0000450,2025-06-07,2027-05-31,Active,Standard,609444.72,False
5555,POL00005555,2,62,1,CUST0000483,2023-08-13,2024-07-31,Expired,Standard,732532.93,False
5556,POL00005556,4,3,4,CUST0003238,2024-06-02,2025-05-31,Expired,Standard,906973.67,False
5557,POL00005557,5,23,1,CUST0000531,2025-09-26,2026-08-31,Active,Standard,380830.69,False
5558,POL00005558,9,73,3,CUST0000328,2024-02-17,2026-01-31,Expired,Standard,6203812.6,False
5559,POL00005559,6,96,1,CUST0000234,2024-03-11,2025-02-28,Expired,Standard,854942.61,False
5560,POL00005560,1,67,4,CUST0001396,2024-09-08,2025-08-31,Expired,Premium,731209.0,False
5561,POL00005561,1,51,1,CUST0000469,2024-10-11,2025-09-30,Expired,Standard,614074.51,False
5562,POL00005562,4,95,1,CUST0001488,2025-11-03,2026-10-31,Active,Standard,1548562.76,False
5563,POL00005563,1,69,1,CUST0002023,2023-07-19,2024-06-30,Expired,Basic,666656.46,False
5564,POL00005564,7,30,3,CUST0003064,2024-04-08,2025-03-31,Expired,Premium,462228.17,False
5565,POL00005565,5,10,2,CUST0002844,2025-06-17,2027-05-31,Active,Standard,442253.96,False
5566,POL00005566,4,118,4,CUST0002470,2024-07-08,2025-06-30,Expired,Basic,1216404.26,False
5567,POL00005567,3,101,3,CUST0002150,2024-07-12,2025-06-30,Expired,Basic,2018781.51,False
5568,POL00005568,5,65,1,CUST0000582,2025-01-25,2025-12-31,Expired,Standard,408634.19,False
5569,POL00005569,6,40,4,CUST0002600,2025-04-14,2026-03-31,Expired,Premium,667285.02,False
5570,POL00005570,6,21,2,CUST0000819,2023-07-24,2024-06-30,Expired,Premium,563657.91,False
5571,POL00005571,8,84,3,CUST0002043,2024-03-17,2025-02-28,Expired,Basic,4146167.87,False
5572,POL00005572,6,81,1,CUST0002949,2024-07-30,2025-06-30,Expired,Standard,578291.03,False
5573,POL00005573,8,92,2,CUST0003353,2024-08-24,2025-07-31,Expired,Basic,5416860.52,False
5574,POL00005574,5,23,1,CUST0002402,2023-10-24,2024-09-30,Expired,Premium,534292.36,False
5575,POL00005575,6,6,2,CUST0002449,2025-08-10,2026-07-31,Active,Premium,645752.09,False
5576,POL00005576,4,102,1,CUST0002502,2024-03-26,2025-02-28,Expired,Premium,1389624.45,False
5577,POL00005577,1,26,4,CUST0003475,2025-10-09,2026-09-30,Active,Standard,608818.69,False
5578,POL00005578,2,102,1,CUST0000858,2025-02-11,2026-01-31,Expired,Premium,741012.42,False
5579,POL00005579,1,96,1,CUST0003483,2024-06-18,2025-05-31,Expired,Basic,585020.67,False
5580,POL00005580,4,109,2,CUST0000975,2024-05-24,2025-04-30,Expired,Standard,1445148.01,False
5581,POL00005581,2,5,3,CUST0000482,2023-11-30,2024-10-31,Expired,Basic,764136.68,False
5582,POL00005582,1,29,3,CUST0001467,2023-07-01,2024-06-30,Expired,Basic,491356.94,False
5583,POL00005583,5,33,2,CUST0003985,2023-11-22,2024-10-31,Cancelled,Standard,394556.93,True
5584,POL00005584,4,4,1,CUST0000275,2025-03-20,2026-02-28,Expired,Standard,906909.59,False
5585,POL00005585,2,120,2,CUST0003279,2024-03-31,2025-02-28,Expired,Premium,694867.22,False
5586,POL00005586,6,25,2,CUST0003263,2024-08-03,2025-07-31,Expired,Standard,959387.3,False
5587,POL00005587,4,26,3,CUST0002668,2024-12-15,2025-11-30,Expired,Basic,981541.1,False
5588,POL00005588,3,58,1,CUST0000549,2024-07-29,2025-06-30,Expired,Standard,1861181.19,False
5589,POL00005589,3,110,1,CUST0001077,2023-07-21,2024-06-30,Expired,Standard,1436953.75,False
5590,POL00005590,6,84,3,CUST0001353,2025-05-01,2027-04-30,Active,Standard,1032169.41,False
5591,POL00005591,9,78,4,CUST0003841,2024-12-01,2025-11-30,Expired,Premium,9230507.0,False
5592,POL00005592,1,48,3,CUST0001723,2024-08-16,2026-07-31,Active,Standard,606875.44,False
5593,POL00005593,6,93,3,CUST0000010,2024-08-03,2025-07-31,Expired,Standard,634346.71,False
5594,POL00005594,2,6,2,CUST0000154,2024-04-22,2025-03-31,Expired,Standard,586966.06,False
5595,POL00005595,1,14,2,CUST0000886,2025-02-05,2026-01-31,Expired,Standard,538567.23,False
5596,POL00005596,9,85,4,CUST0003983,2025-07-30,2026-06-30,Active,Basic,5328948.85,False
5597,POL00005597,5,109,1,CUST0003102,2024-07-13,2025-06-30,Expired,Basic,544063.47,False
5598,POL00005598,4,40,3,CUST0000014,2024-02-24,2025-01-31,Cancelled,Premium,1659890.39,True
5599,POL00005599,8,58,2,CUST0003568,2025-07-20,2026-06-30,Active,Basic,5430177.09,False
5600,POL00005600,6,56,3,CUST0001321,2023-09-07,2024-08-31,Expired,Premium,614807.14,False
5601,POL00005601,6,49,2,CUST0003979,2024-04-30,2025-03-31,Expired,Basic,1036456.81,False
5602,POL00005602,5,32,1,CUST0002810,2025-09-03,2026-08-31,Active,Standard,554909.97,False
5603,POL00005603,4,21,1,CUST0002105,2023-08-02,2024-07-31,Cancelled,Basic,889777.38,True
5604,POL00005604,1,64,2,CUST0003079,2025-02-02,2026-01-31,Expired,Basic,699197.15,False
5605,POL00005605,1,49,2,CUST0001948,2025-12-02,2026-11-30,Active,Basic,577086.87,False
5606,POL00005606,1,18,1,CUST0003712,2025-11-13,2026-10-31,Active,Premium,793479.71,False
5607,POL00005607,9,36,1,CUST0003541,2025-10-12,2026-09-30,Active,Standard,10007328.26,False
5608,POL00005608,1,112,1,CUST0001091,2025-05-19,2026-04-30,Expired,Standard,636641.66,False
5609,POL00005609,9,4,4,CUST0002907,2024-11-07,2025-10-31,Expired,Basic,8102609.79,False
5610,POL00005610,5,112,4,CUST0001769,2024-09-02,2025-08-31,Expired,Standard,666958.93,False
5611,POL00005611,7,84,1,CUST0000811,2024-03-09,2025-02-28,Expired,Premium,367684.49,False
5612,POL00005612,5,75,2,CUST0002351,2024-07-20,2026-06-30,Active,Basic,526436.78,False
5613,POL00005613,1,34,3,CUST0002795,2025-11-26,2026-10-31,Active,Standard,654042.82,False
5614,POL00005614,4,65,2,CUST0000372,2026-02-01,2027-01-31,Cancelled,Basic,1221255.76,True
5615,POL00005615,10,63,2,CUST0003292,2025-08-13,2026-07-31,Active,Basic,1523826.78,False
5616,POL00005616,3,51,3,CUST0000249,2024-05-04,2025-04-30,Cancelled,Premium,1467421.46,True
5617,POL00005617,5,86,3,CUST0000378,2024-03-18,2025-02-28,Expired,Premium,662402.87,False
5618,POL00005618,1,37,2,CUST0000981,2025-11-09,2027-10-31,Cancelled,Basic,467875.97,True
5619,POL00005619,8,48,2,CUST0001486,2024-02-08,2025-01-31,Expired,Basic,6814098.72,False
5620,POL00005620,5,84,2,CUST0001960,2025-03-29,2026-02-28,Cancelled,Standard,542675.93,True
5621,POL00005621,2,120,1,CUST0000874,2025-10-18,2027-09-30,Active,Basic,641837.12,False
5622,POL00005622,3,93,4,CUST0003493,2023-12-29,2024-11-30,Expired,Basic,1969192.03,False
5623,POL00005623,4,73,4,CUST0003444,2025-06-11,2026-05-31,Expired,Basic,1622003.79,False
5624,POL00005624,10,58,2,CUST0002486,2023-12-30,2024-11-30,Expired,Standard,2694135.28,False
5625,POL00005625,3,13,2,CUST0003701,2025-05-14,2026-04-30,Expired,Standard,1516214.55,False
5626,POL00005626,9,57,4,CUST0002491,2023-10-19,2024-09-30,Expired,Basic,5810440.4,False
5627,POL00005627,3,56,3,CUST0003328,2023-08-21,2024-07-31,Expired,Standard,1138690.42,False
5628,POL00005628,6,25,1,CUST0000039,2025-10-04,2027-09-30,Active,Standard,894363.72,False
5629,POL00005629,5,3,2,CUST0001729,2025-04-02,2026-03-31,Expired,Standard,456613.26,False
5630,POL00005630,6,96,3,CUST0001750,2023-12-02,2024-11-30,Expired,Standard,1107504.21,False
5631,POL00005631,2,100,2,CUST0003903,2025-09-14,2026-08-31,Active,Standard,630274.06,False
5632,POL00005632,5,53,3,CUST0000488,2024-04-21,2025-03-31,Cancelled,Standard,423204.05,True
5633,POL00005633,3,116,1,CUST0001640,2024-05-09,2025-04-30,Expired,Standard,2098887.97,False
5634,POL00005634,2,15,2,CUST0003255,2024-10-26,2025-09-30,Expired,Premium,589192.85,False
5635,POL00005635,8,26,1,CUST0002914,2024-04-05,2025-03-31,Expired,Standard,3561725.85,False
5636,POL00005636,9,61,4,CUST0001277,2024-10-13,2025-09-30,Expired,Standard,8298263.96,False
5637,POL00005637,7,81,2,CUST0001411,2024-08-13,2025-07-31,Expired,Standard,533409.76,False
5638,POL00005638,8,48,2,CUST0003719,2024-07-03,2025-06-30,Expired,Standard,6726994.9,False
5639,POL00005639,6,99,3,CUST0001101,2026-02-03,2027-01-31,Active,Basic,634007.77,False
5640,POL00005640,9,33,1,CUST0001533,2024-07-22,2025-06-30,Expired,Standard,5763123.74,False
5641,POL00005641,8,42,4,CUST0003524,2025-02-26,2026-01-31,Expired,Standard,4167151.26,False
5642,POL00005642,2,42,3,CUST0001605,2024-04-21,2025-03-31,Expired,Standard,539801.15,False
5643,POL00005643,6,58,1,CUST0002189,2023-09-28,2024-08-31,Expired,Basic,828502.88,False
5644,POL00005644,1,68,3,CUST0001967,2025-03-20,2026-02-28,Expired,Standard,893279.85,False
5645,POL00005645,2,21,2,CUST0002281,2025-04-07,2027-03-31,Active,Standard,691274.19,False
5646,POL00005646,6,12,3,CUST0001098,2025-08-24,2026-07-31,Active,Basic,713022.74,False
5647,POL00005647,1,88,3,CUST0000192,2024-11-11,2025-10-31,Expired,Basic,680173.01,False
5648,POL00005648,6,111,3,CUST0002340,2025-07-21,2026-06-30,Active,Standard,825796.02,False
5649,POL00005649,9,115,3,CUST0002579,2025-02-14,2026-01-31,Expired,Standard,9798375.77,False
5650,POL00005650,6,75,1,CUST0002152,2025-12-26,2026-11-30,Cancelled,Standard,1080105.75,True
5651,POL00005651,6,77,1,CUST0002681,2023-08-25,2024-07-31,Expired,Basic,582440.34,False
5652,POL00005652,1,42,1,CUST0003479,2023-08-13,2025-07-31,Expired,Basic,535008.05,False
5653,POL00005653,4,68,3,CUST0002445,2025-04-02,2026-03-31,Expired,Premium,1500969.2,False
5654,POL00005654,2,7,2,CUST0000897,2025-08-04,2026-07-31,Active,Standard,716658.2,False
5655,POL00005655,1,48,4,CUST0001410,2024-05-10,2026-04-30,Expired,Standard,879169.21,False
5656,POL00005656,7,34,2,CUST0001680,2025-08-11,2026-07-31,Active,Standard,329455.38,False
5657,POL00005657,6,49,3,CUST0003730,2023-11-14,2024-10-31,Expired,Basic,910052.59,False
5658,POL00005658,1,120,2,CUST0003698,2025-06-20,2027-05-31,Cancelled,Premium,563538.35,True
5659,POL00005659,6,7,2,CUST0002980,2024-02-05,2025-01-31,Expired,Standard,781098.68,False
5660,POL00005660,4,116,3,CUST0000700,2025-04-30,2027-03-31,Active,Basic,1351800.1,False
5661,POL00005661,2,62,1,CUST0000080,2024-05-05,2025-04-30,Expired,Standard,453899.3,False
5662,POL00005662,1,18,2,CUST0000452,2023-12-29,2024-11-30,Expired,Premium,459967.28,False
5663,POL00005663,1,75,3,CUST0000397,2024-10-28,2025-09-30,Expired,Standard,680081.52,False
5664,POL00005664,6,66,1,CUST0003733,2024-06-28,2025-05-31,Expired,Basic,932518.95,False
5665,POL00005665,7,32,3,CUST0000698,2024-02-04,2025-01-31,Expired,Basic,350982.99,False
5666,POL00005666,6,64,1,CUST0000203,2023-09-05,2024-08-31,Expired,Standard,886471.41,False
5667,POL00005667,7,80,1,CUST0001076,2024-05-23,2025-04-30,Expired,Standard,511506.04,False
5668,POL00005668,1,66,2,CUST0001585,2025-12-02,2026-11-30,Active,Standard,745673.89,False
5669,POL00005669,1,120,3,CUST0003134,2025-06-10,2026-05-31,Expired,Premium,689535.06,False
5670,POL00005670,6,104,2,CUST0000121,2024-09-15,2026-08-31,Active,Standard,752884.48,False
5671,POL00005671,1,11,1,CUST0000634,2025-08-22,2026-07-31,Active,Standard,734367.99,False
5672,POL00005672,8,92,2,CUST0001201,2024-08-15,2025-07-31,Expired,Premium,4736843.82,False
5673,POL00005673,1,5,3,CUST0001705,2025-07-07,2026-06-30,Active,Premium,702756.73,False
5674,POL00005674,1,74,1,CUST0000506,2024-11-05,2025-10-31,Expired,Standard,909649.06,False
5675,POL00005675,5,32,1,CUST0003522,2025-05-08,2026-04-30,Expired,Standard,435950.71,False
5676,POL00005676,6,88,2,CUST0000380,2024-02-09,2025-01-31,Expired,Standard,969725.81,False
5677,POL00005677,1,35,2,CUST0003367,2024-05-24,2025-04-30,Expired,Standard,637596.17,False
5678,POL00005678,6,36,2,CUST0001744,2025-09-06,2026-08-31,Active,Standard,577793.91,False
5679,POL00005679,2,79,1,CUST0001323,2025-11-10,2026-10-31,Active,Standard,513012.98,False
5680,POL00005680,1,31,1,CUST0003656,2024-06-30,2025-05-31,Expired,Standard,771621.28,False
5681,POL00005681,2,52,2,CUST0002569,2023-08-26,2025-07-31,Expired,Basic,674413.65,False
5682,POL00005682,3,94,4,CUST0000905,2023-08-27,2024-07-31,Expired,Standard,1617113.28,False
5683,POL00005683,1,40,1,CUST0000248,2024-08-16,2026-07-31,Active,Standard,484231.02,False
5684,POL00005684,2,36,4,CUST0000773,2025-04-19,2026-03-31,Cancelled,Standard,584989.05,True
5685,POL00005685,1,88,1,CUST0002332,2024-05-06,2025-04-30,Expired,Standard,600715.55,False
5686,POL00005686,2,69,1,CUST0002360,2025-01-11,2025-12-31,Expired,Basic,486728.14,False
5687,POL00005687,2,23,2,CUST0000911,2025-07-06,2026-06-30,Active,Premium,454405.47,False
5688,POL00005688,2,61,3,CUST0003524,2024-07-27,2025-06-30,Expired,Standard,581852.3,False
5689,POL00005689,6,99,4,CUST0003681,2025-05-25,2026-04-30,Expired,Standard,571000.9,False
5690,POL00005690,5,63,3,CUST0003227,2024-01-31,2024-12-31,Expired,Standard,386903.94,False
5691,POL00005691,3,73,3,CUST0000411,2024-05-29,2025-04-30,Expired,Standard,1298974.94,False
5692,POL00005692,4,53,1,CUST0001725,2026-02-06,2027-01-31,Active,Standard,1251373.6,False
5693,POL00005693,3,33,1,CUST0003901,2024-06-06,2025-05-31,Expired,Basic,1225756.94,False
5694,POL00005694,9,61,1,CUST0002924,2025-05-25,2026-04-30,Expired,Standard,5818846.79,False
5695,POL00005695,5,30,1,CUST0001509,2025-08-19,2026-07-31,Active,Basic,460985.0,False
5696,POL00005696,3,85,3,CUST0001654,2023-11-13,2024-10-31,Expired,Standard,1975764.25,False
5697,POL00005697,6,1,1,CUST0002663,2023-08-06,2024-07-31,Expired,Premium,938262.61,False
5698,POL00005698,1,25,2,CUST0001986,2024-07-02,2026-06-30,Active,Premium,799237.83,False
5699,POL00005699,5,24,2,CUST0003230,2025-01-16,2025-12-31,Expired,Basic,670316.78,False
5700,POL00005700,3,68,1,CUST0001105,2026-02-15,2027-01-31,Active,Basic,1322187.08,False
5701,POL00005701,2,42,4,CUST0002483,2025-01-18,2025-12-31,Expired,Standard,753883.49,False
5702,POL00005702,5,113,2,CUST0003287,2025-02-09,2026-01-31,Expired,Basic,439390.44,False
5703,POL00005703,1,101,4,CUST0000009,2023-07-02,2024-06-30,Expired,Standard,838911.61,False
5704,POL00005704,5,99,3,CUST0003215,2024-04-19,2025-03-31,Expired,Basic,433318.58,False
5705,POL00005705,9,77,3,CUST0001111,2024-09-14,2025-08-31,Expired,Premium,10115378.57,False
5706,POL00005706,5,86,1,CUST0000343,2024-10-31,2025-09-30,Expired,Premium,654883.85,False
5707,POL00005707,2,29,2,CUST0001634,2024-04-28,2025-03-31,Expired,Standard,726228.01,False
5708,POL00005708,5,63,4,CUST0002703,2025-07-17,2026-06-30,Active,Basic,388673.75,False
5709,POL00005709,3,58,3,CUST0000850,2024-01-01,2024-12-31,Expired,Premium,1243237.42,False
5710,POL00005710,5,5,2,CUST0000011,2024-05-23,2025-04-30,Expired,Standard,584784.64,False
5711,POL00005711,1,58,1,CUST0003950,2024-09-24,2025-08-31,Expired,Standard,649130.95,False
5712,POL00005712,5,102,4,CUST0001829,2024-05-28,2025-04-30,Expired,Basic,410202.8,False
5713,POL00005713,1,95,3,CUST0002633,2024-06-05,2025-05-31,Expired,Standard,861552.24,False
5714,POL00005714,2,99,1,CUST0003973,2024-02-03,2025-01-31,Expired,Basic,615357.12,False
5715,POL00005715,1,85,2,CUST0000239,2023-09-27,2024-08-31,Expired,Standard,508001.23,False
5716,POL00005716,2,120,4,CUST0002706,2024-10-02,2025-09-30,Expired,Standard,457650.69,False
5717,POL00005717,1,94,4,CUST0003112,2026-02-28,2027-01-31,Active,Standard,551440.98,False
5718,POL00005718,3,73,2,CUST0003206,2025-07-23,2027-06-30,Active,Standard,1613356.41,False
5719,POL00005719,1,64,2,CUST0003128,2023-08-24,2024-07-31,Expired,Standard,776878.21,False
5720,POL00005720,5,10,3,CUST0003286,2025-11-22,2026-10-31,Active,Premium,426959.1,False
5721,POL00005721,1,5,2,CUST0002546,2026-01-27,2026-12-31,Active,Premium,633886.14,False
5722,POL00005722,4,18,1,CUST0001703,2026-02-23,2027-01-31,Active,Standard,842963.26,False
5723,POL00005723,4,12,4,CUST0003378,2024-07-23,2026-06-30,Active,Basic,1324998.24,False
5724,POL00005724,6,100,3,CUST0001044,2023-11-11,2025-10-31,Expired,Standard,1055438.55,False
5725,POL00005725,2,107,2,CUST0000898,2025-05-04,2027-04-30,Active,Standard,439590.73,False
5726,POL00005726,1,8,2,CUST0002183,2025-09-15,2026-08-31,Active,Standard,860529.99,False
5727,POL00005727,1,106,2,CUST0003728,2025-08-08,2026-07-31,Active,Standard,510245.39,False
5728,POL00005728,6,19,1,CUST0001352,2024-10-11,2025-09-30,Expired,Standard,759929.44,False
5729,POL00005729,1,27,2,CUST0003039,2023-10-18,2024-09-30,Expired,Standard,521643.94,False
5730,POL00005730,3,74,2,CUST0000596,2025-09-27,2027-08-31,Active,Standard,1149101.49,False
5731,POL00005731,5,99,1,CUST0000746,2025-06-21,2026-05-31,Expired,Standard,488602.58,False
5732,POL00005732,6,5,4,CUST0001507,2023-08-09,2024-07-31,Expired,Standard,973595.6,False
5733,POL00005733,5,32,2,CUST0000149,2024-01-07,2024-12-31,Expired,Standard,394849.28,False
5734,POL00005734,6,43,1,CUST0003534,2023-09-19,2024-08-31,Expired,Standard,761160.74,False
5735,POL00005735,9,101,2,CUST0000726,2023-10-08,2025-09-30,Expired,Standard,5924948.82,False
5736,POL00005736,9,103,2,CUST0000579,2023-09-30,2024-08-31,Expired,Standard,8518951.39,False
5737,POL00005737,1,83,4,CUST0001066,2025-05-18,2026-04-30,Expired,Premium,671581.92,False
5738,POL00005738,1,119,1,CUST0002074,2024-01-30,2024-12-31,Expired,Standard,573750.93,False
5739,POL00005739,1,72,1,CUST0003299,2023-09-19,2024-08-31,Expired,Premium,528261.42,False
5740,POL00005740,9,1,3,CUST0001069,2024-06-16,2025-05-31,Expired,Standard,8359170.94,False
5741,POL00005741,5,94,4,CUST0003883,2024-09-26,2025-08-31,Expired,Standard,696347.8,False
5742,POL00005742,1,2,3,CUST0002936,2025-04-15,2026-03-31,Expired,Basic,762167.72,False
5743,POL00005743,5,101,1,CUST0000676,2024-01-24,2024-12-31,Expired,Standard,511662.46,False
5744,POL00005744,2,83,1,CUST0002382,2025-06-15,2026-05-31,Expired,Standard,679187.2,False
5745,POL00005745,9,32,2,CUST0003635,2024-12-11,2026-11-30,Active,Standard,8280407.51,False
5746,POL00005746,8,50,1,CUST0000142,2026-02-01,2027-01-31,Active,Standard,5893889.82,False
5747,POL00005747,1,89,2,CUST0002761,2024-11-21,2025-10-31,Expired,Standard,500807.15,False
5748,POL00005748,4,52,1,CUST0001432,2025-06-18,2026-05-31,Expired,Standard,1631503.1,False
5749,POL00005749,4,27,3,CUST0001606,2023-10-02,2024-09-30,Expired,Standard,1577179.91,False
5750,POL00005750,1,86,3,CUST0002977,2026-02-08,2027-01-31,Active,Standard,598286.43,False
5751,POL00005751,1,25,4,CUST0002891,2026-01-14,2026-12-31,Active,Premium,707915.2,False
5752,POL00005752,9,90,3,CUST0001350,2024-06-08,2025-05-31,Expired,Basic,5362998.49,False
5753,POL00005753,3,5,2,CUST0001087,2023-10-01,2024-09-30,Expired,Standard,1647781.55,False
5754,POL00005754,1,118,1,CUST0002509,2025-11-25,2026-10-31,Active,Basic,591781.08,False
5755,POL00005755,1,8,3,CUST0001003,2024-05-13,2025-04-30,Expired,Standard,480821.24,False
5756,POL00005756,7,29,3,CUST0001885,2025-12-12,2026-11-30,Active,Basic,325140.38,False
5757,POL00005757,8,78,2,CUST0002073,2026-02-25,2027-01-31,Active,Standard,3560728.82,False
5758,POL00005758,4,109,1,CUST0000840,2025-09-09,2026-08-31,Active,Basic,1075398.83,False
5759,POL00005759,8,70,3,CUST0002687,2024-05-14,2025-04-30,Expired,Standard,3508287.95,False
5760,POL00005760,1,120,1,CUST0001205,2023-11-04,2025-10-31,Expired,Standard,679890.08,False
5761,POL00005761,2,32,2,CUST0000225,2024-05-13,2025-04-30,Expired,Standard,767516.73,False
5762,POL00005762,1,22,2,CUST0003928,2025-05-20,2026-04-30,Expired,Standard,904278.59,False
5763,POL00005763,2,61,3,CUST0003729,2025-10-20,2026-09-30,Active,Basic,484656.71,False
5764,POL00005764,7,96,1,CUST0001517,2025-08-19,2026-07-31,Active,Standard,557788.27,False
5765,POL00005765,2,71,1,CUST0001087,2024-11-19,2026-10-31,Active,Premium,545441.79,False
5766,POL00005766,4,69,4,CUST0002273,2025-10-18,2026-09-30,Active,Basic,1068920.52,False
5767,POL00005767,2,105,2,CUST0001465,2025-09-21,2026-08-31,Active,Basic,758470.08,False
5768,POL00005768,1,36,4,CUST0003562,2025-07-23,2026-06-30,Active,Standard,464874.39,False
5769,POL00005769,10,20,2,CUST0002354,2024-10-10,2025-09-30,Cancelled,Basic,1849569.18,True
5770,POL00005770,4,111,2,CUST0001805,2025-08-25,2026-07-31,Active,Standard,1157979.97,False
5771,POL00005771,5,100,2,CUST0002818,2025-08-25,2026-07-31,Active,Basic,439584.7,False
5772,POL00005772,7,111,4,CUST0002978,2024-07-11,2026-06-30,Active,Standard,389621.08,False
5773,POL00005773,8,55,4,CUST0003764,2025-06-26,2026-05-31,Expired,Basic,5186285.24,False
5774,POL00005774,5,88,2,CUST0001544,2024-07-31,2025-06-30,Expired,Standard,564737.08,False
5775,POL00005775,1,99,1,CUST0002038,2024-08-25,2025-07-31,Expired,Basic,588794.95,False
5776,POL00005776,6,2,3,CUST0002031,2025-10-16,2027-09-30,Active,Premium,666047.81,False
5777,POL00005777,1,11,2,CUST0002266,2026-02-20,2028-01-31,Active,Premium,561106.96,False
5778,POL00005778,1,72,3,CUST0000890,2026-01-22,2026-12-31,Active,Standard,528343.17,False
5779,POL00005779,4,103,2,CUST0002572,2023-11-18,2024-10-31,Expired,Standard,1111440.44,False
5780,POL00005780,3,66,1,CUST0001117,2025-04-12,2026-03-31,Expired,Basic,1145408.98,False
5781,POL00005781,6,42,2,CUST0003954,2024-03-07,2025-02-28,Expired,Standard,650100.83,False
5782,POL00005782,1,49,1,CUST0003915,2024-11-03,2025-10-31,Expired,Premium,548558.36,False
5783,POL00005783,1,38,1,CUST0000250,2025-05-25,2026-04-30,Expired,Basic,456934.39,False
5784,POL00005784,1,49,3,CUST0003806,2024-08-27,2026-07-31,Active,Standard,675132.98,False
5785,POL00005785,1,83,4,CUST0003442,2025-04-15,2026-03-31,Expired,Basic,796912.57,False
5786,POL00005786,8,49,4,CUST0001281,2026-02-05,2027-01-31,Active,Premium,5221820.54,False
5787,POL00005787,10,103,4,CUST0000967,2024-03-22,2025-02-28,Expired,Standard,1755182.89,False
5788,POL00005788,4,66,2,CUST0001177,2025-05-02,2026-04-30,Expired,Standard,1233159.36,False
5789,POL00005789,3,64,4,CUST0003194,2025-12-11,2026-11-30,Active,Basic,1808414.23,False
5790,POL00005790,1,21,4,CUST0002234,2023-07-29,2024-06-30,Expired,Standard,484071.4,False
5791,POL00005791,2,117,3,CUST0003473,2025-04-06,2026-03-31,Expired,Standard,529189.86,False
5792,POL00005792,1,10,3,CUST0003241,2025-12-07,2026-11-30,Active,Standard,464906.31,False
5793,POL00005793,4,30,2,CUST0001882,2024-09-03,2025-08-31,Expired,Basic,934915.78,False
5794,POL00005794,6,47,3,CUST0002048,2026-02-12,2027-01-31,Active,Basic,715601.35,False
5795,POL00005795,2,56,2,CUST0002742,2025-04-03,2027-03-31,Active,Standard,754847.79,False
5796,POL00005796,3,34,3,CUST0002261,2025-03-29,2026-02-28,Expired,Premium,1205986.77,False
5797,POL00005797,7,19,1,CUST0001667,2023-08-17,2024-07-31,Expired,Standard,320308.38,False
5798,POL00005798,3,76,2,CUST0002143,2023-10-30,2024-09-30,Expired,Standard,1913715.32,False
5799,POL00005799,8,100,2,CUST0000828,2023-11-24,2024-10-31,Expired,Premium,3634912.19,False
5800,POL00005800,1,60,2,CUST0003427,2024-09-15,2025-08-31,Expired,Standard,756846.24,False
5801,POL00005801,8,110,3,CUST0000551,2026-01-26,2026-12-31,Active,Basic,6483437.82,False
5802,POL00005802,7,7,2,CUST0002765,2025-07-14,2026-06-30,Active,Basic,452754.36,False
5803,POL00005803,9,120,1,CUST0001031,2024-02-07,2025-01-31,Expired,Basic,9858468.8,False
5804,POL00005804,1,93,4,CUST0002850,2025-02-23,2026-01-31,Expired,Premium,758821.08,False
5805,POL00005805,5,55,2,CUST0003694,2024-02-27,2025-01-31,Expired,Premium,423351.4,False
5806,POL00005806,1,15,3,CUST0001872,2024-06-19,2025-05-31,Expired,Standard,855728.56,False
5807,POL00005807,2,95,1,CUST0003831,2025-10-25,2026-09-30,Active,Basic,716923.59,False
5808,POL00005808,3,113,1,CUST0000109,2025-12-29,2026-11-30,Active,Standard,1647319.19,False
5809,POL00005809,1,72,1,CUST0000095,2026-02-04,2027-01-31,Active,Standard,486845.65,False
5810,POL00005810,10,72,4,CUST0001215,2025-04-03,2026-03-31,Expired,Basic,1816739.53,False
5811,POL00005811,9,14,3,CUST0000608,2025-08-02,2026-07-31,Active,Basic,9270252.81,False
5812,POL00005812,3,52,1,CUST0001447,2025-01-08,2025-12-31,Expired,Premium,1802522.26,False
5813,POL00005813,8,32,4,CUST0000923,2025-01-25,2025-12-31,Expired,Basic,6360695.82,False
5814,POL00005814,4,97,2,CUST0000691,2025-03-16,2026-02-28,Expired,Premium,897754.67,False
5815,POL00005815,9,73,2,CUST0000076,2024-09-02,2025-08-31,Expired,Standard,8392720.37,False
5816,POL00005816,2,53,1,CUST0001067,2025-07-20,2026-06-30,Active,Basic,690473.72,False
5817,POL00005817,1,8,3,CUST0002303,2024-11-11,2025-10-31,Expired,Standard,783263.65,False
5818,POL00005818,1,22,3,CUST0001665,2024-09-18,2025-08-31,Cancelled,Basic,794395.61,True
5819,POL00005819,1,54,1,CUST0001222,2023-12-18,2024-11-30,Expired,Standard,717760.63,False
5820,POL00005820,1,45,1,CUST0000632,2024-02-23,2026-01-31,Expired,Premium,824573.3,False
5821,POL00005821,1,120,3,CUST0000099,2024-10-13,2025-09-30,Expired,Standard,730177.38,False
5822,POL00005822,8,37,1,CUST0001406,2023-07-26,2024-06-30,Expired,Standard,5534499.45,False
5823,POL00005823,4,113,1,CUST0000130,2023-08-08,2024-07-31,Expired,Premium,1474757.33,False
5824,POL00005824,1,72,4,CUST0000775,2023-08-22,2025-07-31,Expired,Premium,583773.52,False
5825,POL00005825,1,91,3,CUST0001952,2024-08-16,2025-07-31,Expired,Standard,606116.66,False
5826,POL00005826,5,41,1,CUST0002800,2025-12-20,2026-11-30,Active,Standard,527360.24,False
5827,POL00005827,8,97,2,CUST0001133,2025-08-06,2026-07-31,Active,Basic,3596961.49,False
5828,POL00005828,1,61,2,CUST0003097,2024-04-06,2025-03-31,Expired,Standard,673515.78,False
5829,POL00005829,10,117,1,CUST0002922,2023-09-21,2024-08-31,Expired,Basic,2053437.37,False
5830,POL00005830,7,69,4,CUST0000956,2025-04-03,2026-03-31,Expired,Premium,327140.38,False
5831,POL00005831,6,31,1,CUST0003078,2023-12-24,2024-11-30,Expired,Standard,828072.33,False
5832,POL00005832,3,86,1,CUST0003373,2025-05-26,2026-04-30,Expired,Standard,1809759.69,False
5833,POL00005833,4,80,3,CUST0002643,2023-07-28,2024-06-30,Expired,Standard,1406768.28,False
5834,POL00005834,1,26,3,CUST0003763,2025-11-11,2026-10-31,Active,Premium,827606.92,False
5835,POL00005835,6,78,2,CUST0001365,2024-10-22,2025-09-30,Expired,Standard,954100.31,False
5836,POL00005836,4,105,1,CUST0000100,2024-09-26,2025-08-31,Expired,Basic,1128357.15,False
5837,POL00005837,5,119,2,CUST0003194,2023-12-11,2024-11-30,Expired,Standard,656049.0,False
5838,POL00005838,4,10,1,CUST0000732,2023-12-28,2024-11-30,Expired,Standard,1615734.75,False
5839,POL00005839,6,11,1,CUST0003442,2025-03-11,2026-02-28,Expired,Standard,1090667.63,False
5840,POL00005840,6,56,2,CUST0003150,2025-09-03,2026-08-31,Cancelled,Standard,866878.77,True
5841,POL00005841,1,24,3,CUST0001912,2025-10-10,2026-09-30,Active,Standard,845565.38,False
5842,POL00005842,1,120,1,CUST0000218,2023-07-05,2024-06-30,Expired,Basic,768471.13,False
5843,POL00005843,1,24,1,CUST0002068,2025-01-31,2025-12-31,Expired,Standard,616065.02,False
5844,POL00005844,8,112,2,CUST0003854,2024-11-11,2025-10-31,Expired,Standard,6630821.55,False
5845,POL00005845,5,98,4,CUST0002418,2024-11-29,2026-10-31,Active,Premium,697009.41,False
5846,POL00005846,5,37,1,CUST0003416,2024-11-29,2025-10-31,Expired,Standard,413610.06,False
5847,POL00005847,3,58,1,CUST0000581,2026-01-27,2026-12-31,Active,Basic,1453636.28,False
5848,POL00005848,5,112,1,CUST0003533,2024-05-04,2025-04-30,Expired,Standard,598741.94,False
5849,POL00005849,5,118,1,CUST0002855,2024-02-29,2025-01-31,Expired,Basic,586382.33,False
5850,POL00005850,10,107,3,CUST0000811,2023-11-22,2024-10-31,Expired,Basic,1719661.23,False
5851,POL00005851,1,56,3,CUST0002660,2026-01-13,2026-12-31,Active,Standard,842447.76,False
5852,POL00005852,5,35,4,CUST0003756,2025-04-08,2026-03-31,Expired,Premium,672337.91,False
5853,POL00005853,1,29,1,CUST0001582,2023-12-28,2024-11-30,Expired,Basic,818831.75,False
5854,POL00005854,9,30,2,CUST0001691,2023-07-23,2025-06-30,Expired,Basic,7526257.86,False
5855,POL00005855,5,61,2,CUST0003089,2026-01-17,2027-12-31,Cancelled,Basic,543770.39,True
5856,POL00005856,1,115,2,CUST0000925,2024-04-11,2026-03-31,Expired,Standard,465444.11,False
5857,POL00005857,5,64,2,CUST0003870,2025-01-02,2025-12-31,Expired,Basic,642314.86,False
5858,POL00005858,1,87,2,CUST0001746,2024-06-18,2025-05-31,Expired,Standard,760073.24,False
5859,POL00005859,5,119,4,CUST0001854,2025-06-23,2026-05-31,Expired,Standard,382556.96,False
5860,POL00005860,10,48,1,CUST0002819,2025-08-25,2026-07-31,Cancelled,Basic,1545452.88,True
5861,POL00005861,2,5,4,CUST0003580,2025-02-25,2026-01-31,Expired,Premium,450974.34,False
5862,POL00005862,7,33,2,CUST0000907,2025-10-04,2026-09-30,Active,Standard,307096.48,False
5863,POL00005863,8,56,3,CUST0000642,2023-07-05,2024-06-30,Expired,Premium,3984924.23,False
5864,POL00005864,6,41,1,CUST0001253,2024-04-30,2025-03-31,Expired,Standard,821752.03,False
5865,POL00005865,4,118,4,CUST0000921,2025-04-05,2026-03-31,Expired,Standard,1212938.38,False
5866,POL00005866,3,83,2,CUST0000642,2023-10-22,2024-09-30,Expired,Premium,1139681.29,False
5867,POL00005867,8,23,1,CUST0000817,2025-06-26,2026-05-31,Expired,Premium,5097991.78,False
5868,POL00005868,4,3,2,CUST0002978,2026-02-13,2027-01-31,Active,Standard,1346193.46,False
5869,POL00005869,4,39,4,CUST0003440,2024-03-20,2025-02-28,Expired,Standard,1206324.09,False
5870,POL00005870,1,120,3,CUST0001482,2025-02-27,2026-01-31,Expired,Basic,860885.37,False
5871,POL00005871,3,17,1,CUST0000441,2024-02-25,2025-01-31,Expired,Standard,1311393.53,False
5872,POL00005872,1,70,4,CUST0000198,2023-10-12,2024-09-30,Expired,Basic,809272.92,False
5873,POL00005873,9,94,3,CUST0001472,2025-10-10,2026-09-30,Active,Basic,8552421.92,False
5874,POL00005874,7,118,3,CUST0000444,2025-04-06,2026-03-31,Expired,Premium,478633.96,False
5875,POL00005875,1,80,3,CUST0000082,2024-07-28,2025-06-30,Expired,Premium,800700.25,False
5876,POL00005876,1,3,2,CUST0002739,2023-12-19,2024-11-30,Expired,Standard,814251.58,False
5877,POL00005877,1,93,3,CUST0002157,2025-08-27,2026-07-31,Active,Standard,534912.01,False
5878,POL00005878,9,59,1,CUST0003637,2025-09-04,2026-08-31,Active,Basic,8976811.13,False
5879,POL00005879,10,37,2,CUST0003365,2025-12-18,2026-11-30,Active,Standard,2354807.94,False
5880,POL00005880,6,114,4,CUST0001139,2025-04-28,2026-03-31,Expired,Standard,800710.05,False
5881,POL00005881,8,96,3,CUST0001034,2026-01-06,2026-12-31,Active,Basic,6917290.72,False
5882,POL00005882,9,52,2,CUST0001151,2024-06-05,2025-05-31,Expired,Standard,7561156.83,False
5883,POL00005883,3,7,4,CUST0000663,2023-11-27,2024-10-31,Cancelled,Standard,1908904.12,True
5884,POL00005884,10,81,3,CUST0002037,2025-04-20,2026-03-31,Expired,Basic,2053100.09,False
5885,POL00005885,3,53,4,CUST0002295,2023-12-30,2024-11-30,Expired,Standard,1385305.19,False
5886,POL00005886,5,65,2,CUST0001683,2024-08-01,2025-07-31,Expired,Standard,575925.14,False
5887,POL00005887,3,59,1,CUST0001616,2025-05-14,2026-04-30,Expired,Premium,1987985.46,False
5888,POL00005888,4,88,3,CUST0001441,2024-08-15,2025-07-31,Expired,Standard,1255920.2,False
5889,POL00005889,8,68,2,CUST0000605,2024-07-02,2025-06-30,Expired,Basic,4738333.18,False
5890,POL00005890,4,90,2,CUST0002627,2025-01-04,2026-12-31,Active,Standard,1006669.11,False
5891,POL00005891,3,43,1,CUST0003055,2026-02-22,2027-01-31,Active,Standard,1573266.09,False
5892,POL00005892,1,63,1,CUST0001505,2024-10-27,2025-09-30,Expired,Premium,495211.69,False
5893,POL00005893,6,42,1,CUST0003863,2024-11-10,2025-10-31,Expired,Standard,822924.64,False
5894,POL00005894,3,37,1,CUST0002737,2025-11-17,2026-10-31,Active,Basic,1357610.35,False
5895,POL00005895,3,10,1,CUST0002634,2023-11-06,2024-10-31,Expired,Standard,1762283.57,False
5896,POL00005896,3,34,3,CUST0001441,2024-09-12,2026-08-31,Active,Standard,1572799.88,False
5897,POL00005897,3,25,1,CUST0000722,2023-09-14,2024-08-31,Expired,Premium,1474172.81,False
5898,POL00005898,6,114,2,CUST0003675,2024-03-28,2026-02-28,Expired,Standard,994895.28,False
5899,POL00005899,5,60,2,CUST0001667,2023-11-08,2025-10-31,Expired,Basic,481175.68,False
5900,POL00005900,1,48,1,CUST0003598,2024-03-15,2025-02-28,Expired,Premium,679776.03,False
5901,POL00005901,2,42,1,CUST0001507,2026-02-23,2027-01-31,Active,Premium,471219.26,False
5902,POL00005902,6,111,2,CUST0003796,2023-12-04,2024-11-30,Expired,Basic,967621.84,False
5903,POL00005903,6,47,1,CUST0001295,2024-06-27,2025-05-31,Expired,Standard,1035023.01,False
5904,POL00005904,1,4,1,CUST0003778,2024-01-21,2024-12-31,Expired,Basic,498916.53,False
5905,POL00005905,6,63,2,CUST0000892,2025-06-16,2026-05-31,Expired,Standard,678897.8,False
5906,POL00005906,1,35,3,CUST0002330,2025-09-16,2026-08-31,Active,Basic,824863.16,False
5907,POL00005907,6,67,1,CUST0002731,2025-11-10,2026-10-31,Active,Standard,1004022.29,False
5908,POL00005908,1,20,4,CUST0003752,2025-04-25,2026-03-31,Expired,Standard,657916.61,False
5909,POL00005909,1,38,1,CUST0003814,2025-10-13,2026-09-30,Active,Basic,716672.25,False
5910,POL00005910,1,92,3,CUST0000700,2023-10-23,2024-09-30,Expired,Standard,901358.9,False
5911,POL00005911,6,78,1,CUST0001915,2026-01-28,2026-12-31,Active,Premium,987185.21,False
5912,POL00005912,1,88,1,CUST0003463,2024-01-12,2024-12-31,Expired,Standard,865913.91,False
5913,POL00005913,2,71,2,CUST0003535,2024-02-16,2025-01-31,Expired,Standard,429067.35,False
5914,POL00005914,2,73,2,CUST0002041,2023-09-11,2024-08-31,Expired,Standard,554951.2,False
5915,POL00005915,3,60,1,CUST0002902,2025-07-21,2027-06-30,Active,Standard,1939264.82,False
5916,POL00005916,2,86,3,CUST0003669,2023-09-19,2024-08-31,Expired,Premium,421692.28,False
5917,POL00005917,9,87,4,CUST0002430,2025-06-14,2026-05-31,Expired,Standard,6059191.75,False
5918,POL00005918,1,36,2,CUST0002981,2024-11-26,2025-10-31,Expired,Standard,725650.73,False
5919,POL00005919,3,18,3,CUST0002418,2023-11-25,2024-10-31,Expired,Premium,2050774.05,False
5920,POL00005920,4,76,3,CUST0001718,2024-05-22,2025-04-30,Cancelled,Basic,1656618.84,True
5921,POL00005921,6,13,3,CUST0003769,2025-10-01,2026-09-30,Active,Standard,630091.46,False
5922,POL00005922,4,23,1,CUST0002638,2023-11-29,2024-10-31,Expired,Standard,1010257.6,False
5923,POL00005923,9,18,4,CUST0001172,2024-05-01,2025-04-30,Expired,Standard,7156742.54,False
5924,POL00005924,6,112,3,CUST0003812,2025-06-21,2026-05-31,Expired,Standard,1061599.55,False
5925,POL00005925,1,24,1,CUST0000979,2025-10-15,2026-09-30,Active,Basic,833836.62,False
5926,POL00005926,1,26,4,CUST0003221,2024-01-12,2024-12-31,Expired,Standard,579880.83,False
5927,POL00005927,10,33,2,CUST0002449,2025-03-13,2026-02-28,Expired,Standard,2000992.95,False
5928,POL00005928,7,76,3,CUST0000046,2025-09-07,2026-08-31,Active,Standard,526868.57,False
5929,POL00005929,6,69,2,CUST0003677,2025-06-20,2026-05-31,Expired,Basic,783857.9,False
5930,POL00005930,2,62,3,CUST0000497,2024-06-24,2025-05-31,Expired,Standard,580920.54,False
5931,POL00005931,1,63,2,CUST0003573,2025-07-11,2026-06-30,Active,Basic,798148.57,False
5932,POL00005932,9,24,1,CUST0004000,2024-01-05,2024-12-31,Expired,Standard,5681478.44,False
5933,POL00005933,1,105,1,CUST0003085,2024-08-01,2025-07-31,Expired,Standard,498600.56,False
5934,POL00005934,6,82,1,CUST0003168,2024-07-31,2025-06-30,Expired,Premium,944843.6,False
5935,POL00005935,4,40,2,CUST0000835,2024-12-31,2025-11-30,Expired,Premium,937801.79,False
5936,POL00005936,5,50,3,CUST0000710,2025-12-05,2026-11-30,Active,Basic,370684.28,False
5937,POL00005937,5,4,3,CUST0000342,2024-04-28,2025-03-31,Expired,Standard,571156.36,False
5938,POL00005938,6,23,1,CUST0003239,2024-11-30,2026-10-31,Active,Premium,955006.8,False
5939,POL00005939,8,75,2,CUST0001118,2025-10-20,2026-09-30,Active,Premium,6818269.58,False
5940,POL00005940,3,15,4,CUST0002194,2023-11-22,2024-10-31,Expired,Standard,1573103.76,False
5941,POL00005941,6,63,2,CUST0002722,2025-03-11,2026-02-28,Expired,Basic,919606.89,False
5942,POL00005942,6,100,1,CUST0003377,2024-05-23,2025-04-30,Expired,Premium,662211.42,False
5943,POL00005943,3,101,4,CUST0003534,2024-01-20,2024-12-31,Expired,Standard,1532192.29,False
5944,POL00005944,7,50,3,CUST0001494,2023-08-16,2024-07-31,Expired,Standard,294012.99,False
5945,POL00005945,2,90,2,CUST0000883,2025-02-01,2026-01-31,Expired,Premium,401749.78,False
5946,POL00005946,1,61,3,CUST0000964,2024-03-16,2026-02-28,Expired,Premium,456881.31,False
5947,POL00005947,7,115,1,CUST0002707,2024-01-13,2024-12-31,Expired,Standard,486298.27,False
5948,POL00005948,1,51,4,CUST0002591,2025-11-01,2026-10-31,Active,Standard,723396.53,False
5949,POL00005949,1,14,4,CUST0001992,2025-09-18,2026-08-31,Active,Basic,583245.75,False
5950,POL00005950,5,19,2,CUST0000411,2025-02-22,2026-01-31,Expired,Standard,441483.65,False
5951,POL00005951,1,109,2,CUST0001551,2024-02-06,2025-01-31,Expired,Premium,540014.29,False
5952,POL00005952,6,35,1,CUST0001922,2024-10-16,2025-09-30,Cancelled,Premium,819186.51,True
5953,POL00005953,6,71,4,CUST0003225,2025-11-01,2026-10-31,Active,Standard,858123.06,False
5954,POL00005954,2,94,2,CUST0002432,2025-09-09,2026-08-31,Active,Basic,624333.84,False
5955,POL00005955,1,29,3,CUST0002950,2024-01-06,2024-12-31,Expired,Standard,748683.99,False
5956,POL00005956,1,102,3,CUST0001641,2024-08-24,2025-07-31,Expired,Standard,527721.54,False
5957,POL00005957,3,108,2,CUST0001428,2023-11-01,2024-10-31,Expired,Standard,1175897.3,False
5958,POL00005958,2,85,1,CUST0002098,2025-10-21,2026-09-30,Active,Premium,444981.78,False
5959,POL00005959,3,85,1,CUST0002159,2023-08-17,2024-07-31,Expired,Standard,1489683.86,False
5960,POL00005960,2,57,1,CUST0002362,2025-06-12,2026-05-31,Expired,Basic,552200.75,False
5961,POL00005961,4,88,3,CUST0001787,2024-01-08,2024-12-31,Expired,Basic,1670852.09,False
5962,POL00005962,3,72,1,CUST0003443,2026-01-05,2026-12-31,Active,Basic,1073675.31,False
5963,POL00005963,6,106,1,CUST0001024,2025-02-05,2026-01-31,Expired,Standard,695043.16,False
5964,POL00005964,1,99,3,CUST0003344,2025-03-18,2026-02-28,Cancelled,Standard,842923.27,True
5965,POL00005965,8,17,3,CUST0001101,2023-10-14,2024-09-30,Expired,Basic,6304911.8,False
5966,POL00005966,6,51,1,CUST0000042,2025-03-13,2026-02-28,Expired,Standard,902621.31,False
5967,POL00005967,10,3,2,CUST0001665,2025-10-06,2026-09-30,Active,Standard,2743271.09,False
5968,POL00005968,1,85,4,CUST0003063,2026-02-07,2027-01-31,Active,Standard,505003.43,False
5969,POL00005969,5,53,1,CUST0000444,2025-01-26,2025-12-31,Expired,Premium,493912.21,False
5970,POL00005970,1,53,1,CUST0000325,2024-06-12,2025-05-31,Expired,Standard,880815.18,False
5971,POL00005971,1,27,1,CUST0001002,2025-07-02,2026-06-30,Active,Standard,741189.07,False
5972,POL00005972,1,35,4,CUST0003438,2025-03-18,2026-02-28,Expired,Standard,777968.0,False
5973,POL00005973,1,21,4,CUST0003331,2026-01-17,2026-12-31,Active,Standard,660061.37,False
5974,POL00005974,5,53,2,CUST0000738,2025-03-19,2026-02-28,Expired,Standard,673055.8,False
5975,POL00005975,1,32,3,CUST0000473,2024-04-29,2025-03-31,Expired,Standard,656681.84,False
5976,POL00005976,1,91,2,CUST0002115,2023-11-30,2024-10-31,Expired,Basic,781908.52,False
5977,POL00005977,2,18,1,CUST0003717,2024-03-13,2025-02-28,Expired,Standard,691866.91,False
5978,POL00005978,2,74,4,CUST0000326,2025-05-20,2026-04-30,Expired,Standard,763218.76,False
5979,POL00005979,7,30,4,CUST0003202,2025-09-10,2026-08-31,Active,Standard,359831.57,False
5980,POL00005980,1,58,4,CUST0002943,2026-02-22,2027-01-31,Active,Standard,847033.42,False
5981,POL00005981,2,22,3,CUST0002888,2024-03-26,2025-02-28,Expired,Basic,494752.63,False
5982,POL00005982,2,13,1,CUST0003132,2025-03-08,2026-02-28,Expired,Standard,659244.69,False
5983,POL00005983,2,38,3,CUST0002539,2025-03-16,2026-02-28,Cancelled,Standard,448774.26,True
5984,POL00005984,3,14,4,CUST0002873,2025-11-09,2026-10-31,Active,Premium,1486149.53,False
5985,POL00005985,10,84,2,CUST0003702,2025-02-11,2027-01-31,Active,Basic,1725440.77,False
5986,POL00005986,1,74,2,CUST0000786,2024-09-10,2025-08-31,Expired,Basic,699055.96,False
5987,POL00005987,2,12,4,CUST0000138,2023-09-02,2024-08-31,Expired,Standard,647020.44,False
5988,POL00005988,2,16,1,CUST0002334,2023-12-15,2025-11-30,Cancelled,Standard,663569.53,True
5989,POL00005989,3,88,2,CUST0003546,2024-09-14,2025-08-31,Expired,Standard,1587369.23,False
5990,POL00005990,4,22,2,CUST0002373,2024-08-12,2025-07-31,Expired,Standard,1140263.01,False
5991,POL00005991,3,2,2,CUST0001729,2024-10-16,2025-09-30,Expired,Basic,1569307.28,False
5992,POL00005992,6,15,4,CUST0002476,2024-11-06,2025-10-31,Expired,Standard,854163.28,False
5993,POL00005993,8,67,2,CUST0003308,2026-02-14,2027-01-31,Cancelled,Standard,4266986.85,True
5994,POL00005994,1,30,2,CUST0000991,2023-07-14,2025-06-30,Expired,Standard,616020.66,False
5995,POL00005995,1,83,3,CUST0002827,2023-07-22,2024-06-30,Cancelled,Standard,709591.55,True
5996,POL00005996,6,64,1,CUST0000969,2025-06-08,2026-05-31,Expired,Basic,1056097.18,False
5997,POL00005997,1,47,1,CUST0003153,2025-02-03,2026-01-31,Expired,Basic,666558.65,False
5998,POL00005998,1,37,2,CUST0003081,2025-01-11,2025-12-31,Expired,Premium,512278.2,False
5999,POL00005999,8,23,4,CUST0003538,2025-01-09,2025-12-31,Expired,Standard,4101609.88,False
6000,POL00006000,3,107,2,CUST0002285,2025-07-04,2027-06-30,Active,Premium,1228741.49,False
6001,POL00006001,5,102,2,CUST0001586,2024-05-12,2025-04-30,Expired,Standard,588206.05,False
6002,POL00006002,6,34,4,CUST0002778,2024-11-04,2025-10-31,Expired,Premium,987247.31,False
6003,POL00006003,2,74,3,CUST0000041,2025-04-16,2026-03-31,Expired,Standard,723948.35,False
6004,POL00006004,2,118,2,CUST0001324,2023-07-08,2024-06-30,Cancelled,Premium,596506.67,True
6005,POL00006005,1,62,1,CUST0000616,2024-12-28,2025-11-30,Expired,Standard,689645.59,False
6006,POL00006006,1,37,1,CUST0001500,2023-11-14,2024-10-31,Expired,Standard,472272.38,False
6007,POL00006007,1,108,1,CUST0001653,2024-06-13,2025-05-31,Expired,Standard,668103.16,False
6008,POL00006008,1,120,3,CUST0002987,2023-09-18,2024-08-31,Cancelled,Standard,586504.87,True
6009,POL00006009,2,15,2,CUST0003246,2023-08-08,2024-07-31,Expired,Premium,455309.02,False
6010,POL00006010,5,118,3,CUST0002890,2023-07-21,2024-06-30,Expired,Standard,554800.4,False
6011,POL00006011,1,52,1,CUST0003676,2024-10-01,2025-09-30,Expired,Standard,721530.25,False
6012,POL00006012,5,35,1,CUST0003271,2025-06-29,2026-05-31,Expired,Basic,596915.88,False
6013,POL00006013,3,52,1,CUST0001370,2024-12-27,2025-11-30,Expired,Standard,1432578.28,False
6014,POL00006014,2,47,1,CUST0001470,2023-10-17,2024-09-30,Expired,Standard,451428.81,False
6015,POL00006015,5,94,1,CUST0000032,2024-05-20,2025-04-30,Expired,Basic,468716.28,False
6016,POL00006016,3,55,3,CUST0002961,2024-06-20,2025-05-31,Expired,Premium,2009601.19,False
6017,POL00006017,1,72,4,CUST0003181,2023-12-07,2024-11-30,Expired,Standard,589094.94,False
6018,POL00006018,5,21,3,CUST0002455,2025-08-01,2026-07-31,Active,Standard,578804.41,False
6019,POL00006019,1,17,4,CUST0000769,2025-01-16,2025-12-31,Expired,Standard,753864.23,False
6020,POL00006020,1,96,1,CUST0000879,2024-05-21,2026-04-30,Expired,Standard,559335.7,False
6021,POL00006021,3,44,4,CUST0002764,2025-04-18,2026-03-31,Expired,Premium,1798706.79,False
6022,POL00006022,5,72,3,CUST0003438,2025-07-26,2026-06-30,Active,Basic,480978.88,False
6023,POL00006023,1,24,3,CUST0001269,2026-02-22,2027-01-31,Active,Standard,468614.47,False
6024,POL00006024,6,53,1,CUST0002639,2024-01-06,2024-12-31,Expired,Basic,654267.17,False
6025,POL00006025,1,66,2,CUST0001353,2023-12-30,2024-11-30,Expired,Premium,819881.44,False
6026,POL00006026,2,44,1,CUST0003026,2025-09-28,2026-08-31,Active,Standard,490530.38,False
6027,POL00006027,3,97,2,CUST0000502,2024-03-20,2025-02-28,Expired,Standard,1775807.76,False
6028,POL00006028,3,11,3,CUST0001576,2025-10-15,2026-09-30,Active,Standard,1486117.15,False
6029,POL00006029,6,106,1,CUST0001965,2025-09-25,2026-08-31,Active,Premium,769697.58,False
6030,POL00006030,2,56,1,CUST0002435,2024-06-04,2025-05-31,Expired,Standard,423423.91,False
6031,POL00006031,6,64,3,CUST0001272,2025-12-06,2026-11-30,Active,Premium,1032826.94,False
6032,POL00006032,1,96,3,CUST0002531,2025-08-28,2027-07-31,Active,Standard,529677.68,False
6033,POL00006033,2,104,2,CUST0000943,2025-03-28,2026-02-28,Expired,Standard,695803.92,False
6034,POL00006034,1,44,2,CUST0000024,2025-05-25,2026-04-30,Expired,Basic,839292.94,False
6035,POL00006035,5,9,1,CUST0001277,2024-02-08,2025-01-31,Expired,Standard,667685.68,False
6036,POL00006036,9,27,2,CUST0002069,2024-12-18,2025-11-30,Expired,Premium,5264120.49,False
6037,POL00006037,2,10,1,CUST0002486,2023-11-25,2024-10-31,Expired,Basic,707139.02,False
6038,POL00006038,3,91,2,CUST0002714,2025-11-28,2026-10-31,Active,Basic,1239817.24,False
6039,POL00006039,4,41,1,CUST0002350,2024-06-30,2025-05-31,Expired,Standard,881666.26,False
6040,POL00006040,3,4,2,CUST0003186,2025-05-14,2026-04-30,Expired,Basic,1418267.78,False
6041,POL00006041,8,82,4,CUST0001329,2024-11-14,2025-10-31,Expired,Standard,4418091.28,False
6042,POL00006042,3,22,3,CUST0002020,2024-09-26,2025-08-31,Expired,Premium,1741248.28,False
6043,POL00006043,1,63,1,CUST0003861,2025-02-23,2026-01-31,Expired,Standard,857457.4,False
6044,POL00006044,9,46,2,CUST0002458,2025-07-10,2026-06-30,Active,Premium,9023004.63,False
6045,POL00006045,3,55,2,CUST0003804,2023-09-24,2024-08-31,Expired,Standard,1481184.91,False
6046,POL00006046,3,73,4,CUST0003192,2024-12-07,2026-11-30,Active,Standard,2080375.78,False
6047,POL00006047,1,31,4,CUST0000342,2023-10-02,2024-09-30,Expired,Standard,811061.71,False
6048,POL00006048,2,11,2,CUST0003927,2025-10-01,2026-09-30,Cancelled,Standard,709972.17,True
6049,POL00006049,8,51,4,CUST0001166,2023-11-18,2024-10-31,Expired,Standard,6385336.24,False
6050,POL00006050,4,32,2,CUST0001824,2024-04-21,2025-03-31,Expired,Standard,1090691.58,False
6051,POL00006051,4,120,3,CUST0001267,2025-12-14,2026-11-30,Active,Premium,1231743.71,False
6052,POL00006052,9,94,3,CUST0000323,2025-11-07,2026-10-31,Active,Standard,8775050.85,False
6053,POL00006053,1,32,2,CUST0003215,2024-08-15,2025-07-31,Expired,Basic,726509.61,False
6054,POL00006054,5,10,2,CUST0002146,2025-06-24,2026-05-31,Expired,Basic,665378.15,False
6055,POL00006055,6,7,1,CUST0003599,2025-06-02,2026-05-31,Expired,Standard,585063.01,False
6056,POL00006056,2,74,2,CUST0001456,2024-02-27,2026-01-31,Expired,Premium,483839.22,False
6057,POL00006057,2,27,3,CUST0000189,2024-02-14,2026-01-31,Expired,Premium,425238.19,False
6058,POL00006058,2,50,4,CUST0000579,2025-05-22,2026-04-30,Expired,Premium,761255.59,False
6059,POL00006059,7,79,1,CUST0000902,2025-09-21,2026-08-31,Active,Standard,508484.46,False
6060,POL00006060,7,54,2,CUST0002467,2026-01-16,2026-12-31,Active,Premium,483298.33,False
6061,POL00006061,1,91,3,CUST0003962,2025-07-31,2026-06-30,Active,Premium,478102.59,False
6062,POL00006062,3,77,3,CUST0001162,2025-03-02,2026-02-28,Expired,Premium,2004389.67,False
6063,POL00006063,6,43,1,CUST0000321,2025-03-04,2026-02-28,Expired,Basic,661169.29,False
6064,POL00006064,1,17,3,CUST0003722,2024-09-25,2025-08-31,Expired,Basic,794881.6,False
6065,POL00006065,2,14,3,CUST0003844,2024-01-17,2024-12-31,Expired,Basic,743809.78,False
6066,POL00006066,1,63,2,CUST0001662,2023-11-25,2025-10-31,Expired,Premium,792785.06,False
6067,POL00006067,5,9,1,CUST0001799,2023-09-22,2024-08-31,Expired,Premium,530737.78,False
6068,POL00006068,10,71,3,CUST0001441,2023-07-25,2024-06-30,Expired,Standard,1733127.0,False
6069,POL00006069,10,99,4,CUST0002655,2025-10-30,2026-09-30,Active,Standard,1945999.67,False
6070,POL00006070,1,97,1,CUST0002645,2024-12-06,2025-11-30,Expired,Standard,865855.79,False
6071,POL00006071,1,102,4,CUST0003072,2025-01-18,2025-12-31,Cancelled,Standard,816219.84,True
6072,POL00006072,1,66,1,CUST0003391,2023-10-02,2024-09-30,Expired,Premium,570325.4,False
6073,POL00006073,6,87,1,CUST0003672,2024-03-07,2025-02-28,Expired,Standard,732491.89,False
6074,POL00006074,7,95,2,CUST0002032,2025-11-15,2026-10-31,Active,Premium,480089.59,False
6075,POL00006075,7,96,3,CUST0002310,2025-08-04,2026-07-31,Active,Standard,511822.21,False
6076,POL00006076,1,97,2,CUST0002919,2023-07-01,2024-06-30,Expired,Basic,564337.43,False
6077,POL00006077,3,50,2,CUST0003010,2025-07-21,2026-06-30,Active,Basic,1317448.66,False
6078,POL00006078,6,63,3,CUST0000224,2023-10-31,2024-09-30,Expired,Premium,975741.28,False
6079,POL00006079,2,22,1,CUST0000920,2024-09-17,2025-08-31,Expired,Basic,740500.73,False
6080,POL00006080,10,89,4,CUST0001721,2024-04-28,2025-03-31,Expired,Basic,1413482.05,False
6081,POL00006081,2,3,2,CUST0001325,2025-02-28,2026-01-31,Expired,Standard,702403.12,False
6082,POL00006082,6,28,4,CUST0001639,2025-03-06,2026-02-28,Cancelled,Standard,1048327.47,True
6083,POL00006083,1,116,4,CUST0001434,2023-11-23,2024-10-31,Expired,Standard,883274.62,False
6084,POL00006084,1,74,3,CUST0000730,2024-01-05,2025-12-31,Expired,Standard,692772.93,False
6085,POL00006085,4,18,2,CUST0003705,2024-09-01,2025-08-31,Expired,Standard,871458.67,False
6086,POL00006086,6,102,3,CUST0001188,2026-02-24,2027-01-31,Active,Premium,571206.23,False
6087,POL00006087,6,41,3,CUST0000985,2026-02-19,2027-01-31,Active,Premium,742388.65,False
6088,POL00006088,2,85,4,CUST0002105,2023-08-27,2024-07-31,Expired,Basic,421096.82,False
6089,POL00006089,7,86,2,CUST0002740,2023-12-20,2024-11-30,Expired,Premium,509768.25,False
6090,POL00006090,7,107,4,CUST0001352,2025-11-29,2026-10-31,Active,Standard,559203.38,False
6091,POL00006091,8,90,1,CUST0001446,2024-11-01,2025-10-31,Expired,Premium,5483160.66,False
6092,POL00006092,2,7,1,CUST0002118,2024-11-08,2026-10-31,Active,Standard,704955.91,False
6093,POL00006093,7,74,1,CUST0003081,2024-02-17,2025-01-31,Expired,Basic,431026.45,False
6094,POL00006094,1,89,3,CUST0002183,2024-06-27,2025-05-31,Expired,Basic,677349.0,False
6095,POL00006095,5,104,2,CUST0000150,2023-11-01,2024-10-31,Cancelled,Standard,594758.71,True
6096,POL00006096,5,81,1,CUST0000462,2023-11-09,2024-10-31,Expired,Premium,604285.89,False
6097,POL00006097,5,69,4,CUST0001976,2025-07-12,2027-06-30,Cancelled,Basic,552913.0,True
6098,POL00006098,2,49,3,CUST0002143,2025-08-11,2026-07-31,Cancelled,Standard,619088.19,True
6099,POL00006099,2,99,1,CUST0003947,2024-12-18,2026-11-30,Active,Standard,407383.37,False
6100,POL00006100,5,40,2,CUST0001595,2025-03-31,2027-02-28,Active,Standard,676769.18,False
6101,POL00006101,4,33,1,CUST0002186,2023-11-17,2024-10-31,Expired,Standard,1363495.28,False
6102,POL00006102,1,20,4,CUST0001608,2026-02-25,2027-01-31,Active,Premium,833992.85,False
6103,POL00006103,5,56,3,CUST0000835,2025-07-30,2027-06-30,Active,Standard,666983.21,False
6104,POL00006104,3,44,4,CUST0003916,2025-02-20,2026-01-31,Expired,Premium,1594691.01,False
6105,POL00006105,3,45,1,CUST0000655,2024-01-23,2024-12-31,Expired,Standard,1225152.07,False
6106,POL00006106,5,9,1,CUST0003724,2025-01-07,2025-12-31,Expired,Standard,699597.71,False
6107,POL00006107,4,7,4,CUST0002050,2024-09-30,2025-08-31,Expired,Standard,1067460.9,False
6108,POL00006108,4,96,3,CUST0001016,2024-02-06,2025-01-31,Expired,Standard,1190305.64,False
6109,POL00006109,9,34,1,CUST0001711,2025-03-19,2026-02-28,Expired,Standard,9066269.83,False
6110,POL00006110,1,91,1,CUST0001010,2023-10-14,2024-09-30,Expired,Standard,656169.58,False
6111,POL00006111,5,8,2,CUST0002627,2025-12-18,2027-11-30,Active,Premium,627561.76,False
6112,POL00006112,4,28,2,CUST0003204,2024-08-11,2025-07-31,Expired,Standard,1445852.01,False
6113,POL00006113,3,95,2,CUST0001704,2024-12-31,2025-11-30,Expired,Basic,1197428.12,False
6114,POL00006114,5,50,2,CUST0001527,2024-02-22,2025-01-31,Expired,Standard,601399.39,False
6115,POL00006115,3,7,3,CUST0001775,2024-03-24,2025-02-28,Expired,Standard,1847355.56,False
6116,POL00006116,1,33,4,CUST0001445,2024-07-08,2025-06-30,Expired,Basic,788625.87,False
6117,POL00006117,2,102,4,CUST0003363,2024-03-26,2025-02-28,Expired,Basic,386592.75,False
6118,POL00006118,1,29,3,CUST0003488,2025-01-06,2025-12-31,Expired,Standard,498170.83,False
6119,POL00006119,3,69,4,CUST0000421,2024-01-19,2024-12-31,Expired,Standard,1961914.74,False
6120,POL00006120,2,43,2,CUST0003364,2025-03-22,2026-02-28,Expired,Basic,433356.5,False
6121,POL00006121,10,114,2,CUST0002119,2023-09-09,2025-08-31,Expired,Basic,1842498.11,False
6122,POL00006122,1,116,2,CUST0001721,2024-11-28,2025-10-31,Expired,Standard,786876.9,False
6123,POL00006123,7,79,1,CUST0000923,2023-11-16,2024-10-31,Expired,Standard,328702.63,False
6124,POL00006124,2,97,2,CUST0000716,2025-04-30,2026-03-31,Expired,Standard,702394.65,False
6125,POL00006125,5,61,2,CUST0001020,2025-08-22,2026-07-31,Active,Standard,427312.6,False
6126,POL00006126,10,77,2,CUST0002555,2023-12-21,2024-11-30,Expired,Standard,1720530.47,False
6127,POL00006127,1,5,3,CUST0001865,2024-05-11,2025-04-30,Expired,Basic,722120.98,False
6128,POL00006128,4,70,3,CUST0002549,2024-11-23,2025-10-31,Cancelled,Standard,1202247.44,True
6129,POL00006129,1,35,2,CUST0001368,2023-08-05,2024-07-31,Expired,Premium,853898.44,False
6130,POL00006130,5,115,4,CUST0000759,2025-01-09,2025-12-31,Expired,Standard,424811.33,False
6131,POL00006131,5,82,4,CUST0001680,2024-11-22,2025-10-31,Cancelled,Basic,622028.39,True
6132,POL00006132,1,59,4,CUST0001745,2024-03-04,2025-02-28,Expired,Standard,897521.28,False
6133,POL00006133,8,93,1,CUST0000192,2024-05-31,2026-04-30,Expired,Standard,6517422.65,False
6134,POL00006134,2,77,1,CUST0003405,2025-12-24,2026-11-30,Active,Standard,456136.06,False
6135,POL00006135,2,36,2,CUST0001326,2024-03-08,2025-02-28,Expired,Standard,718271.03,False
6136,POL00006136,1,95,1,CUST0001656,2023-08-22,2024-07-31,Expired,Standard,575944.93,False
6137,POL00006137,5,93,2,CUST0001252,2025-09-12,2026-08-31,Active,Standard,555640.2,False
6138,POL00006138,3,44,3,CUST0000686,2024-03-13,2025-02-28,Expired,Standard,1580660.38,False
6139,POL00006139,1,110,1,CUST0003385,2026-02-26,2027-01-31,Active,Standard,530276.13,False
6140,POL00006140,4,62,1,CUST0000448,2024-12-01,2025-11-30,Expired,Standard,1052063.28,False
6141,POL00006141,4,22,1,CUST0003628,2025-07-22,2026-06-30,Active,Standard,1207222.17,False
6142,POL00006142,2,39,2,CUST0000470,2024-04-09,2025-03-31,Expired,Standard,753005.42,False
6143,POL00006143,9,66,1,CUST0000799,2025-06-14,2026-05-31,Expired,Standard,7122300.32,False
6144,POL00006144,5,47,1,CUST0002291,2024-07-11,2025-06-30,Expired,Basic,545315.53,False
6145,POL00006145,5,38,2,CUST0002968,2023-07-24,2024-06-30,Cancelled,Standard,495039.2,True
6146,POL00006146,8,102,3,CUST0003279,2025-05-31,2026-04-30,Expired,Standard,6223258.99,False
6147,POL00006147,6,23,1,CUST0001665,2024-03-07,2025-02-28,Expired,Basic,1107127.51,False
6148,POL00006148,2,117,1,CUST0001593,2025-07-15,2026-06-30,Active,Basic,708099.68,False
6149,POL00006149,2,25,1,CUST0000291,2025-03-12,2026-02-28,Expired,Basic,476530.4,False
6150,POL00006150,1,48,1,CUST0003658,2025-09-16,2026-08-31,Active,Standard,460923.97,False
6151,POL00006151,10,60,3,CUST0001734,2024-08-08,2025-07-31,Expired,Standard,2553746.22,False
6152,POL00006152,6,113,4,CUST0002271,2023-07-27,2024-06-30,Expired,Standard,591478.66,False
6153,POL00006153,4,74,2,CUST0002335,2024-06-25,2025-05-31,Expired,Basic,1507712.55,False
6154,POL00006154,4,21,4,CUST0003624,2024-05-17,2025-04-30,Expired,Premium,985131.34,False
6155,POL00006155,2,115,3,CUST0001304,2023-07-15,2024-06-30,Expired,Standard,546070.96,False
6156,POL00006156,2,24,4,CUST0002444,2023-11-30,2024-10-31,Expired,Basic,417137.07,False
6157,POL00006157,4,23,1,CUST0002159,2023-11-22,2024-10-31,Expired,Standard,1161404.8,False
6158,POL00006158,7,82,1,CUST0003305,2024-07-21,2026-06-30,Active,Basic,483321.05,False
6159,POL00006159,1,48,1,CUST0001344,2025-10-01,2026-09-30,Active,Standard,683368.05,False
6160,POL00006160,8,93,3,CUST0001931,2024-11-24,2025-10-31,Expired,Standard,4669388.29,False
6161,POL00006161,3,43,2,CUST0003677,2023-11-21,2024-10-31,Expired,Basic,1644425.24,False
6162,POL00006162,5,84,3,CUST0001627,2024-04-10,2025-03-31,Expired,Standard,618100.24,False
6163,POL00006163,1,92,2,CUST0001803,2025-07-25,2026-06-30,Active,Standard,643453.9,False
6164,POL00006164,6,110,1,CUST0001862,2025-06-15,2026-05-31,Expired,Standard,607709.04,False
6165,POL00006165,9,63,2,CUST0003744,2023-11-19,2024-10-31,Expired,Standard,6571492.24,False
6166,POL00006166,9,64,2,CUST0001563,2025-02-01,2026-01-31,Expired,Premium,6151413.55,False
6167,POL00006167,1,31,1,CUST0001083,2023-12-25,2024-11-30,Expired,Basic,521508.48,False
6168,POL00006168,8,53,4,CUST0003804,2023-08-23,2024-07-31,Expired,Standard,3606657.58,False
6169,POL00006169,5,30,3,CUST0001747,2025-04-01,2026-03-31,Expired,Standard,398447.17,False
6170,POL00006170,5,20,1,CUST0000067,2025-06-29,2026-05-31,Expired,Standard,616115.87,False
6171,POL00006171,6,115,1,CUST0001050,2025-01-07,2025-12-31,Expired,Standard,1104324.69,False
6172,POL00006172,6,33,2,CUST0003139,2024-01-07,2024-12-31,Expired,Premium,949855.36,False
6173,POL00006173,10,103,2,CUST0003172,2026-01-17,2026-12-31,Active,Standard,2662736.43,False
6174,POL00006174,2,71,1,CUST0001199,2025-03-08,2026-02-28,Expired,Standard,537343.79,False
6175,POL00006175,1,77,2,CUST0003065,2023-11-14,2024-10-31,Expired,Premium,731977.86,False
6176,POL00006176,2,92,3,CUST0002940,2025-12-16,2027-11-30,Active,Premium,718762.51,False
6177,POL00006177,9,93,3,CUST0001289,2024-02-04,2025-01-31,Expired,Premium,10217376.78,False
6178,POL00006178,7,53,2,CUST0002767,2024-07-09,2025-06-30,Expired,Standard,365954.33,False
6179,POL00006179,3,50,3,CUST0001575,2024-01-12,2024-12-31,Expired,Basic,1294696.92,False
6180,POL00006180,7,25,3,CUST0002666,2023-10-29,2024-09-30,Expired,Premium,429490.71,False
6181,POL00006181,1,55,4,CUST0000263,2024-10-01,2026-09-30,Active,Standard,879548.19,False
6182,POL00006182,5,8,3,CUST0003361,2024-07-29,2025-06-30,Expired,Basic,513551.76,False
6183,POL00006183,3,28,2,CUST0000050,2025-03-12,2026-02-28,Expired,Basic,1985205.0,False
6184,POL00006184,3,90,2,CUST0000458,2025-12-26,2026-11-30,Active,Basic,1159511.56,False
6185,POL00006185,4,84,4,CUST0003528,2024-07-04,2025-06-30,Expired,Premium,1233014.22,False
6186,POL00006186,4,36,4,CUST0002724,2024-03-15,2026-02-28,Expired,Basic,1216256.27,False
6187,POL00006187,8,94,1,CUST0001821,2025-02-22,2026-01-31,Expired,Standard,4940515.44,False
6188,POL00006188,2,111,3,CUST0000369,2025-06-28,2026-05-31,Expired,Basic,602330.78,False
6189,POL00006189,2,58,1,CUST0000875,2025-10-19,2026-09-30,Active,Premium,600358.6,False
6190,POL00006190,9,56,2,CUST0002180,2023-09-09,2024-08-31,Expired,Premium,6546813.87,False
6191,POL00006191,1,66,3,CUST0000844,2025-09-28,2027-08-31,Active,Standard,687358.76,False
6192,POL00006192,1,23,4,CUST0003396,2024-05-28,2025-04-30,Expired,Premium,633353.03,False
6193,POL00006193,2,6,1,CUST0002934,2024-08-01,2025-07-31,Expired,Standard,561450.34,False
6194,POL00006194,2,39,1,CUST0001993,2023-09-26,2024-08-31,Cancelled,Premium,519286.72,True
6195,POL00006195,6,43,4,CUST0003829,2023-07-12,2024-06-30,Expired,Premium,865573.9,False
6196,POL00006196,1,38,1,CUST0002311,2023-09-09,2024-08-31,Expired,Standard,821982.86,False
6197,POL00006197,8,8,2,CUST0000021,2025-06-29,2026-05-31,Expired,Basic,4789464.72,False
6198,POL00006198,1,8,4,CUST0003412,2025-11-30,2026-10-31,Active,Premium,767328.96,False
6199,POL00006199,9,8,4,CUST0003134,2024-03-24,2026-02-28,Expired,Standard,8544124.49,False
6200,POL00006200,2,27,3,CUST0000150,2025-05-10,2026-04-30,Expired,Basic,648567.89,False
6201,POL00006201,9,48,1,CUST0001903,2024-08-30,2025-07-31,Expired,Standard,6779346.7,False
6202,POL00006202,1,78,3,CUST0000734,2025-04-18,2027-03-31,Active,Basic,500372.92,False
6203,POL00006203,4,52,4,CUST0001631,2024-11-14,2025-10-31,Expired,Basic,1408379.53,False
6204,POL00006204,7,27,4,CUST0000779,2024-02-26,2025-01-31,Expired,Standard,454063.48,False
6205,POL00006205,4,60,1,CUST0001436,2025-06-01,2026-05-31,Expired,Standard,1118584.99,False
6206,POL00006206,3,100,2,CUST0003585,2024-03-14,2025-02-28,Expired,Premium,1779941.14,False
6207,POL00006207,1,54,1,CUST0003420,2024-08-27,2025-07-31,Expired,Basic,472584.98,False
6208,POL00006208,1,48,1,CUST0002922,2023-09-10,2025-08-31,Expired,Premium,530739.73,False
6209,POL00006209,6,77,2,CUST0001541,2024-10-20,2025-09-30,Expired,Basic,777381.51,False
6210,POL00006210,4,92,2,CUST0000163,2024-03-13,2025-02-28,Expired,Standard,1032527.18,False
6211,POL00006211,6,21,3,CUST0003235,2023-12-31,2024-11-30,Expired,Premium,1111350.93,False
6212,POL00006212,9,83,1,CUST0000623,2024-05-18,2025-04-30,Expired,Basic,8236263.34,False
6213,POL00006213,1,23,2,CUST0001002,2025-11-13,2026-10-31,Active,Basic,566533.3,False
6214,POL00006214,1,61,3,CUST0003741,2024-08-09,2025-07-31,Cancelled,Basic,820299.47,True
6215,POL00006215,1,103,3,CUST0000215,2024-07-30,2025-06-30,Expired,Standard,823773.19,False
6216,POL00006216,6,12,4,CUST0000658,2023-07-17,2024-06-30,Expired,Basic,864225.27,False
6217,POL00006217,1,44,3,CUST0003368,2025-01-04,2025-12-31,Expired,Standard,550766.61,False
6218,POL00006218,1,4,4,CUST0001588,2025-04-10,2026-03-31,Expired,Standard,661602.18,False
6219,POL00006219,3,58,1,CUST0003443,2024-04-17,2025-03-31,Expired,Standard,1250042.54,False
6220,POL00006220,1,120,3,CUST0002974,2024-11-20,2025-10-31,Expired,Standard,712331.78,False
6221,POL00006221,9,75,3,CUST0003353,2025-12-23,2026-11-30,Active,Premium,9548943.04,False
6222,POL00006222,5,5,1,CUST0003792,2024-05-18,2025-04-30,Expired,Premium,467723.08,False
6223,POL00006223,3,119,2,CUST0003855,2023-11-06,2024-10-31,Expired,Basic,2027637.34,False
6224,POL00006224,2,40,1,CUST0001404,2023-09-27,2024-08-31,Expired,Basic,453374.76,False
6225,POL00006225,1,95,3,CUST0000548,2023-10-23,2024-09-30,Expired,Standard,598126.49,False
6226,POL00006226,6,70,1,CUST0002539,2025-10-11,2026-09-30,Active,Standard,962270.83,False
6227,POL00006227,3,16,3,CUST0001420,2024-05-03,2025-04-30,Expired,Standard,1655119.12,False
6228,POL00006228,9,81,3,CUST0002450,2024-05-27,2025-04-30,Expired,Premium,5905613.84,False
6229,POL00006229,5,71,2,CUST0001364,2024-08-08,2025-07-31,Expired,Standard,452726.47,False
6230,POL00006230,2,99,1,CUST0002396,2025-04-22,2026-03-31,Expired,Standard,694588.93,False
6231,POL00006231,1,88,1,CUST0003086,2024-02-04,2025-01-31,Expired,Basic,621005.59,False
6232,POL00006232,5,55,4,CUST0002755,2025-04-19,2026-03-31,Expired,Basic,496833.43,False
6233,POL00006233,5,106,4,CUST0003396,2024-03-18,2025-02-28,Cancelled,Standard,698554.58,True
6234,POL00006234,3,45,1,CUST0002285,2024-07-09,2025-06-30,Cancelled,Standard,1205127.39,True
6235,POL00006235,1,99,1,CUST0002765,2023-11-12,2024-10-31,Expired,Standard,703417.03,False
6236,POL00006236,1,43,3,CUST0002098,2025-12-07,2026-11-30,Active,Premium,705132.07,False
6237,POL00006237,7,27,2,CUST0001843,2026-01-23,2026-12-31,Active,Standard,316955.78,False
6238,POL00006238,2,110,2,CUST0000083,2024-07-23,2025-06-30,Expired,Standard,457343.4,False
6239,POL00006239,5,48,1,CUST0003850,2026-01-22,2026-12-31,Active,Basic,696432.96,False
6240,POL00006240,10,70,2,CUST0002109,2025-11-01,2026-10-31,Active,Basic,1995460.48,False
6241,POL00006241,5,74,1,CUST0001914,2025-08-03,2026-07-31,Active,Standard,382975.38,False
6242,POL00006242,7,54,1,CUST0003955,2025-05-09,2026-04-30,Cancelled,Standard,420172.1,True
6243,POL00006243,9,64,3,CUST0002892,2025-01-17,2026-12-31,Active,Standard,9283122.72,False
6244,POL00006244,1,72,3,CUST0001069,2024-07-26,2025-06-30,Expired,Standard,801330.08,False
6245,POL00006245,8,120,2,CUST0001430,2024-01-08,2024-12-31,Expired,Standard,3536335.14,False
6246,POL00006246,4,24,4,CUST0002010,2024-06-30,2025-05-31,Expired,Standard,976817.74,False
6247,POL00006247,9,100,2,CUST0000564,2024-10-13,2025-09-30,Expired,Standard,9798001.1,False
6248,POL00006248,8,31,1,CUST0003418,2023-07-16,2024-06-30,Expired,Standard,4217187.93,False
6249,POL00006249,1,56,3,CUST0002371,2025-09-12,2026-08-31,Active,Standard,725465.21,False
6250,POL00006250,6,65,2,CUST0000374,2024-12-02,2025-11-30,Expired,Standard,654920.25,False
6251,POL00006251,2,31,1,CUST0002495,2024-05-10,2025-04-30,Expired,Basic,395633.66,False
6252,POL00006252,5,46,3,CUST0001383,2025-04-09,2026-03-31,Expired,Standard,621784.42,False
6253,POL00006253,2,63,4,CUST0001900,2025-08-04,2026-07-31,Cancelled,Basic,701793.98,True
6254,POL00006254,2,33,3,CUST0002608,2024-09-25,2025-08-31,Expired,Standard,421202.14,False
6255,POL00006255,1,102,4,CUST0001155,2026-02-05,2027-01-31,Active,Basic,686681.93,False
6256,POL00006256,9,12,3,CUST0003895,2024-05-25,2025-04-30,Expired,Standard,9629619.51,False
6257,POL00006257,5,81,4,CUST0001496,2024-05-13,2025-04-30,Expired,Basic,539375.82,False
6258,POL00006258,2,11,2,CUST0000581,2025-10-02,2026-09-30,Active,Standard,394222.87,False
6259,POL00006259,5,105,2,CUST0003310,2025-08-09,2026-07-31,Active,Standard,485767.32,False
6260,POL00006260,3,43,3,CUST0002460,2025-05-29,2027-04-30,Cancelled,Basic,1568720.98,True
6261,POL00006261,5,76,1,CUST0002729,2024-04-12,2026-03-31,Expired,Standard,433575.02,False
6262,POL00006262,2,3,1,CUST0001525,2025-03-28,2026-02-28,Expired,Standard,737509.06,False
6263,POL00006263,2,119,1,CUST0001522,2025-07-12,2026-06-30,Active,Standard,706174.43,False
6264,POL00006264,2,81,2,CUST0000010,2026-01-15,2026-12-31,Active,Basic,741537.2,False
6265,POL00006265,7,23,1,CUST0001308,2023-07-15,2024-06-30,Expired,Premium,552406.65,False
6266,POL00006266,1,60,4,CUST0001689,2025-10-14,2026-09-30,Active,Standard,561854.61,False
6267,POL00006267,6,48,1,CUST0002711,2023-08-08,2024-07-31,Cancelled,Standard,1107347.03,True
6268,POL00006268,1,114,4,CUST0000448,2023-10-24,2024-09-30,Expired,Premium,556802.88,False
6269,POL00006269,5,15,3,CUST0002239,2024-07-06,2025-06-30,Expired,Basic,510948.78,False
6270,POL00006270,1,86,3,CUST0001023,2025-11-04,2026-10-31,Active,Standard,666597.06,False
6271,POL00006271,3,12,1,CUST0003825,2024-11-27,2025-10-31,Expired,Basic,1989446.54,False
6272,POL00006272,2,16,1,CUST0002465,2025-02-20,2026-01-31,Expired,Premium,768747.3,False
6273,POL00006273,1,8,3,CUST0001391,2025-11-14,2027-10-31,Active,Standard,604119.49,False
6274,POL00006274,4,75,3,CUST0003651,2025-06-24,2026-05-31,Expired,Standard,1140060.8,False
6275,POL00006275,4,29,3,CUST0000430,2025-05-13,2026-04-30,Expired,Basic,1572251.01,False
6276,POL00006276,5,55,1,CUST0002831,2025-10-01,2026-09-30,Active,Basic,379120.21,False
6277,POL00006277,2,113,1,CUST0001259,2026-02-14,2027-01-31,Active,Basic,574185.55,False
6278,POL00006278,5,8,4,CUST0001319,2024-03-02,2025-02-28,Expired,Premium,611073.08,False
6279,POL00006279,8,80,2,CUST0002663,2025-01-20,2025-12-31,Expired,Standard,4765000.05,False
6280,POL00006280,3,8,3,CUST0002600,2023-12-31,2024-11-30,Expired,Basic,1053460.81,False
6281,POL00006281,1,30,4,CUST0003725,2025-10-13,2026-09-30,Active,Premium,485023.76,False
6282,POL00006282,5,12,2,CUST0003926,2025-05-20,2026-04-30,Expired,Standard,674397.54,False
6283,POL00006283,5,92,2,CUST0000056,2025-01-16,2026-12-31,Active,Standard,487292.11,False
6284,POL00006284,5,80,2,CUST0002758,2025-01-03,2025-12-31,Expired,Standard,359337.61,False
6285,POL00006285,7,7,4,CUST0002463,2023-09-14,2024-08-31,Expired,Standard,299894.3,False
6286,POL00006286,2,65,3,CUST0002557,2025-03-23,2026-02-28,Expired,Standard,568728.04,False
6287,POL00006287,3,88,1,CUST0001522,2024-03-18,2025-02-28,Expired,Standard,2060830.95,False
6288,POL00006288,4,34,3,CUST0001243,2023-12-18,2024-11-30,Expired,Standard,892652.56,False
6289,POL00006289,1,23,1,CUST0000350,2025-12-06,2026-11-30,Active,Standard,891136.79,False
6290,POL00006290,6,7,1,CUST0000542,2023-09-25,2025-08-31,Expired,Standard,652204.57,False
6291,POL00006291,4,52,1,CUST0002099,2024-07-19,2025-06-30,Expired,Standard,937307.05,False
6292,POL00006292,9,92,4,CUST0000352,2023-07-19,2024-06-30,Expired,Standard,9749913.19,False
6293,POL00006293,2,42,2,CUST0003582,2024-01-15,2025-12-31,Expired,Premium,727913.37,False
6294,POL00006294,6,7,2,CUST0000899,2024-09-23,2025-08-31,Expired,Standard,695914.66,False
6295,POL00006295,4,11,2,CUST0002618,2023-07-19,2024-06-30,Cancelled,Standard,1378714.67,True
6296,POL00006296,1,87,3,CUST0001645,2023-09-04,2024-08-31,Expired,Standard,710962.36,False
6297,POL00006297,1,15,1,CUST0000544,2025-01-01,2025-12-31,Expired,Basic,745298.9,False
6298,POL00006298,1,42,3,CUST0002306,2023-09-24,2024-08-31,Expired,Basic,689102.03,False
6299,POL00006299,4,12,3,CUST0003057,2025-06-25,2026-05-31,Expired,Basic,1191210.67,False
6300,POL00006300,4,72,2,CUST0003778,2024-11-19,2025-10-31,Expired,Standard,1340789.64,False
6301,POL00006301,1,99,2,CUST0001928,2023-09-24,2025-08-31,Expired,Standard,744732.19,False
6302,POL00006302,4,3,3,CUST0000830,2025-12-06,2026-11-30,Active,Standard,1208806.35,False
6303,POL00006303,2,25,2,CUST0001755,2024-04-30,2025-03-31,Expired,Standard,552625.68,False
6304,POL00006304,5,1,1,CUST0000827,2025-06-18,2026-05-31,Expired,Premium,557280.62,False
6305,POL00006305,1,94,4,CUST0001921,2025-03-26,2027-02-28,Active,Standard,474926.77,False
6306,POL00006306,5,24,4,CUST0001903,2023-10-22,2024-09-30,Expired,Basic,685901.83,False
6307,POL00006307,1,119,1,CUST0000816,2024-09-19,2025-08-31,Expired,Standard,863129.25,False
6308,POL00006308,1,72,1,CUST0001876,2025-08-01,2026-07-31,Active,Basic,479239.0,False
6309,POL00006309,1,70,3,CUST0001860,2025-02-06,2026-01-31,Expired,Premium,486458.39,False
6310,POL00006310,2,23,1,CUST0000635,2023-09-21,2025-08-31,Expired,Standard,743937.79,False
6311,POL00006311,1,66,4,CUST0000139,2026-02-13,2027-01-31,Active,Premium,599637.68,False
6312,POL00006312,5,40,2,CUST0001540,2024-05-28,2025-04-30,Cancelled,Basic,491449.97,True
6313,POL00006313,1,86,1,CUST0003326,2026-01-29,2026-12-31,Active,Basic,618130.31,False
6314,POL00006314,10,81,3,CUST0003609,2023-07-03,2024-06-30,Expired,Premium,2132502.14,False
6315,POL00006315,1,54,1,CUST0000470,2025-07-09,2026-06-30,Active,Basic,549769.43,False
6316,POL00006316,1,48,3,CUST0000665,2025-02-25,2026-01-31,Expired,Standard,734479.83,False
6317,POL00006317,3,12,1,CUST0002691,2024-04-27,2025-03-31,Expired,Standard,1424278.32,False
6318,POL00006318,1,25,1,CUST0000950,2025-09-13,2026-08-31,Active,Standard,543449.44,False
6319,POL00006319,9,44,2,CUST0001625,2025-08-15,2026-07-31,Active,Standard,7414676.95,False
6320,POL00006320,9,75,1,CUST0000387,2025-09-20,2026-08-31,Cancelled,Standard,9071412.16,True
6321,POL00006321,7,16,1,CUST0003535,2024-01-15,2024-12-31,Expired,Premium,408334.47,False
6322,POL00006322,1,52,2,CUST0001384,2024-07-27,2025-06-30,Expired,Standard,836318.58,False
6323,POL00006323,1,4,1,CUST0001173,2025-04-21,2026-03-31,Expired,Standard,794799.46,False
6324,POL00006324,2,68,1,CUST0002613,2026-01-05,2026-12-31,Active,Standard,563360.21,False
6325,POL00006325,1,41,1,CUST0001137,2025-05-18,2026-04-30,Expired,Premium,729230.58,False
6326,POL00006326,2,104,4,CUST0001721,2025-01-08,2025-12-31,Expired,Standard,516474.96,False
6327,POL00006327,2,26,3,CUST0001444,2025-11-06,2026-10-31,Active,Standard,595835.13,False
6328,POL00006328,8,42,1,CUST0003221,2023-11-10,2024-10-31,Expired,Standard,5127299.84,False
6329,POL00006329,1,35,1,CUST0001087,2023-12-08,2024-11-30,Expired,Basic,622291.06,False
6330,POL00006330,5,38,2,CUST0003075,2024-04-09,2025-03-31,Expired,Standard,542311.34,False
6331,POL00006331,8,3,1,CUST0002473,2024-06-14,2025-05-31,Expired,Standard,5011814.0,False
6332,POL00006332,5,24,4,CUST0003644,2024-05-22,2025-04-30,Expired,Standard,429924.49,False
6333,POL00006333,5,83,1,CUST0002864,2024-05-06,2025-04-30,Expired,Standard,697458.92,False
6334,POL00006334,1,82,2,CUST0002512,2025-10-08,2026-09-30,Active,Basic,729785.34,False
6335,POL00006335,1,70,2,CUST0002982,2026-01-26,2026-12-31,Active,Standard,604931.31,False
6336,POL00006336,8,1,4,CUST0001177,2024-10-08,2025-09-30,Cancelled,Standard,6935543.24,True
6337,POL00006337,6,43,3,CUST0002988,2024-06-21,2025-05-31,Expired,Basic,587738.71,False
6338,POL00006338,4,46,1,CUST0002467,2023-10-13,2024-09-30,Expired,Standard,1514503.03,False
6339,POL00006339,9,117,2,CUST0000867,2024-01-11,2024-12-31,Expired,Standard,5507460.36,False
6340,POL00006340,4,42,3,CUST0003805,2024-11-13,2025-10-31,Expired,Standard,899574.04,False
6341,POL00006341,1,120,2,CUST0002564,2023-07-22,2024-06-30,Cancelled,Basic,830620.96,True
6342,POL00006342,8,43,4,CUST0003454,2024-06-01,2025-05-31,Expired,Standard,5010575.48,False
6343,POL00006343,1,72,1,CUST0002738,2025-02-24,2026-01-31,Expired,Standard,721660.05,False
6344,POL00006344,6,80,3,CUST0002336,2024-05-26,2025-04-30,Expired,Basic,793161.22,False
6345,POL00006345,8,93,3,CUST0001576,2025-01-29,2025-12-31,Expired,Basic,4693580.72,False
6346,POL00006346,1,71,2,CUST0000355,2024-02-25,2025-01-31,Expired,Standard,576678.61,False
6347,POL00006347,1,52,2,CUST0001252,2024-02-01,2025-01-31,Expired,Standard,733911.6,False
6348,POL00006348,2,88,3,CUST0001679,2024-06-11,2025-05-31,Expired,Standard,539172.76,False
6349,POL00006349,9,54,2,CUST0000124,2024-10-17,2025-09-30,Expired,Premium,8872799.05,False
6350,POL00006350,4,41,2,CUST0002615,2025-05-02,2027-04-30,Active,Standard,1127434.99,False
6351,POL00006351,3,40,2,CUST0000436,2026-02-21,2027-01-31,Active,Standard,1734264.54,False
6352,POL00006352,5,111,3,CUST0000145,2023-10-11,2024-09-30,Expired,Standard,563198.33,False
6353,POL00006353,2,113,1,CUST0000476,2025-08-15,2026-07-31,Active,Basic,504914.79,False
6354,POL00006354,9,34,3,CUST0003690,2023-12-27,2024-11-30,Expired,Standard,7421520.17,False
6355,POL00006355,3,105,4,CUST0002375,2023-12-17,2024-11-30,Expired,Standard,1262847.76,False
6356,POL00006356,5,64,2,CUST0003865,2026-01-31,2026-12-31,Active,Standard,459894.69,False
6357,POL00006357,2,22,1,CUST0002845,2023-12-29,2024-11-30,Expired,Basic,689633.97,False
6358,POL00006358,4,28,1,CUST0001085,2024-06-28,2025-05-31,Expired,Standard,1520445.81,False
6359,POL00006359,1,94,3,CUST0003782,2023-10-13,2024-09-30,Expired,Basic,807833.7,False
6360,POL00006360,5,61,1,CUST0000900,2023-12-24,2024-11-30,Expired,Basic,357658.53,False
6361,POL00006361,9,48,2,CUST0002636,2023-08-13,2024-07-31,Expired,Basic,6498791.58,False
6362,POL00006362,8,118,2,CUST0000745,2025-03-26,2026-02-28,Expired,Standard,4728304.09,False
6363,POL00006363,1,97,1,CUST0001180,2025-06-10,2026-05-31,Expired,Standard,798578.75,False
6364,POL00006364,1,78,4,CUST0000095,2025-07-06,2026-06-30,Active,Standard,710621.47,False
6365,POL00006365,1,107,2,CUST0002713,2024-11-18,2025-10-31,Cancelled,Basic,895811.5,True
6366,POL00006366,3,23,1,CUST0003028,2025-03-18,2026-02-28,Expired,Standard,1578884.08,False
6367,POL00006367,9,66,3,CUST0003136,2025-05-02,2026-04-30,Expired,Standard,8423644.37,False
6368,POL00006368,10,107,2,CUST0002404,2023-09-07,2024-08-31,Expired,Standard,2693579.68,False
6369,POL00006369,5,35,3,CUST0003367,2023-10-01,2024-09-30,Expired,Standard,464300.36,False
6370,POL00006370,7,35,2,CUST0001013,2024-06-17,2025-05-31,Expired,Standard,374165.39,False
6371,POL00006371,1,4,4,CUST0000224,2025-04-18,2026-03-31,Expired,Standard,754850.5,False
6372,POL00006372,4,89,2,CUST0000895,2023-11-19,2024-10-31,Cancelled,Standard,1132863.65,True
6373,POL00006373,6,16,2,CUST0002571,2024-09-08,2025-08-31,Expired,Premium,744926.76,False
6374,POL00006374,1,93,2,CUST0001998,2024-06-16,2025-05-31,Expired,Standard,835467.82,False
6375,POL00006375,4,75,1,CUST0000560,2024-01-28,2025-12-31,Expired,Standard,1017372.08,False
6376,POL00006376,2,52,4,CUST0002206,2025-10-30,2026-09-30,Active,Basic,741759.31,False
6377,POL00006377,2,48,4,CUST0001900,2025-08-27,2026-07-31,Active,Premium,695037.0,False
6378,POL00006378,5,55,1,CUST0003685,2024-07-18,2025-06-30,Expired,Premium,689351.46,False
6379,POL00006379,7,5,3,CUST0001148,2025-05-18,2026-04-30,Cancelled,Premium,405711.85,True
6380,POL00006380,2,96,2,CUST0001850,2025-03-09,2027-02-28,Active,Standard,444555.81,False
6381,POL00006381,3,94,2,CUST0001685,2023-11-11,2024-10-31,Expired,Premium,1815683.4,False
6382,POL00006382,5,17,3,CUST0003038,2024-05-27,2025-04-30,Expired,Standard,648313.19,False
6383,POL00006383,4,44,1,CUST0002393,2025-09-03,2026-08-31,Active,Standard,965714.3,False
6384,POL00006384,1,94,2,CUST0002036,2024-11-09,2025-10-31,Expired,Basic,564858.93,False
6385,POL00006385,10,63,2,CUST0003390,2026-01-30,2026-12-31,Active,Basic,1807764.67,False
6386,POL00006386,1,34,4,CUST0002019,2025-03-25,2026-02-28,Expired,Basic,875557.9,False
6387,POL00006387,5,116,1,CUST0003890,2024-09-23,2025-08-31,Expired,Standard,666468.99,False
6388,POL00006388,1,114,1,CUST0003597,2024-10-26,2025-09-30,Expired,Standard,667212.71,False
6389,POL00006389,5,60,4,CUST0001030,2025-02-10,2026-01-31,Expired,Premium,552789.82,False
6390,POL00006390,1,69,4,CUST0001879,2026-01-14,2027-12-31,Active,Standard,550584.31,False
6391,POL00006391,2,118,4,CUST0000181,2024-08-08,2025-07-31,Expired,Standard,608263.06,False
6392,POL00006392,5,103,1,CUST0003453,2024-03-20,2025-02-28,Expired,Standard,507098.65,False
6393,POL00006393,3,115,4,CUST0002033,2026-02-11,2027-01-31,Active,Basic,1388490.96,False
6394,POL00006394,3,42,1,CUST0001971,2025-11-28,2027-10-31,Active,Standard,1089881.57,False
6395,POL00006395,5,107,4,CUST0003798,2024-04-01,2025-03-31,Expired,Standard,352345.67,False
6396,POL00006396,2,43,3,CUST0001179,2025-06-22,2026-05-31,Expired,Basic,575392.76,False
6397,POL00006397,5,13,4,CUST0001195,2025-09-01,2026-08-31,Active,Standard,699812.12,False
6398,POL00006398,1,47,2,CUST0002344,2024-11-08,2025-10-31,Cancelled,Standard,678778.1,True
6399,POL00006399,5,81,4,CUST0003357,2026-01-18,2026-12-31,Active,Standard,642364.41,False
6400,POL00006400,6,90,2,CUST0003476,2025-04-29,2026-03-31,Expired,Standard,733913.04,False
6401,POL00006401,1,1,3,CUST0002877,2025-03-18,2027-02-28,Active,Standard,536226.08,False
6402,POL00006402,10,17,2,CUST0001372,2023-08-03,2024-07-31,Cancelled,Standard,2626050.93,True
6403,POL00006403,6,79,2,CUST0001416,2023-10-22,2024-09-30,Expired,Standard,634674.28,False
6404,POL00006404,2,70,2,CUST0001141,2023-07-13,2024-06-30,Expired,Basic,581386.28,False
6405,POL00006405,5,81,3,CUST0000926,2025-12-16,2026-11-30,Active,Premium,670048.23,False
6406,POL00006406,5,101,4,CUST0001306,2025-06-07,2027-05-31,Active,Basic,405483.94,False
6407,POL00006407,6,118,2,CUST0003084,2025-06-19,2026-05-31,Expired,Premium,802000.91,False
6408,POL00006408,8,75,1,CUST0001611,2024-07-20,2025-06-30,Expired,Standard,3692612.6,False
6409,POL00006409,1,79,3,CUST0002432,2025-05-22,2026-04-30,Expired,Standard,483101.26,False
6410,POL00006410,5,62,4,CUST0002168,2023-08-01,2024-07-31,Expired,Standard,566366.54,False
6411,POL00006411,6,51,2,CUST0002089,2023-09-04,2024-08-31,Expired,Basic,888657.22,False
6412,POL00006412,3,90,3,CUST0001670,2024-08-10,2025-07-31,Expired,Standard,1070872.66,False
6413,POL00006413,4,93,3,CUST0000615,2024-02-24,2025-01-31,Expired,Premium,1670032.49,False
6414,POL00006414,1,60,1,CUST0002825,2026-01-06,2026-12-31,Active,Standard,837323.14,False
6415,POL00006415,1,96,1,CUST0003599,2026-01-27,2026-12-31,Active,Premium,823741.09,False
6416,POL00006416,5,57,3,CUST0003703,2025-06-05,2026-05-31,Expired,Premium,475678.81,False
6417,POL00006417,6,74,1,CUST0000124,2023-09-24,2024-08-31,Expired,Basic,891759.34,False
6418,POL00006418,1,46,1,CUST0002954,2025-03-23,2026-02-28,Expired,Premium,817609.36,False
6419,POL00006419,5,39,3,CUST0002861,2025-01-06,2025-12-31,Expired,Premium,644085.32,False
6420,POL00006420,5,81,3,CUST0000378,2024-12-24,2025-11-30,Expired,Standard,561735.75,False
6421,POL00006421,2,115,2,CUST0003205,2025-10-10,2026-09-30,Active,Standard,569508.03,False
6422,POL00006422,1,69,2,CUST0001965,2025-04-11,2026-03-31,Expired,Basic,648423.69,False
6423,POL00006423,4,63,3,CUST0003506,2025-10-10,2026-09-30,Active,Standard,1417037.79,False
6424,POL00006424,3,105,4,CUST0000009,2024-09-10,2026-08-31,Active,Basic,1759067.68,False
6425,POL00006425,4,31,4,CUST0000097,2024-04-22,2025-03-31,Expired,Basic,1523483.63,False
6426,POL00006426,4,90,4,CUST0003707,2024-04-03,2025-03-31,Expired,Premium,1096881.11,False
6427,POL00006427,4,114,4,CUST0002254,2024-02-11,2025-01-31,Expired,Basic,986354.5,False
6428,POL00006428,6,40,2,CUST0001574,2024-05-29,2026-04-30,Expired,Standard,750418.3,False
6429,POL00006429,8,49,1,CUST0002411,2026-01-08,2026-12-31,Active,Premium,4292789.73,False
6430,POL00006430,1,28,2,CUST0002002,2024-11-10,2025-10-31,Expired,Standard,536962.61,False
6431,POL00006431,6,46,2,CUST0000769,2023-08-15,2024-07-31,Expired,Basic,680708.68,False
6432,POL00006432,3,25,2,CUST0002491,2024-06-20,2026-05-31,Expired,Basic,1521649.95,False
6433,POL00006433,6,35,2,CUST0001619,2023-12-13,2024-11-30,Expired,Standard,970850.07,False
6434,POL00006434,8,117,4,CUST0001587,2024-05-12,2025-04-30,Expired,Standard,6231512.56,False
6435,POL00006435,1,36,2,CUST0000535,2025-12-19,2026-11-30,Active,Premium,611882.49,False
6436,POL00006436,2,100,1,CUST0000749,2025-06-07,2026-05-31,Expired,Standard,579557.41,False
6437,POL00006437,3,46,1,CUST0000656,2025-04-27,2026-03-31,Cancelled,Premium,2039614.95,True
6438,POL00006438,1,26,3,CUST0001710,2024-04-15,2025-03-31,Expired,Basic,703728.18,False
6439,POL00006439,1,1,2,CUST0003987,2025-01-13,2026-12-31,Active,Standard,455081.28,False
6440,POL00006440,2,105,1,CUST0000411,2023-09-28,2024-08-31,Cancelled,Standard,506479.83,True
6441,POL00006441,6,86,4,CUST0002166,2024-03-24,2025-02-28,Expired,Standard,606643.54,False
6442,POL00006442,6,25,2,CUST0000005,2025-04-13,2026-03-31,Expired,Premium,1038306.16,False
6443,POL00006443,6,97,4,CUST0002415,2025-04-03,2026-03-31,Expired,Premium,561196.26,False
6444,POL00006444,6,62,1,CUST0003293,2024-08-31,2025-07-31,Expired,Premium,639875.45,False
6445,POL00006445,9,112,1,CUST0003865,2023-08-06,2024-07-31,Expired,Standard,8138610.64,False
6446,POL00006446,5,95,4,CUST0000464,2025-05-31,2027-04-30,Active,Premium,477262.88,False
6447,POL00006447,9,47,1,CUST0002028,2023-09-14,2024-08-31,Expired,Premium,7841017.21,False
6448,POL00006448,4,91,1,CUST0002613,2023-12-30,2024-11-30,Expired,Basic,1061197.17,False
6449,POL00006449,5,65,2,CUST0003908,2025-09-17,2026-08-31,Active,Standard,372637.07,False
6450,POL00006450,2,89,2,CUST0002091,2024-05-26,2026-04-30,Expired,Premium,611718.09,False
6451,POL00006451,1,36,3,CUST0003210,2025-06-17,2026-05-31,Expired,Premium,823660.08,False
6452,POL00006452,6,92,2,CUST0001971,2024-07-19,2025-06-30,Expired,Standard,621711.05,False
6453,POL00006453,7,31,1,CUST0000433,2025-07-23,2026-06-30,Active,Standard,400720.45,False
6454,POL00006454,5,6,2,CUST0003194,2023-10-16,2024-09-30,Expired,Standard,410534.83,False
6455,POL00006455,3,27,2,CUST0002725,2025-04-17,2026-03-31,Expired,Standard,1579457.09,False
6456,POL00006456,1,105,1,CUST0000888,2025-09-14,2026-08-31,Active,Premium,779440.4,False
6457,POL00006457,10,94,1,CUST0003780,2024-01-02,2024-12-31,Expired,Standard,1835817.63,False
6458,POL00006458,8,38,1,CUST0001254,2025-11-20,2026-10-31,Active,Standard,5626208.48,False
6459,POL00006459,7,110,4,CUST0000402,2024-07-24,2025-06-30,Expired,Premium,410304.22,False
6460,POL00006460,5,4,4,CUST0003722,2023-09-28,2024-08-31,Expired,Premium,495785.95,False
6461,POL00006461,4,33,4,CUST0002080,2024-10-13,2025-09-30,Cancelled,Standard,1272267.59,True
6462,POL00006462,6,111,1,CUST0003268,2025-08-22,2026-07-31,Cancelled,Standard,856683.41,True
6463,POL00006463,2,66,2,CUST0000025,2025-12-14,2026-11-30,Active,Premium,447744.59,False
6464,POL00006464,1,22,1,CUST0000284,2023-12-13,2024-11-30,Expired,Basic,503612.11,False
6465,POL00006465,5,28,2,CUST0003308,2025-03-29,2026-02-28,Expired,Premium,441432.25,False
6466,POL00006466,6,77,2,CUST0001165,2025-08-26,2026-07-31,Active,Standard,1028881.14,False
6467,POL00006467,1,120,1,CUST0000116,2024-06-26,2025-05-31,Expired,Basic,722218.04,False
6468,POL00006468,8,98,4,CUST0002074,2025-10-30,2026-09-30,Active,Basic,6907851.69,False
6469,POL00006469,1,53,1,CUST0001298,2023-08-15,2024-07-31,Expired,Standard,518863.85,False
6470,POL00006470,1,3,1,CUST0000142,2024-11-23,2025-10-31,Expired,Premium,619596.48,False
6471,POL00006471,2,90,4,CUST0003188,2025-04-06,2026-03-31,Expired,Basic,391201.55,False
6472,POL00006472,5,33,4,CUST0001235,2025-12-29,2026-11-30,Active,Standard,600699.88,False
6473,POL00006473,4,27,3,CUST0001037,2025-08-12,2026-07-31,Cancelled,Standard,1341460.03,True
6474,POL00006474,1,106,1,CUST0001472,2024-01-11,2024-12-31,Expired,Standard,770431.22,False
6475,POL00006475,4,83,3,CUST0001151,2024-08-21,2025-07-31,Cancelled,Basic,1413577.23,True
6476,POL00006476,2,4,2,CUST0002456,2025-03-25,2026-02-28,Expired,Standard,447487.73,False
6477,POL00006477,10,114,1,CUST0001516,2025-09-01,2026-08-31,Active,Standard,2068802.52,False
6478,POL00006478,1,68,1,CUST0002214,2026-02-12,2027-01-31,Active,Standard,904622.78,False
6479,POL00006479,2,52,2,CUST0000623,2023-09-11,2024-08-31,Expired,Basic,406851.69,False
6480,POL00006480,3,24,1,CUST0001646,2024-02-26,2025-01-31,Expired,Basic,1380113.65,False
6481,POL00006481,5,76,3,CUST0003839,2023-11-01,2024-10-31,Expired,Premium,676081.61,False
6482,POL00006482,8,63,1,CUST0002629,2024-07-21,2025-06-30,Expired,Standard,5162472.4,False
6483,POL00006483,8,68,1,CUST0002089,2023-07-17,2024-06-30,Expired,Basic,3667137.43,False
6484,POL00006484,6,52,2,CUST0001427,2024-11-19,2025-10-31,Expired,Standard,693769.32,False
6485,POL00006485,3,5,1,CUST0001407,2024-05-09,2026-04-30,Expired,Premium,1709274.71,False
6486,POL00006486,5,12,4,CUST0003651,2024-10-08,2025-09-30,Expired,Standard,400041.24,False
6487,POL00006487,1,76,1,CUST0002621,2023-10-03,2024-09-30,Expired,Standard,770986.56,False
6488,POL00006488,1,97,3,CUST0002852,2025-12-06,2026-11-30,Active,Standard,822850.23,False
6489,POL00006489,2,30,3,CUST0000594,2025-04-08,2027-03-31,Active,Basic,625874.66,False
6490,POL00006490,2,115,3,CUST0002157,2024-08-23,2025-07-31,Expired,Standard,507440.92,False
6491,POL00006491,6,58,2,CUST0003740,2025-12-28,2026-11-30,Active,Basic,986279.34,False
6492,POL00006492,6,105,3,CUST0000491,2023-08-03,2025-07-31,Expired,Basic,561052.24,False
6493,POL00006493,6,88,4,CUST0002063,2025-08-21,2026-07-31,Active,Premium,931630.98,False
6494,POL00006494,9,43,4,CUST0002512,2023-07-17,2024-06-30,Expired,Standard,5873262.37,False
6495,POL00006495,9,71,3,CUST0001219,2025-06-20,2026-05-31,Cancelled,Standard,6988339.06,True
6496,POL00006496,6,55,2,CUST0001489,2025-02-14,2026-01-31,Expired,Standard,763397.66,False
6497,POL00006497,1,83,1,CUST0002758,2025-04-07,2026-03-31,Expired,Premium,798283.9,False
6498,POL00006498,1,59,2,CUST0001135,2024-10-11,2025-09-30,Expired,Basic,544516.32,False
6499,POL00006499,7,64,2,CUST0001333,2024-07-14,2025-06-30,Expired,Premium,377431.07,False
6500,POL00006500,9,102,3,CUST0002366,2023-11-21,2024-10-31,Cancelled,Standard,10268824.42,True
6501,POL00006501,5,61,1,CUST0001995,2023-11-13,2024-10-31,Expired,Basic,461259.24,False
6502,POL00006502,1,67,1,CUST0000275,2024-11-15,2025-10-31,Expired,Basic,683330.05,False
6503,POL00006503,6,107,3,CUST0003484,2025-04-28,2026-03-31,Expired,Basic,666799.57,False
6504,POL00006504,2,85,1,CUST0000109,2024-10-08,2025-09-30,Expired,Basic,502190.32,False
6505,POL00006505,1,81,1,CUST0000951,2024-03-08,2025-02-28,Expired,Premium,475674.41,False
6506,POL00006506,5,39,2,CUST0000765,2025-12-21,2026-11-30,Active,Basic,383791.56,False
6507,POL00006507,6,99,2,CUST0002600,2025-11-19,2026-10-31,Active,Basic,1053622.86,False
6508,POL00006508,2,16,2,CUST0003951,2023-10-18,2025-09-30,Expired,Basic,454023.01,False
6509,POL00006509,1,76,1,CUST0000718,2026-01-03,2026-12-31,Active,Standard,489769.75,False
6510,POL00006510,1,63,2,CUST0000917,2025-04-04,2026-03-31,Expired,Premium,679447.52,False
6511,POL00006511,6,92,1,CUST0000922,2024-07-22,2025-06-30,Expired,Standard,977146.57,False
6512,POL00006512,3,90,2,CUST0002412,2025-01-12,2026-12-31,Active,Standard,2000964.97,False
6513,POL00006513,4,89,3,CUST0000251,2024-09-24,2026-08-31,Active,Standard,844208.86,False
6514,POL00006514,1,68,1,CUST0001719,2023-08-20,2024-07-31,Expired,Basic,589261.31,False
6515,POL00006515,5,20,3,CUST0003414,2024-05-05,2025-04-30,Expired,Premium,442001.85,False
6516,POL00006516,9,60,1,CUST0003483,2024-08-04,2025-07-31,Expired,Premium,5640660.87,False
6517,POL00006517,8,113,1,CUST0000226,2024-06-10,2025-05-31,Expired,Basic,4392866.84,False
6518,POL00006518,2,8,1,CUST0002742,2025-08-18,2026-07-31,Active,Standard,424717.08,False
6519,POL00006519,1,59,3,CUST0003050,2024-10-13,2025-09-30,Cancelled,Standard,654292.06,True
6520,POL00006520,9,84,3,CUST0003045,2024-05-29,2025-04-30,Expired,Premium,6548358.69,False
6521,POL00006521,1,43,4,CUST0003929,2025-02-02,2026-01-31,Expired,Standard,822910.83,False
6522,POL00006522,8,64,3,CUST0001041,2025-11-12,2027-10-31,Active,Standard,4394367.23,False
6523,POL00006523,3,104,3,CUST0003301,2025-05-09,2027-04-30,Active,Standard,1956458.57,False
6524,POL00006524,9,111,4,CUST0002782,2024-11-26,2025-10-31,Expired,Standard,9534502.35,False
6525,POL00006525,1,120,2,CUST0002401,2024-05-30,2025-04-30,Expired,Standard,694779.27,False
6526,POL00006526,5,61,1,CUST0002004,2025-04-30,2026-03-31,Expired,Basic,674940.43,False
6527,POL00006527,1,37,1,CUST0001168,2025-11-30,2026-10-31,Active,Standard,530599.45,False
6528,POL00006528,1,8,1,CUST0000718,2023-12-31,2024-11-30,Expired,Standard,636346.74,False
6529,POL00006529,1,21,4,CUST0001578,2023-11-19,2024-10-31,Expired,Standard,608836.23,False
6530,POL00006530,1,86,2,CUST0002321,2024-07-16,2026-06-30,Active,Standard,609751.27,False
6531,POL00006531,4,107,4,CUST0003608,2025-04-11,2026-03-31,Expired,Premium,1022093.29,False
6532,POL00006532,8,79,1,CUST0003695,2024-02-16,2025-01-31,Expired,Premium,6813332.13,False
6533,POL00006533,1,103,4,CUST0000382,2025-05-07,2026-04-30,Expired,Premium,795445.45,False
6534,POL00006534,3,92,2,CUST0000823,2025-03-28,2026-02-28,Expired,Standard,1636021.39,False
6535,POL00006535,2,65,3,CUST0000477,2024-07-31,2025-06-30,Expired,Basic,494112.68,False
6536,POL00006536,5,3,3,CUST0001654,2023-08-07,2024-07-31,Expired,Standard,585645.69,False
6537,POL00006537,3,50,2,CUST0001699,2024-04-06,2025-03-31,Cancelled,Standard,1286332.38,True
6538,POL00006538,7,57,2,CUST0001288,2024-11-12,2025-10-31,Expired,Standard,447977.73,False
6539,POL00006539,1,83,2,CUST0000824,2025-03-24,2026-02-28,Expired,Basic,661138.9,False
6540,POL00006540,8,36,1,CUST0002086,2024-07-25,2025-06-30,Expired,Standard,5129805.41,False
6541,POL00006541,5,27,3,CUST0000022,2023-08-01,2024-07-31,Expired,Standard,551729.55,False
6542,POL00006542,4,110,1,CUST0002104,2023-08-07,2024-07-31,Expired,Standard,1394521.36,False
6543,POL00006543,10,118,1,CUST0002781,2025-07-13,2026-06-30,Active,Standard,1546975.94,False
6544,POL00006544,2,66,1,CUST0002589,2023-08-20,2024-07-31,Expired,Standard,580122.34,False
6545,POL00006545,1,19,4,CUST0000116,2026-02-17,2027-01-31,Active,Premium,666288.15,False
6546,POL00006546,6,111,4,CUST0000491,2023-07-27,2024-06-30,Expired,Standard,692102.91,False
6547,POL00006547,6,49,4,CUST0000824,2024-11-01,2025-10-31,Expired,Basic,1115640.63,False
6548,POL00006548,6,88,3,CUST0002335,2026-01-23,2026-12-31,Active,Basic,1013443.41,False
6549,POL00006549,8,111,2,CUST0002123,2024-11-14,2025-10-31,Expired,Standard,4188526.2,False
6550,POL00006550,6,83,1,CUST0002472,2024-07-16,2025-06-30,Expired,Premium,886898.79,False
6551,POL00006551,2,105,4,CUST0002777,2024-03-20,2025-02-28,Expired,Basic,729304.57,False
6552,POL00006552,6,31,3,CUST0002668,2025-03-20,2026-02-28,Expired,Premium,764913.67,False
6553,POL00006553,1,72,3,CUST0000571,2025-05-01,2026-04-30,Expired,Standard,559440.55,False
6554,POL00006554,10,72,3,CUST0002620,2024-10-28,2025-09-30,Expired,Standard,2586398.79,False
6555,POL00006555,5,60,1,CUST0003122,2024-12-31,2025-11-30,Expired,Premium,604645.72,False
6556,POL00006556,6,33,1,CUST0002582,2024-11-20,2025-10-31,Expired,Premium,634908.18,False
6557,POL00006557,5,65,3,CUST0003510,2025-07-08,2027-06-30,Active,Basic,593581.35,False
6558,POL00006558,7,66,3,CUST0002933,2023-12-09,2024-11-30,Expired,Premium,402072.08,False
6559,POL00006559,5,21,3,CUST0001889,2023-10-21,2024-09-30,Cancelled,Premium,548940.09,True
6560,POL00006560,6,21,4,CUST0000820,2025-02-09,2026-01-31,Expired,Standard,654227.28,False
6561,POL00006561,4,75,2,CUST0000372,2025-10-20,2026-09-30,Active,Standard,1262408.51,False
6562,POL00006562,1,56,3,CUST0003474,2025-05-27,2026-04-30,Cancelled,Standard,901483.42,True
6563,POL00006563,5,85,1,CUST0002867,2025-10-28,2026-09-30,Active,Basic,371234.64,False
6564,POL00006564,7,70,3,CUST0003764,2025-05-26,2026-04-30,Expired,Standard,386454.9,False
6565,POL00006565,1,59,4,CUST0003265,2023-09-04,2025-08-31,Expired,Basic,510522.98,False
6566,POL00006566,4,89,3,CUST0001160,2023-07-18,2024-06-30,Expired,Standard,1672089.71,False
6567,POL00006567,6,65,3,CUST0000368,2025-10-22,2027-09-30,Active,Premium,667150.68,False
6568,POL00006568,8,105,3,CUST0002603,2023-08-25,2024-07-31,Expired,Basic,5801958.91,False
6569,POL00006569,2,97,2,CUST0001430,2025-11-25,2026-10-31,Active,Standard,750681.47,False
6570,POL00006570,1,25,3,CUST0002108,2024-05-04,2025-04-30,Expired,Standard,865658.07,False
6571,POL00006571,2,79,1,CUST0001458,2025-08-22,2026-07-31,Active,Standard,498368.99,False
6572,POL00006572,1,43,1,CUST0001305,2024-12-18,2025-11-30,Expired,Premium,535662.14,False
6573,POL00006573,5,115,2,CUST0003493,2023-11-02,2024-10-31,Expired,Basic,661857.84,False
6574,POL00006574,6,95,4,CUST0000427,2024-09-14,2025-08-31,Expired,Standard,760788.3,False
6575,POL00006575,1,104,3,CUST0002335,2024-04-20,2025-03-31,Expired,Basic,548464.52,False
6576,POL00006576,4,3,4,CUST0003405,2023-09-10,2024-08-31,Expired,Premium,1484391.02,False
6577,POL00006577,8,100,1,CUST0000510,2025-02-06,2026-01-31,Expired,Premium,6084637.24,False
6578,POL00006578,2,94,2,CUST0003946,2025-03-06,2026-02-28,Expired,Standard,680386.35,False
6579,POL00006579,4,74,1,CUST0002312,2025-04-09,2026-03-31,Expired,Basic,1000486.06,False
6580,POL00006580,2,49,1,CUST0003438,2024-01-16,2025-12-31,Expired,Standard,550465.39,False
6581,POL00006581,3,48,3,CUST0002872,2024-09-16,2025-08-31,Expired,Standard,1658925.65,False
6582,POL00006582,2,7,1,CUST0001560,2023-11-15,2024-10-31,Expired,Standard,613218.36,False
6583,POL00006583,2,21,3,CUST0003489,2025-09-29,2026-08-31,Active,Premium,617989.52,False
6584,POL00006584,6,62,2,CUST0000132,2025-10-18,2026-09-30,Active,Standard,585674.14,False
6585,POL00006585,9,47,3,CUST0002993,2024-07-10,2025-06-30,Expired,Basic,7650324.01,False
6586,POL00006586,6,119,4,CUST0001585,2026-01-13,2026-12-31,Active,Premium,875020.96,False
6587,POL00006587,1,52,3,CUST0003751,2023-07-19,2025-06-30,Expired,Basic,529864.37,False
6588,POL00006588,6,7,1,CUST0002081,2025-06-20,2026-05-31,Expired,Standard,677578.36,False
6589,POL00006589,1,78,2,CUST0003689,2025-12-28,2026-11-30,Active,Standard,537069.14,False
6590,POL00006590,2,92,4,CUST0002520,2024-04-05,2025-03-31,Expired,Basic,414938.85,False
6591,POL00006591,8,115,4,CUST0003357,2024-01-26,2025-12-31,Expired,Standard,6959229.56,False
6592,POL00006592,4,118,2,CUST0002704,2024-05-07,2025-04-30,Expired,Premium,932228.04,False
6593,POL00006593,3,57,2,CUST0001839,2025-01-18,2025-12-31,Expired,Standard,1135328.59,False
6594,POL00006594,1,40,1,CUST0001695,2023-08-21,2024-07-31,Expired,Standard,606141.77,False
6595,POL00006595,9,111,4,CUST0001480,2023-07-14,2024-06-30,Expired,Standard,9638747.01,False
6596,POL00006596,5,80,4,CUST0000408,2023-12-11,2024-11-30,Expired,Basic,573510.42,False
6597,POL00006597,1,101,1,CUST0000671,2023-08-31,2025-07-31,Expired,Standard,576270.55,False
6598,POL00006598,1,113,2,CUST0001912,2023-10-21,2024-09-30,Expired,Basic,462534.68,False
6599,POL00006599,2,23,2,CUST0002501,2025-11-15,2026-10-31,Active,Basic,414800.32,False
6600,POL00006600,6,90,1,CUST0003973,2024-03-31,2025-02-28,Expired,Basic,572310.34,False
6601,POL00006601,8,43,1,CUST0001260,2024-11-28,2025-10-31,Expired,Standard,5360394.72,False
6602,POL00006602,1,31,1,CUST0001700,2024-05-17,2025-04-30,Expired,Standard,628055.27,False
6603,POL00006603,7,80,2,CUST0000019,2026-02-15,2027-01-31,Active,Premium,395929.87,False
6604,POL00006604,1,74,2,CUST0001696,2024-12-02,2025-11-30,Expired,Premium,491386.58,False
6605,POL00006605,6,58,4,CUST0003275,2023-10-12,2024-09-30,Expired,Premium,1044614.46,False
6606,POL00006606,9,50,2,CUST0001360,2023-11-25,2024-10-31,Expired,Basic,9147949.5,False
6607,POL00006607,1,70,1,CUST0002970,2026-02-05,2027-01-31,Active,Standard,653041.6,False
6608,POL00006608,3,13,4,CUST0001091,2024-06-25,2025-05-31,Expired,Standard,1401440.13,False
6609,POL00006609,3,35,4,CUST0003067,2024-02-29,2025-01-31,Expired,Standard,1207287.49,False
6610,POL00006610,4,70,3,CUST0001655,2025-05-25,2026-04-30,Expired,Premium,1365081.3,False
6611,POL00006611,2,99,3,CUST0001258,2024-06-05,2025-05-31,Expired,Basic,406625.45,False
6612,POL00006612,1,5,2,CUST0000724,2023-07-13,2024-06-30,Expired,Basic,457653.49,False
6613,POL00006613,1,91,2,CUST0001156,2025-01-22,2025-12-31,Expired,Premium,639599.71,False
6614,POL00006614,2,52,1,CUST0002842,2025-01-19,2025-12-31,Expired,Standard,595564.13,False
6615,POL00006615,2,98,4,CUST0000773,2024-10-27,2025-09-30,Expired,Standard,508891.23,False
6616,POL00006616,4,113,3,CUST0000305,2024-06-30,2025-05-31,Expired,Standard,1458043.99,False
6617,POL00006617,3,56,2,CUST0002295,2024-06-16,2025-05-31,Expired,Standard,1990422.46,False
6618,POL00006618,8,29,4,CUST0000922,2024-06-19,2025-05-31,Expired,Premium,4395008.27,False
6619,POL00006619,9,101,1,CUST0001323,2024-06-15,2025-05-31,Expired,Standard,6021583.76,False
6620,POL00006620,9,46,1,CUST0002807,2025-04-05,2027-03-31,Active,Premium,10204678.99,False
6621,POL00006621,1,54,3,CUST0002695,2024-08-20,2025-07-31,Expired,Basic,818939.85,False
6622,POL00006622,5,50,2,CUST0001385,2025-11-22,2026-10-31,Active,Premium,625103.08,False
6623,POL00006623,8,87,3,CUST0002429,2025-12-10,2026-11-30,Active,Basic,5248765.57,False
6624,POL00006624,6,104,3,CUST0002776,2023-11-14,2024-10-31,Expired,Basic,653503.86,False
6625,POL00006625,1,40,4,CUST0002304,2024-09-22,2025-08-31,Expired,Basic,485331.47,False
6626,POL00006626,4,2,1,CUST0001609,2025-06-23,2026-05-31,Expired,Premium,876316.63,False
6627,POL00006627,3,18,1,CUST0000080,2025-12-20,2027-11-30,Active,Basic,1165363.14,False
6628,POL00006628,1,12,1,CUST0000655,2023-09-12,2024-08-31,Expired,Standard,644770.86,False
6629,POL00006629,8,69,2,CUST0001973,2024-04-05,2026-03-31,Expired,Basic,5666447.59,False
6630,POL00006630,4,34,3,CUST0002263,2024-03-06,2025-02-28,Expired,Basic,1171520.42,False
6631,POL00006631,3,95,3,CUST0000330,2025-04-30,2026-03-31,Expired,Standard,2096287.02,False
6632,POL00006632,5,4,3,CUST0002340,2025-06-22,2026-05-31,Expired,Standard,657075.38,False
6633,POL00006633,1,43,2,CUST0000040,2025-05-25,2026-04-30,Expired,Basic,574523.2,False
6634,POL00006634,5,80,1,CUST0001965,2025-10-29,2026-09-30,Active,Standard,410665.04,False
6635,POL00006635,2,100,4,CUST0002578,2024-12-25,2025-11-30,Expired,Standard,735899.88,False
6636,POL00006636,1,105,3,CUST0003351,2024-02-24,2025-01-31,Expired,Standard,595015.83,False
6637,POL00006637,10,116,3,CUST0000705,2024-04-09,2025-03-31,Expired,Standard,1693146.98,False
6638,POL00006638,7,74,3,CUST0001178,2025-12-06,2027-11-30,Cancelled,Standard,368791.26,True
6639,POL00006639,9,73,4,CUST0000663,2025-11-06,2026-10-31,Active,Standard,7597844.15,False
6640,POL00006640,6,109,3,CUST0000516,2024-03-04,2025-02-28,Expired,Basic,1090085.08,False
6641,POL00006641,5,65,1,CUST0002022,2024-09-30,2025-08-31,Expired,Premium,403763.14,False
6642,POL00006642,1,20,3,CUST0000763,2026-03-01,2027-02-28,Active,Standard,533718.92,False
6643,POL00006643,8,33,2,CUST0000741,2025-09-21,2026-08-31,Active,Basic,5184325.69,False
6644,POL00006644,3,47,2,CUST0001697,2024-12-05,2025-11-30,Expired,Standard,1962626.28,False
6645,POL00006645,10,108,1,CUST0002893,2024-08-04,2025-07-31,Expired,Standard,2628855.6,False
6646,POL00006646,2,113,2,CUST0002140,2026-01-01,2026-12-31,Active,Basic,404670.66,False
6647,POL00006647,5,119,2,CUST0002037,2025-04-16,2026-03-31,Expired,Basic,625216.69,False
6648,POL00006648,1,49,1,CUST0003447,2026-02-15,2027-01-31,Active,Premium,485465.57,False
6649,POL00006649,9,100,2,CUST0003247,2025-05-11,2026-04-30,Expired,Standard,5948171.63,False
6650,POL00006650,1,52,1,CUST0002368,2026-02-09,2027-01-31,Active,Basic,896695.63,False
6651,POL00006651,3,83,3,CUST0000832,2023-09-12,2024-08-31,Expired,Basic,1599750.8,False
6652,POL00006652,1,18,3,CUST0002478,2024-10-08,2025-09-30,Expired,Standard,673955.68,False
6653,POL00006653,2,5,1,CUST0003650,2024-03-16,2026-02-28,Expired,Standard,579072.37,False
6654,POL00006654,6,90,3,CUST0001213,2024-09-29,2025-08-31,Expired,Premium,1071238.38,False
6655,POL00006655,8,65,2,CUST0002759,2023-11-27,2024-10-31,Expired,Basic,5670772.4,False
6656,POL00006656,1,120,2,CUST0001565,2024-04-03,2025-03-31,Expired,Standard,553721.13,False
6657,POL00006657,8,20,2,CUST0000196,2024-12-19,2025-11-30,Expired,Basic,5573209.12,False
6658,POL00006658,8,81,3,CUST0003658,2024-03-01,2025-02-28,Expired,Standard,5240141.62,False
6659,POL00006659,7,16,2,CUST0002053,2023-08-04,2024-07-31,Cancelled,Basic,483763.92,True
6660,POL00006660,2,100,2,CUST0002189,2025-12-08,2026-11-30,Active,Basic,700688.74,False
6661,POL00006661,6,83,1,CUST0002492,2024-03-12,2025-02-28,Expired,Premium,1029132.43,False
6662,POL00006662,7,56,3,CUST0001198,2025-05-14,2026-04-30,Expired,Standard,347843.07,False
6663,POL00006663,2,74,3,CUST0002984,2024-01-08,2024-12-31,Expired,Standard,520585.02,False
6664,POL00006664,3,109,2,CUST0000866,2024-07-14,2025-06-30,Expired,Premium,1986587.46,False
6665,POL00006665,3,111,1,CUST0003951,2023-11-05,2024-10-31,Expired,Standard,1968643.39,False
6666,POL00006666,5,30,1,CUST0002253,2025-07-30,2026-06-30,Active,Standard,383160.84,False
6667,POL00006667,1,102,3,CUST0002461,2025-01-28,2026-12-31,Active,Standard,697855.09,False
6668,POL00006668,1,80,2,CUST0000488,2023-08-19,2024-07-31,Expired,Standard,846509.42,False
6669,POL00006669,8,90,3,CUST0000798,2025-07-13,2026-06-30,Active,Standard,4553670.04,False
6670,POL00006670,9,46,3,CUST0000427,2025-01-22,2025-12-31,Expired,Premium,8846900.14,False
6671,POL00006671,1,23,3,CUST0003785,2025-03-31,2026-02-28,Expired,Standard,879192.29,False
6672,POL00006672,1,112,2,CUST0000795,2025-01-04,2025-12-31,Expired,Standard,455292.96,False
6673,POL00006673,6,114,1,CUST0000509,2024-03-24,2025-02-28,Expired,Basic,1040988.09,False
6674,POL00006674,9,50,1,CUST0000691,2026-01-05,2026-12-31,Active,Basic,5495067.82,False
6675,POL00006675,8,16,1,CUST0000372,2024-08-04,2025-07-31,Expired,Standard,5150252.12,False
6676,POL00006676,5,84,1,CUST0002291,2024-01-04,2025-12-31,Expired,Standard,495629.64,False
6677,POL00006677,5,47,3,CUST0001028,2024-10-08,2025-09-30,Expired,Standard,606371.92,False
6678,POL00006678,2,48,2,CUST0001728,2025-08-02,2026-07-31,Active,Standard,464853.8,False
6679,POL00006679,6,81,1,CUST0003051,2023-07-01,2024-06-30,Cancelled,Basic,583033.8,True
6680,POL00006680,1,73,3,CUST0001426,2025-02-20,2026-01-31,Expired,Standard,771860.68,False
6681,POL00006681,1,118,3,CUST0000556,2024-11-06,2026-10-31,Active,Standard,801319.56,False
6682,POL00006682,6,4,2,CUST0000703,2023-07-29,2024-06-30,Cancelled,Basic,833125.2,True
6683,POL00006683,6,2,1,CUST0002238,2023-12-02,2024-11-30,Expired,Premium,613225.13,False
6684,POL00006684,6,101,1,CUST0001352,2024-04-01,2025-03-31,Expired,Standard,939587.71,False
6685,POL00006685,6,102,1,CUST0003637,2025-06-03,2026-05-31,Cancelled,Basic,751652.83,True
6686,POL00006686,1,5,2,CUST0003699,2025-03-13,2026-02-28,Expired,Basic,849984.03,False
6687,POL00006687,1,68,1,CUST0003742,2023-10-06,2024-09-30,Expired,Standard,798491.2,False
6688,POL00006688,6,35,1,CUST0000162,2025-11-13,2026-10-31,Active,Basic,621480.35,False
6689,POL00006689,2,17,4,CUST0003529,2025-10-12,2027-09-30,Active,Basic,602760.39,False
6690,POL00006690,1,73,3,CUST0003824,2025-09-09,2026-08-31,Active,Basic,671416.49,False
6691,POL00006691,1,70,3,CUST0002900,2023-09-08,2024-08-31,Expired,Standard,768063.75,False
6692,POL00006692,4,41,4,CUST0003502,2025-11-19,2027-10-31,Active,Standard,1498762.12,False
6693,POL00006693,9,5,1,CUST0001241,2026-02-18,2027-01-31,Active,Standard,6812412.94,False
6694,POL00006694,1,14,3,CUST0002216,2024-11-18,2025-10-31,Expired,Standard,519299.64,False
6695,POL00006695,1,28,2,CUST0000713,2024-07-22,2026-06-30,Active,Standard,575870.86,False
6696,POL00006696,1,96,2,CUST0003977,2025-04-15,2026-03-31,Expired,Basic,665276.81,False
6697,POL00006697,6,72,1,CUST0000320,2025-07-19,2026-06-30,Active,Standard,700149.8,False
6698,POL00006698,6,111,2,CUST0003845,2023-07-12,2024-06-30,Expired,Standard,1027440.62,False
6699,POL00006699,5,51,3,CUST0002193,2025-12-29,2026-11-30,Active,Premium,372184.68,False
6700,POL00006700,7,87,2,CUST0000445,2023-07-20,2024-06-30,Cancelled,Standard,453940.2,True
6701,POL00006701,4,103,2,CUST0003329,2024-08-10,2025-07-31,Expired,Premium,1440633.31,False
6702,POL00006702,9,36,4,CUST0003792,2026-01-10,2026-12-31,Active,Standard,6968671.1,False
6703,POL00006703,2,45,2,CUST0000685,2025-12-28,2026-11-30,Active,Standard,495242.57,False
6704,POL00006704,6,2,2,CUST0000950,2025-04-07,2026-03-31,Expired,Standard,846887.53,False
6705,POL00006705,10,24,1,CUST0002107,2024-09-28,2025-08-31,Expired,Standard,2426763.71,False
6706,POL00006706,2,104,4,CUST0001051,2025-09-25,2026-08-31,Active,Standard,563613.98,False
6707,POL00006707,4,81,1,CUST0000488,2024-10-28,2025-09-30,Expired,Standard,1131833.04,False
6708,POL00006708,2,99,3,CUST0003889,2024-03-16,2025-02-28,Expired,Premium,660931.61,False
6709,POL00006709,2,58,1,CUST0002146,2024-11-13,2025-10-31,Expired,Premium,496837.9,False
6710,POL00006710,1,60,2,CUST0003445,2023-12-19,2024-11-30,Expired,Standard,615803.94,False
6711,POL00006711,1,92,2,CUST0001287,2026-02-15,2027-01-31,Active,Basic,710769.71,False
6712,POL00006712,9,23,3,CUST0002502,2024-06-26,2025-05-31,Expired,Premium,7911718.21,False
6713,POL00006713,6,20,3,CUST0000820,2025-12-23,2026-11-30,Active,Standard,872217.82,False
6714,POL00006714,3,75,1,CUST0001737,2024-03-25,2025-02-28,Expired,Basic,1557586.75,False
6715,POL00006715,2,22,1,CUST0003693,2025-02-27,2026-01-31,Expired,Premium,717797.74,False
6716,POL00006716,3,61,2,CUST0001562,2025-03-04,2026-02-28,Expired,Premium,1114724.34,False
6717,POL00006717,2,95,1,CUST0003297,2023-08-29,2024-07-31,Expired,Standard,729330.3,False
6718,POL00006718,7,83,2,CUST0000806,2024-11-08,2025-10-31,Expired,Standard,281778.3,False
6719,POL00006719,3,120,2,CUST0000369,2024-04-15,2025-03-31,Expired,Premium,1890767.29,False
6720,POL00006720,7,98,3,CUST0003040,2026-02-23,2027-01-31,Active,Standard,353572.25,False
6721,POL00006721,3,109,4,CUST0002062,2025-05-06,2026-04-30,Expired,Standard,1778674.57,False
6722,POL00006722,6,23,3,CUST0000978,2026-02-13,2027-01-31,Active,Standard,1092806.97,False
6723,POL00006723,10,64,3,CUST0000289,2024-08-06,2025-07-31,Expired,Standard,2339007.8,False
6724,POL00006724,1,116,2,CUST0002305,2024-06-27,2025-05-31,Expired,Standard,472918.42,False
6725,POL00006725,2,58,4,CUST0001093,2024-10-09,2025-09-30,Expired,Basic,481570.15,False
6726,POL00006726,6,116,2,CUST0002590,2024-01-20,2024-12-31,Expired,Standard,930054.56,False
6727,POL00006727,1,89,1,CUST0003851,2023-07-26,2024-06-30,Expired,Standard,560620.61,False
6728,POL00006728,1,55,4,CUST0003328,2024-03-30,2025-02-28,Expired,Standard,678366.17,False
6729,POL00006729,5,24,1,CUST0003361,2024-01-29,2024-12-31,Expired,Premium,409578.49,False
6730,POL00006730,3,51,1,CUST0000969,2026-01-03,2026-12-31,Active,Basic,1074352.12,False
6731,POL00006731,4,73,4,CUST0002485,2025-08-29,2026-07-31,Active,Premium,1195660.86,False
6732,POL00006732,6,110,1,CUST0001777,2024-05-01,2026-04-30,Expired,Basic,709668.32,False
6733,POL00006733,1,27,1,CUST0001426,2024-08-19,2025-07-31,Expired,Premium,904493.54,False
6734,POL00006734,10,56,3,CUST0000241,2024-06-21,2025-05-31,Expired,Premium,1537873.12,False
6735,POL00006735,4,73,3,CUST0002681,2026-02-13,2028-01-31,Active,Basic,1012421.02,False
6736,POL00006736,8,34,3,CUST0003769,2023-08-08,2024-07-31,Expired,Standard,5031312.96,False
6737,POL00006737,6,74,3,CUST0002643,2025-08-08,2026-07-31,Cancelled,Basic,926381.59,True
6738,POL00006738,1,54,1,CUST0003774,2025-12-01,2026-11-30,Active,Standard,521774.26,False
6739,POL00006739,1,97,2,CUST0002728,2024-03-31,2026-02-28,Cancelled,Standard,843625.84,True
6740,POL00006740,4,4,2,CUST0000864,2024-09-06,2025-08-31,Expired,Standard,878540.79,False
6741,POL00006741,3,58,3,CUST0002032,2025-05-02,2027-04-30,Active,Basic,1120168.93,False
6742,POL00006742,3,56,2,CUST0002687,2023-09-09,2024-08-31,Expired,Standard,1800716.38,False
6743,POL00006743,3,112,3,CUST0003017,2026-02-13,2027-01-31,Active,Standard,1949697.81,False
6744,POL00006744,1,77,3,CUST0002491,2024-07-10,2025-06-30,Expired,Standard,586708.68,False
6745,POL00006745,1,43,3,CUST0003655,2023-09-02,2024-08-31,Expired,Basic,508510.71,False
6746,POL00006746,4,118,1,CUST0000616,2023-11-23,2024-10-31,Expired,Standard,1003433.03,False
6747,POL00006747,8,108,3,CUST0000355,2025-08-29,2026-07-31,Active,Standard,4047434.61,False
6748,POL00006748,1,1,4,CUST0002460,2024-08-02,2025-07-31,Expired,Standard,630123.94,False
6749,POL00006749,6,79,4,CUST0000859,2025-07-07,2026-06-30,Active,Standard,1034833.25,False
6750,POL00006750,6,25,3,CUST0001911,2025-10-23,2026-09-30,Cancelled,Premium,620160.53,True
6751,POL00006751,2,42,2,CUST0001447,2024-05-17,2025-04-30,Expired,Standard,421649.23,False
6752,POL00006752,5,53,4,CUST0000727,2024-11-17,2025-10-31,Expired,Basic,484966.1,False
6753,POL00006753,8,45,2,CUST0003364,2024-03-22,2026-02-28,Expired,Standard,6122614.83,False
6754,POL00006754,8,77,1,CUST0002160,2023-08-20,2024-07-31,Expired,Standard,3992412.31,False
6755,POL00006755,10,9,2,CUST0002785,2024-10-18,2025-09-30,Expired,Standard,2763462.51,False
6756,POL00006756,1,63,3,CUST0000591,2026-01-07,2026-12-31,Active,Premium,808382.15,False
6757,POL00006757,1,60,3,CUST0000428,2025-01-30,2025-12-31,Expired,Standard,601672.79,False
6758,POL00006758,1,65,4,CUST0003589,2024-03-06,2025-02-28,Expired,Standard,840786.16,False
6759,POL00006759,8,117,2,CUST0000166,2025-08-31,2026-07-31,Active,Standard,5929500.63,False
6760,POL00006760,1,37,1,CUST0000569,2024-08-23,2025-07-31,Expired,Premium,837893.83,False
6761,POL00006761,4,82,4,CUST0003171,2025-01-21,2026-12-31,Active,Standard,1070913.73,False
6762,POL00006762,6,96,1,CUST0000232,2025-08-30,2026-07-31,Active,Standard,655645.05,False
6763,POL00006763,3,27,1,CUST0002581,2025-09-09,2026-08-31,Active,Standard,1782964.93,False
6764,POL00006764,3,109,1,CUST0000436,2024-06-17,2025-05-31,Expired,Standard,1529046.82,False
6765,POL00006765,3,77,1,CUST0000655,2025-11-26,2026-10-31,Active,Standard,1428468.23,False
6766,POL00006766,8,48,2,CUST0000018,2025-10-09,2027-09-30,Active,Basic,3943052.31,False
6767,POL00006767,2,91,3,CUST0002308,2026-01-01,2026-12-31,Active,Standard,547157.53,False
6768,POL00006768,1,96,4,CUST0001026,2024-01-12,2024-12-31,Expired,Standard,838966.78,False
6769,POL00006769,5,27,3,CUST0003511,2025-01-25,2025-12-31,Cancelled,Standard,661148.87,True
6770,POL00006770,7,79,4,CUST0000626,2024-10-06,2025-09-30,Expired,Basic,328623.84,False
6771,POL00006771,1,80,4,CUST0001263,2026-02-07,2028-01-31,Active,Standard,502299.77,False
6772,POL00006772,9,118,3,CUST0000573,2024-05-01,2026-04-30,Expired,Premium,7916231.3,False
6773,POL00006773,2,21,2,CUST0002319,2024-10-27,2026-09-30,Active,Standard,737343.16,False
6774,POL00006774,4,33,3,CUST0002060,2025-03-20,2026-02-28,Expired,Basic,1440529.28,False
6775,POL00006775,9,80,1,CUST0002685,2023-08-28,2024-07-31,Expired,Standard,7688569.76,False
6776,POL00006776,4,88,3,CUST0003403,2023-09-05,2024-08-31,Expired,Standard,1177564.11,False
6777,POL00006777,1,36,3,CUST0002191,2025-02-26,2026-01-31,Expired,Premium,585787.31,False
6778,POL00006778,2,88,1,CUST0002114,2025-06-12,2026-05-31,Expired,Standard,761352.48,False
6779,POL00006779,8,73,4,CUST0003548,2023-07-28,2024-06-30,Expired,Standard,6923399.9,False
6780,POL00006780,5,49,1,CUST0002517,2023-11-26,2025-10-31,Expired,Standard,520616.46,False
6781,POL00006781,3,7,2,CUST0000329,2025-09-07,2026-08-31,Active,Standard,1171488.57,False
6782,POL00006782,1,6,4,CUST0001029,2025-08-15,2027-07-31,Active,Standard,824480.4,False
6783,POL00006783,1,17,4,CUST0002389,2025-03-29,2026-02-28,Expired,Standard,560542.2,False
6784,POL00006784,2,108,3,CUST0000137,2025-04-19,2027-03-31,Active,Basic,762779.4,False
6785,POL00006785,6,97,3,CUST0002997,2024-10-31,2025-09-30,Expired,Standard,773141.69,False
6786,POL00006786,1,52,3,CUST0000872,2024-09-11,2025-08-31,Expired,Basic,610805.25,False
6787,POL00006787,1,120,1,CUST0002440,2025-09-01,2026-08-31,Active,Basic,688914.44,False
6788,POL00006788,1,33,2,CUST0002728,2025-06-16,2026-05-31,Cancelled,Standard,549073.59,True
6789,POL00006789,1,47,4,CUST0001586,2023-12-23,2024-11-30,Expired,Standard,665699.81,False
6790,POL00006790,1,67,1,CUST0003853,2025-11-01,2026-10-31,Active,Standard,748804.99,False
6791,POL00006791,3,99,3,CUST0003540,2024-12-08,2025-11-30,Expired,Premium,1318330.77,False
6792,POL00006792,7,17,1,CUST0003465,2024-05-20,2025-04-30,Expired,Basic,283317.12,False
6793,POL00006793,6,3,2,CUST0002708,2026-01-07,2026-12-31,Active,Standard,741838.13,False
6794,POL00006794,2,108,2,CUST0001593,2023-11-06,2024-10-31,Cancelled,Standard,750108.25,True
6795,POL00006795,7,52,4,CUST0003190,2025-05-26,2026-04-30,Expired,Standard,536469.63,False
6796,POL00006796,5,50,2,CUST0000077,2025-07-10,2026-06-30,Active,Standard,366298.84,False
6797,POL00006797,9,59,4,CUST0003803,2025-05-25,2026-04-30,Expired,Premium,5568138.63,False
6798,POL00006798,1,29,3,CUST0001528,2023-08-21,2025-07-31,Expired,Premium,591044.52,False
6799,POL00006799,3,97,3,CUST0002882,2026-02-05,2027-01-31,Active,Standard,1748542.08,False
6800,POL00006800,3,23,2,CUST0001685,2024-09-29,2025-08-31,Expired,Basic,1076686.54,False
6801,POL00006801,3,76,1,CUST0003896,2025-04-10,2026-03-31,Expired,Basic,1180060.38,False
6802,POL00006802,1,80,1,CUST0003056,2025-02-27,2026-01-31,Expired,Basic,561960.79,False
6803,POL00006803,8,7,3,CUST0000162,2023-12-31,2024-11-30,Expired,Standard,5538113.71,False
6804,POL00006804,9,35,4,CUST0002607,2025-10-29,2027-09-30,Active,Standard,6872307.59,False
6805,POL00006805,1,57,1,CUST0002817,2025-12-03,2026-11-30,Active,Standard,563520.39,False
6806,POL00006806,3,3,3,CUST0002720,2025-08-18,2026-07-31,Active,Basic,1326804.14,False
6807,POL00006807,1,100,4,CUST0000255,2024-09-16,2025-08-31,Expired,Standard,607353.2,False
6808,POL00006808,3,26,3,CUST0003657,2025-01-10,2025-12-31,Expired,Basic,1890928.2,False
6809,POL00006809,2,85,1,CUST0003501,2024-07-19,2025-06-30,Expired,Standard,449591.13,False
6810,POL00006810,3,118,4,CUST0000368,2025-02-15,2026-01-31,Expired,Standard,1572196.48,False
6811,POL00006811,2,114,1,CUST0003462,2024-06-21,2025-05-31,Expired,Standard,713622.37,False
6812,POL00006812,5,78,1,CUST0003001,2025-10-11,2026-09-30,Active,Standard,661209.01,False
6813,POL00006813,1,84,2,CUST0002068,2023-10-25,2024-09-30,Expired,Basic,832417.4,False
6814,POL00006814,5,10,1,CUST0000427,2024-07-15,2025-06-30,Expired,Basic,372717.37,False
6815,POL00006815,2,108,3,CUST0001774,2025-10-08,2026-09-30,Active,Standard,635281.08,False
6816,POL00006816,1,35,3,CUST0002726,2024-02-08,2025-01-31,Expired,Basic,604175.55,False
6817,POL00006817,5,100,3,CUST0001616,2024-01-06,2024-12-31,Expired,Premium,453617.59,False
6818,POL00006818,8,106,2,CUST0003484,2025-12-29,2026-11-30,Active,Standard,5921262.91,False
6819,POL00006819,10,8,2,CUST0000559,2023-07-08,2024-06-30,Expired,Standard,2221144.66,False
6820,POL00006820,1,106,2,CUST0000578,2024-07-10,2025-06-30,Expired,Standard,658893.25,False
6821,POL00006821,1,70,4,CUST0001436,2025-02-11,2026-01-31,Cancelled,Standard,674488.82,True
6822,POL00006822,3,65,2,CUST0001802,2024-05-20,2025-04-30,Cancelled,Standard,1859862.73,True
6823,POL00006823,2,23,4,CUST0001620,2026-02-17,2027-01-31,Active,Standard,485523.49,False
6824,POL00006824,2,9,1,CUST0003690,2023-08-02,2025-07-31,Expired,Standard,743236.1,False
6825,POL00006825,6,80,1,CUST0000314,2026-01-14,2026-12-31,Cancelled,Basic,1006225.24,True
6826,POL00006826,8,16,3,CUST0000142,2024-01-25,2024-12-31,Expired,Basic,5528649.68,False
6827,POL00006827,10,107,3,CUST0002991,2024-10-24,2025-09-30,Expired,Premium,1451737.91,False
6828,POL00006828,5,12,1,CUST0002085,2023-12-10,2024-11-30,Expired,Standard,647048.06,False
6829,POL00006829,4,95,3,CUST0001202,2023-10-31,2024-09-30,Expired,Standard,1532064.5,False
6830,POL00006830,1,14,1,CUST0002601,2025-02-02,2026-01-31,Expired,Basic,465851.67,False
6831,POL00006831,1,95,1,CUST0003428,2026-01-11,2026-12-31,Active,Standard,907703.92,False
6832,POL00006832,1,75,2,CUST0000239,2025-03-24,2026-02-28,Expired,Premium,577913.14,False
6833,POL00006833,6,18,3,CUST0003774,2024-11-08,2025-10-31,Expired,Basic,676858.21,False
6834,POL00006834,5,14,4,CUST0000537,2025-01-28,2025-12-31,Expired,Standard,689157.67,False
6835,POL00006835,6,114,3,CUST0001341,2024-09-23,2025-08-31,Expired,Standard,823046.29,False
6836,POL00006836,1,62,3,CUST0001435,2025-04-30,2026-03-31,Cancelled,Standard,618808.8,True
6837,POL00006837,1,115,2,CUST0001066,2024-08-03,2025-07-31,Expired,Premium,476797.37,False
6838,POL00006838,5,62,1,CUST0000277,2024-02-29,2025-01-31,Expired,Standard,689958.85,False
6839,POL00006839,1,107,4,CUST0001176,2026-01-06,2026-12-31,Active,Premium,567773.26,False
6840,POL00006840,6,61,3,CUST0003333,2023-07-09,2024-06-30,Expired,Standard,750154.69,False
6841,POL00006841,5,117,2,CUST0003836,2024-09-20,2025-08-31,Expired,Standard,689798.12,False
6842,POL00006842,5,33,2,CUST0002396,2025-07-04,2026-06-30,Active,Standard,641231.69,False
6843,POL00006843,2,29,3,CUST0002580,2025-11-02,2026-10-31,Active,Premium,482192.66,False
6844,POL00006844,5,90,2,CUST0003901,2023-12-07,2024-11-30,Expired,Premium,414792.78,False
6845,POL00006845,6,8,4,CUST0000121,2025-09-09,2026-08-31,Active,Standard,602376.91,False
6846,POL00006846,6,89,4,CUST0001625,2024-04-30,2025-03-31,Expired,Standard,1004060.03,False
6847,POL00006847,4,32,1,CUST0001076,2024-02-21,2025-01-31,Expired,Premium,1673557.87,False
6848,POL00006848,2,72,1,CUST0002045,2023-12-15,2024-11-30,Expired,Standard,703972.86,False
6849,POL00006849,5,99,2,CUST0003991,2024-12-25,2025-11-30,Expired,Premium,381849.92,False
6850,POL00006850,4,26,2,CUST0002382,2025-10-22,2027-09-30,Active,Basic,941881.92,False
6851,POL00006851,1,10,3,CUST0002205,2024-09-19,2025-08-31,Expired,Standard,881393.49,False
6852,POL00006852,5,48,1,CUST0003462,2025-03-15,2027-02-28,Active,Standard,580865.64,False
6853,POL00006853,5,82,2,CUST0000086,2025-06-21,2027-05-31,Active,Standard,525152.7,False
6854,POL00006854,1,72,2,CUST0000410,2024-07-25,2025-06-30,Expired,Standard,889290.73,False
6855,POL00006855,1,53,1,CUST0002922,2024-06-27,2025-05-31,Expired,Standard,861670.3,False
6856,POL00006856,2,20,4,CUST0000021,2023-11-13,2024-10-31,Expired,Premium,557949.7,False
6857,POL00006857,8,27,3,CUST0002825,2024-04-18,2025-03-31,Expired,Basic,4673232.97,False
6858,POL00006858,4,63,2,CUST0003856,2026-02-03,2027-01-31,Active,Standard,1532994.16,False
6859,POL00006859,5,88,1,CUST0003846,2025-07-01,2026-06-30,Active,Premium,372234.7,False
6860,POL00006860,9,116,4,CUST0002550,2023-11-03,2024-10-31,Expired,Standard,10137803.42,False
6861,POL00006861,1,75,4,CUST0002518,2024-09-02,2025-08-31,Expired,Standard,538144.19,False
6862,POL00006862,2,91,3,CUST0000629,2024-05-30,2025-04-30,Expired,Basic,678190.66,False
6863,POL00006863,3,68,3,CUST0000346,2025-06-28,2026-05-31,Expired,Standard,1139640.65,False
6864,POL00006864,3,69,2,CUST0001469,2025-06-07,2026-05-31,Expired,Standard,1621957.49,False
6865,POL00006865,6,7,1,CUST0000631,2023-11-08,2024-10-31,Expired,Standard,903494.01,False
6866,POL00006866,5,33,2,CUST0001984,2025-06-05,2026-05-31,Expired,Standard,640713.19,False
6867,POL00006867,3,34,4,CUST0000165,2026-01-08,2026-12-31,Active,Standard,2073015.15,False
6868,POL00006868,3,112,2,CUST0002745,2023-10-12,2024-09-30,Expired,Standard,1576971.8,False
6869,POL00006869,2,34,3,CUST0002973,2025-02-06,2026-01-31,Expired,Standard,581167.68,False
6870,POL00006870,2,31,2,CUST0000956,2025-06-17,2026-05-31,Expired,Standard,628604.89,False
6871,POL00006871,5,59,2,CUST0000274,2025-07-06,2027-06-30,Active,Premium,538326.59,False
6872,POL00006872,6,54,3,CUST0002731,2023-10-02,2024-09-30,Expired,Standard,881039.73,False
6873,POL00006873,4,55,4,CUST0001064,2024-09-18,2025-08-31,Expired,Standard,1672825.47,False
6874,POL00006874,1,97,3,CUST0004000,2025-08-21,2026-07-31,Active,Standard,693835.41,False
6875,POL00006875,8,88,3,CUST0000377,2023-12-15,2024-11-30,Expired,Premium,3844433.09,False
6876,POL00006876,5,78,1,CUST0000920,2023-12-10,2024-11-30,Expired,Standard,489003.97,False
6877,POL00006877,1,107,2,CUST0000561,2024-03-19,2025-02-28,Expired,Standard,585519.78,False
6878,POL00006878,7,20,3,CUST0003436,2023-10-12,2024-09-30,Expired,Standard,556358.7,False
6879,POL00006879,2,91,1,CUST0003179,2023-12-07,2025-11-30,Expired,Premium,612854.63,False
6880,POL00006880,3,71,2,CUST0001284,2023-08-28,2024-07-31,Expired,Standard,1521383.24,False
6881,POL00006881,5,52,2,CUST0000705,2025-09-11,2026-08-31,Active,Standard,528225.23,False
6882,POL00006882,4,47,1,CUST0001990,2025-07-21,2026-06-30,Active,Basic,1562578.47,False
6883,POL00006883,8,78,2,CUST0000736,2024-02-11,2025-01-31,Expired,Standard,6326462.04,False
6884,POL00006884,6,85,1,CUST0001388,2025-10-26,2026-09-30,Active,Basic,1033989.34,False
6885,POL00006885,6,68,1,CUST0003209,2024-11-26,2025-10-31,Expired,Standard,954243.66,False
6886,POL00006886,7,37,1,CUST0000018,2024-10-27,2025-09-30,Expired,Premium,368323.75,False
6887,POL00006887,4,41,1,CUST0002168,2023-07-02,2024-06-30,Expired,Premium,1378770.14,False
6888,POL00006888,7,108,3,CUST0001415,2024-10-16,2025-09-30,Expired,Basic,329776.97,False
6889,POL00006889,1,37,3,CUST0002230,2024-07-14,2025-06-30,Expired,Standard,507111.57,False
6890,POL00006890,8,66,3,CUST0003726,2026-01-11,2026-12-31,Active,Standard,6800515.58,False
6891,POL00006891,2,3,3,CUST0000158,2024-11-07,2025-10-31,Expired,Standard,722670.46,False
6892,POL00006892,5,114,1,CUST0001683,2025-12-23,2026-11-30,Active,Basic,578944.97,False
6893,POL00006893,3,58,1,CUST0001826,2023-08-31,2024-07-31,Expired,Standard,1629158.75,False
6894,POL00006894,6,3,1,CUST0001534,2023-10-20,2024-09-30,Expired,Standard,1027760.86,False
6895,POL00006895,4,34,2,CUST0002720,2024-03-02,2025-02-28,Expired,Premium,1455252.93,False
6896,POL00006896,1,43,2,CUST0001370,2024-06-23,2026-05-31,Expired,Standard,584020.23,False
6897,POL00006897,2,112,2,CUST0002714,2026-02-07,2027-01-31,Active,Premium,488678.51,False
6898,POL00006898,8,75,3,CUST0003704,2024-05-26,2025-04-30,Cancelled,Standard,6022981.97,True
6899,POL00006899,2,6,4,CUST0002791,2025-08-19,2026-07-31,Active,Basic,469907.53,False
6900,POL00006900,5,71,1,CUST0002195,2024-09-05,2025-08-31,Expired,Premium,390468.71,False
6901,POL00006901,1,65,4,CUST0002945,2024-04-17,2025-03-31,Cancelled,Standard,734731.95,True
6902,POL00006902,6,48,4,CUST0002055,2024-08-12,2025-07-31,Expired,Standard,593486.86,False
6903,POL00006903,3,28,2,CUST0003348,2024-04-25,2025-03-31,Expired,Premium,1715470.88,False
6904,POL00006904,1,96,1,CUST0002054,2025-04-16,2026-03-31,Expired,Standard,628742.62,False
6905,POL00006905,1,114,1,CUST0003924,2024-06-16,2025-05-31,Expired,Basic,812589.52,False
6906,POL00006906,2,88,1,CUST0000131,2025-04-28,2026-03-31,Expired,Standard,682865.93,False
6907,POL00006907,4,32,1,CUST0001344,2023-08-08,2024-07-31,Expired,Premium,1150958.9,False
6908,POL00006908,5,34,3,CUST0002817,2024-09-24,2025-08-31,Expired,Standard,541895.5,False
6909,POL00006909,1,92,2,CUST0000870,2025-03-09,2026-02-28,Expired,Premium,470634.99,False
6910,POL00006910,1,33,1,CUST0002742,2025-10-09,2026-09-30,Cancelled,Basic,467595.64,True
6911,POL00006911,2,94,1,CUST0003108,2024-05-10,2025-04-30,Expired,Basic,595523.88,False
6912,POL00006912,1,14,2,CUST0001089,2023-09-09,2024-08-31,Expired,Standard,569269.23,False
6913,POL00006913,1,42,4,CUST0000800,2025-03-27,2026-02-28,Expired,Standard,774857.25,False
6914,POL00006914,7,43,3,CUST0001149,2023-09-19,2024-08-31,Expired,Standard,507169.75,False
6915,POL00006915,4,40,2,CUST0003198,2024-08-03,2025-07-31,Expired,Standard,1352127.91,False
6916,POL00006916,5,89,3,CUST0002665,2025-05-17,2027-04-30,Active,Standard,664285.34,False
6917,POL00006917,8,11,2,CUST0003871,2025-08-24,2027-07-31,Active,Standard,4954078.59,False
6918,POL00006918,9,74,2,CUST0003015,2024-07-16,2025-06-30,Expired,Standard,8251532.43,False
6919,POL00006919,2,108,1,CUST0003265,2024-05-21,2025-04-30,Expired,Premium,446096.77,False
6920,POL00006920,1,80,2,CUST0000693,2023-08-06,2024-07-31,Expired,Standard,504412.73,False
6921,POL00006921,1,66,4,CUST0001681,2024-08-03,2026-07-31,Active,Standard,662560.22,False
6922,POL00006922,7,93,1,CUST0001634,2025-11-08,2026-10-31,Active,Standard,361851.46,False
6923,POL00006923,3,109,2,CUST0002653,2025-12-25,2026-11-30,Cancelled,Standard,1151370.63,True
6924,POL00006924,4,76,3,CUST0002201,2025-01-30,2025-12-31,Expired,Premium,1193374.28,False
6925,POL00006925,5,50,2,CUST0001020,2024-12-02,2025-11-30,Expired,Basic,629246.79,False
6926,POL00006926,1,102,3,CUST0000460,2024-12-20,2025-11-30,Cancelled,Standard,825421.32,True
6927,POL00006927,2,23,4,CUST0000935,2024-08-14,2025-07-31,Expired,Standard,579696.86,False
6928,POL00006928,1,53,3,CUST0001402,2024-08-17,2026-07-31,Active,Basic,846139.58,False
6929,POL00006929,1,2,1,CUST0003748,2025-05-31,2026-04-30,Expired,Standard,811515.2,False
6930,POL00006930,6,69,4,CUST0002844,2024-04-07,2025-03-31,Expired,Premium,801245.15,False
6931,POL00006931,5,8,2,CUST0001377,2023-11-02,2024-10-31,Expired,Standard,513707.7,False
6932,POL00006932,6,70,4,CUST0002738,2026-02-28,2028-01-31,Active,Basic,1002642.45,False
6933,POL00006933,5,42,4,CUST0000226,2025-04-22,2026-03-31,Expired,Basic,506428.58,False
6934,POL00006934,5,83,2,CUST0002853,2024-06-05,2026-05-31,Expired,Basic,397256.53,False
6935,POL00006935,3,8,1,CUST0002509,2024-09-28,2025-08-31,Expired,Standard,2030534.48,False
6936,POL00006936,1,36,2,CUST0003748,2024-01-31,2024-12-31,Expired,Standard,516779.3,False
6937,POL00006937,3,8,3,CUST0002736,2025-10-02,2026-09-30,Active,Standard,1577401.43,False
6938,POL00006938,3,104,3,CUST0002271,2023-10-02,2024-09-30,Cancelled,Premium,1959816.74,True
6939,POL00006939,10,87,3,CUST0003471,2025-03-21,2026-02-28,Expired,Standard,1928267.38,False
6940,POL00006940,1,82,2,CUST0003033,2025-07-29,2026-06-30,Active,Standard,715428.5,False
6941,POL00006941,1,30,1,CUST0000263,2025-09-06,2026-08-31,Active,Standard,902293.82,False
6942,POL00006942,6,85,3,CUST0001091,2025-10-26,2026-09-30,Active,Standard,603630.29,False
6943,POL00006943,8,81,1,CUST0000873,2024-01-25,2024-12-31,Expired,Basic,6949808.07,False
6944,POL00006944,6,34,3,CUST0000979,2025-03-07,2026-02-28,Expired,Premium,974139.46,False
6945,POL00006945,2,13,1,CUST0001273,2025-02-12,2026-01-31,Expired,Standard,751399.05,False
6946,POL00006946,5,109,4,CUST0001583,2025-08-08,2026-07-31,Active,Standard,630497.26,False
6947,POL00006947,9,47,2,CUST0000679,2024-06-28,2025-05-31,Expired,Standard,8570098.31,False
6948,POL00006948,3,24,1,CUST0002082,2025-02-14,2026-01-31,Expired,Premium,1818026.4,False
6949,POL00006949,1,34,2,CUST0001079,2023-12-23,2024-11-30,Expired,Standard,872787.04,False
6950,POL00006950,9,112,1,CUST0002076,2024-04-28,2025-03-31,Expired,Standard,7509491.64,False
6951,POL00006951,1,86,1,CUST0000804,2024-05-01,2025-04-30,Expired,Premium,467961.49,False
6952,POL00006952,9,27,4,CUST0001421,2024-12-18,2025-11-30,Expired,Standard,9886718.84,False
6953,POL00006953,3,62,1,CUST0002389,2025-01-15,2025-12-31,Expired,Standard,1348282.96,False
6954,POL00006954,1,83,1,CUST0000730,2025-05-12,2026-04-30,Expired,Standard,504023.55,False
6955,POL00006955,3,9,3,CUST0002592,2024-12-13,2025-11-30,Expired,Basic,2004077.82,False
6956,POL00006956,2,107,3,CUST0002061,2025-10-12,2026-09-30,Active,Premium,470124.85,False
6957,POL00006957,6,62,1,CUST0000313,2025-12-15,2026-11-30,Active,Premium,827485.65,False
6958,POL00006958,2,80,2,CUST0003382,2024-02-20,2025-01-31,Expired,Standard,564879.73,False
6959,POL00006959,9,101,3,CUST0002715,2024-08-24,2025-07-31,Expired,Premium,6589040.67,False
6960,POL00006960,3,22,3,CUST0002731,2023-10-26,2024-09-30,Expired,Basic,1683389.28,False
6961,POL00006961,9,79,4,CUST0002276,2024-11-03,2025-10-31,Expired,Premium,8665626.89,False
6962,POL00006962,1,5,2,CUST0002130,2024-02-19,2026-01-31,Expired,Premium,862450.24,False
6963,POL00006963,2,48,1,CUST0002812,2024-02-26,2025-01-31,Expired,Premium,676295.39,False
6964,POL00006964,6,96,1,CUST0002924,2025-11-29,2026-10-31,Cancelled,Standard,796936.16,True
6965,POL00006965,4,14,1,CUST0001184,2024-11-26,2026-10-31,Active,Basic,1233723.75,False
6966,POL00006966,9,55,2,CUST0000974,2025-12-18,2026-11-30,Cancelled,Standard,6656033.96,True
6967,POL00006967,6,87,2,CUST0000105,2025-05-24,2026-04-30,Expired,Standard,759798.47,False
6968,POL00006968,6,61,4,CUST0002378,2025-06-21,2026-05-31,Expired,Premium,677396.85,False
6969,POL00006969,1,24,4,CUST0001815,2023-07-26,2024-06-30,Expired,Standard,539829.02,False
6970,POL00006970,1,108,2,CUST0003133,2025-07-01,2026-06-30,Active,Standard,683554.5,False
6971,POL00006971,10,31,3,CUST0002288,2024-10-17,2025-09-30,Expired,Premium,1706560.99,False
6972,POL00006972,1,42,3,CUST0003069,2025-01-05,2025-12-31,Expired,Standard,897471.99,False
6973,POL00006973,3,101,1,CUST0003592,2024-12-04,2025-11-30,Expired,Standard,1824225.72,False
6974,POL00006974,5,3,3,CUST0003883,2023-07-21,2024-06-30,Expired,Standard,492080.92,False
6975,POL00006975,3,41,3,CUST0002735,2025-01-17,2025-12-31,Expired,Standard,1845658.93,False
6976,POL00006976,1,27,1,CUST0003236,2023-09-22,2025-08-31,Expired,Basic,907757.53,False
6977,POL00006977,8,38,1,CUST0001041,2024-12-25,2026-11-30,Active,Premium,5403341.78,False
6978,POL00006978,1,42,1,CUST0002827,2024-03-04,2025-02-28,Expired,Premium,545930.25,False
6979,POL00006979,2,75,4,CUST0002243,2026-01-03,2026-12-31,Active,Basic,688922.72,False
6980,POL00006980,6,101,2,CUST0002610,2025-03-29,2026-02-28,Expired,Basic,707741.98,False
6981,POL00006981,3,24,3,CUST0000171,2025-11-18,2026-10-31,Active,Standard,1223741.13,False
6982,POL00006982,3,96,4,CUST0002194,2024-09-18,2025-08-31,Cancelled,Standard,1490097.32,True
6983,POL00006983,1,76,2,CUST0003740,2025-07-01,2026-06-30,Active,Standard,590750.38,False
6984,POL00006984,6,21,1,CUST0000600,2023-09-19,2024-08-31,Expired,Standard,812624.6,False
6985,POL00006985,6,101,2,CUST0003932,2023-07-05,2024-06-30,Expired,Basic,995329.32,False
6986,POL00006986,6,30,3,CUST0003534,2024-02-13,2025-01-31,Expired,Standard,998361.7,False
6987,POL00006987,2,25,3,CUST0001547,2024-12-09,2025-11-30,Cancelled,Premium,631693.43,True
6988,POL00006988,6,74,1,CUST0000929,2025-10-02,2026-09-30,Active,Standard,790168.44,False
6989,POL00006989,5,58,3,CUST0000016,2024-07-31,2025-06-30,Expired,Basic,620400.96,False
6990,POL00006990,6,46,3,CUST0001451,2024-02-13,2025-01-31,Expired,Basic,789125.85,False
6991,POL00006991,5,69,1,CUST0000505,2024-05-11,2025-04-30,Expired,Premium,357692.69,False
6992,POL00006992,6,96,1,CUST0000907,2024-01-30,2024-12-31,Expired,Standard,568871.65,False
6993,POL00006993,1,106,4,CUST0002510,2025-02-07,2026-01-31,Expired,Premium,549382.05,False
6994,POL00006994,9,37,2,CUST0002381,2024-07-19,2025-06-30,Expired,Standard,7566749.95,False
6995,POL00006995,1,97,4,CUST0001016,2025-11-30,2026-10-31,Active,Standard,493885.79,False
6996,POL00006996,6,9,2,CUST0001109,2024-02-14,2025-01-31,Expired,Basic,763988.32,False
6997,POL00006997,5,29,3,CUST0000702,2023-11-01,2024-10-31,Expired,Basic,565974.88,False
6998,POL00006998,6,109,1,CUST0000697,2026-01-29,2026-12-31,Cancelled,Basic,701071.37,True
6999,POL00006999,1,42,2,CUST0001390,2023-08-12,2024-07-31,Cancelled,Standard,615440.48,True
7000,POL00007000,2,10,1,CUST0003302,2023-08-02,2024-07-31,Expired,Standard,598642.68,False
7001,POL00007001,5,4,2,CUST0003637,2024-08-01,2025-07-31,Expired,Standard,511880.48,False
7002,POL00007002,8,17,1,CUST0000896,2025-03-19,2026-02-28,Expired,Standard,5560132.25,False
7003,POL00007003,1,94,4,CUST0000185,2025-03-20,2026-02-28,Expired,Basic,638528.46,False
7004,POL00007004,6,59,4,CUST0001486,2023-08-22,2024-07-31,Expired,Basic,919995.22,False
7005,POL00007005,8,83,2,CUST0002807,2024-10-10,2025-09-30,Expired,Basic,4070862.13,False
7006,POL00007006,1,79,4,CUST0001209,2024-09-16,2025-08-31,Expired,Basic,637649.07,False
7007,POL00007007,3,72,4,CUST0003853,2024-03-14,2025-02-28,Expired,Standard,1198022.55,False
7008,POL00007008,4,34,2,CUST0002067,2025-07-09,2026-06-30,Active,Standard,1426272.16,False
7009,POL00007009,1,58,2,CUST0001828,2025-09-12,2026-08-31,Active,Basic,752191.47,False
7010,POL00007010,3,54,1,CUST0001527,2023-12-22,2024-11-30,Cancelled,Standard,1916056.77,True
7011,POL00007011,8,51,1,CUST0000065,2024-03-25,2025-02-28,Expired,Basic,6780466.2,False
7012,POL00007012,6,77,1,CUST0002431,2024-04-09,2025-03-31,Expired,Standard,1021380.37,False
7013,POL00007013,5,54,4,CUST0003715,2024-10-21,2025-09-30,Expired,Basic,410725.51,False
7014,POL00007014,1,15,1,CUST0001114,2023-09-14,2024-08-31,Expired,Premium,611036.02,False
7015,POL00007015,1,47,4,CUST0000570,2025-09-29,2026-08-31,Active,Premium,879759.86,False
7016,POL00007016,2,120,1,CUST0001512,2023-12-01,2024-11-30,Cancelled,Standard,747649.07,True
7017,POL00007017,1,31,1,CUST0003594,2025-01-17,2026-12-31,Active,Standard,734260.57,False
7018,POL00007018,5,116,1,CUST0002775,2025-01-30,2025-12-31,Expired,Standard,389384.66,False
7019,POL00007019,6,69,2,CUST0001821,2023-12-28,2024-11-30,Expired,Standard,1018695.04,False
7020,POL00007020,5,102,2,CUST0002267,2025-09-23,2026-08-31,Active,Standard,630304.9,False
7021,POL00007021,6,23,1,CUST0002433,2026-02-08,2028-01-31,Active,Premium,854060.28,False
7022,POL00007022,6,28,1,CUST0002751,2024-08-08,2025-07-31,Expired,Standard,712556.95,False
7023,POL00007023,3,16,3,CUST0000202,2025-07-13,2026-06-30,Active,Standard,1443417.61,False
7024,POL00007024,1,72,2,CUST0002036,2025-02-17,2026-01-31,Expired,Standard,801605.0,False
7025,POL00007025,6,68,2,CUST0002063,2025-10-28,2026-09-30,Active,Standard,968014.17,False
7026,POL00007026,1,103,2,CUST0003302,2023-08-10,2024-07-31,Expired,Standard,711646.1,False
7027,POL00007027,6,41,2,CUST0003292,2024-01-28,2024-12-31,Expired,Premium,837240.09,False
7028,POL00007028,3,5,3,CUST0003520,2024-02-05,2025-01-31,Expired,Standard,1307988.75,False
7029,POL00007029,3,109,3,CUST0001852,2023-10-01,2024-09-30,Expired,Standard,1872384.08,False
7030,POL00007030,3,32,2,CUST0003770,2025-02-04,2026-01-31,Expired,Basic,2090882.33,False
7031,POL00007031,1,73,4,CUST0000778,2024-11-19,2025-10-31,Expired,Standard,899936.08,False
7032,POL00007032,5,12,4,CUST0000507,2024-09-23,2025-08-31,Expired,Basic,408272.08,False
7033,POL00007033,6,65,1,CUST0002405,2024-08-14,2025-07-31,Expired,Basic,645387.36,False
7034,POL00007034,3,4,2,CUST0003783,2025-01-17,2025-12-31,Expired,Standard,2077699.75,False
7035,POL00007035,1,44,1,CUST0002724,2024-07-16,2025-06-30,Expired,Standard,888374.45,False
7036,POL00007036,4,35,3,CUST0000624,2024-08-24,2025-07-31,Expired,Basic,1187352.04,False
7037,POL00007037,5,78,3,CUST0001043,2024-08-10,2025-07-31,Expired,Standard,354119.25,False
7038,POL00007038,1,59,3,CUST0003863,2024-05-22,2026-04-30,Expired,Standard,892121.77,False
7039,POL00007039,4,9,2,CUST0001042,2023-11-29,2024-10-31,Expired,Standard,1067358.79,False
7040,POL00007040,7,90,1,CUST0002755,2023-11-27,2024-10-31,Expired,Standard,497697.14,False
7041,POL00007041,1,89,1,CUST0003581,2025-12-05,2027-11-30,Active,Basic,490744.03,False
7042,POL00007042,2,19,3,CUST0000441,2025-10-28,2026-09-30,Active,Standard,468181.61,False
7043,POL00007043,5,61,1,CUST0002159,2025-03-05,2026-02-28,Expired,Standard,570829.69,False
7044,POL00007044,8,25,4,CUST0001923,2024-05-13,2025-04-30,Expired,Premium,3967507.46,False
7045,POL00007045,2,8,2,CUST0003650,2024-03-18,2025-02-28,Expired,Standard,464079.84,False
7046,POL00007046,3,92,1,CUST0003308,2025-12-17,2026-11-30,Active,Basic,1704517.6,False
7047,POL00007047,6,60,4,CUST0003245,2025-04-15,2026-03-31,Expired,Basic,794800.3,False
7048,POL00007048,2,88,1,CUST0000444,2023-11-12,2024-10-31,Expired,Standard,679088.42,False
7049,POL00007049,8,80,2,CUST0000246,2025-06-24,2026-05-31,Expired,Standard,6964293.86,False
7050,POL00007050,1,91,3,CUST0000407,2025-10-06,2026-09-30,Active,Standard,815644.6,False
7051,POL00007051,2,102,1,CUST0000893,2024-05-02,2025-04-30,Expired,Standard,656164.63,False
7052,POL00007052,1,64,2,CUST0003795,2023-07-06,2024-06-30,Expired,Standard,536177.25,False
7053,POL00007053,1,19,3,CUST0002479,2023-12-05,2024-11-30,Expired,Standard,705136.4,False
7054,POL00007054,2,28,2,CUST0002630,2023-11-29,2024-10-31,Expired,Standard,413574.06,False
7055,POL00007055,1,86,1,CUST0000086,2023-12-28,2024-11-30,Expired,Standard,471257.59,False
7056,POL00007056,7,75,1,CUST0000509,2025-03-20,2026-02-28,Cancelled,Basic,443076.82,True
7057,POL00007057,4,106,3,CUST0001794,2023-09-14,2024-08-31,Cancelled,Standard,880883.57,True
7058,POL00007058,7,30,1,CUST0000808,2024-03-14,2025-02-28,Cancelled,Standard,530425.2,True
7059,POL00007059,1,33,1,CUST0003852,2024-07-30,2025-06-30,Expired,Premium,750446.1,False
7060,POL00007060,6,52,3,CUST0000735,2024-10-06,2025-09-30,Expired,Premium,968586.27,False
7061,POL00007061,6,15,4,CUST0001419,2024-01-06,2024-12-31,Expired,Standard,1081552.08,False
7062,POL00007062,1,7,1,CUST0000315,2024-01-05,2024-12-31,Expired,Basic,786119.39,False
7063,POL00007063,5,65,1,CUST0000132,2024-09-01,2025-08-31,Expired,Standard,565617.8,False
7064,POL00007064,1,87,3,CUST0000695,2024-02-18,2025-01-31,Expired,Standard,760238.86,False
7065,POL00007065,2,55,2,CUST0003032,2023-08-30,2024-07-31,Expired,Standard,479531.55,False
7066,POL00007066,4,67,1,CUST0000343,2024-11-07,2025-10-31,Expired,Premium,1048808.02,False
7067,POL00007067,1,111,1,CUST0000385,2025-04-30,2026-03-31,Expired,Basic,478874.91,False
7068,POL00007068,2,28,3,CUST0000405,2023-07-04,2024-06-30,Expired,Standard,769689.73,False
7069,POL00007069,1,54,2,CUST0002578,2024-02-10,2026-01-31,Expired,Standard,594743.67,False
7070,POL00007070,8,66,3,CUST0003062,2023-08-24,2024-07-31,Expired,Standard,4230065.33,False
7071,POL00007071,8,24,2,CUST0003628,2025-01-01,2025-12-31,Cancelled,Standard,6002035.83,True
7072,POL00007072,4,111,1,CUST0000684,2025-05-09,2026-04-30,Expired,Standard,1028966.79,False
7073,POL00007073,10,9,1,CUST0003342,2025-06-20,2026-05-31,Expired,Standard,2665664.22,False
7074,POL00007074,1,82,1,CUST0003313,2023-10-29,2024-09-30,Expired,Standard,790874.18,False
7075,POL00007075,3,22,2,CUST0001247,2025-12-22,2026-11-30,Active,Standard,1058969.73,False
7076,POL00007076,5,34,1,CUST0001822,2025-09-17,2026-08-31,Active,Basic,584078.13,False
7077,POL00007077,10,119,2,CUST0002180,2024-01-19,2025-12-31,Expired,Premium,1464536.94,False
7078,POL00007078,7,113,1,CUST0002497,2025-07-26,2026-06-30,Active,Standard,310889.2,False
7079,POL00007079,9,68,4,CUST0003338,2025-10-23,2026-09-30,Active,Premium,5972529.23,False
7080,POL00007080,1,78,3,CUST0002591,2025-07-08,2026-06-30,Active,Standard,542280.5,False
7081,POL00007081,5,36,4,CUST0001878,2025-06-04,2026-05-31,Expired,Standard,670265.25,False
7082,POL00007082,6,39,3,CUST0003258,2024-03-17,2025-02-28,Expired,Basic,1081584.05,False
7083,POL00007083,2,26,2,CUST0003712,2024-01-10,2024-12-31,Expired,Standard,668105.05,False
7084,POL00007084,1,74,3,CUST0002244,2025-09-05,2026-08-31,Active,Premium,881009.11,False
7085,POL00007085,7,38,4,CUST0002159,2024-10-20,2025-09-30,Expired,Standard,477640.0,False
7086,POL00007086,1,74,2,CUST0000850,2024-06-26,2025-05-31,Expired,Basic,487512.72,False
7087,POL00007087,1,97,3,CUST0000033,2025-08-27,2026-07-31,Active,Standard,751407.55,False
7088,POL00007088,5,119,2,CUST0003467,2026-01-19,2026-12-31,Active,Standard,428482.04,False
7089,POL00007089,5,17,3,CUST0002381,2025-03-14,2026-02-28,Expired,Premium,490959.49,False
7090,POL00007090,1,112,3,CUST0000932,2026-02-15,2027-01-31,Active,Standard,653794.37,False
7091,POL00007091,8,77,2,CUST0001416,2025-01-01,2025-12-31,Expired,Standard,5282528.75,False
7092,POL00007092,1,26,1,CUST0003402,2025-08-21,2027-07-31,Active,Premium,476376.2,False
7093,POL00007093,8,33,1,CUST0001216,2023-12-19,2024-11-30,Expired,Standard,3524362.09,False
7094,POL00007094,6,42,3,CUST0000938,2024-06-21,2025-05-31,Expired,Standard,838413.65,False
7095,POL00007095,4,54,2,CUST0001197,2024-08-01,2025-07-31,Expired,Standard,1066584.81,False
7096,POL00007096,1,117,4,CUST0002224,2024-01-20,2024-12-31,Expired,Standard,556602.95,False
7097,POL00007097,1,4,2,CUST0002991,2024-03-05,2025-02-28,Expired,Basic,794877.51,False
7098,POL00007098,5,33,3,CUST0002951,2023-07-19,2024-06-30,Cancelled,Basic,693133.21,True
7099,POL00007099,2,70,3,CUST0001735,2024-04-26,2025-03-31,Expired,Basic,522917.5,False
7100,POL00007100,1,23,2,CUST0003183,2025-08-26,2026-07-31,Active,Basic,814149.78,False
7101,POL00007101,1,73,3,CUST0002323,2024-05-10,2025-04-30,Expired,Standard,645999.45,False
7102,POL00007102,10,48,3,CUST0003527,2025-02-13,2026-01-31,Expired,Standard,2059062.32,False
7103,POL00007103,5,49,3,CUST0003543,2025-01-18,2025-12-31,Cancelled,Premium,363294.37,True
7104,POL00007104,1,15,3,CUST0001211,2025-10-12,2026-09-30,Active,Standard,521074.33,False
7105,POL00007105,3,34,3,CUST0002983,2023-12-31,2024-11-30,Expired,Standard,1996997.76,False
7106,POL00007106,1,67,4,CUST0003849,2025-11-23,2026-10-31,Active,Standard,797231.15,False
7107,POL00007107,1,60,1,CUST0000638,2024-06-24,2025-05-31,Expired,Standard,760577.21,False
7108,POL00007108,2,95,1,CUST0000728,2024-09-05,2025-08-31,Expired,Standard,455499.88,False
7109,POL00007109,6,100,1,CUST0003861,2026-01-15,2026-12-31,Active,Standard,1048355.39,False
7110,POL00007110,7,11,3,CUST0001840,2024-02-15,2025-01-31,Expired,Standard,289251.36,False
7111,POL00007111,1,105,2,CUST0001602,2023-07-12,2024-06-30,Expired,Standard,759371.97,False
7112,POL00007112,10,91,4,CUST0000831,2025-12-04,2026-11-30,Active,Basic,1669398.22,False
7113,POL00007113,8,77,2,CUST0003302,2024-10-15,2025-09-30,Expired,Premium,6632058.87,False
7114,POL00007114,5,36,1,CUST0003876,2023-09-04,2024-08-31,Expired,Premium,570552.55,False
7115,POL00007115,2,2,1,CUST0003643,2024-10-19,2025-09-30,Expired,Basic,656779.38,False
7116,POL00007116,9,44,3,CUST0003673,2025-11-06,2026-10-31,Active,Premium,7931644.49,False
7117,POL00007117,10,54,3,CUST0000944,2026-02-25,2027-01-31,Active,Basic,1675784.37,False
7118,POL00007118,6,61,1,CUST0001668,2024-05-15,2025-04-30,Expired,Standard,581491.93,False
7119,POL00007119,1,96,4,CUST0002270,2024-07-21,2025-06-30,Expired,Premium,498650.18,False
7120,POL00007120,10,77,1,CUST0002652,2025-08-24,2026-07-31,Active,Standard,1687407.15,False
7121,POL00007121,1,81,1,CUST0001127,2024-05-29,2025-04-30,Expired,Premium,851938.93,False
7122,POL00007122,1,93,2,CUST0003118,2023-11-05,2025-10-31,Expired,Standard,907876.98,False
7123,POL00007123,5,35,3,CUST0003355,2026-01-28,2026-12-31,Active,Premium,631389.16,False
7124,POL00007124,10,32,1,CUST0003760,2024-03-10,2025-02-28,Expired,Premium,1484573.09,False
7125,POL00007125,9,75,3,CUST0002286,2024-11-20,2026-10-31,Cancelled,Standard,9109898.98,True
7126,POL00007126,1,14,3,CUST0001353,2026-02-25,2027-01-31,Active,Standard,552621.07,False
7127,POL00007127,1,38,1,CUST0000581,2025-05-29,2026-04-30,Expired,Basic,593142.76,False
7128,POL00007128,1,97,3,CUST0001163,2023-12-09,2025-11-30,Expired,Basic,734252.24,False
7129,POL00007129,2,47,4,CUST0003447,2025-12-09,2026-11-30,Active,Standard,420493.83,False
7130,POL00007130,1,4,2,CUST0001805,2024-05-14,2025-04-30,Expired,Standard,518569.77,False
7131,POL00007131,4,119,3,CUST0000789,2024-01-24,2024-12-31,Expired,Basic,1528326.19,False
7132,POL00007132,9,115,1,CUST0000196,2026-02-19,2027-01-31,Active,Basic,7597143.28,False
7133,POL00007133,4,31,1,CUST0001428,2023-08-06,2024-07-31,Expired,Basic,1642363.74,False
7134,POL00007134,3,92,1,CUST0002917,2024-03-02,2025-02-28,Expired,Basic,1711096.25,False
7135,POL00007135,2,15,4,CUST0003942,2023-07-25,2024-06-30,Expired,Standard,628733.69,False
7136,POL00007136,8,57,3,CUST0002085,2024-01-12,2024-12-31,Expired,Standard,4651554.38,False
7137,POL00007137,1,120,2,CUST0000662,2024-05-23,2025-04-30,Expired,Standard,478661.66,False
7138,POL00007138,2,69,1,CUST0000388,2025-02-22,2026-01-31,Expired,Premium,647410.3,False
7139,POL00007139,9,14,1,CUST0003478,2025-01-18,2025-12-31,Expired,Premium,8020465.5,False
7140,POL00007140,6,32,1,CUST0000334,2025-06-06,2026-05-31,Expired,Standard,805390.22,False
7141,POL00007141,8,2,2,CUST0002347,2024-07-21,2025-06-30,Expired,Basic,4694566.8,False
7142,POL00007142,2,33,4,CUST0002526,2024-07-02,2025-06-30,Expired,Standard,692512.83,False
7143,POL00007143,2,65,4,CUST0001560,2024-06-07,2025-05-31,Expired,Standard,583966.62,False
7144,POL00007144,7,112,4,CUST0002767,2024-11-04,2025-10-31,Expired,Standard,330660.64,False
7145,POL00007145,7,13,1,CUST0003915,2025-11-12,2026-10-31,Active,Basic,380799.28,False
7146,POL00007146,1,11,3,CUST0001662,2024-01-11,2024-12-31,Expired,Basic,871408.63,False
7147,POL00007147,8,84,2,CUST0001634,2024-02-20,2025-01-31,Expired,Basic,5843394.95,False
7148,POL00007148,6,32,2,CUST0000548,2024-11-04,2025-10-31,Expired,Standard,894463.47,False
7149,POL00007149,2,86,3,CUST0002228,2023-08-11,2024-07-31,Expired,Basic,699345.93,False
7150,POL00007150,9,109,1,CUST0003583,2024-07-22,2025-06-30,Expired,Standard,6413998.62,False
7151,POL00007151,2,99,4,CUST0002833,2023-12-18,2024-11-30,Expired,Basic,745003.2,False
7152,POL00007152,1,118,2,CUST0000045,2026-02-08,2028-01-31,Active,Standard,761066.27,False
7153,POL00007153,5,32,3,CUST0002639,2023-07-17,2024-06-30,Expired,Standard,605978.37,False
7154,POL00007154,1,1,1,CUST0001252,2024-11-17,2025-10-31,Expired,Standard,738750.26,False
7155,POL00007155,4,66,4,CUST0000547,2024-07-18,2025-06-30,Cancelled,Standard,1345888.64,True
7156,POL00007156,1,16,1,CUST0001631,2025-03-25,2026-02-28,Expired,Standard,873006.69,False
7157,POL00007157,1,37,2,CUST0000806,2025-12-14,2026-11-30,Active,Basic,680428.84,False
7158,POL00007158,1,105,1,CUST0000958,2024-04-07,2025-03-31,Expired,Standard,476810.7,False
7159,POL00007159,4,109,3,CUST0002033,2025-08-26,2027-07-31,Active,Basic,987652.0,False
7160,POL00007160,1,87,1,CUST0003397,2025-08-04,2026-07-31,Active,Standard,571790.95,False
7161,POL00007161,1,88,4,CUST0001055,2024-04-10,2025-03-31,Cancelled,Basic,501476.59,True
7162,POL00007162,5,7,1,CUST0001828,2023-11-07,2024-10-31,Expired,Basic,428184.5,False
7163,POL00007163,1,7,1,CUST0002504,2024-06-12,2025-05-31,Expired,Basic,745922.29,False
7164,POL00007164,3,3,4,CUST0003046,2023-12-28,2024-11-30,Expired,Premium,1802140.49,False
7165,POL00007165,5,66,2,CUST0002624,2025-11-18,2026-10-31,Active,Standard,513863.55,False
7166,POL00007166,6,5,1,CUST0002251,2026-02-13,2028-01-31,Active,Standard,787424.0,False
7167,POL00007167,4,55,1,CUST0000430,2025-06-19,2026-05-31,Expired,Standard,1142234.04,False
7168,POL00007168,10,43,2,CUST0000096,2024-06-20,2025-05-31,Expired,Standard,1507918.34,False
7169,POL00007169,1,21,3,CUST0000584,2023-07-08,2024-06-30,Expired,Standard,566715.26,False
7170,POL00007170,3,24,3,CUST0000685,2024-08-22,2025-07-31,Cancelled,Basic,1669789.22,True
7171,POL00007171,6,22,3,CUST0003519,2024-03-12,2025-02-28,Cancelled,Basic,793230.72,True
7172,POL00007172,7,66,4,CUST0002397,2024-11-10,2025-10-31,Expired,Premium,350949.88,False
7173,POL00007173,3,53,1,CUST0000063,2024-09-29,2025-08-31,Expired,Premium,2022504.34,False
7174,POL00007174,1,69,3,CUST0001179,2024-06-18,2025-05-31,Expired,Standard,557687.55,False
7175,POL00007175,2,51,2,CUST0000099,2025-07-05,2026-06-30,Active,Basic,696755.52,False
7176,POL00007176,1,77,2,CUST0001382,2025-08-15,2026-07-31,Active,Standard,479871.92,False
7177,POL00007177,6,120,3,CUST0000433,2025-01-08,2025-12-31,Expired,Basic,887151.44,False
7178,POL00007178,6,115,1,CUST0003671,2025-11-20,2026-10-31,Active,Standard,579060.67,False
7179,POL00007179,1,3,2,CUST0000845,2023-12-24,2024-11-30,Expired,Standard,852780.94,False
7180,POL00007180,9,111,2,CUST0000488,2023-08-12,2024-07-31,Expired,Standard,8909373.66,False
7181,POL00007181,7,69,2,CUST0002365,2024-11-01,2025-10-31,Expired,Standard,354889.5,False
7182,POL00007182,4,31,2,CUST0003305,2024-02-07,2026-01-31,Expired,Standard,1076200.72,False
7183,POL00007183,2,54,3,CUST0001816,2025-03-05,2026-02-28,Expired,Premium,408176.32,False
7184,POL00007184,1,109,2,CUST0001598,2025-01-24,2025-12-31,Expired,Basic,457452.66,False
7185,POL00007185,4,77,1,CUST0001357,2023-09-30,2024-08-31,Expired,Standard,1263171.36,False
7186,POL00007186,1,107,3,CUST0001645,2023-09-13,2025-08-31,Expired,Premium,849563.97,False
7187,POL00007187,1,29,2,CUST0000347,2024-02-22,2025-01-31,Expired,Standard,637718.6,False
7188,POL00007188,2,40,1,CUST0000891,2023-11-07,2024-10-31,Expired,Premium,668423.92,False
7189,POL00007189,10,12,2,CUST0002396,2023-12-25,2024-11-30,Expired,Premium,2227674.09,False
7190,POL00007190,9,116,2,CUST0001752,2024-11-27,2025-10-31,Expired,Standard,5582965.69,False
7191,POL00007191,9,82,3,CUST0002113,2025-12-26,2026-11-30,Active,Standard,5896702.79,False
7192,POL00007192,1,32,1,CUST0002598,2024-07-20,2025-06-30,Expired,Basic,761773.84,False
7193,POL00007193,1,50,1,CUST0002436,2025-10-04,2027-09-30,Active,Standard,789794.18,False
7194,POL00007194,6,45,1,CUST0000489,2025-04-03,2027-03-31,Active,Premium,572728.79,False
7195,POL00007195,7,60,4,CUST0000703,2023-07-16,2024-06-30,Expired,Basic,365362.18,False
7196,POL00007196,1,31,1,CUST0000996,2023-12-16,2024-11-30,Expired,Basic,513929.75,False
7197,POL00007197,7,81,3,CUST0003358,2024-09-29,2025-08-31,Expired,Premium,522763.07,False
7198,POL00007198,3,32,3,CUST0003300,2026-01-26,2026-12-31,Active,Premium,1578726.64,False
7199,POL00007199,4,9,2,CUST0003139,2025-09-03,2026-08-31,Active,Premium,1430081.25,False
7200,POL00007200,3,6,1,CUST0000174,2024-09-11,2025-08-31,Expired,Basic,1702889.46,False
7201,POL00007201,1,41,4,CUST0001492,2025-05-10,2026-04-30,Expired,Basic,460279.13,False
7202,POL00007202,1,48,3,CUST0003779,2025-05-13,2026-04-30,Expired,Standard,610899.74,False
7203,POL00007203,1,57,4,CUST0000886,2024-02-23,2025-01-31,Expired,Standard,891276.36,False
7204,POL00007204,3,118,4,CUST0003821,2025-03-02,2026-02-28,Expired,Standard,1170041.68,False
7205,POL00007205,8,59,2,CUST0003371,2025-12-19,2026-11-30,Active,Premium,4858931.9,False
7206,POL00007206,6,13,1,CUST0003384,2023-07-23,2025-06-30,Expired,Standard,569859.07,False
7207,POL00007207,6,2,2,CUST0003335,2024-03-14,2025-02-28,Expired,Premium,795515.95,False
7208,POL00007208,5,114,3,CUST0000496,2024-11-15,2025-10-31,Expired,Standard,653611.95,False
7209,POL00007209,6,39,2,CUST0002714,2025-10-08,2026-09-30,Active,Premium,637345.31,False
7210,POL00007210,1,60,3,CUST0001728,2026-02-14,2027-01-31,Active,Standard,506338.27,False
7211,POL00007211,2,4,2,CUST0003658,2025-05-05,2026-04-30,Expired,Basic,632150.4,False
7212,POL00007212,1,47,4,CUST0003904,2025-08-01,2026-07-31,Active,Standard,905734.62,False
7213,POL00007213,3,116,3,CUST0002771,2023-11-21,2024-10-31,Expired,Standard,1666876.17,False
7214,POL00007214,1,80,1,CUST0002136,2023-07-29,2024-06-30,Expired,Standard,645539.98,False
7215,POL00007215,8,9,3,CUST0003169,2024-05-23,2025-04-30,Expired,Standard,6023472.3,False
7216,POL00007216,1,115,1,CUST0003222,2025-09-24,2026-08-31,Active,Standard,898862.85,False
7217,POL00007217,1,39,4,CUST0001643,2025-08-08,2027-07-31,Active,Standard,544908.46,False
7218,POL00007218,1,100,2,CUST0000774,2025-09-14,2026-08-31,Active,Basic,767077.0,False
7219,POL00007219,1,36,4,CUST0001241,2025-11-04,2026-10-31,Active,Standard,822105.88,False
7220,POL00007220,3,114,2,CUST0000627,2024-08-04,2025-07-31,Expired,Premium,1484486.29,False
7221,POL00007221,1,104,3,CUST0002551,2024-08-16,2025-07-31,Expired,Standard,625314.57,False
7222,POL00007222,5,75,3,CUST0002783,2024-05-07,2025-04-30,Expired,Basic,362129.12,False
7223,POL00007223,6,34,2,CUST0002981,2024-11-05,2025-10-31,Expired,Standard,629826.44,False
7224,POL00007224,2,49,4,CUST0003505,2026-02-19,2027-01-31,Active,Premium,490985.53,False
7225,POL00007225,5,98,2,CUST0000349,2024-08-30,2025-07-31,Expired,Premium,584050.02,False
7226,POL00007226,5,112,1,CUST0000466,2024-09-09,2025-08-31,Expired,Basic,492213.7,False
7227,POL00007227,6,69,3,CUST0001528,2024-01-06,2024-12-31,Expired,Standard,668116.62,False
7228,POL00007228,4,96,1,CUST0002671,2023-11-03,2025-10-31,Expired,Basic,1033709.29,False
7229,POL00007229,4,88,3,CUST0000431,2023-12-28,2024-11-30,Expired,Premium,1609166.44,False
7230,POL00007230,9,22,2,CUST0002068,2025-09-13,2026-08-31,Active,Standard,10278347.02,False
7231,POL00007231,9,18,4,CUST0000355,2024-06-13,2025-05-31,Expired,Standard,6555314.83,False
7232,POL00007232,8,76,4,CUST0001751,2024-12-22,2025-11-30,Expired,Premium,3775485.6,False
7233,POL00007233,2,10,1,CUST0003704,2025-07-25,2026-06-30,Active,Premium,724129.13,False
7234,POL00007234,9,62,2,CUST0001572,2024-05-07,2025-04-30,Expired,Basic,8063307.25,False
7235,POL00007235,9,1,1,CUST0003986,2023-09-23,2025-08-31,Expired,Basic,7619614.21,False
7236,POL00007236,1,38,1,CUST0001000,2024-05-30,2025-04-30,Expired,Standard,574442.2,False
7237,POL00007237,1,37,3,CUST0000822,2025-06-13,2027-05-31,Active,Basic,776809.42,False
7238,POL00007238,4,39,3,CUST0001679,2024-03-07,2025-02-28,Expired,Standard,840633.9,False
7239,POL00007239,1,42,3,CUST0003696,2023-07-18,2024-06-30,Expired,Standard,476746.92,False
7240,POL00007240,1,106,4,CUST0003964,2024-07-26,2025-06-30,Expired,Basic,842904.64,False
7241,POL00007241,10,104,3,CUST0000842,2026-01-09,2026-12-31,Active,Premium,2055553.26,False
7242,POL00007242,6,50,3,CUST0001419,2025-05-19,2026-04-30,Expired,Basic,757015.45,False
7243,POL00007243,3,26,1,CUST0002647,2023-12-06,2024-11-30,Expired,Standard,1202803.44,False
7244,POL00007244,3,80,2,CUST0003315,2024-04-03,2025-03-31,Expired,Standard,1217385.08,False
7245,POL00007245,9,38,4,CUST0001390,2024-06-01,2025-05-31,Expired,Premium,5850473.06,False
7246,POL00007246,3,21,2,CUST0001377,2023-12-23,2024-11-30,Expired,Standard,1520040.85,False
7247,POL00007247,1,39,2,CUST0002953,2025-01-24,2025-12-31,Expired,Standard,573526.04,False
7248,POL00007248,5,8,3,CUST0001273,2024-05-04,2026-04-30,Expired,Premium,514296.66,False
7249,POL00007249,4,28,3,CUST0003945,2025-01-24,2025-12-31,Expired,Basic,1522115.91,False
7250,POL00007250,5,47,2,CUST0001929,2024-05-30,2025-04-30,Expired,Basic,432393.85,False
7251,POL00007251,1,21,3,CUST0002493,2024-07-19,2025-06-30,Cancelled,Standard,479589.37,True
7252,POL00007252,3,46,2,CUST0000554,2024-04-22,2025-03-31,Expired,Standard,1446934.95,False
7253,POL00007253,4,41,2,CUST0002912,2026-01-17,2026-12-31,Active,Standard,1259197.76,False
7254,POL00007254,9,8,1,CUST0003723,2025-07-16,2026-06-30,Active,Standard,5590980.19,False
7255,POL00007255,3,53,1,CUST0003957,2023-12-12,2024-11-30,Expired,Standard,1459956.75,False
7256,POL00007256,8,118,1,CUST0003244,2023-10-12,2024-09-30,Expired,Premium,4506136.53,False
7257,POL00007257,6,106,1,CUST0003753,2025-10-29,2026-09-30,Active,Basic,899652.69,False
7258,POL00007258,5,82,2,CUST0001612,2025-01-24,2025-12-31,Cancelled,Basic,439432.12,True
7259,POL00007259,6,52,2,CUST0002014,2023-08-14,2024-07-31,Expired,Basic,794337.95,False
7260,POL00007260,7,114,3,CUST0003037,2025-11-28,2026-10-31,Active,Premium,374467.64,False
7261,POL00007261,3,17,1,CUST0000127,2025-04-28,2026-03-31,Expired,Premium,1539255.54,False
7262,POL00007262,1,9,4,CUST0002829,2025-07-05,2026-06-30,Active,Standard,709071.89,False
7263,POL00007263,6,41,2,CUST0000426,2024-04-25,2025-03-31,Expired,Basic,825229.6,False
7264,POL00007264,8,42,2,CUST0002516,2026-02-10,2027-01-31,Active,Premium,3792620.28,False
7265,POL00007265,1,16,3,CUST0003061,2025-03-07,2026-02-28,Expired,Standard,775162.76,False
7266,POL00007266,2,50,4,CUST0001624,2025-09-30,2026-08-31,Active,Standard,599972.66,False
7267,POL00007267,6,14,1,CUST0000272,2024-12-26,2025-11-30,Expired,Basic,681803.06,False
7268,POL00007268,3,30,1,CUST0002178,2026-02-08,2027-01-31,Cancelled,Premium,1944846.6,True
7269,POL00007269,1,86,1,CUST0001601,2025-01-10,2025-12-31,Expired,Standard,745181.64,False
7270,POL00007270,8,88,3,CUST0000421,2025-06-04,2026-05-31,Expired,Standard,6139280.76,False
7271,POL00007271,4,64,3,CUST0000925,2026-02-05,2027-01-31,Active,Premium,1611760.86,False
7272,POL00007272,3,1,3,CUST0000710,2026-02-19,2027-01-31,Cancelled,Standard,1291792.87,True
7273,POL00007273,1,42,1,CUST0001070,2025-06-07,2026-05-31,Expired,Basic,890538.31,False
7274,POL00007274,1,116,4,CUST0001777,2024-04-20,2025-03-31,Expired,Standard,845524.08,False
7275,POL00007275,2,54,3,CUST0001652,2025-08-06,2026-07-31,Active,Standard,462934.7,False
7276,POL00007276,8,51,3,CUST0002509,2025-06-16,2026-05-31,Expired,Standard,6824946.57,False
7277,POL00007277,6,30,1,CUST0001577,2026-01-05,2026-12-31,Cancelled,Standard,730223.41,True
7278,POL00007278,2,73,3,CUST0000747,2024-08-23,2025-07-31,Expired,Basic,435791.77,False
7279,POL00007279,2,120,3,CUST0000060,2024-10-11,2025-09-30,Expired,Standard,580428.71,False
7280,POL00007280,10,51,1,CUST0000623,2025-01-15,2025-12-31,Expired,Basic,2599789.16,False
7281,POL00007281,2,54,3,CUST0000366,2023-12-16,2024-11-30,Expired,Basic,392601.66,False
7282,POL00007282,2,38,1,CUST0002222,2025-01-19,2025-12-31,Expired,Basic,532484.47,False
7283,POL00007283,9,17,2,CUST0000095,2025-08-12,2026-07-31,Active,Premium,8653905.57,False
7284,POL00007284,3,80,3,CUST0003713,2025-08-03,2026-07-31,Active,Premium,1133098.71,False
7285,POL00007285,2,31,1,CUST0002040,2024-08-01,2025-07-31,Expired,Basic,545694.13,False
7286,POL00007286,6,62,3,CUST0000280,2025-10-02,2026-09-30,Active,Standard,1038720.16,False
7287,POL00007287,9,78,2,CUST0002783,2023-11-07,2024-10-31,Expired,Standard,5877716.64,False
7288,POL00007288,5,115,4,CUST0002255,2026-01-16,2026-12-31,Active,Standard,350037.74,False
7289,POL00007289,8,36,1,CUST0001085,2025-02-09,2026-01-31,Expired,Standard,3891839.8,False
7290,POL00007290,5,114,2,CUST0003917,2024-09-27,2025-08-31,Expired,Basic,673009.83,False
7291,POL00007291,5,56,2,CUST0000009,2023-09-14,2024-08-31,Expired,Basic,486871.28,False
7292,POL00007292,5,5,3,CUST0002780,2025-04-17,2026-03-31,Expired,Standard,551137.62,False
7293,POL00007293,1,116,3,CUST0000377,2024-08-10,2025-07-31,Expired,Standard,661394.14,False
7294,POL00007294,1,104,2,CUST0000416,2024-09-12,2026-08-31,Active,Premium,621988.97,False
7295,POL00007295,7,37,3,CUST0002071,2024-02-12,2025-01-31,Expired,Basic,364133.97,False
7296,POL00007296,1,86,3,CUST0003060,2025-01-04,2025-12-31,Expired,Standard,514766.95,False
7297,POL00007297,1,120,1,CUST0000088,2024-03-16,2025-02-28,Expired,Premium,792729.55,False
7298,POL00007298,5,119,1,CUST0000596,2024-07-20,2025-06-30,Expired,Standard,421828.33,False
7299,POL00007299,5,103,1,CUST0002784,2025-04-12,2026-03-31,Expired,Standard,693262.31,False
7300,POL00007300,2,78,2,CUST0001755,2024-03-23,2025-02-28,Expired,Basic,590677.64,False
7301,POL00007301,1,5,3,CUST0000626,2023-07-17,2024-06-30,Expired,Standard,897982.17,False
7302,POL00007302,1,23,3,CUST0000870,2025-11-17,2026-10-31,Active,Basic,705946.65,False
7303,POL00007303,3,19,2,CUST0000988,2024-04-07,2025-03-31,Expired,Standard,1947671.1,False
7304,POL00007304,3,120,4,CUST0000699,2026-01-01,2026-12-31,Active,Basic,1671353.3,False
7305,POL00007305,8,81,4,CUST0001372,2024-12-03,2025-11-30,Expired,Standard,4747745.46,False
7306,POL00007306,2,74,3,CUST0000505,2023-09-25,2024-08-31,Expired,Basic,708232.31,False
7307,POL00007307,4,26,3,CUST0002830,2023-10-29,2024-09-30,Expired,Standard,1088548.74,False
7308,POL00007308,2,63,4,CUST0000788,2023-10-30,2024-09-30,Expired,Basic,647373.64,False
7309,POL00007309,1,15,1,CUST0002799,2024-10-18,2025-09-30,Expired,Standard,486584.63,False
7310,POL00007310,5,18,1,CUST0000783,2023-09-03,2025-08-31,Expired,Standard,359738.08,False
7311,POL00007311,6,108,3,CUST0002526,2024-04-29,2025-03-31,Expired,Basic,969914.94,False
7312,POL00007312,4,104,4,CUST0000927,2025-08-18,2026-07-31,Active,Standard,1374493.34,False
7313,POL00007313,5,16,2,CUST0003508,2024-07-01,2025-06-30,Expired,Standard,478204.22,False
7314,POL00007314,8,44,3,CUST0002615,2025-06-07,2026-05-31,Cancelled,Basic,4605057.94,True
7315,POL00007315,3,118,3,CUST0001010,2025-08-01,2026-07-31,Active,Standard,2094419.91,False
7316,POL00007316,1,25,4,CUST0000540,2025-10-05,2026-09-30,Active,Standard,882967.98,False
7317,POL00007317,2,54,2,CUST0001118,2023-07-16,2024-06-30,Expired,Standard,409614.37,False
7318,POL00007318,2,42,3,CUST0001100,2025-12-12,2026-11-30,Active,Basic,530437.83,False
7319,POL00007319,6,86,1,CUST0001121,2025-09-13,2027-08-31,Active,Basic,561083.57,False
7320,POL00007320,1,50,3,CUST0001880,2023-09-19,2024-08-31,Expired,Basic,777137.88,False
7321,POL00007321,7,58,2,CUST0001738,2025-01-18,2025-12-31,Expired,Premium,479347.55,False
7322,POL00007322,2,2,4,CUST0002673,2023-08-31,2024-07-31,Expired,Basic,740986.73,False
7323,POL00007323,2,10,1,CUST0001540,2023-09-12,2024-08-31,Expired,Standard,638539.77,False
7324,POL00007324,6,38,4,CUST0002413,2024-05-17,2025-04-30,Expired,Premium,607378.89,False
7325,POL00007325,7,78,2,CUST0000209,2023-10-04,2024-09-30,Expired,Standard,404430.33,False
7326,POL00007326,3,112,4,CUST0003415,2025-03-27,2026-02-28,Expired,Premium,1708676.14,False
7327,POL00007327,3,115,3,CUST0003900,2023-09-11,2024-08-31,Expired,Standard,1600616.08,False
7328,POL00007328,9,81,1,CUST0001372,2025-01-20,2025-12-31,Expired,Basic,7180905.57,False
7329,POL00007329,8,89,3,CUST0002650,2023-07-31,2025-06-30,Expired,Standard,4347458.7,False
7330,POL00007330,2,76,3,CUST0002261,2023-08-09,2024-07-31,Expired,Standard,574858.27,False
7331,POL00007331,3,112,2,CUST0003793,2024-12-08,2025-11-30,Expired,Standard,1837633.56,False
7332,POL00007332,1,116,1,CUST0003221,2024-09-20,2026-08-31,Active,Standard,561187.89,False
7333,POL00007333,9,92,3,CUST0000796,2025-05-07,2026-04-30,Expired,Basic,5354796.97,False
7334,POL00007334,9,27,2,CUST0002591,2025-04-19,2026-03-31,Expired,Standard,10186861.57,False
7335,POL00007335,3,4,4,CUST0002697,2023-11-29,2024-10-31,Expired,Standard,1750986.95,False
7336,POL00007336,4,17,1,CUST0003933,2024-07-13,2025-06-30,Expired,Premium,1676833.31,False
7337,POL00007337,5,92,3,CUST0001270,2024-12-25,2025-11-30,Expired,Standard,602056.44,False
7338,POL00007338,1,116,3,CUST0000270,2023-12-30,2024-11-30,Expired,Standard,500547.78,False
7339,POL00007339,7,103,1,CUST0001087,2024-11-01,2025-10-31,Expired,Standard,510069.09,False
7340,POL00007340,2,47,1,CUST0001619,2025-03-14,2026-02-28,Expired,Basic,593317.32,False
7341,POL00007341,3,92,3,CUST0002151,2025-07-06,2026-06-30,Active,Standard,1404918.09,False
7342,POL00007342,8,46,1,CUST0000571,2023-12-01,2024-11-30,Expired,Basic,6403572.6,False
7343,POL00007343,1,34,3,CUST0001271,2024-05-27,2025-04-30,Expired,Basic,830292.22,False
7344,POL00007344,8,75,1,CUST0003028,2025-02-20,2027-01-31,Active,Premium,4951644.68,False
7345,POL00007345,6,42,2,CUST0000289,2024-05-22,2025-04-30,Expired,Premium,1006679.66,False
7346,POL00007346,5,105,4,CUST0001468,2026-01-19,2026-12-31,Active,Standard,375001.23,False
7347,POL00007347,6,43,2,CUST0000786,2026-02-14,2027-01-31,Active,Standard,912737.77,False
7348,POL00007348,3,91,3,CUST0003506,2024-08-04,2025-07-31,Expired,Premium,1460713.72,False
7349,POL00007349,8,77,2,CUST0003326,2024-07-26,2026-06-30,Active,Standard,4269275.12,False
7350,POL00007350,1,118,1,CUST0001056,2024-12-26,2025-11-30,Expired,Standard,698016.9,False
7351,POL00007351,5,116,3,CUST0000372,2025-02-19,2026-01-31,Expired,Standard,602331.03,False
7352,POL00007352,9,48,3,CUST0002332,2024-12-05,2025-11-30,Cancelled,Premium,5992883.4,True
7353,POL00007353,4,72,2,CUST0000135,2024-05-13,2025-04-30,Expired,Basic,969435.59,False
7354,POL00007354,6,74,3,CUST0003964,2023-12-18,2024-11-30,Expired,Standard,671392.65,False
7355,POL00007355,8,19,1,CUST0002917,2024-11-03,2025-10-31,Expired,Standard,5952078.79,False
7356,POL00007356,1,85,1,CUST0002881,2024-05-22,2025-04-30,Expired,Premium,641313.48,False
7357,POL00007357,3,44,4,CUST0001364,2025-12-03,2026-11-30,Active,Standard,1887871.41,False
7358,POL00007358,9,43,3,CUST0001798,2024-07-29,2025-06-30,Expired,Standard,7570837.31,False
7359,POL00007359,2,40,3,CUST0002058,2025-03-11,2026-02-28,Expired,Basic,532246.22,False
7360,POL00007360,1,57,1,CUST0001072,2025-09-18,2026-08-31,Active,Premium,636280.21,False
7361,POL00007361,4,28,2,CUST0002024,2024-05-30,2025-04-30,Expired,Standard,1601795.59,False
7362,POL00007362,4,42,4,CUST0001311,2023-10-28,2025-09-30,Expired,Standard,890431.1,False
7363,POL00007363,4,79,1,CUST0000119,2025-03-04,2026-02-28,Expired,Premium,1588780.25,False
7364,POL00007364,6,89,1,CUST0001295,2023-08-23,2024-07-31,Expired,Basic,738227.06,False
7365,POL00007365,4,37,1,CUST0002729,2023-10-12,2024-09-30,Expired,Standard,1544290.68,False
7366,POL00007366,1,46,3,CUST0002955,2025-05-11,2026-04-30,Expired,Standard,615736.48,False
7367,POL00007367,2,102,3,CUST0003579,2023-12-10,2024-11-30,Expired,Standard,416927.72,False
7368,POL00007368,8,80,1,CUST0002449,2025-06-14,2026-05-31,Expired,Standard,5703001.77,False
7369,POL00007369,5,46,2,CUST0003852,2025-11-24,2027-10-31,Active,Standard,579196.3,False
7370,POL00007370,2,35,1,CUST0000376,2023-07-04,2024-06-30,Expired,Basic,743129.52,False
7371,POL00007371,2,101,1,CUST0001743,2024-11-21,2025-10-31,Expired,Standard,670731.18,False
7372,POL00007372,5,63,2,CUST0000709,2025-08-24,2026-07-31,Active,Standard,586366.35,False
7373,POL00007373,3,88,4,CUST0001458,2023-11-10,2024-10-31,Expired,Standard,1174124.06,False
7374,POL00007374,6,4,4,CUST0002463,2024-10-19,2025-09-30,Expired,Premium,742985.32,False
7375,POL00007375,1,100,3,CUST0001679,2026-01-09,2026-12-31,Cancelled,Premium,459940.76,True
7376,POL00007376,8,64,2,CUST0002736,2025-02-01,2026-01-31,Expired,Basic,5712948.15,False
7377,POL00007377,1,89,1,CUST0003751,2024-03-20,2025-02-28,Expired,Basic,869920.36,False
7378,POL00007378,5,5,3,CUST0003285,2025-12-01,2026-11-30,Active,Basic,399885.2,False
7379,POL00007379,4,87,3,CUST0003511,2025-08-07,2026-07-31,Active,Basic,1466061.94,False
7380,POL00007380,8,9,2,CUST0002567,2023-11-25,2024-10-31,Expired,Standard,6727374.17,False
7381,POL00007381,2,2,3,CUST0003850,2024-06-17,2025-05-31,Expired,Basic,554624.88,False
7382,POL00007382,6,10,3,CUST0000152,2023-08-10,2024-07-31,Expired,Basic,759759.5,False
7383,POL00007383,8,3,1,CUST0001492,2025-12-12,2027-11-30,Active,Standard,6958597.18,False
7384,POL00007384,2,8,1,CUST0002986,2023-10-03,2024-09-30,Expired,Basic,594865.39,False
7385,POL00007385,6,23,1,CUST0003841,2025-11-14,2026-10-31,Active,Standard,1006691.91,False
7386,POL00007386,8,86,3,CUST0003673,2025-05-03,2026-04-30,Expired,Premium,5157046.54,False
7387,POL00007387,1,87,4,CUST0000647,2024-10-27,2025-09-30,Expired,Standard,617994.24,False
7388,POL00007388,4,43,3,CUST0002277,2025-11-02,2026-10-31,Active,Standard,991028.99,False
7389,POL00007389,6,52,3,CUST0000866,2024-02-18,2025-01-31,Expired,Premium,727348.78,False
7390,POL00007390,6,104,4,CUST0002878,2024-09-01,2025-08-31,Expired,Standard,560695.9,False
7391,POL00007391,10,80,2,CUST0002607,2025-01-23,2025-12-31,Expired,Basic,1706353.22,False
7392,POL00007392,1,66,3,CUST0001507,2024-11-02,2025-10-31,Expired,Standard,638672.21,False
7393,POL00007393,9,45,2,CUST0000891,2025-05-31,2026-04-30,Expired,Standard,5360059.51,False
7394,POL00007394,1,40,3,CUST0000883,2024-05-14,2025-04-30,Cancelled,Standard,520233.77,True
7395,POL00007395,5,89,1,CUST0000206,2024-02-02,2025-01-31,Expired,Standard,675036.25,False
7396,POL00007396,7,105,1,CUST0000664,2025-04-05,2027-03-31,Active,Standard,421594.37,False
7397,POL00007397,6,89,3,CUST0000427,2023-11-24,2024-10-31,Expired,Premium,785247.11,False
7398,POL00007398,4,105,4,CUST0003538,2024-11-18,2025-10-31,Expired,Standard,878350.14,False
7399,POL00007399,1,119,3,CUST0003922,2025-12-08,2026-11-30,Active,Premium,576113.74,False
7400,POL00007400,1,112,1,CUST0000142,2023-11-28,2024-10-31,Expired,Standard,546394.96,False
7401,POL00007401,9,38,2,CUST0001773,2024-11-17,2025-10-31,Expired,Standard,5882972.05,False
7402,POL00007402,3,100,1,CUST0002831,2023-09-04,2024-08-31,Expired,Standard,1452061.02,False
7403,POL00007403,2,55,2,CUST0000194,2025-07-31,2026-06-30,Active,Basic,712896.51,False
7404,POL00007404,4,64,1,CUST0000310,2023-11-30,2024-10-31,Expired,Standard,1061437.94,False
7405,POL00007405,5,61,2,CUST0000514,2024-02-04,2025-01-31,Expired,Standard,606786.92,False
7406,POL00007406,5,8,1,CUST0003248,2023-12-02,2024-11-30,Expired,Basic,502496.21,False
7407,POL00007407,2,35,2,CUST0001492,2025-10-02,2026-09-30,Active,Basic,630278.33,False
7408,POL00007408,7,75,3,CUST0002798,2024-10-19,2025-09-30,Expired,Basic,480181.19,False
7409,POL00007409,7,86,1,CUST0000464,2024-04-29,2025-03-31,Expired,Standard,381769.63,False
7410,POL00007410,6,61,3,CUST0002832,2024-04-07,2026-03-31,Expired,Basic,923925.29,False
7411,POL00007411,1,8,3,CUST0003965,2026-01-18,2026-12-31,Active,Premium,629231.86,False
7412,POL00007412,3,14,1,CUST0000333,2025-02-23,2026-01-31,Expired,Standard,1820095.16,False
7413,POL00007413,4,56,4,CUST0002428,2025-10-29,2026-09-30,Cancelled,Standard,848384.8,True
7414,POL00007414,1,48,2,CUST0001799,2025-07-08,2026-06-30,Active,Standard,686754.86,False
7415,POL00007415,4,105,1,CUST0000628,2025-07-26,2026-06-30,Active,Basic,933138.89,False
7416,POL00007416,6,71,2,CUST0003783,2025-01-28,2025-12-31,Expired,Standard,892173.5,False
7417,POL00007417,2,35,1,CUST0000532,2025-08-23,2026-07-31,Active,Standard,390499.46,False
7418,POL00007418,1,16,3,CUST0000129,2023-09-17,2024-08-31,Expired,Standard,692495.87,False
7419,POL00007419,9,63,1,CUST0001649,2024-06-19,2025-05-31,Expired,Premium,9667119.46,False
7420,POL00007420,8,46,2,CUST0002577,2026-02-02,2028-01-31,Active,Premium,4897360.91,False
7421,POL00007421,8,10,2,CUST0000486,2024-02-27,2025-01-31,Expired,Basic,4018582.74,False
7422,POL00007422,8,101,3,CUST0001118,2023-11-19,2024-10-31,Expired,Basic,6438724.7,False
7423,POL00007423,1,92,1,CUST0002851,2023-11-06,2025-10-31,Expired,Standard,469235.27,False
7424,POL00007424,6,64,1,CUST0001196,2024-01-20,2024-12-31,Expired,Standard,1044602.92,False
7425,POL00007425,2,108,3,CUST0003715,2024-11-16,2025-10-31,Expired,Basic,391235.29,False
7426,POL00007426,9,117,4,CUST0000699,2024-08-16,2025-07-31,Expired,Premium,6054268.42,False
7427,POL00007427,1,63,3,CUST0000424,2024-10-08,2025-09-30,Expired,Standard,852093.45,False
7428,POL00007428,1,27,2,CUST0002139,2024-04-26,2025-03-31,Expired,Standard,690631.88,False
7429,POL00007429,9,19,1,CUST0002569,2026-01-04,2026-12-31,Cancelled,Basic,8250471.66,True
7430,POL00007430,4,83,2,CUST0001109,2025-06-27,2026-05-31,Expired,Standard,1424381.58,False
7431,POL00007431,1,23,2,CUST0002169,2025-07-12,2026-06-30,Active,Standard,517989.42,False
7432,POL00007432,5,36,3,CUST0000328,2025-03-04,2027-02-28,Active,Basic,365821.31,False
7433,POL00007433,2,117,4,CUST0003155,2024-09-04,2025-08-31,Expired,Basic,747319.86,False
7434,POL00007434,2,98,3,CUST0003025,2023-10-10,2024-09-30,Expired,Standard,709329.24,False
7435,POL00007435,6,45,4,CUST0003150,2025-08-16,2027-07-31,Active,Standard,813381.82,False
7436,POL00007436,8,30,1,CUST0001836,2024-10-18,2025-09-30,Expired,Standard,6893599.11,False
7437,POL00007437,2,49,1,CUST0002396,2024-03-04,2025-02-28,Expired,Basic,497262.61,False
7438,POL00007438,2,66,1,CUST0001457,2025-10-04,2026-09-30,Active,Standard,749615.16,False
7439,POL00007439,6,74,3,CUST0002896,2024-04-06,2025-03-31,Expired,Standard,622650.47,False
7440,POL00007440,4,63,3,CUST0000939,2024-08-12,2025-07-31,Expired,Standard,1122892.44,False
7441,POL00007441,6,63,3,CUST0001344,2023-10-19,2024-09-30,Expired,Standard,749950.29,False
7442,POL00007442,9,21,2,CUST0000851,2025-12-01,2026-11-30,Active,Standard,9592043.53,False
7443,POL00007443,8,107,2,CUST0001758,2025-03-08,2026-02-28,Expired,Standard,6023529.63,False
7444,POL00007444,1,5,3,CUST0002128,2023-09-23,2025-08-31,Expired,Premium,515755.85,False
7445,POL00007445,1,85,4,CUST0000490,2024-11-03,2025-10-31,Expired,Standard,904819.23,False
7446,POL00007446,5,93,2,CUST0000104,2024-01-12,2024-12-31,Cancelled,Basic,556148.66,True
7447,POL00007447,6,15,2,CUST0001216,2025-01-25,2026-12-31,Active,Basic,684249.24,False
7448,POL00007448,6,54,2,CUST0002356,2024-02-13,2025-01-31,Expired,Basic,598091.26,False
7449,POL00007449,1,92,1,CUST0000212,2023-12-30,2024-11-30,Expired,Standard,568843.85,False
7450,POL00007450,1,29,3,CUST0001904,2024-11-06,2025-10-31,Expired,Basic,829481.6,False
7451,POL00007451,1,22,2,CUST0000331,2025-01-21,2025-12-31,Expired,Standard,673212.48,False
7452,POL00007452,1,101,2,CUST0000124,2025-08-15,2026-07-31,Active,Standard,792761.82,False
7453,POL00007453,3,120,3,CUST0000015,2025-06-13,2026-05-31,Expired,Standard,2021064.68,False
7454,POL00007454,5,35,1,CUST0003216,2024-09-13,2025-08-31,Expired,Standard,521192.02,False
7455,POL00007455,4,38,3,CUST0002461,2025-06-19,2026-05-31,Expired,Standard,924741.02,False
7456,POL00007456,8,80,2,CUST0000873,2025-03-19,2026-02-28,Expired,Premium,3773339.95,False
7457,POL00007457,1,12,1,CUST0003155,2024-09-09,2025-08-31,Expired,Basic,466258.74,False
7458,POL00007458,1,87,1,CUST0002794,2024-12-01,2025-11-30,Expired,Standard,611418.3,False
7459,POL00007459,1,111,2,CUST0002893,2023-12-26,2025-11-30,Expired,Standard,588157.01,False
7460,POL00007460,3,32,3,CUST0000016,2024-06-24,2025-05-31,Expired,Standard,1948162.9,False
7461,POL00007461,1,8,3,CUST0002910,2025-02-26,2026-01-31,Cancelled,Premium,586441.13,True
7462,POL00007462,1,29,2,CUST0002096,2023-11-16,2024-10-31,Expired,Basic,794671.41,False
7463,POL00007463,8,100,1,CUST0003102,2025-07-02,2026-06-30,Active,Basic,4530216.4,False
7464,POL00007464,1,14,1,CUST0003756,2023-10-03,2024-09-30,Expired,Standard,884202.1,False
7465,POL00007465,10,43,3,CUST0000104,2025-04-25,2026-03-31,Expired,Standard,2285288.19,False
7466,POL00007466,1,21,4,CUST0002486,2025-08-04,2026-07-31,Cancelled,Standard,584336.19,True
7467,POL00007467,7,72,2,CUST0003218,2024-07-09,2025-06-30,Expired,Standard,500360.2,False
7468,POL00007468,2,102,2,CUST0003901,2025-09-15,2026-08-31,Active,Basic,550121.43,False
7469,POL00007469,1,85,1,CUST0003237,2024-02-14,2025-01-31,Expired,Premium,659165.7,False
7470,POL00007470,3,7,1,CUST0000589,2024-08-24,2025-07-31,Expired,Standard,1051025.37,False
7471,POL00007471,4,17,1,CUST0000485,2025-05-30,2027-04-30,Active,Standard,1438317.43,False
7472,POL00007472,7,76,3,CUST0000764,2024-09-23,2025-08-31,Expired,Basic,543061.96,False
7473,POL00007473,5,93,2,CUST0001908,2024-03-06,2025-02-28,Expired,Premium,587973.36,False
7474,POL00007474,5,92,1,CUST0001781,2024-01-23,2024-12-31,Expired,Basic,661282.34,False
7475,POL00007475,1,36,2,CUST0003913,2025-11-01,2026-10-31,Active,Standard,805776.32,False
7476,POL00007476,1,54,3,CUST0001631,2023-09-06,2024-08-31,Expired,Premium,874072.31,False
7477,POL00007477,2,44,1,CUST0002630,2023-12-14,2024-11-30,Expired,Standard,749107.73,False
7478,POL00007478,1,22,1,CUST0001260,2024-08-19,2025-07-31,Cancelled,Standard,629731.23,True
7479,POL00007479,2,47,1,CUST0002806,2025-09-19,2026-08-31,Cancelled,Standard,544759.08,True
7480,POL00007480,2,1,1,CUST0003054,2025-05-14,2026-04-30,Expired,Premium,539532.27,False
7481,POL00007481,4,59,4,CUST0000558,2023-12-10,2024-11-30,Expired,Standard,1620380.26,False
7482,POL00007482,3,55,2,CUST0001783,2024-10-05,2025-09-30,Expired,Standard,1212353.98,False
7483,POL00007483,8,91,4,CUST0000955,2026-01-18,2027-12-31,Active,Standard,3735686.0,False
7484,POL00007484,6,34,2,CUST0002483,2023-10-12,2024-09-30,Expired,Standard,1055500.46,False
7485,POL00007485,1,46,3,CUST0002850,2023-07-25,2024-06-30,Expired,Premium,509953.79,False
7486,POL00007486,2,97,1,CUST0000821,2023-07-19,2024-06-30,Expired,Standard,487336.4,False
7487,POL00007487,2,52,1,CUST0001178,2023-09-07,2024-08-31,Expired,Standard,549884.8,False
7488,POL00007488,2,9,1,CUST0002518,2023-08-11,2024-07-31,Expired,Standard,452823.39,False
7489,POL00007489,3,8,3,CUST0002903,2025-01-02,2026-12-31,Active,Standard,1746245.28,False
7490,POL00007490,1,30,2,CUST0001291,2025-12-25,2026-11-30,Active,Basic,795488.98,False
7491,POL00007491,3,24,1,CUST0000632,2025-04-13,2026-03-31,Expired,Standard,1385934.79,False
7492,POL00007492,3,35,2,CUST0002812,2025-02-10,2026-01-31,Expired,Standard,2023628.38,False
7493,POL00007493,1,90,3,CUST0000932,2023-08-06,2024-07-31,Expired,Standard,467147.34,False
7494,POL00007494,3,62,4,CUST0003769,2025-11-04,2026-10-31,Active,Standard,1617175.5,False
7495,POL00007495,1,104,4,CUST0001666,2025-02-10,2027-01-31,Active,Standard,845061.12,False
7496,POL00007496,8,39,1,CUST0001347,2023-07-26,2024-06-30,Cancelled,Premium,3640305.49,True
7497,POL00007497,5,97,3,CUST0002768,2023-08-26,2024-07-31,Expired,Premium,694095.15,False
7498,POL00007498,9,81,3,CUST0003925,2025-07-07,2026-06-30,Active,Premium,7790248.98,False
7499,POL00007499,3,107,4,CUST0001843,2025-04-18,2026-03-31,Expired,Standard,1066807.9,False
7500,POL00007500,1,62,1,CUST0003582,2026-02-17,2027-01-31,Active,Standard,877178.99,False
7501,POL00007501,6,29,2,CUST0002440,2023-08-04,2024-07-31,Expired,Basic,1083685.47,False
7502,POL00007502,1,59,1,CUST0003440,2024-11-23,2025-10-31,Expired,Standard,515947.17,False
7503,POL00007503,1,83,4,CUST0000554,2023-12-24,2025-11-30,Expired,Premium,499059.45,False
7504,POL00007504,1,66,1,CUST0003422,2024-04-14,2025-03-31,Expired,Standard,785593.9,False
7505,POL00007505,2,69,4,CUST0000746,2025-09-13,2027-08-31,Active,Standard,708782.51,False
7506,POL00007506,2,81,2,CUST0001755,2023-10-26,2024-09-30,Expired,Standard,511159.02,False
7507,POL00007507,3,101,1,CUST0001180,2024-01-03,2024-12-31,Expired,Basic,2008587.97,False
7508,POL00007508,9,76,2,CUST0002762,2025-11-30,2026-10-31,Active,Basic,5558432.52,False
7509,POL00007509,8,104,1,CUST0002972,2025-12-01,2026-11-30,Active,Standard,6043708.84,False
7510,POL00007510,8,70,3,CUST0002383,2023-07-13,2024-06-30,Expired,Standard,6905675.2,False
7511,POL00007511,10,32,1,CUST0001266,2024-09-17,2025-08-31,Expired,Standard,2776109.18,False
7512,POL00007512,2,50,3,CUST0002353,2025-03-27,2027-02-28,Active,Basic,748111.2,False
7513,POL00007513,3,111,1,CUST0001492,2025-06-24,2027-05-31,Active,Premium,1214426.86,False
7514,POL00007514,1,103,2,CUST0000714,2023-10-21,2024-09-30,Expired,Premium,904422.09,False
7515,POL00007515,1,89,1,CUST0001027,2023-12-08,2024-11-30,Expired,Standard,647035.85,False
7516,POL00007516,4,116,3,CUST0002000,2024-12-20,2025-11-30,Expired,Basic,1354598.31,False
7517,POL00007517,2,114,2,CUST0000028,2025-03-27,2026-02-28,Expired,Premium,451394.73,False
7518,POL00007518,2,16,1,CUST0001413,2023-09-26,2024-08-31,Expired,Standard,455699.32,False
7519,POL00007519,10,101,4,CUST0003874,2023-07-06,2024-06-30,Expired,Premium,1959203.7,False
7520,POL00007520,5,74,3,CUST0003766,2024-06-09,2025-05-31,Expired,Standard,681146.01,False
7521,POL00007521,8,41,1,CUST0002258,2025-11-07,2026-10-31,Active,Standard,3941537.5,False
7522,POL00007522,1,13,1,CUST0000017,2023-09-10,2024-08-31,Expired,Premium,575084.33,False
7523,POL00007523,4,33,3,CUST0003007,2024-04-19,2025-03-31,Expired,Basic,1143827.18,False
7524,POL00007524,2,95,1,CUST0000752,2024-07-30,2025-06-30,Expired,Basic,584248.57,False
7525,POL00007525,1,9,4,CUST0002957,2025-11-24,2026-10-31,Cancelled,Standard,740617.21,True
7526,POL00007526,2,75,1,CUST0000129,2025-10-03,2026-09-30,Active,Standard,737093.84,False
7527,POL00007527,8,22,3,CUST0001253,2025-02-26,2026-01-31,Expired,Basic,6045632.81,False
7528,POL00007528,4,63,3,CUST0001489,2023-10-20,2024-09-30,Expired,Premium,1668299.96,False
7529,POL00007529,5,96,2,CUST0001129,2024-04-07,2025-03-31,Expired,Premium,493002.9,False
7530,POL00007530,3,106,3,CUST0000491,2024-01-29,2025-12-31,Expired,Standard,1181727.38,False
7531,POL00007531,5,96,2,CUST0003628,2024-08-16,2025-07-31,Expired,Premium,469675.37,False
7532,POL00007532,1,106,2,CUST0002713,2025-04-03,2027-03-31,Active,Standard,812774.11,False
7533,POL00007533,7,1,4,CUST0002114,2024-06-02,2025-05-31,Expired,Standard,473546.11,False
7534,POL00007534,1,39,1,CUST0000206,2025-01-24,2025-12-31,Expired,Standard,469434.97,False
7535,POL00007535,2,21,3,CUST0001187,2024-09-09,2025-08-31,Expired,Standard,666436.99,False
7536,POL00007536,5,98,4,CUST0000505,2025-09-10,2026-08-31,Active,Premium,542272.75,False
7537,POL00007537,5,4,4,CUST0001216,2023-11-16,2024-10-31,Expired,Basic,546000.12,False
7538,POL00007538,1,37,1,CUST0000101,2024-06-16,2025-05-31,Expired,Basic,869108.3,False
7539,POL00007539,1,20,1,CUST0002402,2024-04-22,2025-03-31,Expired,Standard,591678.2,False
7540,POL00007540,5,117,3,CUST0001375,2026-01-21,2026-12-31,Active,Standard,694591.53,False
7541,POL00007541,1,117,1,CUST0002820,2025-02-25,2026-01-31,Expired,Standard,619310.44,False
7542,POL00007542,6,11,2,CUST0003590,2024-09-27,2025-08-31,Expired,Premium,873156.32,False
7543,POL00007543,6,101,1,CUST0003090,2023-10-23,2024-09-30,Cancelled,Standard,689166.8,True
7544,POL00007544,2,29,4,CUST0002843,2025-07-21,2026-06-30,Active,Premium,450579.09,False
7545,POL00007545,9,110,2,CUST0003373,2024-12-29,2025-11-30,Expired,Standard,8109762.23,False
7546,POL00007546,1,50,3,CUST0002709,2024-01-30,2024-12-31,Cancelled,Standard,501899.95,True
7547,POL00007547,3,119,3,CUST0003948,2024-02-07,2026-01-31,Expired,Standard,1291247.71,False
7548,POL00007548,8,9,1,CUST0002506,2024-06-27,2025-05-31,Expired,Standard,4528445.59,False
7549,POL00007549,7,92,4,CUST0003558,2026-02-01,2027-01-31,Active,Standard,540410.48,False
7550,POL00007550,3,70,2,CUST0003415,2025-12-12,2026-11-30,Active,Premium,1762675.41,False
7551,POL00007551,1,52,2,CUST0001792,2024-03-01,2025-02-28,Expired,Premium,480099.21,False
7552,POL00007552,1,55,1,CUST0003113,2024-06-06,2025-05-31,Expired,Standard,571387.36,False
7553,POL00007553,2,94,3,CUST0000941,2025-03-05,2026-02-28,Expired,Premium,692426.89,False
7554,POL00007554,2,30,3,CUST0001223,2023-08-28,2024-07-31,Expired,Basic,438068.36,False
7555,POL00007555,1,64,1,CUST0000418,2024-10-12,2025-09-30,Expired,Standard,459290.78,False
7556,POL00007556,1,56,2,CUST0003324,2025-03-12,2027-02-28,Active,Standard,800133.25,False
7557,POL00007557,5,95,2,CUST0000599,2025-11-29,2026-10-31,Active,Premium,681947.19,False
7558,POL00007558,1,14,2,CUST0002974,2024-03-24,2025-02-28,Expired,Standard,596482.95,False
7559,POL00007559,7,77,4,CUST0002248,2024-04-22,2025-03-31,Expired,Standard,401456.33,False
7560,POL00007560,3,43,1,CUST0002449,2023-08-17,2025-07-31,Expired,Standard,1458886.53,False
7561,POL00007561,9,27,3,CUST0003789,2024-11-03,2025-10-31,Expired,Standard,8184612.12,False
7562,POL00007562,2,35,3,CUST0000892,2023-11-13,2024-10-31,Cancelled,Premium,531961.72,True
7563,POL00007563,3,52,4,CUST0001043,2024-07-21,2025-06-30,Expired,Premium,1508038.7,False
7564,POL00007564,3,58,3,CUST0002166,2025-03-04,2026-02-28,Expired,Standard,1795998.5,False
7565,POL00007565,3,66,4,CUST0000694,2025-01-12,2025-12-31,Expired,Standard,1600588.45,False
7566,POL00007566,2,70,3,CUST0001711,2024-03-31,2025-02-28,Expired,Standard,520699.2,False
7567,POL00007567,3,21,3,CUST0001820,2023-11-30,2024-10-31,Expired,Standard,1233207.52,False
7568,POL00007568,1,99,3,CUST0001806,2024-01-10,2024-12-31,Expired,Basic,498611.3,False
7569,POL00007569,2,100,3,CUST0002712,2024-07-22,2025-06-30,Expired,Premium,512200.49,False
7570,POL00007570,2,23,4,CUST0002520,2025-10-16,2026-09-30,Active,Standard,710470.24,False
7571,POL00007571,1,8,1,CUST0003192,2023-08-16,2024-07-31,Expired,Standard,460763.27,False
7572,POL00007572,3,86,2,CUST0003848,2025-10-20,2026-09-30,Cancelled,Standard,1540400.92,True
7573,POL00007573,3,96,2,CUST0002749,2024-05-21,2025-04-30,Expired,Standard,1611759.79,False
7574,POL00007574,2,102,1,CUST0001730,2025-05-18,2026-04-30,Expired,Premium,680869.71,False
7575,POL00007575,2,48,1,CUST0001770,2024-09-03,2025-08-31,Expired,Basic,579733.89,False
7576,POL00007576,6,47,3,CUST0000241,2025-06-13,2026-05-31,Expired,Standard,611262.81,False
7577,POL00007577,4,116,2,CUST0000555,2023-11-20,2024-10-31,Expired,Basic,1052421.39,False
7578,POL00007578,4,40,3,CUST0002644,2026-02-27,2027-01-31,Active,Standard,1498593.89,False
7579,POL00007579,7,52,1,CUST0001898,2023-08-12,2025-07-31,Expired,Standard,288190.82,False
7580,POL00007580,2,92,3,CUST0000193,2025-08-07,2026-07-31,Active,Standard,684138.77,False
7581,POL00007581,1,117,2,CUST0003708,2025-10-07,2026-09-30,Active,Basic,707896.14,False
7582,POL00007582,1,89,1,CUST0000036,2024-02-15,2026-01-31,Expired,Basic,833680.37,False
7583,POL00007583,4,120,4,CUST0002255,2024-11-08,2025-10-31,Expired,Premium,1285764.41,False
7584,POL00007584,6,49,1,CUST0003371,2024-06-20,2025-05-31,Expired,Basic,565495.1,False
7585,POL00007585,10,105,3,CUST0000825,2024-06-14,2025-05-31,Expired,Premium,2102455.81,False
7586,POL00007586,1,99,1,CUST0002530,2025-02-21,2026-01-31,Cancelled,Basic,661760.91,True
7587,POL00007587,3,8,4,CUST0002600,2024-08-15,2025-07-31,Expired,Premium,1392906.68,False
7588,POL00007588,8,87,4,CUST0001314,2023-09-03,2024-08-31,Expired,Basic,5844096.98,False
7589,POL00007589,1,50,1,CUST0003712,2023-07-28,2024-06-30,Expired,Premium,529541.86,False
7590,POL00007590,6,9,3,CUST0002545,2025-01-29,2025-12-31,Expired,Standard,815893.93,False
7591,POL00007591,4,80,3,CUST0000706,2024-06-15,2025-05-31,Expired,Standard,992685.28,False
7592,POL00007592,7,86,1,CUST0001925,2025-12-06,2026-11-30,Active,Basic,541554.45,False
7593,POL00007593,1,103,4,CUST0002811,2024-01-06,2024-12-31,Expired,Standard,871636.99,False
7594,POL00007594,8,113,2,CUST0001715,2023-10-14,2025-09-30,Expired,Standard,4892749.68,False
7595,POL00007595,1,21,2,CUST0000544,2024-10-02,2025-09-30,Expired,Standard,467019.74,False
7596,POL00007596,7,5,1,CUST0003866,2024-07-23,2025-06-30,Expired,Basic,457771.01,False
7597,POL00007597,6,67,1,CUST0002523,2024-12-28,2025-11-30,Expired,Standard,858277.24,False
7598,POL00007598,2,93,3,CUST0003801,2025-04-09,2026-03-31,Cancelled,Basic,538283.07,True
7599,POL00007599,3,16,2,CUST0002539,2024-09-05,2026-08-31,Active,Basic,1516484.54,False
7600,POL00007600,1,82,1,CUST0003831,2024-08-25,2025-07-31,Expired,Standard,763952.1,False
7601,POL00007601,6,4,2,CUST0000542,2024-03-07,2025-02-28,Expired,Basic,1020910.52,False
7602,POL00007602,10,65,2,CUST0001678,2025-03-10,2026-02-28,Expired,Standard,1490352.33,False
7603,POL00007603,7,67,1,CUST0001686,2025-11-30,2026-10-31,Active,Premium,486923.72,False
7604,POL00007604,2,34,1,CUST0002556,2025-01-29,2025-12-31,Expired,Standard,410912.21,False
7605,POL00007605,1,40,4,CUST0001705,2026-02-18,2027-01-31,Active,Premium,672377.0,False
7606,POL00007606,7,116,3,CUST0002515,2025-11-05,2026-10-31,Active,Premium,347441.97,False
7607,POL00007607,1,87,4,CUST0000909,2023-08-15,2024-07-31,Expired,Basic,537448.13,False
7608,POL00007608,1,36,1,CUST0003416,2025-11-16,2027-10-31,Active,Standard,652106.6,False
7609,POL00007609,2,73,4,CUST0001016,2023-08-14,2025-07-31,Expired,Standard,743558.8,False
7610,POL00007610,6,78,1,CUST0002280,2023-12-16,2024-11-30,Expired,Basic,904773.73,False
7611,POL00007611,4,38,1,CUST0001724,2025-06-11,2026-05-31,Expired,Premium,1174038.94,False
7612,POL00007612,8,77,3,CUST0003933,2023-12-13,2024-11-30,Expired,Standard,5209153.25,False
7613,POL00007613,1,60,2,CUST0000255,2025-06-06,2026-05-31,Expired,Premium,692352.58,False
7614,POL00007614,1,99,4,CUST0003499,2025-02-18,2026-01-31,Expired,Premium,493749.07,False
7615,POL00007615,9,102,1,CUST0002625,2025-10-24,2026-09-30,Active,Standard,6666164.95,False
7616,POL00007616,6,88,2,CUST0001710,2025-02-25,2026-01-31,Expired,Standard,910140.01,False
7617,POL00007617,1,107,3,CUST0001239,2026-02-20,2027-01-31,Cancelled,Premium,468647.11,True
7618,POL00007618,1,17,2,CUST0003379,2025-12-25,2026-11-30,Active,Standard,532522.94,False
7619,POL00007619,9,99,1,CUST0001457,2024-01-16,2025-12-31,Expired,Basic,10410065.39,False
7620,POL00007620,1,10,2,CUST0001187,2024-03-24,2025-02-28,Expired,Standard,459576.79,False
7621,POL00007621,1,43,4,CUST0001161,2024-02-28,2025-01-31,Expired,Standard,846173.79,False
7622,POL00007622,1,35,4,CUST0000785,2025-04-21,2026-03-31,Expired,Standard,489133.35,False
7623,POL00007623,7,40,1,CUST0001657,2024-06-22,2025-05-31,Expired,Standard,381263.09,False
7624,POL00007624,3,1,2,CUST0001438,2025-12-02,2026-11-30,Active,Basic,1902007.99,False
7625,POL00007625,5,21,2,CUST0003360,2025-05-07,2026-04-30,Expired,Standard,551758.78,False
7626,POL00007626,2,58,1,CUST0003677,2024-10-06,2025-09-30,Expired,Standard,701246.37,False
7627,POL00007627,3,83,1,CUST0002928,2023-11-24,2024-10-31,Expired,Standard,1941281.66,False
7628,POL00007628,6,45,1,CUST0003514,2023-08-31,2024-07-31,Expired,Standard,927765.76,False
7629,POL00007629,4,46,3,CUST0002269,2026-02-10,2027-01-31,Active,Standard,921219.29,False
7630,POL00007630,2,41,3,CUST0003656,2023-10-26,2024-09-30,Expired,Premium,628565.55,False
7631,POL00007631,5,10,3,CUST0003678,2024-06-27,2026-05-31,Expired,Basic,606498.11,False
7632,POL00007632,1,41,1,CUST0001478,2024-10-29,2025-09-30,Expired,Basic,740056.3,False
7633,POL00007633,1,19,3,CUST0002437,2025-09-28,2026-08-31,Active,Standard,482777.86,False
7634,POL00007634,1,114,1,CUST0000332,2024-07-04,2026-06-30,Cancelled,Basic,500791.99,True
7635,POL00007635,8,62,2,CUST0002082,2026-01-07,2027-12-31,Active,Basic,6898781.28,False
7636,POL00007636,3,53,3,CUST0002865,2023-12-26,2025-11-30,Expired,Standard,1199228.59,False
7637,POL00007637,9,79,1,CUST0002462,2024-12-20,2025-11-30,Expired,Standard,8951238.65,False
7638,POL00007638,9,118,2,CUST0001250,2024-05-13,2025-04-30,Expired,Standard,10050370.78,False
7639,POL00007639,4,106,1,CUST0000173,2025-04-27,2026-03-31,Expired,Standard,979063.16,False
7640,POL00007640,7,74,2,CUST0001889,2024-05-16,2025-04-30,Expired,Premium,528870.28,False
7641,POL00007641,1,98,2,CUST0000211,2023-12-01,2024-11-30,Expired,Standard,714561.91,False
7642,POL00007642,2,77,4,CUST0003367,2025-05-05,2026-04-30,Expired,Basic,429683.89,False
7643,POL00007643,1,111,4,CUST0001087,2024-08-11,2025-07-31,Expired,Standard,873600.14,False
7644,POL00007644,7,14,2,CUST0001099,2024-11-11,2025-10-31,Expired,Basic,307160.02,False
7645,POL00007645,5,74,3,CUST0000202,2025-02-19,2026-01-31,Expired,Premium,673359.13,False
7646,POL00007646,1,28,3,CUST0000698,2023-08-11,2024-07-31,Expired,Basic,826320.73,False
7647,POL00007647,1,109,1,CUST0003505,2025-09-09,2026-08-31,Active,Standard,520060.11,False
7648,POL00007648,1,5,2,CUST0003829,2025-02-14,2026-01-31,Expired,Standard,804948.67,False
7649,POL00007649,4,9,4,CUST0002223,2025-02-12,2026-01-31,Cancelled,Standard,1138936.13,True
7650,POL00007650,7,93,1,CUST0001540,2023-12-25,2025-11-30,Expired,Standard,370501.65,False
7651,POL00007651,4,113,4,CUST0000447,2025-03-09,2026-02-28,Expired,Basic,850322.22,False
7652,POL00007652,8,75,3,CUST0002078,2024-02-18,2025-01-31,Expired,Standard,6871303.06,False
7653,POL00007653,3,49,3,CUST0000872,2023-07-13,2024-06-30,Expired,Premium,1258607.08,False
7654,POL00007654,1,6,1,CUST0001262,2024-12-16,2026-11-30,Active,Standard,833117.04,False
7655,POL00007655,2,26,4,CUST0003891,2024-01-21,2024-12-31,Expired,Premium,515198.66,False
7656,POL00007656,1,30,2,CUST0002017,2023-11-14,2024-10-31,Expired,Standard,679120.9,False
7657,POL00007657,4,56,4,CUST0001241,2024-09-08,2025-08-31,Expired,Standard,1627411.42,False
7658,POL00007658,4,43,3,CUST0002836,2025-09-13,2026-08-31,Active,Basic,1029172.58,False
7659,POL00007659,5,52,1,CUST0003897,2023-11-08,2025-10-31,Expired,Premium,372085.72,False
7660,POL00007660,1,5,1,CUST0001755,2026-01-20,2027-12-31,Active,Standard,749127.75,False
7661,POL00007661,1,59,1,CUST0000876,2025-03-06,2026-02-28,Expired,Standard,609613.95,False
7662,POL00007662,6,38,2,CUST0002128,2024-04-15,2025-03-31,Expired,Standard,1104835.48,False
7663,POL00007663,6,31,3,CUST0000540,2025-02-19,2026-01-31,Expired,Standard,848418.14,False
7664,POL00007664,4,115,1,CUST0000505,2025-05-31,2026-04-30,Expired,Standard,1542357.4,False
7665,POL00007665,3,81,4,CUST0000706,2024-10-13,2025-09-30,Expired,Standard,1655378.58,False
7666,POL00007666,1,33,2,CUST0001187,2023-08-17,2024-07-31,Expired,Premium,668472.47,False
7667,POL00007667,6,106,2,CUST0002952,2024-08-26,2025-07-31,Expired,Basic,722505.98,False
7668,POL00007668,2,87,1,CUST0000867,2025-11-08,2026-10-31,Active,Standard,751993.21,False
7669,POL00007669,7,44,1,CUST0002118,2023-10-28,2025-09-30,Expired,Standard,444777.29,False
7670,POL00007670,1,18,2,CUST0001786,2024-05-12,2026-04-30,Cancelled,Basic,871274.36,True
7671,POL00007671,8,46,1,CUST0002384,2024-05-09,2025-04-30,Expired,Premium,4443451.39,False
7672,POL00007672,4,8,3,CUST0003825,2024-02-16,2025-01-31,Expired,Standard,917719.09,False
7673,POL00007673,1,110,1,CUST0000201,2023-08-24,2024-07-31,Expired,Basic,680612.27,False
7674,POL00007674,4,28,2,CUST0000665,2025-06-09,2026-05-31,Expired,Premium,1667138.85,False
7675,POL00007675,1,64,4,CUST0000849,2025-06-01,2026-05-31,Expired,Standard,679045.69,False
7676,POL00007676,7,45,4,CUST0000606,2026-02-18,2027-01-31,Active,Premium,341661.21,False
7677,POL00007677,1,23,3,CUST0001591,2025-04-10,2026-03-31,Expired,Standard,532401.93,False
7678,POL00007678,3,37,3,CUST0002455,2024-09-07,2025-08-31,Expired,Basic,1389718.53,False
7679,POL00007679,4,82,2,CUST0000477,2026-01-04,2027-12-31,Active,Basic,1028363.62,False
7680,POL00007680,9,54,1,CUST0001325,2024-04-10,2025-03-31,Expired,Standard,9071816.06,False
7681,POL00007681,6,53,2,CUST0001118,2023-09-08,2024-08-31,Expired,Basic,1038166.09,False
7682,POL00007682,3,89,4,CUST0002708,2025-02-25,2027-01-31,Active,Standard,1278800.6,False
7683,POL00007683,3,74,3,CUST0003307,2025-09-15,2027-08-31,Active,Standard,1329330.92,False
7684,POL00007684,2,86,3,CUST0002108,2024-04-04,2025-03-31,Expired,Basic,627140.77,False
7685,POL00007685,5,90,2,CUST0000498,2024-03-13,2026-02-28,Expired,Basic,556198.86,False
7686,POL00007686,4,38,1,CUST0001473,2025-12-22,2026-11-30,Active,Basic,1203041.74,False
7687,POL00007687,5,112,3,CUST0000097,2024-03-21,2025-02-28,Expired,Basic,501146.29,False
7688,POL00007688,9,81,1,CUST0001710,2024-02-26,2026-01-31,Expired,Premium,8831334.18,False
7689,POL00007689,8,40,3,CUST0000216,2023-09-09,2024-08-31,Expired,Standard,4966674.73,False
7690,POL00007690,1,83,1,CUST0000427,2024-03-20,2025-02-28,Expired,Basic,855007.53,False
7691,POL00007691,6,16,2,CUST0003329,2025-06-06,2026-05-31,Expired,Standard,609749.97,False
7692,POL00007692,10,80,1,CUST0000019,2025-11-25,2026-10-31,Active,Standard,1410880.03,False
7693,POL00007693,1,114,3,CUST0001304,2026-01-25,2026-12-31,Active,Basic,485765.26,False
7694,POL00007694,1,42,3,CUST0003826,2025-05-29,2026-04-30,Expired,Standard,501433.19,False
7695,POL00007695,4,86,2,CUST0000489,2025-06-30,2026-05-31,Expired,Standard,1350131.03,False
7696,POL00007696,9,29,1,CUST0002381,2025-05-10,2026-04-30,Expired,Standard,5406874.37,False
7697,POL00007697,1,47,3,CUST0001624,2025-12-07,2026-11-30,Active,Standard,801184.78,False
7698,POL00007698,5,98,2,CUST0002337,2025-03-09,2026-02-28,Expired,Standard,655769.02,False
7699,POL00007699,2,78,3,CUST0001769,2025-02-14,2026-01-31,Expired,Standard,643834.64,False
7700,POL00007700,6,68,4,CUST0000574,2026-01-23,2026-12-31,Active,Basic,1023303.4,False
7701,POL00007701,4,31,2,CUST0003476,2025-06-09,2026-05-31,Expired,Basic,1493833.13,False
7702,POL00007702,1,83,1,CUST0002643,2025-08-21,2026-07-31,Active,Premium,757130.53,False
7703,POL00007703,5,92,2,CUST0003050,2025-01-03,2026-12-31,Cancelled,Standard,436631.5,True
7704,POL00007704,6,88,1,CUST0003034,2024-01-17,2024-12-31,Expired,Premium,992271.99,False
7705,POL00007705,1,112,4,CUST0000519,2025-08-15,2026-07-31,Active,Premium,732016.93,False
7706,POL00007706,3,2,1,CUST0001245,2024-01-20,2024-12-31,Expired,Standard,1962951.68,False
7707,POL00007707,8,27,1,CUST0002073,2025-07-05,2027-06-30,Active,Basic,6850970.47,False
7708,POL00007708,4,61,1,CUST0003387,2023-07-14,2024-06-30,Expired,Basic,946839.59,False
7709,POL00007709,10,50,4,CUST0001842,2025-10-13,2026-09-30,Active,Standard,1561582.61,False
7710,POL00007710,1,51,2,CUST0002687,2024-11-07,2025-10-31,Expired,Premium,541302.72,False
7711,POL00007711,9,104,2,CUST0000047,2023-08-25,2024-07-31,Cancelled,Standard,9433769.3,True
7712,POL00007712,5,56,3,CUST0000282,2025-01-23,2025-12-31,Expired,Standard,394154.35,False
7713,POL00007713,1,67,3,CUST0001763,2026-02-13,2027-01-31,Active,Standard,732560.27,False
7714,POL00007714,1,49,2,CUST0002192,2026-01-24,2026-12-31,Active,Standard,681388.21,False
7715,POL00007715,6,78,1,CUST0003049,2024-06-15,2026-05-31,Expired,Premium,1052158.87,False
7716,POL00007716,1,92,2,CUST0001667,2024-08-08,2025-07-31,Expired,Standard,522207.67,False
7717,POL00007717,2,71,3,CUST0002821,2024-11-07,2025-10-31,Expired,Basic,426473.49,False
7718,POL00007718,6,37,1,CUST0000829,2025-10-18,2026-09-30,Active,Standard,884435.9,False
7719,POL00007719,1,14,3,CUST0003288,2024-03-11,2025-02-28,Expired,Standard,572592.27,False
7720,POL00007720,4,1,4,CUST0003324,2024-07-24,2026-06-30,Active,Standard,1510035.32,False
7721,POL00007721,2,9,1,CUST0003192,2023-12-12,2025-11-30,Expired,Standard,685609.67,False
7722,POL00007722,3,85,1,CUST0002912,2024-11-11,2025-10-31,Expired,Standard,1329229.41,False
7723,POL00007723,6,15,1,CUST0001003,2025-08-25,2026-07-31,Active,Basic,571417.5,False
7724,POL00007724,2,26,1,CUST0002010,2025-07-24,2026-06-30,Active,Standard,526395.11,False
7725,POL00007725,9,120,2,CUST0003536,2024-03-30,2025-02-28,Expired,Standard,6291975.71,False
7726,POL00007726,1,44,2,CUST0002593,2025-08-10,2026-07-31,Cancelled,Premium,783069.06,True
7727,POL00007727,10,74,1,CUST0002965,2025-04-21,2026-03-31,Expired,Standard,1635658.12,False
7728,POL00007728,1,56,1,CUST0002892,2023-08-16,2024-07-31,Expired,Standard,656585.83,False
7729,POL00007729,1,41,1,CUST0000059,2024-07-07,2026-06-30,Active,Standard,644258.31,False
7730,POL00007730,7,78,3,CUST0002897,2025-11-10,2026-10-31,Active,Standard,417877.03,False
7731,POL00007731,1,64,1,CUST0000386,2024-06-23,2026-05-31,Expired,Standard,518327.41,False
7732,POL00007732,5,8,4,CUST0001792,2023-09-05,2024-08-31,Expired,Standard,613777.93,False
7733,POL00007733,3,22,4,CUST0003725,2025-03-16,2026-02-28,Expired,Standard,1892942.83,False
7734,POL00007734,7,64,1,CUST0001316,2025-06-20,2026-05-31,Expired,Standard,539160.02,False
7735,POL00007735,3,38,2,CUST0001810,2025-04-23,2026-03-31,Expired,Standard,1616638.77,False
7736,POL00007736,10,62,3,CUST0003260,2024-08-11,2025-07-31,Expired,Basic,1915860.43,False
7737,POL00007737,6,112,1,CUST0003204,2026-01-19,2026-12-31,Active,Basic,985840.9,False
7738,POL00007738,3,75,1,CUST0001807,2024-01-01,2024-12-31,Expired,Basic,1939851.57,False
7739,POL00007739,2,78,1,CUST0000718,2023-12-02,2024-11-30,Expired,Basic,406125.29,False
7740,POL00007740,6,8,4,CUST0003381,2025-02-12,2026-01-31,Expired,Standard,977409.28,False
7741,POL00007741,7,83,4,CUST0002431,2026-02-15,2027-01-31,Active,Premium,314350.52,False
7742,POL00007742,7,34,2,CUST0000978,2024-12-26,2025-11-30,Expired,Standard,420275.17,False
7743,POL00007743,2,85,2,CUST0000785,2024-01-23,2024-12-31,Expired,Standard,694750.82,False
7744,POL00007744,5,17,2,CUST0001953,2025-08-30,2026-07-31,Active,Premium,665033.17,False
7745,POL00007745,1,96,2,CUST0000179,2025-08-20,2026-07-31,Active,Standard,704688.54,False
7746,POL00007746,5,90,1,CUST0000002,2023-08-04,2024-07-31,Expired,Premium,654973.81,False
7747,POL00007747,9,35,2,CUST0000794,2025-04-04,2026-03-31,Expired,Standard,7510602.42,False
7748,POL00007748,2,23,2,CUST0003200,2024-10-05,2025-09-30,Expired,Premium,422911.84,False
7749,POL00007749,4,17,1,CUST0001768,2024-08-12,2025-07-31,Expired,Standard,1325085.4,False
7750,POL00007750,5,13,1,CUST0001877,2024-03-30,2025-02-28,Cancelled,Standard,566781.85,True
7751,POL00007751,7,95,4,CUST0003837,2024-08-04,2025-07-31,Expired,Standard,514054.95,False
7752,POL00007752,2,108,3,CUST0003064,2023-07-26,2024-06-30,Expired,Standard,409188.98,False
7753,POL00007753,4,24,4,CUST0001318,2025-07-30,2026-06-30,Active,Standard,855112.86,False
7754,POL00007754,6,9,2,CUST0002785,2024-02-05,2025-01-31,Expired,Premium,1102839.31,False
7755,POL00007755,1,25,1,CUST0001137,2025-09-07,2026-08-31,Active,Basic,816946.32,False
7756,POL00007756,4,63,1,CUST0002427,2025-12-27,2026-11-30,Active,Premium,1019930.61,False
7757,POL00007757,2,15,1,CUST0003875,2025-04-20,2026-03-31,Expired,Standard,731953.12,False
7758,POL00007758,5,24,4,CUST0003847,2024-07-15,2025-06-30,Expired,Basic,364197.25,False
7759,POL00007759,3,28,2,CUST0003068,2025-12-19,2026-11-30,Active,Standard,1798626.64,False
7760,POL00007760,7,1,4,CUST0001937,2024-06-11,2025-05-31,Cancelled,Standard,317681.68,True
7761,POL00007761,4,46,2,CUST0003208,2024-01-03,2024-12-31,Expired,Standard,1414006.93,False
7762,POL00007762,5,104,1,CUST0001533,2026-02-05,2027-01-31,Active,Premium,438311.71,False
7763,POL00007763,6,76,4,CUST0001283,2024-03-24,2025-02-28,Expired,Premium,1005336.28,False
7764,POL00007764,1,108,3,CUST0002319,2025-07-05,2026-06-30,Active,Premium,773379.68,False
7765,POL00007765,1,1,1,CUST0002141,2023-11-30,2024-10-31,Expired,Standard,583590.25,False
7766,POL00007766,1,30,2,CUST0000378,2025-08-29,2026-07-31,Active,Standard,672653.15,False
7767,POL00007767,2,66,2,CUST0001528,2026-01-18,2026-12-31,Active,Premium,757643.23,False
7768,POL00007768,7,104,1,CUST0000721,2025-07-24,2026-06-30,Active,Standard,312893.43,False
7769,POL00007769,2,98,3,CUST0002710,2025-02-16,2026-01-31,Expired,Premium,704986.2,False
7770,POL00007770,6,18,1,CUST0001806,2026-01-06,2026-12-31,Active,Standard,821831.85,False
7771,POL00007771,6,96,2,CUST0001582,2025-01-16,2025-12-31,Expired,Standard,1037272.06,False
7772,POL00007772,1,52,1,CUST0003269,2024-08-28,2025-07-31,Expired,Standard,472192.24,False
7773,POL00007773,3,11,2,CUST0000803,2024-08-26,2025-07-31,Expired,Standard,1271004.49,False
7774,POL00007774,1,60,2,CUST0001181,2025-12-23,2026-11-30,Active,Standard,739800.44,False
7775,POL00007775,5,89,3,CUST0001559,2025-05-31,2026-04-30,Expired,Basic,375818.98,False
7776,POL00007776,2,67,1,CUST0001412,2025-01-24,2025-12-31,Expired,Basic,497542.12,False
7777,POL00007777,1,43,4,CUST0001208,2023-07-20,2024-06-30,Expired,Basic,764487.09,False
7778,POL00007778,4,3,1,CUST0002528,2025-05-09,2026-04-30,Expired,Premium,1596038.38,False
7779,POL00007779,2,112,3,CUST0002867,2025-04-19,2026-03-31,Expired,Standard,686682.32,False
7780,POL00007780,4,66,1,CUST0003353,2024-05-16,2025-04-30,Expired,Standard,1294160.71,False
7781,POL00007781,3,115,2,CUST0001625,2023-10-06,2024-09-30,Expired,Premium,2068302.43,False
7782,POL00007782,1,106,1,CUST0002470,2025-02-04,2026-01-31,Expired,Standard,845876.09,False
7783,POL00007783,10,34,4,CUST0001647,2023-10-11,2025-09-30,Expired,Standard,2449070.15,False
7784,POL00007784,2,26,3,CUST0001991,2026-02-17,2027-01-31,Active,Standard,661159.94,False
7785,POL00007785,1,116,3,CUST0003333,2024-12-09,2026-11-30,Active,Standard,700147.47,False
7786,POL00007786,3,64,3,CUST0001338,2025-03-18,2026-02-28,Expired,Standard,1904945.55,False
7787,POL00007787,1,60,2,CUST0001397,2024-03-20,2025-02-28,Expired,Standard,821859.74,False
7788,POL00007788,2,90,2,CUST0001531,2025-06-29,2026-05-31,Expired,Premium,726582.36,False
7789,POL00007789,3,85,3,CUST0003015,2024-07-02,2025-06-30,Expired,Standard,1848955.2,False
7790,POL00007790,8,101,3,CUST0002507,2025-12-20,2026-11-30,Active,Basic,4407074.52,False
7791,POL00007791,8,8,3,CUST0000302,2025-03-09,2026-02-28,Expired,Standard,4577838.22,False
7792,POL00007792,5,30,1,CUST0002327,2025-10-20,2027-09-30,Cancelled,Basic,535556.26,True
7793,POL00007793,1,44,3,CUST0002933,2023-09-17,2024-08-31,Expired,Premium,621959.03,False
7794,POL00007794,2,7,1,CUST0000754,2024-01-16,2024-12-31,Expired,Premium,656094.0,False
7795,POL00007795,7,98,2,CUST0000604,2026-01-17,2026-12-31,Active,Basic,493096.79,False
7796,POL00007796,3,106,2,CUST0001460,2024-10-22,2025-09-30,Expired,Standard,1161790.21,False
7797,POL00007797,1,39,4,CUST0001593,2024-04-28,2025-03-31,Expired,Basic,595873.65,False
7798,POL00007798,10,38,1,CUST0002966,2025-09-29,2027-08-31,Active,Premium,1634421.34,False
7799,POL00007799,5,73,2,CUST0003197,2025-10-26,2026-09-30,Active,Standard,586917.89,False
7800,POL00007800,1,106,1,CUST0001246,2023-11-07,2024-10-31,Expired,Standard,869404.73,False
7801,POL00007801,1,27,3,CUST0002292,2025-08-18,2026-07-31,Active,Standard,616138.26,False
7802,POL00007802,5,18,1,CUST0003985,2026-01-13,2026-12-31,Active,Standard,483043.47,False
7803,POL00007803,1,119,1,CUST0001056,2024-03-06,2025-02-28,Expired,Basic,827167.12,False
7804,POL00007804,2,35,2,CUST0003174,2024-01-30,2024-12-31,Expired,Standard,676327.13,False
7805,POL00007805,1,20,1,CUST0000844,2025-05-15,2026-04-30,Expired,Standard,492217.42,False
7806,POL00007806,7,54,1,CUST0002359,2026-01-19,2026-12-31,Active,Standard,380572.05,False
7807,POL00007807,3,27,2,CUST0002430,2026-02-14,2027-01-31,Active,Premium,1210857.83,False
7808,POL00007808,9,57,4,CUST0000820,2025-10-05,2026-09-30,Active,Standard,8490934.17,False
7809,POL00007809,5,106,4,CUST0001793,2023-10-06,2025-09-30,Expired,Basic,670175.98,False
7810,POL00007810,9,112,4,CUST0001114,2024-01-24,2024-12-31,Expired,Basic,10018545.35,False
7811,POL00007811,4,109,1,CUST0000386,2025-07-22,2026-06-30,Active,Premium,1306627.61,False
7812,POL00007812,1,76,3,CUST0001652,2025-01-31,2025-12-31,Cancelled,Standard,484851.04,True
7813,POL00007813,9,45,2,CUST0002281,2023-11-13,2024-10-31,Expired,Standard,9715231.52,False
7814,POL00007814,10,102,2,CUST0001395,2023-08-27,2024-07-31,Expired,Premium,1795278.21,False
7815,POL00007815,5,72,1,CUST0000725,2025-10-18,2026-09-30,Active,Standard,450115.43,False
7816,POL00007816,3,111,2,CUST0000334,2024-12-24,2025-11-30,Expired,Standard,1657319.8,False
7817,POL00007817,1,55,4,CUST0002736,2024-04-21,2025-03-31,Expired,Premium,794522.55,False
7818,POL00007818,4,8,3,CUST0002642,2025-08-25,2026-07-31,Active,Standard,1543605.37,False
7819,POL00007819,8,36,3,CUST0001310,2023-11-24,2024-10-31,Expired,Standard,4800116.5,False
7820,POL00007820,5,35,3,CUST0003680,2024-08-22,2025-07-31,Expired,Standard,692457.78,False
7821,POL00007821,2,19,1,CUST0001426,2025-11-18,2026-10-31,Active,Premium,693308.29,False
7822,POL00007822,9,30,4,CUST0003897,2026-01-08,2026-12-31,Active,Standard,7571048.54,False
7823,POL00007823,5,81,2,CUST0002553,2024-08-12,2025-07-31,Expired,Premium,639434.51,False
7824,POL00007824,6,58,4,CUST0002066,2023-10-20,2024-09-30,Expired,Premium,652860.03,False
7825,POL00007825,7,66,2,CUST0000827,2025-03-20,2026-02-28,Expired,Premium,366851.1,False
7826,POL00007826,8,28,1,CUST0000432,2025-03-16,2026-02-28,Expired,Premium,5823309.51,False
7827,POL00007827,1,118,2,CUST0003905,2025-02-27,2026-01-31,Expired,Standard,908121.63,False
7828,POL00007828,9,32,1,CUST0002073,2025-02-19,2026-01-31,Expired,Standard,9890895.93,False
7829,POL00007829,7,75,1,CUST0001264,2023-08-27,2025-07-31,Expired,Premium,473155.94,False
7830,POL00007830,3,93,3,CUST0003675,2025-06-20,2026-05-31,Expired,Basic,1893078.46,False
7831,POL00007831,4,91,1,CUST0001384,2025-03-21,2026-02-28,Expired,Standard,949808.88,False
7832,POL00007832,2,119,3,CUST0002394,2024-07-18,2025-06-30,Expired,Standard,720603.34,False
7833,POL00007833,9,57,4,CUST0000207,2023-10-22,2024-09-30,Expired,Premium,5761601.31,False
7834,POL00007834,9,84,3,CUST0000032,2024-01-07,2024-12-31,Expired,Standard,7904867.89,False
7835,POL00007835,1,5,4,CUST0003188,2025-11-29,2026-10-31,Active,Standard,545026.93,False
7836,POL00007836,3,113,1,CUST0003171,2025-07-28,2027-06-30,Active,Standard,2096666.16,False
7837,POL00007837,1,27,3,CUST0002066,2024-10-28,2025-09-30,Expired,Basic,707992.7,False
7838,POL00007838,5,31,1,CUST0003128,2025-10-12,2026-09-30,Active,Basic,629843.51,False
7839,POL00007839,1,67,1,CUST0000183,2024-05-25,2025-04-30,Cancelled,Standard,562079.73,True
7840,POL00007840,2,120,1,CUST0002734,2024-07-16,2025-06-30,Expired,Standard,692968.4,False
7841,POL00007841,1,99,1,CUST0003807,2024-03-21,2025-02-28,Expired,Standard,855342.44,False
7842,POL00007842,5,84,2,CUST0001651,2025-07-12,2026-06-30,Active,Standard,665341.47,False
7843,POL00007843,7,20,1,CUST0002448,2024-02-04,2025-01-31,Expired,Basic,506079.54,False
7844,POL00007844,2,91,3,CUST0003547,2025-07-15,2026-06-30,Active,Basic,602553.21,False
7845,POL00007845,6,89,2,CUST0003062,2024-07-29,2025-06-30,Expired,Premium,1017159.28,False
7846,POL00007846,10,85,2,CUST0001774,2024-02-16,2025-01-31,Expired,Basic,1828506.43,False
7847,POL00007847,4,100,4,CUST0001263,2025-07-26,2026-06-30,Active,Basic,842307.12,False
7848,POL00007848,1,61,1,CUST0000711,2024-10-14,2025-09-30,Expired,Basic,503619.14,False
7849,POL00007849,2,49,3,CUST0001922,2024-06-25,2025-05-31,Expired,Standard,398574.83,False
7850,POL00007850,7,76,4,CUST0001290,2025-11-13,2026-10-31,Active,Standard,307002.5,False
7851,POL00007851,3,120,4,CUST0000049,2026-01-09,2026-12-31,Active,Basic,1831242.83,False
7852,POL00007852,3,3,3,CUST0001467,2024-03-02,2025-02-28,Expired,Standard,1094325.05,False
7853,POL00007853,3,42,3,CUST0003364,2024-07-09,2026-06-30,Active,Standard,1162332.92,False
7854,POL00007854,1,15,1,CUST0002639,2023-10-14,2024-09-30,Expired,Standard,640132.31,False
7855,POL00007855,1,84,1,CUST0001843,2024-09-14,2025-08-31,Expired,Standard,513384.62,False
7856,POL00007856,10,14,2,CUST0003886,2024-02-06,2025-01-31,Expired,Standard,1676313.47,False
7857,POL00007857,8,14,2,CUST0002799,2024-09-02,2025-08-31,Expired,Standard,4041160.4,False
7858,POL00007858,3,77,4,CUST0002082,2024-07-14,2025-06-30,Cancelled,Standard,1636778.65,True
7859,POL00007859,1,111,1,CUST0000651,2025-06-18,2026-05-31,Expired,Standard,587361.08,False
7860,POL00007860,1,37,2,CUST0003653,2024-03-09,2025-02-28,Expired,Standard,849178.16,False
7861,POL00007861,6,38,1,CUST0003402,2025-11-22,2027-10-31,Active,Premium,931626.59,False
7862,POL00007862,2,106,2,CUST0002012,2024-07-18,2025-06-30,Expired,Standard,457417.01,False
7863,POL00007863,8,6,1,CUST0002338,2025-11-07,2026-10-31,Active,Premium,5086327.53,False
7864,POL00007864,1,37,3,CUST0003333,2024-09-14,2025-08-31,Expired,Premium,749185.31,False
7865,POL00007865,4,107,3,CUST0003901,2024-05-21,2025-04-30,Expired,Standard,1035466.3,False
7866,POL00007866,7,107,1,CUST0000281,2024-03-25,2025-02-28,Expired,Standard,466324.85,False
7867,POL00007867,1,18,2,CUST0002255,2024-11-19,2025-10-31,Expired,Standard,787526.76,False
7868,POL00007868,8,84,3,CUST0003201,2023-08-28,2024-07-31,Expired,Basic,5213086.78,False
7869,POL00007869,6,80,3,CUST0001313,2023-07-26,2024-06-30,Expired,Standard,950493.63,False
7870,POL00007870,2,22,2,CUST0003935,2024-07-07,2026-06-30,Active,Standard,750632.09,False
7871,POL00007871,8,47,3,CUST0003350,2025-02-26,2026-01-31,Expired,Premium,6032385.42,False
7872,POL00007872,9,79,4,CUST0001668,2024-03-20,2026-02-28,Expired,Basic,6338740.21,False
7873,POL00007873,1,13,2,CUST0002815,2026-01-29,2026-12-31,Active,Basic,521626.57,False
7874,POL00007874,4,20,4,CUST0000817,2024-08-17,2025-07-31,Expired,Standard,1129661.33,False
7875,POL00007875,3,99,3,CUST0002828,2024-06-18,2025-05-31,Expired,Basic,1837360.4,False
7876,POL00007876,1,114,1,CUST0002462,2025-11-27,2026-10-31,Active,Premium,512619.14,False
7877,POL00007877,1,112,1,CUST0003173,2025-09-09,2026-08-31,Active,Premium,478959.28,False
7878,POL00007878,8,15,1,CUST0001690,2026-02-21,2027-01-31,Active,Basic,6558114.25,False
7879,POL00007879,6,36,1,CUST0000005,2023-10-14,2024-09-30,Expired,Standard,681823.78,False
7880,POL00007880,1,86,2,CUST0002889,2025-12-04,2027-11-30,Active,Standard,484198.62,False
7881,POL00007881,1,20,1,CUST0001184,2025-09-17,2026-08-31,Active,Basic,772745.02,False
7882,POL00007882,5,62,4,CUST0003891,2025-11-29,2026-10-31,Active,Standard,685061.31,False
7883,POL00007883,2,28,2,CUST0002458,2024-10-08,2025-09-30,Expired,Basic,495311.83,False
7884,POL00007884,1,78,4,CUST0002231,2024-09-15,2025-08-31,Expired,Standard,803805.94,False
7885,POL00007885,8,46,2,CUST0003732,2023-12-27,2024-11-30,Expired,Standard,6192644.68,False
7886,POL00007886,7,33,2,CUST0002347,2024-12-20,2025-11-30,Expired,Standard,486908.6,False
7887,POL00007887,10,68,1,CUST0002365,2025-12-30,2026-11-30,Active,Basic,2112517.81,False
7888,POL00007888,2,94,4,CUST0003700,2025-12-20,2026-11-30,Cancelled,Basic,397528.86,True
7889,POL00007889,5,25,1,CUST0000989,2024-10-10,2025-09-30,Expired,Standard,594253.95,False
7890,POL00007890,2,71,3,CUST0000458,2024-06-27,2025-05-31,Expired,Basic,757654.93,False
7891,POL00007891,1,56,1,CUST0003647,2023-07-10,2024-06-30,Expired,Basic,690277.85,False
7892,POL00007892,6,102,3,CUST0000273,2025-05-17,2026-04-30,Expired,Standard,984228.53,False
7893,POL00007893,9,10,3,CUST0002809,2024-10-12,2025-09-30,Cancelled,Standard,5846779.7,True
7894,POL00007894,6,88,4,CUST0001852,2023-08-19,2024-07-31,Expired,Premium,669688.39,False
7895,POL00007895,2,95,1,CUST0003905,2025-09-06,2026-08-31,Active,Standard,615001.68,False
7896,POL00007896,1,72,1,CUST0001103,2024-05-07,2026-04-30,Expired,Standard,542610.7,False
7897,POL00007897,3,66,1,CUST0000964,2025-08-22,2026-07-31,Active,Premium,1055242.06,False
7898,POL00007898,1,53,2,CUST0001689,2024-11-24,2025-10-31,Expired,Premium,591352.95,False
7899,POL00007899,5,94,4,CUST0002910,2024-07-25,2025-06-30,Expired,Basic,567531.59,False
7900,POL00007900,2,66,4,CUST0000327,2026-02-06,2028-01-31,Active,Basic,454625.53,False
7901,POL00007901,6,46,1,CUST0002902,2023-08-15,2024-07-31,Expired,Standard,807467.36,False
7902,POL00007902,5,93,1,CUST0002191,2026-02-17,2027-01-31,Cancelled,Basic,561713.32,True
7903,POL00007903,1,92,3,CUST0002850,2024-10-21,2025-09-30,Expired,Premium,745726.27,False
7904,POL00007904,5,90,1,CUST0002483,2023-10-08,2024-09-30,Expired,Standard,596642.67,False
7905,POL00007905,1,109,2,CUST0000587,2023-10-10,2024-09-30,Expired,Standard,634942.44,False
7906,POL00007906,5,20,1,CUST0003235,2025-10-30,2026-09-30,Active,Premium,464483.59,False
7907,POL00007907,4,75,3,CUST0000038,2025-01-22,2025-12-31,Expired,Standard,1563840.32,False
7908,POL00007908,6,76,2,CUST0001317,2024-01-23,2025-12-31,Expired,Standard,818016.16,False
7909,POL00007909,1,10,1,CUST0002613,2024-02-06,2026-01-31,Expired,Standard,765291.26,False
7910,POL00007910,6,78,2,CUST0001330,2025-11-24,2026-10-31,Active,Premium,888947.08,False
7911,POL00007911,6,35,4,CUST0003270,2023-07-04,2024-06-30,Cancelled,Premium,776963.77,True
7912,POL00007912,3,70,3,CUST0001473,2024-07-04,2025-06-30,Expired,Standard,1475717.69,False
7913,POL00007913,1,51,1,CUST0001760,2023-07-28,2025-06-30,Expired,Standard,490633.92,False
7914,POL00007914,5,14,4,CUST0001393,2025-12-26,2026-11-30,Active,Standard,654054.23,False
7915,POL00007915,1,13,1,CUST0001101,2024-09-17,2025-08-31,Expired,Premium,511155.27,False
7916,POL00007916,3,112,4,CUST0001512,2025-09-17,2026-08-31,Active,Standard,1967745.55,False
7917,POL00007917,4,5,1,CUST0002854,2025-08-17,2026-07-31,Active,Standard,1427089.32,False
7918,POL00007918,10,87,2,CUST0000879,2023-12-31,2024-11-30,Expired,Standard,2606351.93,False
7919,POL00007919,9,50,4,CUST0002271,2023-10-31,2024-09-30,Expired,Premium,9351484.18,False
7920,POL00007920,3,15,4,CUST0000825,2023-11-23,2024-10-31,Expired,Basic,1503434.6,False
7921,POL00007921,9,51,1,CUST0000643,2025-03-09,2026-02-28,Expired,Standard,9064958.65,False
7922,POL00007922,2,45,1,CUST0003844,2025-12-09,2026-11-30,Active,Standard,730194.8,False
7923,POL00007923,7,118,2,CUST0003918,2025-05-22,2026-04-30,Expired,Premium,432144.39,False
7924,POL00007924,3,17,2,CUST0003988,2024-02-03,2025-01-31,Expired,Standard,1863800.77,False
7925,POL00007925,6,3,3,CUST0002652,2024-08-17,2025-07-31,Expired,Basic,730928.24,False
7926,POL00007926,2,19,2,CUST0001439,2024-03-22,2025-02-28,Expired,Premium,586129.12,False
7927,POL00007927,10,43,1,CUST0000732,2024-07-01,2025-06-30,Expired,Premium,1697143.12,False
7928,POL00007928,6,87,1,CUST0001731,2023-12-13,2024-11-30,Expired,Premium,722750.64,False
7929,POL00007929,9,1,3,CUST0002091,2024-03-13,2025-02-28,Expired,Standard,8205911.19,False
7930,POL00007930,9,46,1,CUST0002533,2025-08-17,2026-07-31,Active,Basic,5692581.42,False
7931,POL00007931,1,43,4,CUST0003960,2023-11-03,2024-10-31,Expired,Basic,875708.08,False
7932,POL00007932,9,2,1,CUST0001642,2024-08-19,2025-07-31,Cancelled,Premium,7719575.01,True
7933,POL00007933,3,120,1,CUST0000376,2024-02-13,2025-01-31,Cancelled,Standard,1386363.3,True
7934,POL00007934,2,33,1,CUST0000667,2025-03-25,2026-02-28,Expired,Premium,589908.83,False
7935,POL00007935,3,59,1,CUST0000188,2025-06-17,2026-05-31,Expired,Basic,1695987.62,False
7936,POL00007936,2,87,2,CUST0000258,2025-06-02,2026-05-31,Expired,Standard,419335.32,False
7937,POL00007937,7,3,3,CUST0000989,2025-10-21,2027-09-30,Active,Standard,417237.73,False
7938,POL00007938,4,95,3,CUST0001101,2024-07-31,2025-06-30,Expired,Basic,1415960.66,False
7939,POL00007939,2,103,3,CUST0003365,2025-04-02,2026-03-31,Expired,Standard,625502.23,False
7940,POL00007940,1,109,3,CUST0000516,2024-03-28,2025-02-28,Expired,Standard,471909.64,False
7941,POL00007941,6,98,2,CUST0003440,2024-03-15,2026-02-28,Expired,Basic,801620.09,False
7942,POL00007942,6,37,1,CUST0002769,2024-04-17,2025-03-31,Expired,Standard,570155.17,False
7943,POL00007943,6,72,1,CUST0002797,2024-10-08,2025-09-30,Expired,Basic,1029372.7,False
7944,POL00007944,9,94,3,CUST0000358,2024-05-23,2026-04-30,Cancelled,Standard,7293484.73,True
7945,POL00007945,3,87,1,CUST0003671,2023-10-29,2024-09-30,Expired,Standard,1863333.58,False
7946,POL00007946,1,110,2,CUST0003738,2024-04-15,2025-03-31,Expired,Basic,904863.17,False
7947,POL00007947,4,34,4,CUST0000393,2025-03-12,2026-02-28,Expired,Standard,1485516.56,False
7948,POL00007948,8,55,2,CUST0001304,2024-10-19,2025-09-30,Expired,Premium,5174417.97,False
7949,POL00007949,3,73,1,CUST0001889,2023-08-08,2025-07-31,Expired,Standard,1662577.51,False
7950,POL00007950,3,3,4,CUST0001849,2026-02-15,2027-01-31,Active,Basic,1389747.2,False
7951,POL00007951,1,80,3,CUST0003521,2026-02-12,2027-01-31,Active,Basic,684783.42,False
7952,POL00007952,2,79,1,CUST0000872,2024-01-07,2024-12-31,Expired,Basic,411708.25,False
7953,POL00007953,6,39,1,CUST0001195,2024-06-20,2025-05-31,Expired,Premium,1080135.7,False
7954,POL00007954,1,37,4,CUST0003396,2025-12-19,2026-11-30,Active,Standard,461815.66,False
7955,POL00007955,3,83,4,CUST0002373,2025-10-14,2026-09-30,Active,Basic,1362937.24,False
7956,POL00007956,1,36,4,CUST0003360,2024-11-25,2026-10-31,Active,Standard,813195.13,False
7957,POL00007957,5,35,1,CUST0000506,2023-12-21,2024-11-30,Expired,Basic,541241.11,False
7958,POL00007958,1,107,2,CUST0003948,2025-11-21,2026-10-31,Cancelled,Standard,902099.85,True
7959,POL00007959,1,44,1,CUST0003512,2024-08-25,2025-07-31,Expired,Premium,824925.91,False
7960,POL00007960,6,35,3,CUST0001964,2024-10-22,2025-09-30,Expired,Standard,972622.17,False
7961,POL00007961,1,91,3,CUST0000131,2023-11-27,2024-10-31,Expired,Premium,603132.03,False
7962,POL00007962,2,99,1,CUST0001737,2025-04-12,2026-03-31,Expired,Standard,649701.78,False
7963,POL00007963,6,49,2,CUST0002721,2024-09-12,2025-08-31,Expired,Premium,881525.36,False
7964,POL00007964,6,5,3,CUST0001371,2026-01-07,2026-12-31,Active,Standard,941147.93,False
7965,POL00007965,4,7,3,CUST0003158,2025-10-15,2026-09-30,Active,Standard,1496558.15,False
7966,POL00007966,8,14,1,CUST0002782,2025-06-13,2026-05-31,Cancelled,Premium,6445192.15,True
7967,POL00007967,1,106,1,CUST0001434,2025-10-16,2027-09-30,Active,Basic,582198.02,False
7968,POL00007968,5,41,3,CUST0002428,2023-10-23,2024-09-30,Cancelled,Standard,452130.57,True
7969,POL00007969,6,50,3,CUST0003366,2025-11-15,2026-10-31,Active,Standard,645877.14,False
7970,POL00007970,1,100,3,CUST0002148,2024-07-01,2025-06-30,Expired,Premium,721014.12,False
7971,POL00007971,1,19,4,CUST0003256,2024-03-31,2025-02-28,Expired,Basic,560822.15,False
7972,POL00007972,1,106,2,CUST0000744,2025-06-07,2026-05-31,Expired,Premium,716128.06,False
7973,POL00007973,2,34,1,CUST0002407,2024-07-26,2025-06-30,Expired,Standard,450420.79,False
7974,POL00007974,7,66,2,CUST0002167,2024-09-24,2025-08-31,Expired,Standard,301856.3,False
7975,POL00007975,1,103,1,CUST0001893,2025-02-18,2027-01-31,Active,Standard,861730.81,False
7976,POL00007976,3,103,3,CUST0000173,2025-08-21,2026-07-31,Active,Standard,1170019.93,False
7977,POL00007977,2,25,1,CUST0003517,2023-08-27,2024-07-31,Expired,Basic,654796.17,False
7978,POL00007978,3,39,1,CUST0003708,2025-05-20,2027-04-30,Active,Basic,1791060.66,False
7979,POL00007979,6,91,1,CUST0001454,2024-10-17,2025-09-30,Expired,Standard,783795.46,False
7980,POL00007980,2,58,1,CUST0000305,2025-02-08,2026-01-31,Expired,Basic,625825.19,False
7981,POL00007981,6,65,4,CUST0000003,2026-01-06,2026-12-31,Active,Premium,736783.48,False
7982,POL00007982,1,45,4,CUST0002118,2024-04-23,2025-03-31,Expired,Premium,746050.11,False
7983,POL00007983,2,50,1,CUST0003339,2025-07-17,2026-06-30,Active,Standard,461920.25,False
7984,POL00007984,2,64,4,CUST0001698,2024-10-27,2025-09-30,Expired,Premium,769700.61,False
7985,POL00007985,6,76,2,CUST0001726,2025-04-10,2026-03-31,Expired,Basic,780657.6,False
7986,POL00007986,3,45,2,CUST0002472,2026-01-13,2026-12-31,Active,Standard,1356637.1,False
7987,POL00007987,1,101,2,CUST0002181,2023-08-07,2024-07-31,Expired,Standard,637017.21,False
7988,POL00007988,6,1,2,CUST0001627,2026-01-01,2026-12-31,Active,Standard,966383.06,False
7989,POL00007989,10,1,3,CUST0001333,2023-07-24,2024-06-30,Expired,Basic,2450331.26,False
7990,POL00007990,5,45,1,CUST0000709,2024-12-14,2025-11-30,Expired,Premium,604405.02,False
7991,POL00007991,1,77,2,CUST0001870,2025-12-07,2026-11-30,Active,Standard,593261.31,False
7992,POL00007992,1,47,3,CUST0000946,2025-07-10,2026-06-30,Active,Standard,608368.29,False
7993,POL00007993,3,118,1,CUST0000084,2025-06-14,2026-05-31,Expired,Standard,1608479.07,False
7994,POL00007994,2,105,3,CUST0003760,2025-09-11,2026-08-31,Active,Standard,442624.15,False
7995,POL00007995,10,84,3,CUST0002841,2024-08-21,2025-07-31,Expired,Standard,2654590.04,False
7996,POL00007996,2,71,4,CUST0001770,2025-10-11,2026-09-30,Active,Premium,532222.1,False
7997,POL00007997,2,78,2,CUST0001817,2025-01-12,2025-12-31,Expired,Standard,428523.62,False
7998,POL00007998,1,120,4,CUST0003383,2024-11-26,2025-10-31,Expired,Basic,532730.92,False
7999,POL00007999,3,28,3,CUST0002512,2024-07-17,2025-06-30,Expired,Standard,1080168.51,False
8000,POL00008000,1,91,2,CUST0003170,2025-04-04,2026-03-31,Expired,Premium,533837.79,False
